[{"id": 7655040, "author": "Benzinga", "created": "Wed, 09 Mar 2016 13:24:53 -0400", "updated": "Wed, 09 Mar 2016 13:24:53 -0400", "title": "Apple CFO Has 'No Confidence' In Company, Chowdhry Warns", "teaser": "", "body": "", "url": "https://www.benzinga.com/node/7655040", "image": [], "channels": [{"name": "Analyst Color"}, {"name": "News"}, {"name": "Analyst Ratings"}], "stocks": [{"name": "AAPL"}], "tags": []}, {"id": 7655178, "author": "Benzinga", "created": "Wed, 09 Mar 2016 12:50:29 -0400", "updated": "Wed, 09 Mar 2016 13:58:36 -0400", "title": "EXCLUSIVE: Source Says Weight Watchers-Oprah Show Not Happening", "teaser": "", "body": "", "url": "https://www.benzinga.com/node/7655178", "image": [], "channels": [{"name": "News"}, {"name": "Short Ideas"}, {"name": "Exclusives"}, {"name": "Movers"}, {"name": "Trading Ideas"}], "stocks": [{"name": "DIS"}, {"name": "WTW"}], "tags": [{"name": "ABC"}, {"name": "Oprah Winfrey"}]}, {"id": 7652584, "author": "Benzinga", "created": "Wed, 09 Mar 2016 14:14:45 -0400", "updated": "Wed, 09 Mar 2016 14:14:45 -0400", "title": "Ditch The Risk, Reap Rewards With This ETF", "teaser": "", "body": "", "url": "https://www.benzinga.com/node/7652584", "image": [], "channels": [{"name": "Long Ideas"}, {"name": "News"}, {"name": "Broad U.S. Equity ETFs"}, {"name": "Intraday Update"}, {"name": "Markets"}, {"name": "Trading Ideas"}, {"name": "ETFs"}], "stocks": [{"name": "GIS"}, {"name": "KO"}, {"name": "SPLV"}, {"name": "T"}], "tags": []}, {"id": 7655457, "author": "Benzinga", "created": "Wed, 09 Mar 2016 13:56:21 -0400", "updated": "Wed, 09 Mar 2016 17:11:51 -0400", "title": "The Market In 5 Minutes: Wednesday, March 9, 2016", "teaser": "", "body": "", "url": "https://www.benzinga.com/node/7655457", "image": [], "channels": [{"name": "Long Ideas"}, {"name": "News"}, {"name": "Top Stories"}, {"name": "Trading Ideas"}], "stocks": [{"name": "AMZN"}, {"name": "ATSG"}, {"name": "CMG"}, {"name": "CRWN"}, {"name": "CY"}, {"name": "DANG"}, {"name": "DKS"}, {"name": "DRI"}, {"name": "DSX"}, {"name": "EXPR"}, {"name": "FEYE"}, {"name": "FTR"}, {"name": "GPRO"}, {"name": "LL"}, {"name": "ORIG"}, {"name": "P"}, {"name": "PLNT"}, {"name": "ROST"}, {"name": "SQ"}, {"name": "SUNE"}, {"name": "URBN"}, {"name": "VRX"}, {"name": "VSLR"}, {"name": "VZ"}, {"name": "W"}, {"name": "WEN"}, {"name": "WTW"}], "tags": [{"name": "the market in 5 minutes"}]}, {"id": 7656751, "author": "Benzinga", "created": "Wed, 09 Mar 2016 17:27:04 -0400", "updated": "Wed, 09 Mar 2016 17:27:05 -0400", "title": "Can Under Armour Get To $7.5B In Sales By End Of FY18?", "teaser": "", "body": "", "url": "https://www.benzinga.com/node/7656751", "image": [], "channels": [{"name": "Analyst Color"}, {"name": "News"}, {"name": "Analyst Ratings"}], "stocks": [{"name": "NKE"}, {"name": "UA"}], "tags": []}, {"id": 7657404, "author": "Benzinga", "created": "Wed, 09 Mar 2016 17:30:43 -0400", "updated": "Wed, 09 Mar 2016 17:30:43 -0400", "title": "The Stocks That Moved The S&P, Dow And Nasdaq Today", "teaser": "", "body": "", "url": "https://www.benzinga.com/node/7657404", "image": [], "channels": [{"name": "News"}, {"name": "After-Hours Center"}, {"name": "Movers"}], "stocks": [{"name": "CHK"}, {"name": "CVX"}, {"name": "DVN"}, {"name": "FTR"}, {"name": "GS"}, {"name": "INCY"}, {"name": "MSFT"}, {"name": "MYL"}, {"name": "NKE"}, {"name": "REGN"}, {"name": "SYMC"}], "tags": []}, {"id": 7657638, "author": "Benzinga", "created": "Wed, 09 Mar 2016 17:38:05 -0400", "updated": "Wed, 09 Mar 2016 17:38:06 -0400", "title": "Intel Investors Shrug Following Blog Post on Co. Newsroom Tuesday Afternoon 'Intel Acquires Replay Technologies for Immersive Sports'", "teaser": "", "body": "", "url": "https://www.benzinga.com/node/7657638", "image": [], "channels": [{"name": "News"}, {"name": "M&A"}], "stocks": [{"name": "INTC"}], "tags": []}]