[{"id": 6198042, "author": "Benzinga", "created": "Tue, 02 Feb 2016 05:01:36 -0400", "updated": "Tue, 02 Feb 2016 05:01:36 -0400", "title": "Earnings Scheduled For February 2, 2016", "teaser": "", "body": "", "url": "https://www.benzinga.com/node/6198042", "image": [], "channels": [{"name": "Earnings"}, {"name": "News"}, {"name": "Pre-Market Outlook"}, {"name": "Markets"}], "stocks": [{"name": "ADM"}, {"name": "AFG"}, {"name": "AGCO"}, {"name": "AJG"}, {"name": "AXS"}, {"name": "BAX"}, {"name": "BEAV"}, {"name": "BP"}, {"name": "CHD"}, {"name": "CHRW"}, {"name": "CMG"}, {"name": "DOW"}, {"name": "DOX"}, {"name": "EMR"}, {"name": "EW"}, {"name": "FISV"}, {"name": "GILD"}, {"name": "HI"}, {"name": "HRS"}, {"name": "ILMN"}, {"name": "KORS"}, {"name": "LAZ"}, {"name": "LYB"}, {"name": "MANH"}, {"name": "MNK"}, {"name": "PBI"}, {"name": "PFE"}, {"name": "PNR"}, {"name": "RCL"}, {"name": "SIRI"}, {"name": "SPB"}, {"name": "TDW"}, {"name": "UNM"}, {"name": "UPS"}, {"name": "WRB"}, {"name": "XOM"}, {"name": "YHOO"}], "tags": [{"name": "Application Software"}, {"name": "Earnings schedule"}, {"name": "Information Technology"}]}, {"id": 6198050, "author": "Benzinga", "created": "Tue, 02 Feb 2016 05:11:59 -0400", "updated": "Tue, 02 Feb 2016 05:11:59 -0400", "title": "IBM Announces  InspireOne Technologies, TEXTIENT to Join India-based Watson Ecosystem Opens for Business in India", "teaser": "", "body": "", "url": "https://www.benzinga.com/node/6198050", "image": [], "channels": [{"name": "News"}, {"name": "Contracts"}, {"name": "Press Releases"}], "stocks": [{"name": "IBM"}], "tags": []}, {"id": 6198733, "author": "Benzinga", "created": "Tue, 02 Feb 2016 08:42:38 -0400", "updated": "Tue, 02 Feb 2016 08:42:38 -0400", "title": "Dow Chemical Jumps 3% Following Q4 Report", "teaser": "", "body": "", "url": "https://www.benzinga.com/node/6198733", "image": [], "channels": [{"name": "Earnings"}, {"name": "News"}], "stocks": [{"name": "DOW"}], "tags": [{"name": "Andrew Liveris"}, {"name": "Chemical Companies"}, {"name": "chemicals"}, {"name": "dow chemical"}, {"name": "Dow Chlorine Products"}, {"name": "MEGlobal"}]}, {"id": 6198174, "author": "Benzinga", "created": "Tue, 02 Feb 2016 09:21:21 -0400", "updated": "Tue, 02 Feb 2016 09:21:21 -0400", "title": "Is Yahoo Still A Takeover Target?", "teaser": "", "body": "", "url": "https://www.benzinga.com/node/6198174", "image": [], "channels": [{"name": "News"}, {"name": "Top Stories"}, {"name": "Markets"}], "stocks": [{"name": "AAPL"}, {"name": "AOL"}, {"name": "BABA"}, {"name": "CMCSA"}, {"name": "VZ"}, {"name": "YHOO"}], "tags": []}, {"id": 6199151, "author": "Benzinga", "created": "Tue, 02 Feb 2016 09:22:31 -0400", "updated": "Tue, 02 Feb 2016 09:22:32 -0400", "title": "10 Stocks Moving In Tuesday's Pre-Market Session", "teaser": "", "body": "", "url": "https://www.benzinga.com/node/6199151", "image": [], "channels": [{"name": "News"}, {"name": "Movers & Shakers"}, {"name": "Pre-Market Outlook"}, {"name": "Markets"}, {"name": "Movers"}], "stocks": [{"name": "BP"}, {"name": "CAMP"}, {"name": "DOW"}, {"name": "ERIC"}, {"name": "GOOG"}, {"name": "IDTI"}, {"name": "KORS"}, {"name": "LOJN"}, {"name": "MAT"}, {"name": "SYT"}, {"name": "TWTR"}], "tags": [{"name": "#PreMarket Gainers"}, {"name": "#PreMarket Losers"}, {"name": "Consumer Discretionary"}, {"name": "Electronic Equipment Manufacturers"}, {"name": "Information Technology"}, {"name": "Leisure Products"}, {"name": "Top Gainers"}]}, {"id": 6196445, "author": "Benzinga", "created": "Tue, 02 Feb 2016 09:54:57 -0400", "updated": "Tue, 02 Feb 2016 09:54:58 -0400", "title": "Big Insider Buys At American Express, General Electric And Kinder Morgan", "teaser": "", "body": "", "url": "https://www.benzinga.com/node/6196445", "image": [], "channels": [{"name": "Long Ideas"}, {"name": "News"}, {"name": "Short Ideas"}, {"name": "Insider Trades"}, {"name": "Markets"}, {"name": "Trading Ideas"}, {"name": "General"}], "stocks": [{"name": "AXP"}, {"name": "GE"}, {"name": "KMI"}], "tags": [{"name": "energy"}, {"name": "Energy Sector"}, {"name": "industrials"}]}, {"id": 6198613, "author": "Benzinga", "created": "Tue, 02 Feb 2016 10:31:01 -0400", "updated": "Tue, 02 Feb 2016 10:31:02 -0400", "title": "Amazon Is Taking Over Your Home", "teaser": "", "body": "", "url": "https://www.benzinga.com/node/6198613", "image": [], "channels": [{"name": "News"}, {"name": "Top Stories"}, {"name": "Markets"}, {"name": "Tech"}], "stocks": [{"name": "AAPL"}, {"name": "AMZN"}], "tags": []}, {"id": 6199981, "author": "Benzinga", "created": "Tue, 02 Feb 2016 11:15:58 -0400", "updated": "Tue, 02 Feb 2016 11:15:58 -0400", "title": "IBM Expands Its Watson Ecosystem In India", "teaser": "", "body": "", "url": "https://www.benzinga.com/node/6199981", "image": [], "channels": [{"name": "News"}, {"name": "Global"}, {"name": "Tech"}], "stocks": [{"name": "IBM"}], "tags": [{"name": "IBM Watson"}, {"name": "InspireOne Technologies"}, {"name": "TEXTIENT"}, {"name": "Watson"}, {"name": "Watson India"}]}, {"id": 6200085, "author": "Benzinga", "created": "Tue, 02 Feb 2016 11:18:00 -0400", "updated": "Tue, 02 Feb 2016 11:18:00 -0400", "title": "Merck, Sanofi Exploring Potential End To Joint Venture In Europe", "teaser": "", "body": "", "url": "https://www.benzinga.com/node/6200085", "image": [], "channels": [{"name": "News"}, {"name": "Global"}], "stocks": [{"name": "MRK"}, {"name": "SNY"}], "tags": [{"name": "Bloomberg"}, {"name": "Drug Maker Stocks"}, {"name": "Drug Makers"}, {"name": "Gardasil"}, {"name": "Sanofi Pasteur MSD"}, {"name": "Vaccines"}]}, {"id": 6200241, "author": "Benzinga", "created": "Tue, 02 Feb 2016 11:25:34 -0400", "updated": "Tue, 02 Feb 2016 11:25:35 -0400", "title": "Oil and Stocks Hook Up Again, Fall Anew", "teaser": "", "body": "", "url": "https://www.benzinga.com/node/6200241", "image": [], "channels": [{"name": "Earnings"}, {"name": "News"}, {"name": "Commodities"}, {"name": "Markets"}], "stocks": [{"name": "AAPL"}, {"name": "BP"}, {"name": "CMG"}, {"name": "XOM"}, {"name": "YHOO"}], "tags": []}, {"id": 6200314, "author": "Benzinga", "created": "Tue, 02 Feb 2016 11:42:26 -0400", "updated": "Tue, 02 Feb 2016 11:42:27 -0400", "title": "Rumor: FireEye Targeted By Cisco, But Similar Past Reports Have Come Up Empty", "teaser": "", "body": "", "url": "https://www.benzinga.com/node/6200314", "image": [], "channels": [{"name": "News"}, {"name": "Rumors"}, {"name": "Movers"}], "stocks": [{"name": "CSCO"}, {"name": "FEYE"}], "tags": [{"name": "cyber security"}, {"name": "cyber security stocks"}, {"name": "Deal Reporter"}, {"name": "Rumours"}]}, {"id": 6200201, "author": "Benzinga", "created": "Tue, 02 Feb 2016 11:45:25 -0400", "updated": "Tue, 02 Feb 2016 11:45:26 -0400", "title": "A First Glimpse Into Apple's March 15 Event", "teaser": "", "body": "", "url": "https://www.benzinga.com/node/6200201", "image": [], "channels": [{"name": "Long Ideas"}, {"name": "News"}, {"name": "Rumors"}, {"name": "Events"}, {"name": "Tech"}, {"name": "Trading Ideas"}], "stocks": [{"name": "AAPL"}], "tags": [{"name": "9TO5Mac"}, {"name": "Apple Watch"}, {"name": "iPad"}, {"name": "iPad Air 3"}, {"name": "iPhone"}, {"name": "iPhone 5se"}]}, {"id": 6200468, "author": "Benzinga", "created": "Tue, 02 Feb 2016 12:07:44 -0400", "updated": "Tue, 02 Feb 2016 12:07:44 -0400", "title": "Report: Apple Testing Dual-Lens Camera Samples From Various Suppliers For Use In Future iPhone Device", "teaser": "", "body": "", "url": "https://www.benzinga.com/node/6200468", "image": [], "channels": [{"name": "News"}, {"name": "Rumors"}, {"name": "Tech"}], "stocks": [{"name": "AAPL"}], "tags": [{"name": "Apple"}, {"name": "Apple Rumors"}, {"name": "Digitimes"}, {"name": "Dual Lens Camera"}, {"name": "iPhone Camera"}, {"name": "iPhone Dual Lens Cameras"}]}, {"id": 6201300, "author": "Benzinga", "created": "Tue, 02 Feb 2016 13:58:38 -0400", "updated": "Tue, 02 Feb 2016 13:58:41 -0400", "title": "Here's How Google Closed In On Apple And Eventually Overtook Its Market Cap", "teaser": "", "body": "", "url": "https://www.benzinga.com/node/6201300", "image": [], "channels": [{"name": "News"}, {"name": "Events"}, {"name": "Movers"}, {"name": "Tech"}, {"name": "Trading Ideas"}], "stocks": [{"name": "AAPL"}, {"name": "GOOG"}, {"name": "GOOGL"}], "tags": [{"name": "Apple"}, {"name": "Felix Richter"}, {"name": "Google"}, {"name": "Google market cap"}]}, {"id": 6200749, "author": "Benzinga", "created": "Tue, 02 Feb 2016 14:07:28 -0400", "updated": "Tue, 02 Feb 2016 14:07:28 -0400", "title": "Should Alphabet Raise Its Buybacks?", "teaser": "", "body": "", "url": "https://www.benzinga.com/node/6200749", "image": [], "channels": [{"name": "Analyst Color"}, {"name": "Earnings"}, {"name": "Long Ideas"}, {"name": "News"}, {"name": "Price Target"}, {"name": "Reiteration"}, {"name": "Top Stories"}, {"name": "Analyst Ratings"}, {"name": "Tech"}, {"name": "Trading Ideas"}], "stocks": [{"name": "AAPL"}, {"name": "GOOG"}, {"name": "GOOGL"}], "tags": [{"name": "Brian Nowak"}, {"name": "Morgan Stanley"}]}, {"id": 6202992, "author": "Benzinga", "created": "Tue, 02 Feb 2016 17:45:44 -0400", "updated": "Tue, 02 Feb 2016 17:45:44 -0400", "title": "Earnings Recap For February 2", "teaser": "", "body": "", "url": "https://www.benzinga.com/node/6202992", "image": [], "channels": [{"name": "Earnings"}, {"name": "News"}, {"name": "After-Hours Center"}], "stocks": [{"name": "ADM"}, {"name": "BAX"}, {"name": "DOW"}, {"name": "EMR"}, {"name": "EW"}, {"name": "GILD"}, {"name": "KORS"}, {"name": "MNK"}, {"name": "PFE"}, {"name": "SIRI"}, {"name": "SPB"}, {"name": "UPS"}, {"name": "XOM"}], "tags": []}, {"id": 6202278, "author": "Benzinga", "created": "Tue, 02 Feb 2016 18:29:41 -0400", "updated": "Tue, 02 Feb 2016 18:29:41 -0400", "title": "Munster On Apple's March Event: New Watch, iPad Air 3 Makes Sense, 4\" iPhone Less So", "teaser": "", "body": "", "url": "https://www.benzinga.com/node/6202278", "image": [], "channels": [{"name": "Analyst Color"}, {"name": "Long Ideas"}, {"name": "News"}, {"name": "Reiteration"}, {"name": "Events"}, {"name": "Analyst Ratings"}, {"name": "Tech"}, {"name": "Trading Ideas"}], "stocks": [{"name": "AAPL"}], "tags": [{"name": "Gene Munster"}, {"name": "Piper Jaffray"}]}]