[{"id": 8132967, "author": "Benzinga", "created": "Tue, 21 Jun 2016 02:50:39 -0400", "updated": "Tue, 21 Jun 2016 02:50:39 -0400", "title": "Watch These 7 Huge Call Purchases In Tuesday Trade", "teaser": "", "body": "", "url": "https://www.benzinga.com/node/8132967", "image": [], "channels": [{"name": "News"}, {"name": "Options"}, {"name": "Markets"}], "stocks": [{"name": "AVP"}, {"name": "BBRY"}, {"name": "CSCO"}, {"name": "CY"}, {"name": "K"}, {"name": "MRO"}, {"name": "WETF"}], "tags": [{"name": "Huge Call Purchases"}]}, {"id": 8133100, "author": "Benzinga", "created": "Tue, 21 Jun 2016 03:25:08 -0400", "updated": "Tue, 21 Jun 2016 03:25:08 -0400", "title": "Watch These 7 Huge Put Purchases In Tuesday Trade", "teaser": "", "body": "", "url": "https://www.benzinga.com/node/8133100", "image": [], "channels": [{"name": "News"}, {"name": "Options"}, {"name": "Markets"}], "stocks": [{"name": "ABBV"}, {"name": "AMGN"}, {"name": "ARMH"}, {"name": "EXPE"}, {"name": "RIG"}, {"name": "VIAB"}, {"name": "YELP"}], "tags": [{"name": "Huge Put Purchases"}]}, {"id": 8132719, "author": "Benzinga", "created": "Tue, 21 Jun 2016 06:34:55 -0400", "updated": "Tue, 21 Jun 2016 06:34:55 -0400", "title": "ABC Sees Record Ratings As Cavaliers Win Historic Championship", "teaser": "", "body": "", "url": "https://www.benzinga.com/node/8132719", "image": [], "channels": [{"name": "News"}, {"name": "Sports"}, {"name": "Events"}, {"name": "General"}], "stocks": [{"name": "DIS"}], "tags": [{"name": "ABC"}, {"name": "Cleveland Cavaliers"}, {"name": "Golden State Warriors"}, {"name": "LeBron James"}, {"name": "NBA"}, {"name": "NBA Finals"}, {"name": "Steph Curry"}]}, {"id": 8134064, "author": "Benzinga", "created": "Tue, 21 Jun 2016 08:47:52 -0400", "updated": "Tue, 21 Jun 2016 08:47:52 -0400", "title": "The Market In 5 Minutes: #TrumpSoPoor And More", "teaser": "", "body": "", "url": "https://www.benzinga.com/node/8134064", "image": [], "channels": [{"name": "News"}, {"name": "Global"}, {"name": "Top Stories"}, {"name": "Markets"}], "stocks": [{"name": "AAPL"}, {"name": "AGN"}, {"name": "CRUS"}, {"name": "IPXL"}, {"name": "KMX"}, {"name": "LEA"}, {"name": "LEN"}, {"name": "MCK"}, {"name": "MRO"}, {"name": "PLD"}, {"name": "SPY"}, {"name": "TEVA"}, {"name": "USO"}, {"name": "VSLR"}], "tags": [{"name": "the market in 5 minutes"}]}, {"id": 8133880, "author": "Benzinga", "created": "Tue, 21 Jun 2016 09:15:59 -0400", "updated": "Tue, 21 Jun 2016 09:16:00 -0400", "title": "Russia-China Aviation Alliance Challenges General Electric, Rolls Royce And Boeing", "teaser": "", "body": "", "url": "https://www.benzinga.com/node/8133880", "image": [], "channels": [{"name": "News"}, {"name": "Travel"}, {"name": "Global"}, {"name": "Tech"}, {"name": "Media"}, {"name": "Trading Ideas"}, {"name": "General"}], "stocks": [{"name": "BA"}, {"name": "GE"}, {"name": "RYCEY"}], "tags": [{"name": "Boeing 787"}, {"name": "China"}, {"name": "Dmitry Rogozin"}, {"name": "Russia"}]}, {"id": 8135643, "author": "Benzinga", "created": "Tue, 21 Jun 2016 13:02:29 -0400", "updated": "Tue, 21 Jun 2016 13:02:29 -0400", "title": "Netflix Presents A New Application Logo", "teaser": "", "body": "", "url": "https://www.benzinga.com/node/8135643", "image": [], "channels": [{"name": "News"}, {"name": "Tech"}], "stocks": [{"name": "KO"}, {"name": "NFLX"}], "tags": []}, {"id": 8135623, "author": "Benzinga", "created": "Tue, 21 Jun 2016 13:06:09 -0400", "updated": "Tue, 21 Jun 2016 13:06:10 -0400", "title": "Wal-Mart Finds A Big Partner In China", "teaser": "", "body": "", "url": "https://www.benzinga.com/node/8135623", "image": [], "channels": [{"name": "News"}, {"name": "Emerging Markets"}, {"name": "M&A"}, {"name": "Markets"}, {"name": "Tech"}, {"name": "Media"}, {"name": "Trading Ideas"}], "stocks": [{"name": "BABA"}, {"name": "JD"}, {"name": "WMT"}], "tags": [{"name": "Ben Cavender"}, {"name": "China"}, {"name": "e-commerce"}, {"name": "Tmall"}, {"name": "Yihaodian"}]}, {"id": 8135639, "author": "Benzinga", "created": "Tue, 21 Jun 2016 13:13:13 -0400", "updated": "Tue, 21 Jun 2016 13:13:13 -0400", "title": "Machine Learning Conference Update: Amazon And NVIDIA Winning, IBM And Alphabet Losing", "teaser": "", "body": "", "url": "https://www.benzinga.com/node/8135639", "image": [], "channels": [{"name": "Analyst Color"}, {"name": "News"}, {"name": "Events"}, {"name": "Analyst Ratings"}, {"name": "Movers"}, {"name": "Tech"}, {"name": "Trading Ideas"}], "stocks": [{"name": "AMZN"}, {"name": "GOOG"}, {"name": "GOOGL"}, {"name": "IBM"}, {"name": "MSFT"}, {"name": "NVDA"}], "tags": [{"name": "Advanced Machine Learning Conference"}, {"name": "Deep Scalable Sparse Tenor Network"}, {"name": "Trip Chowdhry"}]}, {"id": 8136013, "author": "Benzinga", "created": "Tue, 21 Jun 2016 13:21:16 -0400", "updated": "Tue, 21 Jun 2016 13:21:16 -0400", "title": "Apple's Newest iPhone Won't Have Many Changes", "teaser": "", "body": "", "url": "https://www.benzinga.com/node/8136013", "image": [], "channels": [{"name": "News"}, {"name": "Rumors"}, {"name": "Tech"}], "stocks": [{"name": "AAPL"}], "tags": [{"name": "Apple stock"}, {"name": "Dow Jones"}, {"name": "iPhone"}, {"name": "iPhone 7"}, {"name": "iPhone 7 Upgrades"}]}, {"id": 8135796, "author": "Benzinga", "created": "Tue, 21 Jun 2016 13:17:45 -0400", "updated": "Tue, 21 Jun 2016 14:12:42 -0400", "title": "Screenshots Of Leaked FAA Drone Rule Summary Still Popping Up Online", "teaser": "", "body": "", "url": "https://www.benzinga.com/node/8135796", "image": [], "channels": [{"name": "News"}, {"name": "Rumors"}, {"name": "Travel"}, {"name": "Legal"}, {"name": "Tech"}, {"name": "Media"}, {"name": "General"}], "stocks": [{"name": "AMBA"}, {"name": "AMZN"}, {"name": "BA"}, {"name": "GOOG"}, {"name": "GOOGL"}, {"name": "GPRO"}, {"name": "INVN"}, {"name": "LMT"}], "tags": [{"name": "Drone FAA"}, {"name": "Drone Law Journal"}, {"name": "Drone Laws"}, {"name": "Drone Regulations"}, {"name": "drones"}, {"name": "FAA"}, {"name": "Federal Aviation Administration"}, {"name": "Federal Aviation Agency"}, {"name": "Forbes"}]}, {"id": 8135962, "author": "Benzinga", "created": "Tue, 21 Jun 2016 14:35:28 -0400", "updated": "Tue, 21 Jun 2016 14:35:29 -0400", "title": "What Makes National Beverage Different From Its Soda Peers?", "teaser": "", "body": "", "url": "https://www.benzinga.com/node/8135962", "image": [], "channels": [{"name": "News"}, {"name": "Trading Ideas"}], "stocks": [{"name": "DPS"}, {"name": "FIZZ"}, {"name": "KO"}, {"name": "PEP"}], "tags": [{"name": "Nick Caporella"}, {"name": "Shasta Sparkling"}]}, {"id": 8136249, "author": "Benzinga", "created": "Tue, 21 Jun 2016 15:41:46 -0400", "updated": "Tue, 21 Jun 2016 15:41:46 -0400", "title": "FAA, DoT Finalize Drone Rules: Check Them Out!", "teaser": "", "body": "", "url": "https://www.benzinga.com/node/8136249", "image": [], "channels": [{"name": "News"}, {"name": "Travel"}, {"name": "Legal"}, {"name": "Tech"}, {"name": "Trading Ideas"}, {"name": "General"}], "stocks": [{"name": "AMBA"}, {"name": "AMZN"}, {"name": "GPRO"}, {"name": "WMT"}], "tags": [{"name": "DOT"}, {"name": "drones"}, {"name": "FAA"}]}, {"id": 8136720, "author": "Benzinga", "created": "Tue, 21 Jun 2016 15:56:38 -0400", "updated": "Tue, 21 Jun 2016 15:56:38 -0400", "title": "Susquehanna Remains Positive On Nike Into Q4 Earnings", "teaser": "", "body": "", "url": "https://www.benzinga.com/node/8136720", "image": [], "channels": [{"name": "Analyst Color"}, {"name": "Earnings"}, {"name": "News"}, {"name": "Analyst Ratings"}], "stocks": [{"name": "NKE"}], "tags": []}]