[{"id": 6103729, "author": "Benzinga", "created": "Mon, 04 Jan 2016 09:13:12 -0400", "updated": "Mon, 04 Jan 2016 09:13:12 -0400", "title": "Benzinga's Top #PreMarket Gainers", "teaser": "", "body": "", "url": "https://www.benzinga.com/node/6103729", "image": [], "channels": [{"name": "News"}, {"name": "Pre-Market Outlook"}, {"name": "Markets"}, {"name": "Movers"}], "stocks": [{"name": "AMGN"}, {"name": "BXLT"}, {"name": "GOLD"}, {"name": "LULU"}, {"name": "NEM"}, {"name": "SHPG"}, {"name": "UNIS"}], "tags": [{"name": "Apparel, Accessories & Luxury Goods"}, {"name": "Consumer Discretionary"}, {"name": "PreMarket Gainers"}, {"name": "Top Gainers"}]}, {"id": 6101904, "author": "Benzinga", "created": "Mon, 04 Jan 2016 09:38:36 -0400", "updated": "Mon, 04 Jan 2016 09:38:36 -0400", "title": "Head To The Polls With This ETF In 2016", "teaser": "", "body": "", "url": "https://www.benzinga.com/node/6101904", "image": [], "channels": [{"name": "Long Ideas"}, {"name": "News"}, {"name": "Sector ETFs"}, {"name": "Short Ideas"}, {"name": "Intraday Update"}, {"name": "Markets"}, {"name": "Trading Ideas"}, {"name": "ETFs"}], "stocks": [{"name": "CBS"}, {"name": "DIS"}, {"name": "FB"}, {"name": "GOOG"}, {"name": "GOOGL"}, {"name": "PBS"}, {"name": "TWX"}, {"name": "XLY"}], "tags": [{"name": "Anthony DiClemente"}, {"name": "Bloomberg"}, {"name": "consumer discretionary"}, {"name": "cord-cutting"}]}, {"id": 6101905, "author": "Benzinga", "created": "Mon, 04 Jan 2016 09:48:54 -0400", "updated": "Mon, 04 Jan 2016 09:48:54 -0400", "title": "Download Microsoft With This ETF", "teaser": "", "body": "", "url": "https://www.benzinga.com/node/6101905", "image": [], "channels": [{"name": "Long Ideas"}, {"name": "News"}, {"name": "Sector ETFs"}, {"name": "Intraday Update"}, {"name": "Markets"}, {"name": "Tech"}, {"name": "Trading Ideas"}, {"name": "ETFs"}], "stocks": [{"name": "AAPL"}, {"name": "IYW"}, {"name": "MSFT"}], "tags": [{"name": "Blackrock"}, {"name": "BlackRock Global Investment"}, {"name": "Heidi Richardson"}, {"name": "Paul Weisbruch"}, {"name": "Street One Financial"}]}, {"id": 6101953, "author": "Benzinga", "created": "Mon, 04 Jan 2016 10:38:32 -0400", "updated": "Mon, 04 Jan 2016 10:38:32 -0400", "title": "This Dividend ETF Looks Primed For A Solid 2016", "teaser": "", "body": "", "url": "https://www.benzinga.com/node/6101953", "image": [], "channels": [{"name": "Long Ideas"}, {"name": "News"}, {"name": "Broad U.S. Equity ETFs"}, {"name": "Dividends"}, {"name": "Dividends"}, {"name": "Intraday Update"}, {"name": "Markets"}, {"name": "Trading Ideas"}, {"name": "ETFs"}], "stocks": [{"name": "AAPL"}, {"name": "DTD"}, {"name": "GE"}, {"name": "MSFT"}], "tags": [{"name": "dividend ETFs"}, {"name": "dividends"}, {"name": "Gilead Sciences"}, {"name": "Jeremy Schwartz"}, {"name": "Vereit Incorporated"}]}, {"id": 6104705, "author": "Benzinga", "created": "Mon, 04 Jan 2016 11:10:02 -0400", "updated": "Mon, 04 Jan 2016 11:10:03 -0400", "title": "Mid-Morning Market Update: Markets Open Lower; Tesla Motors Delivers 17,400 Vehicles in Fourth Quarter", "teaser": "", "body": "", "url": "https://www.benzinga.com/node/6104705", "image": [], "channels": [{"name": "News"}, {"name": "Eurozone"}, {"name": "Commodities"}, {"name": "Global"}, {"name": "Intraday Update"}, {"name": "Markets"}, {"name": "Movers"}], "stocks": [{"name": "AMGN"}, {"name": "BXLT"}, {"name": "CSIQ"}, {"name": "DNR"}, {"name": "HNRG"}, {"name": "NFLX"}, {"name": "NTES"}, {"name": "PERI"}, {"name": "SHPG"}, {"name": "TSLA"}, {"name": "UNIS"}, {"name": "WTI"}, {"name": "XTLB"}], "tags": [{"name": "Mid-Morning Market Update"}]}, {"id": 6104722, "author": "Benzinga", "created": "Mon, 04 Jan 2016 11:14:23 -0400", "updated": "Mon, 04 Jan 2016 11:15:52 -0400", "title": "Has The NFL's Audience Reached Its Peak?", "teaser": "", "body": "", "url": "https://www.benzinga.com/node/6104722", "image": [], "channels": [{"name": "Analyst Color"}, {"name": "Long Ideas"}, {"name": "News"}, {"name": "Top Stories"}, {"name": "Analyst Ratings"}, {"name": "Tech"}, {"name": "Trading Ideas"}, {"name": "General"}], "stocks": [{"name": "AAPL"}, {"name": "AMZN"}, {"name": "CBS"}, {"name": "CMCSA"}, {"name": "DIS"}, {"name": "FOXA"}, {"name": "GOOG"}, {"name": "NFLX"}, {"name": "TWX"}, {"name": "WWE"}, {"name": "YHOO"}], "tags": [{"name": "ABC"}, {"name": "Darren Rovell"}, {"name": "ESPN"}, {"name": "NBC"}, {"name": "nfl"}, {"name": "Pacific Crest"}]}, {"id": 6105530, "author": "Benzinga", "created": "Mon, 04 Jan 2016 13:15:44 -0400", "updated": "Mon, 04 Jan 2016 13:15:44 -0400", "title": "Mid-Day Market Update: Baxalta Shares Surge Amid Report Of Shire Interest; Canadian Solar Shares Slide", "teaser": "", "body": "", "url": "https://www.benzinga.com/node/6105530", "image": [], "channels": [{"name": "News"}, {"name": "Eurozone"}, {"name": "Commodities"}, {"name": "M&A"}, {"name": "Global"}, {"name": "Intraday Update"}, {"name": "Markets"}, {"name": "Movers"}], "stocks": [{"name": "AMGN"}, {"name": "BKH"}, {"name": "BXLT"}, {"name": "CSIQ"}, {"name": "ETP"}, {"name": "LULU"}, {"name": "NFLX"}, {"name": "NPTN"}, {"name": "PERI"}, {"name": "SHPG"}, {"name": "TSLA"}, {"name": "UGI"}, {"name": "UNIS"}], "tags": [{"name": "Apparel, Accessories & Luxury Goods"}, {"name": "Consumer Discretionary"}, {"name": "Mid-Day Market Update"}]}, {"id": 6105253, "author": "Benzinga", "created": "Mon, 04 Jan 2016 14:12:26 -0400", "updated": "Mon, 04 Jan 2016 14:38:04 -0400", "title": "Anne-Marie Baiynd On Facebook, Disney And Looking Beyond Price", "teaser": "", "body": "", "url": "https://www.benzinga.com/node/6105253", "image": [], "channels": [{"name": "Analyst Color"}, {"name": "Long Ideas"}, {"name": "News"}, {"name": "Short Ideas"}, {"name": "Exclusives"}, {"name": "Pre-Market Outlook"}, {"name": "Tech"}, {"name": "Trading Ideas"}, {"name": "Interview"}], "stocks": [{"name": "BBC"}, {"name": "BBP"}, {"name": "DIS"}, {"name": "FB"}], "tags": [{"name": "Anne-Marie Baiynd"}, {"name": "LifeSci Index Partners"}, {"name": "Paul Yook"}]}, {"id": 6105999, "author": "Benzinga", "created": "Mon, 04 Jan 2016 16:01:54 -0400", "updated": "Mon, 04 Jan 2016 16:01:54 -0400", "title": "Mid-Afternoon Market Update: Netflix Drops Following Baird Downgrade; Lululemon Shares Rise", "teaser": "", "body": "", "url": "https://www.benzinga.com/node/6105999", "image": [], "channels": [{"name": "News"}, {"name": "Eurozone"}, {"name": "Commodities"}, {"name": "M&A"}, {"name": "Global"}, {"name": "Intraday Update"}, {"name": "Markets"}, {"name": "Movers"}], "stocks": [{"name": "AMGN"}, {"name": "AMZN"}, {"name": "BXLT"}, {"name": "FCEL"}, {"name": "LULU"}, {"name": "NEWS"}, {"name": "NFLX"}, {"name": "SFUN"}, {"name": "SHPG"}, {"name": "SXC"}, {"name": "TSLA"}, {"name": "UNIS"}, {"name": "WG"}], "tags": [{"name": "Apparel, Accessories & Luxury Goods"}, {"name": "Consumer Discretionary"}, {"name": "Mid-Afternoon Market Update"}]}, {"id": 6105707, "author": "Benzinga", "created": "Mon, 04 Jan 2016 16:17:06 -0400", "updated": "Mon, 04 Jan 2016 16:17:07 -0400", "title": "Highlights from TDA's IMX Sentiment Index", "teaser": "", "body": "", "url": "https://www.benzinga.com/node/6105707", "image": [], "channels": [{"name": "News"}, {"name": "Crowdsourcing"}, {"name": "Trading Ideas"}, {"name": "General"}], "stocks": [{"name": "AAPL"}, {"name": "AMTD"}, {"name": "BAC"}, {"name": "DIS"}, {"name": "FIT"}, {"name": "GE"}, {"name": "MSFT"}], "tags": []}, {"id": 6107599, "author": "Benzinga", "created": "Mon, 04 Jan 2016 20:44:09 -0400", "updated": "Mon, 04 Jan 2016 20:44:09 -0400", "title": "Benzinga's M&A Chatter for Monday January 4, 2016", "teaser": "", "body": "", "url": "https://www.benzinga.com/node/6107599", "image": [], "channels": [{"name": "News"}, {"name": "Rumors"}, {"name": "M&A"}, {"name": "Movers"}], "stocks": [{"name": "ACN"}, {"name": "ATML"}, {"name": "INTC"}, {"name": "MCHP"}], "tags": [{"name": "Information Technology"}, {"name": "Semiconductors"}]}]