[{"id": 8235618, "author": "Benzinga", "created": "Wed, 20 Jul 2016 04:29:58 -0400", "updated": "Wed, 20 Jul 2016 04:29:58 -0400", "title": "12 Stocks You Should Be Watching Today", "teaser": "", "body": "", "url": "https://www.benzinga.com/node/8235618", "image": [], "channels": [{"name": "Earnings"}, {"name": "News"}, {"name": "Pre-Market Outlook"}, {"name": "Markets"}, {"name": "Trading Ideas"}], "stocks": [{"name": "ABT"}, {"name": "AXP"}, {"name": "EBAY"}, {"name": "HAL"}, {"name": "INTC"}, {"name": "ISRG"}, {"name": "MAT"}, {"name": "MS"}, {"name": "MSFT"}, {"name": "MTB"}, {"name": "QCOM"}, {"name": "UAL"}], "tags": [{"name": "Consumer Discretionary"}, {"name": "Leisure Products"}, {"name": "Stocks To Watch"}, {"name": "Stocks to Watch"}]}, {"id": 8235814, "author": "Benzinga", "created": "Wed, 20 Jul 2016 06:03:30 -0400", "updated": "Wed, 20 Jul 2016 06:03:31 -0400", "title": "Earnings Scheduled For July 20, 2016", "teaser": "", "body": "", "url": "https://www.benzinga.com/node/8235814", "image": [], "channels": [{"name": "Earnings"}, {"name": "News"}, {"name": "Pre-Market Outlook"}, {"name": "Markets"}], "stocks": [{"name": "ABT"}, {"name": "APH"}, {"name": "ASML"}, {"name": "AXP"}, {"name": "CCK"}, {"name": "CP"}, {"name": "EBAY"}, {"name": "EDU"}, {"name": "FFIV"}, {"name": "FNF"}, {"name": "FTI"}, {"name": "HAL"}, {"name": "HXL"}, {"name": "IMAX"}, {"name": "INTC"}, {"name": "ITW"}, {"name": "KMI"}, {"name": "MAT"}, {"name": "MLNX"}, {"name": "MS"}, {"name": "MTB"}, {"name": "NEM"}, {"name": "NTRS"}, {"name": "PII"}, {"name": "PKG"}, {"name": "QCOM"}, {"name": "RJF"}, {"name": "SAP"}, {"name": "SBNY"}, {"name": "SCL"}, {"name": "STJ"}, {"name": "TSCO"}, {"name": "TUP"}, {"name": "URI"}, {"name": "VMI"}, {"name": "WBC"}], "tags": [{"name": "Consumer Discretionary"}, {"name": "Earnings schedule"}, {"name": "Leisure Products"}]}, {"id": 8236321, "author": "Benzinga", "created": "Wed, 20 Jul 2016 07:50:50 -0400", "updated": "Wed, 20 Jul 2016 07:50:50 -0400", "title": "A Peek Into The Markets: U.S. Stock Futures Gain; Morgan Stanley Beats Q2 Views", "teaser": "", "body": "", "url": "https://www.benzinga.com/node/8236321", "image": [], "channels": [{"name": "Earnings"}, {"name": "News"}, {"name": "Eurozone"}, {"name": "Futures"}, {"name": "Global"}, {"name": "Pre-Market Outlook"}, {"name": "Markets"}], "stocks": [{"name": "HAL"}, {"name": "MS"}, {"name": "MSFT"}, {"name": "STJ"}, {"name": "VZ"}], "tags": [{"name": "Oppenheimer"}, {"name": "U.S. stock futures"}]}, {"id": 8236552, "author": "Benzinga", "created": "Wed, 20 Jul 2016 08:21:20 -0400", "updated": "Wed, 20 Jul 2016 08:21:21 -0400", "title": "15 Stocks Moving In Wednesday's Pre-Market Session", "teaser": "", "body": "", "url": "https://www.benzinga.com/node/8236552", "image": [], "channels": [{"name": "News"}, {"name": "Movers & Shakers"}, {"name": "Pre-Market Outlook"}, {"name": "Markets"}, {"name": "Movers"}], "stocks": [{"name": "CERU"}, {"name": "CTAS"}, {"name": "EXPO"}, {"name": "GLBL"}, {"name": "ISRG"}, {"name": "MRCC"}, {"name": "MS"}, {"name": "MSFT"}, {"name": "PGNX"}, {"name": "RYI"}, {"name": "SPU"}, {"name": "TS"}, {"name": "TWER"}, {"name": "VRX"}, {"name": "ZFGN"}], "tags": [{"name": "#PreMarket Gainers"}, {"name": "Losers"}, {"name": "Top Gainers"}]}, {"id": 8236474, "author": "Benzinga", "created": "Wed, 20 Jul 2016 09:09:32 -0400", "updated": "Wed, 20 Jul 2016 09:09:32 -0400", "title": "The Market In 5 Minutes: Microsoft Beat, Disney Downgrade And Donald Trump", "teaser": "", "body": "", "url": "https://www.benzinga.com/node/8236474", "image": [], "channels": [{"name": "News"}, {"name": "Global"}, {"name": "Top Stories"}, {"name": "Pre-Market Outlook"}, {"name": "Markets"}], "stocks": [{"name": "BBGI"}, {"name": "CHTR"}, {"name": "DIS"}, {"name": "FANG"}, {"name": "FOXA"}, {"name": "HAL"}, {"name": "ISRG"}, {"name": "JNJ"}, {"name": "MS"}, {"name": "MSFT"}, {"name": "PNRA"}, {"name": "SPY"}, {"name": "UL"}, {"name": "USO"}, {"name": "VZ"}], "tags": [{"name": "the market in 5 minutes"}]}, {"id": 8236569, "author": "Benzinga", "created": "Wed, 20 Jul 2016 09:08:24 -0400", "updated": "Wed, 20 Jul 2016 09:15:13 -0400", "title": "Goldman Reviews Microsoft's Q4 Results", "teaser": "", "body": "", "url": "https://www.benzinga.com/node/8236569", "image": [], "channels": [{"name": "Analyst Color"}, {"name": "Earnings"}, {"name": "News"}, {"name": "Guidance"}, {"name": "Price Target"}, {"name": "Reiteration"}, {"name": "Analyst Ratings"}, {"name": "Tech"}], "stocks": [{"name": "MSFT"}], "tags": [{"name": "Goldman Sachs"}, {"name": "Heather Bellini"}]}, {"id": 8235261, "author": "Benzinga", "created": "Wed, 20 Jul 2016 09:50:57 -0400", "updated": "Wed, 20 Jul 2016 09:50:57 -0400", "title": "Toy Wars: Mattel Snags 'Jurassic World' License Out From Under Rival Hasbro", "teaser": "", "body": "", "url": "https://www.benzinga.com/node/8235261", "image": [], "channels": [{"name": "Long Ideas"}, {"name": "News"}, {"name": "Management"}, {"name": "Events"}, {"name": "Media"}, {"name": "Trading Ideas"}], "stocks": [{"name": "DIS"}, {"name": "HAS"}, {"name": "MAT"}], "tags": [{"name": "Brian Goldner"}, {"name": "Fortune"}, {"name": "Jurassic World"}]}, {"id": 8234793, "author": "Benzinga", "created": "Wed, 20 Jul 2016 10:12:11 -0400", "updated": "Wed, 20 Jul 2016 10:12:11 -0400", "title": "The iPhone Ban In Iran: Officials Confirm The Rhyme's For Real This Time", "teaser": "", "body": "", "url": "https://www.benzinga.com/node/8234793", "image": [], "channels": [{"name": "News"}, {"name": "Politics"}, {"name": "Global"}, {"name": "Tech"}, {"name": "Media"}, {"name": "General"}], "stocks": [{"name": "AAPL"}], "tags": [{"name": "iPhone"}, {"name": "Iran"}, {"name": "Japan Times"}, {"name": "Tasnim News Agency"}]}, {"id": 8236693, "author": "Benzinga", "created": "Wed, 20 Jul 2016 10:18:06 -0400", "updated": "Wed, 20 Jul 2016 10:18:06 -0400", "title": "Unilever's Acquisition Of Dollar Shave Club Offers 'Unique Consumer And Data Insights'", "teaser": "", "body": "", "url": "https://www.benzinga.com/node/8236693", "image": [], "channels": [{"name": "News"}, {"name": "Wall Street Journal"}, {"name": "Health Care"}, {"name": "M&A"}, {"name": "Media"}, {"name": "General"}], "stocks": [{"name": "PG"}, {"name": "UL"}], "tags": [{"name": "Consumer Data"}, {"name": "Consumer Insight"}, {"name": "Dollar Shave Club"}, {"name": "Gillette"}, {"name": "Kees Kruythoff"}, {"name": "Paul Polman"}]}, {"id": 8237456, "author": "Benzinga", "created": "Wed, 20 Jul 2016 10:44:21 -0400", "updated": "Wed, 20 Jul 2016 10:44:22 -0400", "title": "Top Performing Industries For July 20, 2016", "teaser": "", "body": "", "url": "https://www.benzinga.com/node/8237456", "image": [], "channels": [{"name": "News"}, {"name": "Intraday Update"}, {"name": "Markets"}, {"name": "Movers"}], "stocks": [{"name": "CSCO"}, {"name": "DSGX"}, {"name": "LYG"}, {"name": "SNOW"}], "tags": [{"name": "Diversified Banks"}, {"name": "Financials"}, {"name": "Top Performing Industries"}]}, {"id": 8237703, "author": "Benzinga", "created": "Wed, 20 Jul 2016 11:34:50 -0400", "updated": "Wed, 20 Jul 2016 11:34:50 -0400", "title": "Verizon Starts Lab Testing NG-PON2 technology", "teaser": "", "body": "", "url": "https://www.benzinga.com/node/8237703", "image": [], "channels": [{"name": "News"}, {"name": "General"}], "stocks": [{"name": "VZ"}], "tags": []}, {"id": 8235301, "author": "Benzinga", "created": "Wed, 20 Jul 2016 11:50:50 -0400", "updated": "Wed, 20 Jul 2016 11:50:51 -0400", "title": "Print This: A 3D Printing ETF Comes To Town", "teaser": "", "body": "", "url": "https://www.benzinga.com/node/8235301", "image": [], "channels": [{"name": "Long Ideas"}, {"name": "News"}, {"name": "Sector ETFs"}, {"name": "New ETFs"}, {"name": "Top Stories"}, {"name": "Tech"}, {"name": "Trading Ideas"}, {"name": "ETFs"}], "stocks": [{"name": "ATI"}, {"name": "EMN"}, {"name": "MSFT"}, {"name": "SSYS"}], "tags": [{"name": "3D ETFs"}, {"name": "3D printers"}, {"name": "3D Printing"}, {"name": "3D stocks"}, {"name": "ARK"}, {"name": "BATS"}, {"name": "McKinsey"}]}, {"id": 8237948, "author": "Benzinga", "created": "Wed, 20 Jul 2016 12:19:40 -0400", "updated": "Wed, 20 Jul 2016 12:19:40 -0400", "title": "Mid-Day Market Update: Microsoft Gains Following Earnings Beat; Zafgen Shares Slide", "teaser": "", "body": "", "url": "https://www.benzinga.com/node/8237948", "image": [], "channels": [{"name": "Earnings"}, {"name": "News"}, {"name": "Eurozone"}, {"name": "Commodities"}, {"name": "Global"}, {"name": "Intraday Update"}, {"name": "Markets"}, {"name": "Movers"}], "stocks": [{"name": "EDN"}, {"name": "EXPO"}, {"name": "GLBL"}, {"name": "MDSO"}, {"name": "MRVL"}, {"name": "MS"}, {"name": "MSFT"}, {"name": "NRG"}, {"name": "PGNX"}, {"name": "RYI"}, {"name": "ZFGN"}], "tags": [{"name": "Mid-Day Market Update"}]}, {"id": 8237960, "author": "Benzinga", "created": "Wed, 20 Jul 2016 12:33:03 -0400", "updated": "Wed, 20 Jul 2016 12:33:03 -0400", "title": "Earnings: Can GM Power Its Way into the Self-Driving Business?", "teaser": "", "body": "", "url": "https://www.benzinga.com/node/8237960", "image": [], "channels": [{"name": "Analyst Color"}, {"name": "Earnings"}, {"name": "News"}, {"name": "Economics"}, {"name": "Analyst Ratings"}, {"name": "Reviews"}], "stocks": [{"name": "AMZN"}, {"name": "EBAY"}, {"name": "GM"}, {"name": "GOOGL"}, {"name": "INTC"}, {"name": "PYPL"}], "tags": []}, {"id": 8238055, "author": "Benzinga", "created": "Wed, 20 Jul 2016 12:44:43 -0400", "updated": "Wed, 20 Jul 2016 12:44:43 -0400", "title": "15 Biggest Mid-Day Gainers For Wednesday", "teaser": "", "body": "", "url": "https://www.benzinga.com/node/8238055", "image": [], "channels": [{"name": "News"}, {"name": "Intraday Update"}, {"name": "Markets"}, {"name": "Movers"}], "stocks": [{"name": "AWH"}, {"name": "CTAS"}, {"name": "GLBL"}, {"name": "ISRG"}, {"name": "MRVL"}, {"name": "MS"}, {"name": "MSFT"}, {"name": "OPGN"}, {"name": "OPTT"}, {"name": "PGNX"}, {"name": "SAP"}, {"name": "SPU"}, {"name": "TUP"}, {"name": "TWER"}, {"name": "VRX"}], "tags": [{"name": "Mid-Day Gainers"}, {"name": "Top Gainers"}]}, {"id": 8238018, "author": "Benzinga", "created": "Wed, 20 Jul 2016 12:45:33 -0400", "updated": "Wed, 20 Jul 2016 12:45:33 -0400", "title": "Dow Chemical, DuPont Shareholders Vote For Merger", "teaser": "", "body": "", "url": "https://www.benzinga.com/node/8238018", "image": [], "channels": [{"name": "News"}, {"name": "M&A"}, {"name": "General"}], "stocks": [{"name": "DD"}, {"name": "DOW"}], "tags": []}, {"id": 8238255, "author": "Benzinga", "created": "Wed, 20 Jul 2016 13:36:29 -0400", "updated": "Wed, 20 Jul 2016 13:36:29 -0400", "title": "Global Payments Extend Support For Apple Pay In Hong Kong", "teaser": "", "body": "", "url": "https://www.benzinga.com/node/8238255", "image": [], "channels": [{"name": "News"}, {"name": "Tech"}, {"name": "General"}], "stocks": [{"name": "AAPL"}, {"name": "GPN"}], "tags": []}, {"id": 8237940, "author": "Benzinga", "created": "Wed, 20 Jul 2016 13:53:31 -0400", "updated": "Wed, 20 Jul 2016 13:53:31 -0400", "title": "Analysts At Citi Say Microsoft Is 'Not Out Of The Woods'", "teaser": "", "body": "", "url": "https://www.benzinga.com/node/8237940", "image": [], "channels": [{"name": "Analyst Color"}, {"name": "Earnings"}, {"name": "News"}, {"name": "Short Ideas"}, {"name": "Price Target"}, {"name": "Reiteration"}, {"name": "Analyst Ratings"}, {"name": "Movers"}, {"name": "Tech"}, {"name": "Trading Ideas"}], "stocks": [{"name": "MSFT"}, {"name": "ORCL"}, {"name": "SAP"}], "tags": [{"name": "Citi"}, {"name": "Walter Pritchard"}]}, {"id": 8238146, "author": "Benzinga", "created": "Wed, 20 Jul 2016 14:41:46 -0400", "updated": "Wed, 20 Jul 2016 14:41:46 -0400", "title": "It Only Took 16 Years, But Microsoft Within Cents Of New All-Time High", "teaser": "", "body": "", "url": "https://www.benzinga.com/node/8238146", "image": [], "channels": [{"name": "News"}, {"name": "Education"}, {"name": "Dividends"}, {"name": "Movers"}, {"name": "Tech"}, {"name": "Trading Ideas"}, {"name": "General"}], "stocks": [{"name": "AAPL"}, {"name": "AMZN"}, {"name": "CSCO"}, {"name": "MSFT"}], "tags": []}, {"id": 8238339, "author": "Benzinga", "created": "Wed, 20 Jul 2016 15:52:18 -0400", "updated": "Wed, 20 Jul 2016 15:52:18 -0400", "title": "Morgan Stanley's 5 Questions For Telecom Stocks This Earnings Season", "teaser": "", "body": "", "url": "https://www.benzinga.com/node/8238339", "image": [], "channels": [{"name": "Analyst Color"}, {"name": "Earnings"}, {"name": "News"}, {"name": "Previews"}, {"name": "Analyst Ratings"}, {"name": "Tech"}, {"name": "Trading Ideas"}], "stocks": [{"name": "AMT"}, {"name": "CCI"}, {"name": "CONE"}, {"name": "LVLT"}, {"name": "SBAC"}, {"name": "TMUS"}, {"name": "VZ"}, {"name": "ZAYO"}], "tags": [{"name": "Josh Brown"}, {"name": "Morgan Stanley"}, {"name": "Simon Flannery"}, {"name": "telecom"}, {"name": "The Reformed Broker"}]}, {"id": 8239029, "author": "Benzinga", "created": "Wed, 20 Jul 2016 16:12:21 -0400", "updated": "Wed, 20 Jul 2016 16:12:22 -0400", "title": "Intel's Q2 Results Mixed, Shares Fall", "teaser": "", "body": "", "url": "https://www.benzinga.com/node/8239029", "image": [], "channels": [{"name": "Earnings"}, {"name": "News"}, {"name": "Guidance"}, {"name": "After-Hours Center"}, {"name": "Movers"}], "stocks": [{"name": "INTC"}], "tags": []}, {"id": 8239272, "author": "Benzinga", "created": "Wed, 20 Jul 2016 16:22:51 -0400", "updated": "Wed, 20 Jul 2016 16:22:51 -0400", "title": "Chevron and JOVO Sign LNG Agreement", "teaser": "", "body": "", "url": "https://www.benzinga.com/node/8239272", "image": [], "channels": [{"name": "News"}, {"name": "Contracts"}, {"name": "Press Releases"}], "stocks": [{"name": "CVX"}], "tags": []}, {"id": 8239884, "author": "Benzinga", "created": "Wed, 20 Jul 2016 17:46:14 -0400", "updated": "Wed, 20 Jul 2016 17:46:15 -0400", "title": "Wednesday's Market Wrap: Major Averages Climb, Nasdaq Adds 1%", "teaser": "", "body": "", "url": "https://www.benzinga.com/node/8239884", "image": [], "channels": [{"name": "News"}, {"name": "Sector ETFs"}, {"name": "Bonds"}, {"name": "Broad U.S. Equity ETFs"}, {"name": "Futures"}, {"name": "Commodities"}, {"name": "Forex"}, {"name": "Treasuries"}, {"name": "After-Hours Center"}, {"name": "Markets"}, {"name": "ETFs"}], "stocks": [{"name": "ABX"}, {"name": "AG"}, {"name": "GLD"}, {"name": "MSFT"}, {"name": "QQQ"}, {"name": "SPY"}, {"name": "TLT"}, {"name": "UUP"}], "tags": []}, {"id": 8240242, "author": "Benzinga", "created": "Wed, 20 Jul 2016 20:53:15 -0400", "updated": "Wed, 20 Jul 2016 20:53:16 -0400", "title": "Benzinga's M&A Chatter for Wednesday July 20, 2016", "teaser": "", "body": "", "url": "https://www.benzinga.com/node/8240242", "image": [], "channels": [{"name": "News"}, {"name": "Rumors"}, {"name": "M&A"}, {"name": "Movers"}], "stocks": [{"name": "FNB"}, {"name": "KNCRY"}, {"name": "MRK"}, {"name": "OPGN"}, {"name": "TEX"}, {"name": "UL"}, {"name": "YDKN"}], "tags": []}]