[{"id": 8128051, "author": "Benzinga", "created": "Mon, 20 Jun 2016 06:32:42 -0400", "updated": "Mon, 20 Jun 2016 06:32:42 -0400", "title": "Disney Rebounds From 'Alice' Flop With $135 Million 'Finding Dory' Success", "teaser": "", "body": "", "url": "https://www.benzinga.com/node/8128051", "image": [], "channels": [{"name": "News"}, {"name": "Events"}], "stocks": [{"name": "DIS"}], "tags": [{"name": "Finding Dory"}]}, {"id": 8129260, "author": "Benzinga", "created": "Mon, 20 Jun 2016 09:03:38 -0400", "updated": "Mon, 20 Jun 2016 09:03:38 -0400", "title": "Top 10 Most Sought-After Employers In The United States", "teaser": "", "body": "", "url": "https://www.benzinga.com/node/8129260", "image": [], "channels": [{"name": "News"}, {"name": "Education"}, {"name": "Global"}, {"name": "Tech"}, {"name": "General"}], "stocks": [{"name": "AAPL"}, {"name": "AMZN"}, {"name": "CRM"}, {"name": "FB"}, {"name": "GOOG"}, {"name": "LNKD"}, {"name": "MSFT"}, {"name": "TSLA"}, {"name": "TWTR"}], "tags": [{"name": "Employee Morale"}, {"name": "Employees"}, {"name": "LinkedIn"}, {"name": "Top Employers"}, {"name": "Work Culture"}, {"name": "workforce"}]}, {"id": 8129304, "author": "Benzinga", "created": "Mon, 20 Jun 2016 09:15:30 -0400", "updated": "Mon, 20 Jun 2016 09:15:30 -0400", "title": "The Market In 5 Minutes: Believeland", "teaser": "", "body": "", "url": "https://www.benzinga.com/node/8129304", "image": [], "channels": [{"name": "News"}, {"name": "Global"}, {"name": "Top Stories"}, {"name": "Markets"}], "stocks": [{"name": "AAPL"}, {"name": "ADBE"}, {"name": "ANTM"}, {"name": "BBRY"}, {"name": "CI"}, {"name": "CVS"}, {"name": "FDX"}, {"name": "GLW"}, {"name": "GOOG"}, {"name": "JD"}, {"name": "LNKD"}, {"name": "NFLX"}, {"name": "SAVE"}, {"name": "SCTY"}, {"name": "SPY"}, {"name": "SYY"}, {"name": "TRI"}, {"name": "USO"}, {"name": "WMT"}, {"name": "YELP"}], "tags": [{"name": "the market in 5 minutes"}]}, {"id": 8129689, "author": "Benzinga", "created": "Mon, 20 Jun 2016 09:47:00 -0400", "updated": "Mon, 20 Jun 2016 09:47:00 -0400", "title": "Apple Gets A Boost After Appeal In iPhone Case Accepted By IP Court", "teaser": "", "body": "", "url": "https://www.benzinga.com/node/8129689", "image": [], "channels": [{"name": "News"}, {"name": "Legal"}, {"name": "Global"}, {"name": "Tech"}], "stocks": [{"name": "AAPL"}], "tags": [{"name": "Apple Intellectual Property"}, {"name": "China"}, {"name": "China Daily"}, {"name": "iPhone 6 China"}, {"name": "iPhone China"}]}, {"id": 8129771, "author": "Benzinga", "created": "Mon, 20 Jun 2016 09:58:28 -0400", "updated": "Mon, 20 Jun 2016 10:03:42 -0400", "title": "LeBron James Did Something No Other Player Has Ever Done", "teaser": "", "body": "", "url": "https://www.benzinga.com/node/8129771", "image": [], "channels": [{"name": "News"}, {"name": "Sports"}, {"name": "General"}], "stocks": [{"name": "NKE"}, {"name": "UA"}], "tags": [{"name": "Cleveland Cavaliers"}, {"name": "NBA"}, {"name": "NBA Championship"}, {"name": "NBA MVP"}, {"name": "Steph Curry"}]}, {"id": 8129743, "author": "Benzinga", "created": "Mon, 20 Jun 2016 11:03:19 -0400", "updated": "Mon, 20 Jun 2016 11:05:00 -0400", "title": "Six Flags Arabia? Saudi Arabia Seeks Amusement Parks To Boost Tourism", "teaser": "", "body": "", "url": "https://www.benzinga.com/node/8129743", "image": [], "channels": [{"name": "News"}, {"name": "Travel"}, {"name": "Global"}, {"name": "General"}], "stocks": [{"name": "DIS"}, {"name": "SIX"}], "tags": [{"name": "Saudi Arabia"}, {"name": "six flags"}]}, {"id": 8128052, "author": "Benzinga", "created": "Mon, 20 Jun 2016 11:08:55 -0400", "updated": "Mon, 20 Jun 2016 11:08:55 -0400", "title": "Warner Bros. Gets Pleasant Box Office Surprise With 'Central Intelligence'", "teaser": "", "body": "", "url": "https://www.benzinga.com/node/8128052", "image": [], "channels": [{"name": "News"}, {"name": "Events"}], "stocks": [{"name": "DIS"}, {"name": "SNE"}, {"name": "TWX"}], "tags": [{"name": "Central Intelligence"}, {"name": "Dwayne Johnson"}, {"name": "Finding Dory"}, {"name": "Kevin Hart"}, {"name": "The Rock"}]}, {"id": 8129961, "author": "Benzinga", "created": "Mon, 20 Jun 2016 11:20:38 -0400", "updated": "Mon, 20 Jun 2016 11:20:39 -0400", "title": "Paul Allen's Space Company Is Close To Debuting World's Largest Plane", "teaser": "", "body": "", "url": "https://www.benzinga.com/node/8129961", "image": [], "channels": [{"name": "News"}, {"name": "Travel"}, {"name": "Media"}, {"name": "General"}], "stocks": [{"name": "MSFT"}, {"name": "NOC"}], "tags": [{"name": "Paul Allen"}, {"name": "Stratolaunch Systems"}, {"name": "Vulcan Aerospace"}]}, {"id": 8130398, "author": "Benzinga", "created": "Mon, 20 Jun 2016 12:30:52 -0400", "updated": "Mon, 20 Jun 2016 12:30:53 -0400", "title": "Apple's Representation In Russel Index To Fall", "teaser": "", "body": "", "url": "https://www.benzinga.com/node/8130398", "image": [], "channels": [{"name": "Analyst Color"}, {"name": "News"}, {"name": "Legal"}, {"name": "Analyst Ratings"}], "stocks": [{"name": "AAPL"}], "tags": [{"name": "Apple"}, {"name": "Apple Growth Stock"}, {"name": "Apple stock"}, {"name": "Apple Value Stock"}, {"name": "Russell Index"}, {"name": "Russell Index Apple"}]}, {"id": 8130498, "author": "Benzinga", "created": "Mon, 20 Jun 2016 12:36:25 -0400", "updated": "Mon, 20 Jun 2016 12:36:26 -0400", "title": "Salesforce, Demandware Reveal Early Termination Of Hart-Scott-Rodino Waiting Period", "teaser": "", "body": "", "url": "https://www.benzinga.com/node/8130498", "image": [], "channels": [{"name": "News"}, {"name": "M&A"}, {"name": "Interview"}], "stocks": [{"name": "CRM"}, {"name": "DWRE"}], "tags": []}, {"id": 8130361, "author": "Benzinga", "created": "Mon, 20 Jun 2016 12:59:23 -0400", "updated": "Mon, 20 Jun 2016 12:59:23 -0400", "title": "The Brexit Market", "teaser": "", "body": "", "url": "https://www.benzinga.com/node/8130361", "image": [], "channels": [{"name": "Long Ideas"}, {"name": "News"}, {"name": "Eurozone"}, {"name": "Technicals"}, {"name": "Global"}, {"name": "Top Stories"}, {"name": "Intraday Update"}, {"name": "Markets"}, {"name": "Movers"}, {"name": "Trading Ideas"}], "stocks": [{"name": "BAC"}, {"name": "CS"}, {"name": "DB"}, {"name": "GS"}, {"name": "SPY"}], "tags": [{"name": "Betfair"}, {"name": "Brexit"}, {"name": "Jo Box"}]}, {"id": 8130797, "author": "Benzinga", "created": "Mon, 20 Jun 2016 13:15:23 -0400", "updated": "Mon, 20 Jun 2016 13:15:24 -0400", "title": "Wal-Mart, JD Form Alliance That Values Wal-Mart's China Unit At $1.5 Billion", "teaser": "", "body": "", "url": "https://www.benzinga.com/node/8130797", "image": [], "channels": [{"name": "News"}, {"name": "Emerging Markets"}, {"name": "Legal"}, {"name": "Markets"}], "stocks": [{"name": "JD"}, {"name": "WMT"}], "tags": [{"name": "China eCommerce"}, {"name": "JD.com"}, {"name": "Wal-Mart"}, {"name": "Wal-Mart China"}, {"name": "Wal-Mart eCommerce China"}, {"name": "Yihaodian"}]}, {"id": 8131136, "author": "Benzinga", "created": "Mon, 20 Jun 2016 14:55:40 -0400", "updated": "Mon, 20 Jun 2016 14:55:41 -0400", "title": "Buckle Up! Volatility Seen Lasting Through Thursday's Brexit Vote", "teaser": "", "body": "", "url": "https://www.benzinga.com/node/8131136", "image": [], "channels": [{"name": "News"}, {"name": "Eurozone"}, {"name": "Events"}, {"name": "Global"}, {"name": "Econ #s"}, {"name": "Economics"}, {"name": "Markets"}, {"name": "General"}], "stocks": [{"name": "AAPL"}, {"name": "GS"}, {"name": "JPM"}], "tags": []}, {"id": 8131041, "author": "Benzinga", "created": "Mon, 20 Jun 2016 15:07:40 -0400", "updated": "Mon, 20 Jun 2016 15:07:40 -0400", "title": "Spotify Hits 100 Million Subscribers, Twice As Many Paid Subscribers As Apple Music", "teaser": "", "body": "", "url": "https://www.benzinga.com/node/8131041", "image": [], "channels": [{"name": "News"}, {"name": "Global"}, {"name": "Tech"}], "stocks": [{"name": "AAPL"}], "tags": [{"name": "Apple Music"}, {"name": "Apple Music Growth"}, {"name": "Spotify"}, {"name": "spotify User Growth"}, {"name": "Streaming music"}]}, {"id": 8131307, "author": "Benzinga", "created": "Mon, 20 Jun 2016 15:47:00 -0400", "updated": "Mon, 20 Jun 2016 15:47:01 -0400", "title": "The Case For And Against More Caution In P&C Insurance", "teaser": "", "body": "", "url": "https://www.benzinga.com/node/8131307", "image": [], "channels": [{"name": "Analyst Color"}, {"name": "News"}, {"name": "Analyst Ratings"}], "stocks": [{"name": "AFSI"}, {"name": "AIG"}, {"name": "AJG"}, {"name": "AON"}, {"name": "AXS"}, {"name": "CB"}, {"name": "MMC"}, {"name": "RNR"}, {"name": "TPRE"}, {"name": "TRV"}, {"name": "XL"}], "tags": [{"name": "Citi"}, {"name": "James Naklicki"}, {"name": "Todd Bault"}]}, {"id": 8128059, "author": "Benzinga", "created": "Mon, 20 Jun 2016 15:50:18 -0400", "updated": "Mon, 20 Jun 2016 15:50:18 -0400", "title": "Visiting The Vietnam ETF", "teaser": "", "body": "", "url": "https://www.benzinga.com/node/8128059", "image": [], "channels": [{"name": "Long Ideas"}, {"name": "News"}, {"name": "Emerging Markets"}, {"name": "Markets"}, {"name": "Trading Ideas"}], "stocks": [{"name": "AXP"}, {"name": "FM"}, {"name": "MSCI"}, {"name": "VNM"}], "tags": [{"name": "Vietnam"}]}, {"id": 8132368, "author": "Benzinga", "created": "Mon, 20 Jun 2016 17:48:34 -0400", "updated": "Mon, 20 Jun 2016 17:48:34 -0400", "title": "Bear Thesis In Boeing 'Continues To Look Overstated'", "teaser": "", "body": "", "url": "https://www.benzinga.com/node/8132368", "image": [], "channels": [{"name": "Analyst Color"}, {"name": "News"}, {"name": "Analyst Ratings"}], "stocks": [{"name": "BA"}], "tags": []}, {"id": 8132367, "author": "Benzinga", "created": "Mon, 20 Jun 2016 17:54:34 -0400", "updated": "Mon, 20 Jun 2016 17:54:35 -0400", "title": "Apple CEO Tim Cook To Host Fundraiser For Paul Ryan", "teaser": "", "body": "", "url": "https://www.benzinga.com/node/8132367", "image": [], "channels": [{"name": "News"}, {"name": "Politics"}, {"name": "General"}], "stocks": [{"name": "AAPL"}, {"name": "FB"}, {"name": "GOOG"}], "tags": [{"name": "Donald Trump"}, {"name": "GOP"}, {"name": "Paul Ryan"}, {"name": "Politico"}, {"name": "Tim Cook"}]}, {"id": 8132425, "author": "Benzinga", "created": "Mon, 20 Jun 2016 17:58:11 -0400", "updated": "Mon, 20 Jun 2016 17:58:16 -0400", "title": "Big 10 Signs Billion-Dollar Deal With ESPN", "teaser": "", "body": "", "url": "https://www.benzinga.com/node/8132425", "image": [], "channels": [{"name": "News"}, {"name": "Contracts"}, {"name": "Sports"}, {"name": "General"}], "stocks": [{"name": "DIS"}], "tags": [{"name": "Big 10"}, {"name": "Big Ten"}, {"name": "ESPN"}]}, {"id": 8132455, "author": "Benzinga", "created": "Mon, 20 Jun 2016 18:25:22 -0400", "updated": "Mon, 20 Jun 2016 18:25:23 -0400", "title": "UBS Believes Apple's Problems In China 'Likely Overblown Near Term'", "teaser": "", "body": "", "url": "https://www.benzinga.com/node/8132455", "image": [], "channels": [{"name": "Analyst Color"}, {"name": "Long Ideas"}, {"name": "News"}, {"name": "Analyst Ratings"}, {"name": "Tech"}, {"name": "Trading Ideas"}], "stocks": [{"name": "AAPL"}], "tags": [{"name": "iPhone"}, {"name": "Steven Milunovich"}, {"name": "UBS"}]}, {"id": 8132660, "author": "Benzinga", "created": "Mon, 20 Jun 2016 21:02:35 -0400", "updated": "Mon, 20 Jun 2016 21:02:35 -0400", "title": "Benzinga's M&A Chatter for Monday June 20, 2016", "teaser": "", "body": "", "url": "https://www.benzinga.com/node/8132660", "image": [], "channels": [{"name": "News"}, {"name": "Rumors"}, {"name": "M&A"}, {"name": "Movers"}], "stocks": [{"name": "FDML"}, {"name": "IEP"}, {"name": "JD"}, {"name": "WMT"}], "tags": []}]