[{"id": 8590086, "author": "Benzinga", "created": "Mon, 24 Oct 2016 04:19:38 -0400", "updated": "Mon, 24 Oct 2016 04:19:38 -0400", "title": "Earnings Scheduled For October 24, 2016", "teaser": "", "body": "", "url": "https://www.benzinga.com/node/8590086", "image": [], "channels": [{"name": "Earnings"}, {"name": "News"}, {"name": "Pre-Market Outlook"}, {"name": "Markets"}], "stocks": [{"name": "ACCO"}, {"name": "alsn"}, {"name": "AVB"}, {"name": "BCC"}, {"name": "BEAV"}, {"name": "BOH"}, {"name": "CDNS"}, {"name": "CLGX"}, {"name": "CMRE"}, {"name": "CR"}, {"name": "CYOU"}, {"name": "GHL"}, {"name": "ISIL"}, {"name": "KMB"}, {"name": "KN"}, {"name": "PETS"}, {"name": "PHG"}, {"name": "QSR"}, {"name": "RMBS"}, {"name": "SOHU"}, {"name": "SONC"}, {"name": "SPN"}, {"name": "SWFT"}, {"name": "TMUS"}, {"name": "V"}, {"name": "VFC"}, {"name": "WNC"}, {"name": "ZION"}], "tags": [{"name": "Earnings schedule"}]}, {"id": 8590108, "author": "Benzinga", "created": "Mon, 24 Oct 2016 05:39:05 -0400", "updated": "Mon, 24 Oct 2016 05:39:05 -0400", "title": "Must Watch Stocks for October 24, 2016", "teaser": "", "body": "", "url": "https://www.benzinga.com/node/8590108", "image": [], "channels": [{"name": "Earnings"}, {"name": "News"}, {"name": "M&A"}, {"name": "Pre-Market Outlook"}, {"name": "Markets"}, {"name": "Trading Ideas"}], "stocks": [{"name": "BEAV"}, {"name": "COL"}, {"name": "GNW"}, {"name": "KMB"}, {"name": "T"}, {"name": "TMUS"}, {"name": "TWX"}, {"name": "V"}, {"name": "VFC"}], "tags": [{"name": "Stocks To Watch"}, {"name": "Stocks to Watch"}]}, {"id": 8590580, "author": "Benzinga", "created": "Mon, 24 Oct 2016 08:11:40 -0400", "updated": "Mon, 24 Oct 2016 08:11:40 -0400", "title": "Un-Carrier Is Delivering: T-Mobile Investors Cheer Q3 Results, Outlook", "teaser": "", "body": "", "url": "https://www.benzinga.com/node/8590580", "image": [], "channels": [{"name": "Earnings"}, {"name": "Long Ideas"}, {"name": "News"}, {"name": "Movers"}, {"name": "Trading Ideas"}], "stocks": [{"name": "TMUS"}, {"name": "VZ"}], "tags": [{"name": "John Legere"}, {"name": "T-Mobile"}, {"name": "T-Mobile Earnings"}, {"name": "Telecommunication Earnings"}, {"name": "Telecommunication Stocks"}]}, {"id": 8590377, "author": "Benzinga", "created": "Mon, 24 Oct 2016 09:09:04 -0400", "updated": "Mon, 24 Oct 2016 09:09:05 -0400", "title": "The Market In 5 Minutes: Industry-Changing M&A In Media, Aerospace, And Financial Services", "teaser": "", "body": "", "url": "https://www.benzinga.com/node/8590377", "image": [], "channels": [{"name": "News"}, {"name": "Global"}, {"name": "Top Stories"}, {"name": "Pre-Market Outlook"}, {"name": "Markets"}], "stocks": [{"name": "AMCX"}, {"name": "AMTD"}, {"name": "ARIA"}, {"name": "BEAV"}, {"name": "CMCSA"}, {"name": "COL"}, {"name": "CVX"}, {"name": "D"}, {"name": "GG"}, {"name": "JACK"}, {"name": "KMB"}, {"name": "MRT"}, {"name": "SPY"}, {"name": "SWKS"}, {"name": "T"}, {"name": "TEVA"}, {"name": "TMUS"}, {"name": "TWX"}, {"name": "USO"}, {"name": "V"}, {"name": "VFC"}, {"name": "XOM"}], "tags": [{"name": "the market in 5 minutes"}]}, {"id": 8590701, "author": "Benzinga", "created": "Mon, 24 Oct 2016 09:11:48 -0400", "updated": "Mon, 24 Oct 2016 09:11:48 -0400", "title": "Target Now Has More Solar Panels Than Any Other Corporation", "teaser": "", "body": "", "url": "https://www.benzinga.com/node/8590701", "image": [], "channels": [{"name": "News"}, {"name": "Commodities"}, {"name": "Markets"}, {"name": "Media"}], "stocks": [{"name": "AAPL"}, {"name": "TGT"}, {"name": "WMT"}], "tags": [{"name": "Electrek"}, {"name": "Solar Power"}, {"name": "Solar Power Installations"}, {"name": "Target Solar Power"}]}, {"id": 8591795, "author": "Benzinga", "created": "Mon, 24 Oct 2016 09:46:21 -0400", "updated": "Mon, 24 Oct 2016 09:46:21 -0400", "title": "Wall Street Journal's WSJD Live Conference Begins Today, Presenters Include News Corp, Netflix, And Microsoft", "teaser": "", "body": "", "url": "https://www.benzinga.com/node/8591795", "image": [], "channels": [{"name": "News"}, {"name": "Events"}], "stocks": [{"name": "MSFT"}, {"name": "NFLX"}, {"name": "NWSA"}], "tags": []}, {"id": 8591746, "author": "Benzinga", "created": "Mon, 24 Oct 2016 10:09:10 -0400", "updated": "Mon, 24 Oct 2016 10:09:11 -0400", "title": "Big News Out Of Merck This Weekend", "teaser": "", "body": "", "url": "https://www.benzinga.com/node/8591746", "image": [], "channels": [{"name": "Biotech"}, {"name": "News"}, {"name": "Health Care"}, {"name": "FDA"}, {"name": "Movers"}, {"name": "Trading Ideas"}, {"name": "General"}], "stocks": [{"name": "MRK"}], "tags": [{"name": "C. Diff"}, {"name": "Keytruda"}, {"name": "Nicholas Kartsonis"}, {"name": "ZINPLAVA"}]}, {"id": 8591920, "author": "Benzinga", "created": "Mon, 24 Oct 2016 11:04:48 -0400", "updated": "Mon, 24 Oct 2016 11:04:48 -0400", "title": "How McDonald's Can Continue To Recapture Market Share", "teaser": "", "body": "", "url": "https://www.benzinga.com/node/8591920", "image": [], "channels": [{"name": "Analyst Color"}, {"name": "Earnings"}, {"name": "Long Ideas"}, {"name": "News"}, {"name": "Price Target"}, {"name": "Reiteration"}, {"name": "Restaurants"}, {"name": "Analyst Ratings"}, {"name": "Trading Ideas"}, {"name": "General"}], "stocks": [{"name": "MCD"}], "tags": [{"name": "btig"}, {"name": "Peter Saleh"}]}, {"id": 8592471, "author": "Benzinga", "created": "Mon, 24 Oct 2016 11:39:11 -0400", "updated": "Mon, 24 Oct 2016 11:39:13 -0400", "title": "Here's How the Economy Is Faring According to Caterpillar, General Motors And Under Armour", "teaser": "", "body": "", "url": "https://www.benzinga.com/node/8592471", "image": [], "channels": [{"name": "Earnings"}, {"name": "News"}, {"name": "Markets"}, {"name": "Reviews"}, {"name": "General"}], "stocks": [{"name": "ADDYY"}, {"name": "CAT"}, {"name": "DKS"}, {"name": "GM"}, {"name": "NKE"}, {"name": "UA"}], "tags": []}, {"id": 8592385, "author": "Benzinga", "created": "Mon, 24 Oct 2016 13:27:15 -0400", "updated": "Mon, 24 Oct 2016 13:27:16 -0400", "title": "Apple's Nike Watch Arrives This Friday", "teaser": "", "body": "", "url": "https://www.benzinga.com/node/8592385", "image": [], "channels": [{"name": "News"}, {"name": "Sports"}, {"name": "Movers"}, {"name": "Trading Ideas"}, {"name": "General"}], "stocks": [{"name": "AAPL"}, {"name": "NKE"}], "tags": [{"name": "Apple Watch"}, {"name": "Apple Watch Nike+"}, {"name": "Apple Watch Series 2"}, {"name": "Jeff Williams"}, {"name": "Nike Sport bands"}, {"name": "Nike+ Run Club"}, {"name": "Trevor Edwards"}]}, {"id": 8592357, "author": "Benzinga", "created": "Mon, 24 Oct 2016 13:51:48 -0400", "updated": "Mon, 24 Oct 2016 13:51:48 -0400", "title": "Telecomms: The Most Interesting Sector Going Into Earnings", "teaser": "", "body": "", "url": "https://www.benzinga.com/node/8592357", "image": [], "channels": [{"name": "Analyst Color"}, {"name": "Earnings"}, {"name": "News"}, {"name": "M&A"}, {"name": "Analyst Ratings"}, {"name": "Movers"}, {"name": "Tech"}, {"name": "Trading Ideas"}, {"name": "Press Releases"}, {"name": "General"}], "stocks": [{"name": "GME"}, {"name": "S"}, {"name": "T"}, {"name": "TMUS"}, {"name": "TWX"}, {"name": "VZ"}, {"name": "YHOO"}], "tags": [{"name": "Drexel Hamilton"}]}, {"id": 8592807, "author": "Benzinga", "created": "Mon, 24 Oct 2016 14:14:28 -0400", "updated": "Mon, 24 Oct 2016 14:14:29 -0400", "title": "John Legere Unleashes Tweetstorm Following T-Mobile Earnings Beat", "teaser": "", "body": "", "url": "https://www.benzinga.com/node/8592807", "image": [], "channels": [{"name": "Earnings"}, {"name": "News"}], "stocks": [{"name": "S"}, {"name": "T"}, {"name": "TMUS"}, {"name": "TWX"}, {"name": "VZ"}], "tags": [{"name": "John Legere"}]}, {"id": 8592651, "author": "Benzinga", "created": "Mon, 24 Oct 2016 14:23:40 -0400", "updated": "Mon, 24 Oct 2016 14:23:40 -0400", "title": "Barclays Will Round Out Big Bank Earnings This Week", "teaser": "", "body": "", "url": "https://www.benzinga.com/node/8592651", "image": [], "channels": [{"name": "Earnings"}, {"name": "News"}, {"name": "Previews"}, {"name": "Trading Ideas"}], "stocks": [{"name": "BAC"}, {"name": "BCS"}, {"name": "C"}, {"name": "DB"}, {"name": "JPM"}, {"name": "WFC"}], "tags": [{"name": "Atlantic Equities"}, {"name": "Barclays"}, {"name": "Barclays Earnings"}, {"name": "Bloomberg TV"}, {"name": "Christopher Wheeler"}, {"name": "European banks"}]}, {"id": 8592978, "author": "Benzinga", "created": "Mon, 24 Oct 2016 15:47:53 -0400", "updated": "Mon, 24 Oct 2016 15:47:53 -0400", "title": "Why No One Cares About Apple's Q4 Report", "teaser": "", "body": "", "url": "https://www.benzinga.com/node/8592978", "image": [], "channels": [{"name": "Analyst Color"}, {"name": "Long Ideas"}, {"name": "News"}, {"name": "Price Target"}, {"name": "Previews"}, {"name": "Reiteration"}, {"name": "Analyst Ratings"}, {"name": "Movers"}, {"name": "Tech"}, {"name": "Trading Ideas"}], "stocks": [{"name": "AAPL"}, {"name": "NKE"}], "tags": [{"name": "Piper Jaffray"}]}, {"id": 8593766, "author": "Benzinga", "created": "Mon, 24 Oct 2016 16:30:38 -0400", "updated": "Mon, 24 Oct 2016 16:30:39 -0400", "title": "Visa Shares Weak Despite Strong Results", "teaser": "", "body": "", "url": "https://www.benzinga.com/node/8593766", "image": [], "channels": [{"name": "Earnings"}, {"name": "News"}, {"name": "After-Hours Center"}, {"name": "Movers"}], "stocks": [{"name": "V"}], "tags": [{"name": "Vetr"}]}, {"id": 8594350, "author": "Benzinga", "created": "Mon, 24 Oct 2016 17:08:59 -0400", "updated": "Mon, 24 Oct 2016 17:09:00 -0400", "title": "5 Stocks Moving In Monday's After-Hours Session", "teaser": "", "body": "", "url": "https://www.benzinga.com/node/8594350", "image": [], "channels": [{"name": "Earnings"}, {"name": "News"}, {"name": "Guidance"}, {"name": "After-Hours Center"}, {"name": "Movers"}], "stocks": [{"name": "CDNS"}, {"name": "RMBS"}, {"name": "SONC"}, {"name": "SWFT"}, {"name": "V"}], "tags": []}, {"id": 8593903, "author": "Benzinga", "created": "Mon, 24 Oct 2016 17:22:41 -0400", "updated": "Mon, 24 Oct 2016 17:22:41 -0400", "title": "3 Major Events On Tap For Apple This Week", "teaser": "", "body": "", "url": "https://www.benzinga.com/node/8593903", "image": [], "channels": [{"name": "News"}, {"name": "Previews"}, {"name": "Events"}, {"name": "Trading Ideas"}], "stocks": [{"name": "AAPL"}], "tags": []}]