[{"id": 8516190, "author": "Benzinga", "created": "Mon, 03 Oct 2016 06:43:36 -0400", "updated": "Mon, 03 Oct 2016 06:43:36 -0400", "title": "First Two Weeks Of October EPS Estimates All In One Place", "teaser": "", "body": "", "url": "https://www.benzinga.com/node/8516190", "image": [], "channels": [{"name": "Earnings"}, {"name": "News"}, {"name": "Previews"}, {"name": "Trading Ideas"}], "stocks": [{"name": "AA"}, {"name": "AMD"}, {"name": "BLK"}, {"name": "C"}, {"name": "CSX"}, {"name": "DAL"}, {"name": "DRI"}, {"name": "FAST"}, {"name": "HAIN"}, {"name": "HON"}, {"name": "ILMN"}, {"name": "JPM"}, {"name": "LLTC"}, {"name": "MAT"}, {"name": "MON"}, {"name": "MU"}, {"name": "SCHW"}, {"name": "STZ"}, {"name": "WFC"}, {"name": "WYNN"}, {"name": "YUM"}], "tags": []}, {"id": 8518959, "author": "Benzinga", "created": "Mon, 03 Oct 2016 07:55:11 -0400", "updated": "Mon, 03 Oct 2016 07:55:11 -0400", "title": "A Peek Into The Markets: U.S. Stock Futures Flat Ahead Of Economic Data", "teaser": "", "body": "", "url": "https://www.benzinga.com/node/8518959", "image": [], "channels": [{"name": "News"}, {"name": "Eurozone"}, {"name": "Futures"}, {"name": "Global"}, {"name": "Pre-Market Outlook"}, {"name": "Markets"}], "stocks": [{"name": "DOW"}, {"name": "JNS"}, {"name": "TSLA"}], "tags": [{"name": "A Peek Into The Markets"}, {"name": "Citigroup"}, {"name": "U.S. stock futures"}]}, {"id": 8518863, "author": "Benzinga", "created": "Mon, 03 Oct 2016 08:56:04 -0400", "updated": "Mon, 03 Oct 2016 08:56:05 -0400", "title": "The Market In 5 Minutes: It's October 3rd", "teaser": "", "body": "", "url": "https://www.benzinga.com/node/8518863", "image": [], "channels": [{"name": "News"}, {"name": "Global"}, {"name": "Top Stories"}, {"name": "Pre-Market Outlook"}, {"name": "Markets"}], "stocks": [{"name": "ABX"}, {"name": "CAB"}, {"name": "CCL"}, {"name": "CTXS"}, {"name": "DB"}, {"name": "DD"}, {"name": "GOOG"}, {"name": "HAL"}, {"name": "IMPV"}, {"name": "JNS"}, {"name": "MCD"}, {"name": "MU"}, {"name": "SPY"}, {"name": "TSLA"}, {"name": "TWTR"}, {"name": "USO"}, {"name": "YUM"}], "tags": [{"name": "the market in 5 minutes"}]}, {"id": 8519766, "author": "Benzinga", "created": "Mon, 03 Oct 2016 09:41:17 -0400", "updated": "Mon, 03 Oct 2016 09:41:17 -0400", "title": "VirnetX Wins $302 Million From Apple, Stock Up 50%", "teaser": "", "body": "", "url": "https://www.benzinga.com/node/8519766", "image": [], "channels": [{"name": "News"}, {"name": "Legal"}, {"name": "Movers"}, {"name": "Tech"}], "stocks": [{"name": "AAPL"}, {"name": "VHC"}], "tags": [{"name": "Apple Patent"}, {"name": "Patent Infringement"}, {"name": "Patent Laws"}, {"name": "VirtnetX"}]}, {"id": 8520097, "author": "Benzinga", "created": "Mon, 03 Oct 2016 10:06:09 -0400", "updated": "Mon, 03 Oct 2016 10:06:09 -0400", "title": "Mid-Morning Market Update: Markets Open Lower; Janus Capital And Henderson Group Announce All-Stock Merger", "teaser": "", "body": "", "url": "https://www.benzinga.com/node/8520097", "image": [], "channels": [{"name": "News"}, {"name": "Eurozone"}, {"name": "Commodities"}, {"name": "M&A"}, {"name": "Global"}, {"name": "Intraday Update"}, {"name": "Markets"}, {"name": "Movers"}], "stocks": [{"name": "AAPL"}, {"name": "CAB"}, {"name": "FOLD"}, {"name": "JNS"}, {"name": "RGSE"}, {"name": "RYI"}, {"name": "SNMX"}, {"name": "TASR"}, {"name": "VHC"}, {"name": "WGO"}], "tags": []}, {"id": 8520397, "author": "Benzinga", "created": "Mon, 03 Oct 2016 10:47:16 -0400", "updated": "Mon, 03 Oct 2016 10:47:17 -0400", "title": "Non-Farm Payrolls Data, Fed Speakers, Chain Store Data Ahead", "teaser": "", "body": "", "url": "https://www.benzinga.com/node/8520397", "image": [], "channels": [{"name": "News"}, {"name": "Global"}, {"name": "Econ #s"}, {"name": "Federal Reserve"}, {"name": "Markets"}, {"name": "ETFs"}, {"name": "General"}], "stocks": [{"name": "COST"}, {"name": "DB"}, {"name": "NKE"}], "tags": []}, {"id": 8520840, "author": "Benzinga", "created": "Mon, 03 Oct 2016 12:00:52 -0400", "updated": "Mon, 03 Oct 2016 12:00:52 -0400", "title": "Mid-Day Market Update: Cabelas Surges Following Merger News; TASER Shares Slide", "teaser": "", "body": "", "url": "https://www.benzinga.com/node/8520840", "image": [], "channels": [{"name": "News"}, {"name": "Eurozone"}, {"name": "Commodities"}, {"name": "M&A"}, {"name": "Global"}, {"name": "Intraday Update"}, {"name": "Markets"}, {"name": "Movers"}], "stocks": [{"name": "AAPL"}, {"name": "AES"}, {"name": "CAB"}, {"name": "CTWS"}, {"name": "JNS"}, {"name": "RGSE"}, {"name": "RYI"}, {"name": "TASR"}, {"name": "VHC"}, {"name": "WGO"}], "tags": [{"name": "Mid-Day Market Update"}]}, {"id": 8520997, "author": "Benzinga", "created": "Mon, 03 Oct 2016 12:36:52 -0400", "updated": "Mon, 03 Oct 2016 12:36:52 -0400", "title": "15 Biggest Mid-Day Gainers For Monday", "teaser": "", "body": "", "url": "https://www.benzinga.com/node/8520997", "image": [], "channels": [{"name": "News"}, {"name": "Intraday Update"}, {"name": "Markets"}, {"name": "Movers"}], "stocks": [{"name": "AAPL"}, {"name": "CAB"}, {"name": "DVAX"}, {"name": "FCFS"}, {"name": "FRED"}, {"name": "GOOG"}, {"name": "ITUS"}, {"name": "JNS"}, {"name": "LOGM"}, {"name": "NTES"}, {"name": "NTNX"}, {"name": "NVFY"}, {"name": "TSLA"}, {"name": "TWTR"}, {"name": "VHC"}, {"name": "WGO"}, {"name": "WYNN"}], "tags": [{"name": "Mid-Day Gainers"}, {"name": "Top Gainers"}]}, {"id": 8520880, "author": "Benzinga", "created": "Mon, 03 Oct 2016 13:30:41 -0400", "updated": "Mon, 03 Oct 2016 13:30:42 -0400", "title": "Why Accepting A Buyout Could Be 'The Worst Mistake' Twitter Could Make", "teaser": "", "body": "", "url": "https://www.benzinga.com/node/8520880", "image": [], "channels": [{"name": "Analyst Color"}, {"name": "News"}, {"name": "M&A"}, {"name": "Top Stories"}, {"name": "Tech"}], "stocks": [{"name": "GOOGL"}, {"name": "IBM"}, {"name": "MSFT"}, {"name": "TWTR"}], "tags": [{"name": "PreMarket Prep"}, {"name": "Sean Udall"}]}, {"id": 8521138, "author": "Benzinga", "created": "Mon, 03 Oct 2016 14:28:37 -0400", "updated": "Mon, 03 Oct 2016 14:28:37 -0400", "title": "Hulu Offers $5.99 Tier To Compete with Netflix, Amazon Prime", "teaser": "", "body": "", "url": "https://www.benzinga.com/node/8521138", "image": [], "channels": [{"name": "News"}, {"name": "Tech"}], "stocks": [{"name": "AMZN"}, {"name": "CMCSA"}, {"name": "DIS"}, {"name": "FOXA"}, {"name": "NFLX"}, {"name": "TWX"}], "tags": []}, {"id": 8521296, "author": "Benzinga", "created": "Mon, 03 Oct 2016 14:48:43 -0400", "updated": "Mon, 03 Oct 2016 14:48:43 -0400", "title": "Netflix Hits Highest Level In 4 Months", "teaser": "", "body": "", "url": "https://www.benzinga.com/node/8521296", "image": [], "channels": [{"name": "News"}, {"name": "Wall Street Journal"}, {"name": "M&A"}, {"name": "Tech"}, {"name": "Media"}], "stocks": [{"name": "DIS"}, {"name": "NFLX"}], "tags": [{"name": "Neil Hunt"}]}, {"id": 8521323, "author": "Benzinga", "created": "Mon, 03 Oct 2016 15:04:28 -0400", "updated": "Mon, 03 Oct 2016 15:04:28 -0400", "title": "Salesforce's 'Dreamforce' Event Is Like Woodstock For Fans Of The Cloud", "teaser": "", "body": "", "url": "https://www.benzinga.com/node/8521323", "image": [], "channels": [{"name": "News"}, {"name": "Education"}, {"name": "Previews"}, {"name": "Events"}, {"name": "Trading Ideas"}, {"name": "General"}], "stocks": [{"name": "CRM"}], "tags": [{"name": "Dreamforce"}]}, {"id": 8521679, "author": "Benzinga", "created": "Mon, 03 Oct 2016 15:13:20 -0400", "updated": "Mon, 03 Oct 2016 15:13:20 -0400", "title": "Mid-Afternoon Market Update: Dow Falls 75 Points; VirnetX Shares Spike Higher", "teaser": "", "body": "", "url": "https://www.benzinga.com/node/8521679", "image": [], "channels": [{"name": "News"}, {"name": "Eurozone"}, {"name": "Commodities"}, {"name": "M&A"}, {"name": "Global"}, {"name": "Intraday Update"}, {"name": "Markets"}, {"name": "Movers"}], "stocks": [{"name": "AAPL"}, {"name": "AES"}, {"name": "AMID"}, {"name": "CAB"}, {"name": "JNS"}, {"name": "MBT"}, {"name": "RGSE"}, {"name": "RYI"}, {"name": "TASR"}, {"name": "TSU"}, {"name": "VHC"}, {"name": "WGO"}], "tags": [{"name": "Mid-Afternoon Market Update"}, {"name": "Telecommunication Services"}, {"name": "Wireless Telecommunication Services"}]}, {"id": 8763974, "author": "Benzinga", "created": "Mon, 03 Oct 2016 00:00:00 -0400", "updated": "Fri, 02 Dec 2016 15:00:20 -0400", "title": "Detroit's Rockbridge Growth Equity Announces Sale Of Triad Retail Media To Xaxis", "teaser": "", "body": "", "url": "https://www.benzinga.com/node/8763974", "image": [], "channels": [{"name": "News"}, {"name": "M&A"}], "stocks": [{"name": "CVS"}, {"name": "EBAY"}, {"name": "KSS"}, {"name": "SPLS"}, {"name": "WMT"}], "tags": [{"name": "Dan Gilbert"}, {"name": "Detroit"}, {"name": "Rockbridge Growth Equity"}, {"name": "Roger Berdusco"}, {"name": "Triad Retail Media"}, {"name": "Xaxis"}]}]