[{"id": 8654426, "author": "Benzinga", "created": "Mon, 07 Nov 2016 09:23:59 -0400", "updated": "Mon, 07 Nov 2016 09:23:59 -0400", "title": "Are U.S. Corporate Taxes Really That High?", "teaser": "", "body": "", "url": "https://www.benzinga.com/node/8654426", "image": [], "channels": [{"name": "News"}, {"name": "Education"}, {"name": "Politics"}, {"name": "Legal"}, {"name": "Global"}, {"name": "Markets"}, {"name": "General"}], "stocks": [{"name": "AAPL"}, {"name": "GE"}, {"name": "MSFT"}], "tags": [{"name": "corporate taxes"}, {"name": "Donald Trump"}, {"name": "Hillary Clinton"}, {"name": "Montenegro"}, {"name": "Puerto Rico"}, {"name": "Tax Foundation"}, {"name": "taxes"}, {"name": "Turkmenistan"}, {"name": "U.S. Corporate Taxes"}, {"name": "United Arab Emirates"}, {"name": "Uzbekistan"}]}, {"id": 8660137, "author": "Benzinga", "created": "Mon, 07 Nov 2016 12:12:04 -0400", "updated": "Mon, 07 Nov 2016 12:12:08 -0400", "title": "Election At Top Of Market's Mind, But More Earnings Could Keep Things Humming", "teaser": "", "body": "", "url": "https://www.benzinga.com/node/8660137", "image": [], "channels": [{"name": "Analyst Color"}, {"name": "News"}, {"name": "Events"}, {"name": "Global"}, {"name": "Econ #s"}, {"name": "Economics"}, {"name": "Markets"}, {"name": "Analyst Ratings"}, {"name": "ETFs"}, {"name": "General"}], "stocks": [{"name": "DIS"}, {"name": "JCP"}, {"name": "MGM"}, {"name": "MYL"}], "tags": []}]