[{"id": 8746222, "author": "Benzinga", "created": "Tue, 29 Nov 2016 05:37:30 -0400", "updated": "Tue, 29 Nov 2016 05:37:30 -0400", "title": "Keep an Eye on These 7 Stocks for November 29, 2016", "teaser": "", "body": "", "url": "https://www.benzinga.com/node/8746222", "image": [], "channels": [{"name": "Earnings"}, {"name": "News"}, {"name": "Guidance"}, {"name": "Pre-Market Outlook"}, {"name": "Markets"}, {"name": "Trading Ideas"}], "stocks": [{"name": "ADSK"}, {"name": "MNK"}, {"name": "SCVL"}, {"name": "SPLK"}, {"name": "THO"}, {"name": "TIF"}, {"name": "UNH"}], "tags": [{"name": "Stocks To Watch"}, {"name": "Stocks to Watch"}]}, {"id": 8746523, "author": "Benzinga", "created": "Tue, 29 Nov 2016 07:46:42 -0400", "updated": "Tue, 29 Nov 2016 07:46:44 -0400", "title": "Wall Street's M&A Chatter From November 28", "teaser": "", "body": "", "url": "https://www.benzinga.com/node/8746523", "image": [], "channels": [{"name": "News"}, {"name": "Rumors"}, {"name": "M&A"}], "stocks": [{"name": "ALL"}, {"name": "BOX"}, {"name": "MSFT"}, {"name": "RHHBY"}, {"name": "TIME"}, {"name": "VRTX"}], "tags": []}, {"id": 8746791, "author": "Benzinga", "created": "Tue, 29 Nov 2016 08:47:20 -0400", "updated": "Tue, 29 Nov 2016 08:47:20 -0400", "title": "A Peek Into The Markets: U.S. Stock Futures Up Ahead Of GDP Report", "teaser": "", "body": "", "url": "https://www.benzinga.com/node/8746791", "image": [], "channels": [{"name": "Earnings"}, {"name": "News"}, {"name": "Eurozone"}, {"name": "Futures"}, {"name": "Global"}, {"name": "Pre-Market Outlook"}, {"name": "Markets"}], "stocks": [{"name": "BNS"}, {"name": "GS"}, {"name": "SCVL"}, {"name": "THO"}, {"name": "TIF"}], "tags": [{"name": "A Peek Into The Markets"}, {"name": "Nomura"}, {"name": "U.S. stock futures"}]}, {"id": 8746807, "author": "Benzinga", "created": "Tue, 29 Nov 2016 09:17:34 -0400", "updated": "Tue, 29 Nov 2016 09:17:34 -0400", "title": "AT&T's DirecTV Now 'Revolution' Begins Wednesday", "teaser": "", "body": "", "url": "https://www.benzinga.com/node/8746807", "image": [], "channels": [{"name": "News"}, {"name": "Tech"}, {"name": "Media"}, {"name": "Trading Ideas"}, {"name": "General"}], "stocks": [{"name": "AAPL"}, {"name": "AMZN"}, {"name": "DISH"}, {"name": "GOOG"}, {"name": "GOOGL"}, {"name": "SNE"}, {"name": "T"}], "tags": [{"name": "Hulu"}, {"name": "PlayStation Vue"}, {"name": "Roku"}, {"name": "Sling TV"}]}, {"id": 8747089, "author": "Benzinga", "created": "Tue, 29 Nov 2016 09:22:48 -0400", "updated": "Tue, 29 Nov 2016 09:22:49 -0400", "title": "20 Stocks Moving In Tuesday's Pre-Market Session", "teaser": "", "body": "", "url": "https://www.benzinga.com/node/8747089", "image": [], "channels": [{"name": "News"}, {"name": "Movers & Shakers"}, {"name": "Pre-Market Outlook"}, {"name": "Markets"}, {"name": "Movers"}], "stocks": [{"name": "BOJA"}, {"name": "CBMX"}, {"name": "CGG"}, {"name": "COTV"}, {"name": "FOLD"}, {"name": "GFI"}, {"name": "HMY"}, {"name": "MIME"}, {"name": "MTL"}, {"name": "NVLS"}, {"name": "OCUL"}, {"name": "P"}, {"name": "SCVL"}, {"name": "SITE"}, {"name": "SPHS"}, {"name": "SPU"}, {"name": "THO"}, {"name": "TIF"}, {"name": "UNH"}, {"name": "VBLT"}], "tags": [{"name": "#PreMarket Gainers"}, {"name": "Losers"}, {"name": "Top Gainers"}]}, {"id": 8746685, "author": "Benzinga", "created": "Tue, 29 Nov 2016 10:02:38 -0400", "updated": "Tue, 29 Nov 2016 10:02:39 -0400", "title": "The Market In 5 Minutes: OPEC, Tiffany's And More Theranos Trouble", "teaser": "", "body": "", "url": "https://www.benzinga.com/node/8746685", "image": [], "channels": [{"name": "News"}, {"name": "Global"}, {"name": "Top Stories"}, {"name": "Pre-Market Outlook"}, {"name": "Markets"}], "stocks": [{"name": "ALL"}, {"name": "ALV"}, {"name": "ALXN"}, {"name": "APLE"}, {"name": "BAC"}, {"name": "CMA"}, {"name": "GS"}, {"name": "MNK"}, {"name": "MYE"}, {"name": "NORD"}, {"name": "PNC"}, {"name": "RBS"}, {"name": "REX"}, {"name": "RHHBY"}, {"name": "SPY"}, {"name": "TIF"}, {"name": "UNH"}, {"name": "USO"}, {"name": "VRTX"}, {"name": "WEN"}], "tags": [{"name": "the market in 5 minutes"}]}, {"id": 8748079, "author": "Benzinga", "created": "Tue, 29 Nov 2016 11:12:55 -0400", "updated": "Tue, 29 Nov 2016 11:12:55 -0400", "title": "Stocks Hitting 52-Week Highs", "teaser": "", "body": "", "url": "https://www.benzinga.com/node/8748079", "image": [], "channels": [{"name": "News"}, {"name": "Intraday Update"}, {"name": "Markets"}, {"name": "Movers"}], "stocks": [{"name": "DNKN"}, {"name": "THO"}, {"name": "TIF"}, {"name": "UNH"}], "tags": [{"name": "52 Week Highs"}, {"name": "52-Week Highs"}]}, {"id": 8747281, "author": "Benzinga", "created": "Tue, 29 Nov 2016 11:39:41 -0400", "updated": "Tue, 29 Nov 2016 11:39:41 -0400", "title": "Barclays Downgrades 5 Biopharma Stocks, Upgrades Pfizer And Alexion", "teaser": "", "body": "", "url": "https://www.benzinga.com/node/8747281", "image": [], "channels": [{"name": "Analyst Color"}, {"name": "Biotech"}, {"name": "Long Ideas"}, {"name": "News"}, {"name": "Short Ideas"}, {"name": "Upgrades"}, {"name": "Downgrades"}, {"name": "Health Care"}, {"name": "Price Target"}, {"name": "Analyst Ratings"}, {"name": "Movers"}, {"name": "Trading Ideas"}, {"name": "General"}], "stocks": [{"name": "ALXN"}, {"name": "BMRN"}, {"name": "JNJ"}, {"name": "NBI"}, {"name": "PFE"}, {"name": "SGEN"}, {"name": "UTHR"}, {"name": "VRTX"}], "tags": [{"name": "Barclays"}, {"name": "Geoff Meacham"}]}, {"id": 8747827, "author": "Benzinga", "created": "Tue, 29 Nov 2016 12:31:55 -0400", "updated": "Tue, 29 Nov 2016 12:31:55 -0400", "title": "KBW Upgrades Bank Of America, Goldman Sachs To Outperform", "teaser": "", "body": "", "url": "https://www.benzinga.com/node/8747827", "image": [], "channels": [{"name": "Analyst Color"}, {"name": "Long Ideas"}, {"name": "News"}, {"name": "Upgrades"}, {"name": "Price Target"}, {"name": "Reiteration"}, {"name": "Analyst Ratings"}, {"name": "Movers"}, {"name": "Trading Ideas"}], "stocks": [{"name": "BAC"}, {"name": "BK"}, {"name": "GS"}, {"name": "JPM"}], "tags": [{"name": "Brian Kleinhanzl"}, {"name": "Keefe Bruyette & Woods"}]}, {"id": 8748141, "author": "Benzinga", "created": "Tue, 29 Nov 2016 12:40:04 -0400", "updated": "Tue, 29 Nov 2016 12:40:04 -0400", "title": "For Kroger, Food Deflation Headwinds Subside As Wal-Mart Competition Picks Up", "teaser": "", "body": "", "url": "https://www.benzinga.com/node/8748141", "image": [], "channels": [{"name": "Analyst Color"}, {"name": "News"}, {"name": "Reiteration"}, {"name": "Analyst Ratings"}, {"name": "Movers"}], "stocks": [{"name": "KR"}, {"name": "WMT"}], "tags": [{"name": "BMO Capital Markets"}, {"name": "Kelly Bania"}]}, {"id": 8748259, "author": "Benzinga", "created": "Tue, 29 Nov 2016 13:17:56 -0400", "updated": "Tue, 29 Nov 2016 13:17:56 -0400", "title": "Trump Policy Tailwinds Don't Favor Goldman Sachs", "teaser": "", "body": "", "url": "https://www.benzinga.com/node/8748259", "image": [], "channels": [{"name": "Analyst Color"}, {"name": "News"}, {"name": "Downgrades"}, {"name": "Politics"}, {"name": "Analyst Ratings"}, {"name": "Movers"}, {"name": "General"}], "stocks": [{"name": "BAC"}, {"name": "ETFC"}, {"name": "GS"}, {"name": "RJF"}, {"name": "SCHW"}, {"name": "SF"}, {"name": "SPY"}, {"name": "XLF"}], "tags": [{"name": "Donald Trump"}, {"name": "Nomura"}, {"name": "Steven Chubak"}, {"name": "Trump Bump"}, {"name": "Trump Rally"}, {"name": "Trumponomics"}]}, {"id": 8749028, "author": "Benzinga", "created": "Tue, 29 Nov 2016 13:32:12 -0400", "updated": "Tue, 29 Nov 2016 13:32:12 -0400", "title": "15 Biggest Mid-Day Gainers For Tuesday", "teaser": "", "body": "", "url": "https://www.benzinga.com/node/8749028", "image": [], "channels": [{"name": "News"}, {"name": "Intraday Update"}, {"name": "Markets"}, {"name": "Movers"}], "stocks": [{"name": "ACST"}, {"name": "Bery"}, {"name": "CBMX"}, {"name": "CONN"}, {"name": "DFRG"}, {"name": "DRAM"}, {"name": "ENG"}, {"name": "GENE"}, {"name": "KNDI"}, {"name": "NOVN"}, {"name": "PKY"}, {"name": "THO"}, {"name": "TIF"}, {"name": "UNH"}, {"name": "VBLT"}], "tags": [{"name": "Health Care"}, {"name": "Mid-Day Gainers"}, {"name": "Pharmaceuticals"}, {"name": "Top Gainers"}]}, {"id": 8748658, "author": "Benzinga", "created": "Tue, 29 Nov 2016 14:40:57 -0400", "updated": "Tue, 29 Nov 2016 14:40:57 -0400", "title": "'Star Wars: Rogue One' Content Coming Exclusively To Twitter", "teaser": "", "body": "", "url": "https://www.benzinga.com/node/8748658", "image": [], "channels": [{"name": "News"}, {"name": "Events"}, {"name": "Movers"}, {"name": "Tech"}, {"name": "Media"}, {"name": "Trading Ideas"}, {"name": "General"}], "stocks": [{"name": "DIS"}, {"name": "TWTR"}], "tags": [{"name": "Bloomberg Media"}, {"name": "George Lucas"}, {"name": "nfl"}, {"name": "Rogue One"}, {"name": "space opera"}, {"name": "Star Wars"}, {"name": "Wimbledon CBS"}]}, {"id": 8749239, "author": "Benzinga", "created": "Tue, 29 Nov 2016 15:03:03 -0400", "updated": "Tue, 29 Nov 2016 15:03:03 -0400", "title": "Whistleblower Site Calls McDonald's 'The Fraud Of The Century'", "teaser": "", "body": "", "url": "https://www.benzinga.com/node/8749239", "image": [], "channels": [{"name": "News"}, {"name": "Psychology"}, {"name": "Restaurants"}, {"name": "Legal"}, {"name": "Tech"}, {"name": "Media"}, {"name": "General"}], "stocks": [{"name": "MCD"}], "tags": [{"name": "Steve Easterbrook"}]}, {"id": 8749223, "author": "Benzinga", "created": "Tue, 29 Nov 2016 16:10:07 -0400", "updated": "Tue, 29 Nov 2016 16:10:08 -0400", "title": "Holiday Shopping's Best Performers So Far", "teaser": "", "body": "", "url": "https://www.benzinga.com/node/8749223", "image": [], "channels": [{"name": "News"}, {"name": "Sector ETFs"}, {"name": "Events"}, {"name": "Movers"}, {"name": "Trading Ideas"}, {"name": "ETFs"}], "stocks": [{"name": "AAPL"}, {"name": "ADBE"}, {"name": "AMZN"}, {"name": "HAS"}, {"name": "MAT"}, {"name": "MSFT"}, {"name": "SNE"}, {"name": "TGT"}, {"name": "WMT"}, {"name": "XRT"}], "tags": [{"name": "BMO"}, {"name": "Cyber Monday"}, {"name": "Gerrick Johnson"}, {"name": "holiday shopping season"}, {"name": "National Retail Federation"}, {"name": "NRF"}]}, {"id": 8749746, "author": "Benzinga", "created": "Tue, 29 Nov 2016 16:38:53 -0400", "updated": "Tue, 29 Nov 2016 16:38:53 -0400", "title": "Apple Stays Steady Below Key Resistance Unmoved By News Flow", "teaser": "", "body": "", "url": "https://www.benzinga.com/node/8749746", "image": [], "channels": [{"name": "Analyst Color"}, {"name": "News"}, {"name": "Tech"}], "stocks": [{"name": "AAPL"}], "tags": [{"name": "iPhone"}, {"name": "UBS"}]}, {"id": 8750103, "author": "Benzinga", "created": "Tue, 29 Nov 2016 17:01:25 -0400", "updated": "Tue, 29 Nov 2016 17:01:27 -0400", "title": "IBM Employee Answers CEO's Open Letter To Trump With An Open Letter Of Her Own", "teaser": "", "body": "", "url": "https://www.benzinga.com/node/8750103", "image": [], "channels": [{"name": "News"}, {"name": "Politics"}, {"name": "Management"}, {"name": "General"}], "stocks": [{"name": "IBM"}, {"name": "PEP"}], "tags": [{"name": "Donald Trump"}, {"name": "Elizabeth Wood"}, {"name": "Ginni Rometty"}, {"name": "Indra K. Nooyi"}, {"name": "Virginia Rometty"}]}]