[{"id": 8493354, "author": "Benzinga", "created": "Mon, 26 Sep 2016 05:12:03 -0400", "updated": "Mon, 26 Sep 2016 05:12:03 -0400", "title": "Must Watch Stocks for September 26, 2016", "teaser": "", "body": "", "url": "https://www.benzinga.com/node/8493354", "image": [], "channels": [{"name": "Earnings"}, {"name": "News"}, {"name": "Pre-Market Outlook"}, {"name": "Markets"}, {"name": "Trading Ideas"}], "stocks": [{"name": "APTI"}, {"name": "CALM"}, {"name": "CCL"}, {"name": "CHMT"}, {"name": "CRM"}, {"name": "GOOGL"}, {"name": "LNXSF"}, {"name": "MTN"}, {"name": "THO"}, {"name": "TWTR"}, {"name": "VZ"}], "tags": [{"name": "Stocks To Watch"}, {"name": "Stocks to Watch"}]}, {"id": 8493047, "author": "Benzinga", "created": "Mon, 26 Sep 2016 08:24:50 -0400", "updated": "Mon, 26 Sep 2016 08:24:50 -0400", "title": "First Trust Gets Smart With New Sector ETFs", "teaser": "", "body": "", "url": "https://www.benzinga.com/node/8493047", "image": [], "channels": [{"name": "Long Ideas"}, {"name": "News"}, {"name": "Sector ETFs"}, {"name": "New ETFs"}, {"name": "Markets"}, {"name": "Trading Ideas"}, {"name": "ETFs"}], "stocks": [{"name": "ABBV"}, {"name": "AMAT"}, {"name": "BBY"}, {"name": "CVX"}, {"name": "INTC"}, {"name": "JNJ"}, {"name": "JPM"}, {"name": "KO"}, {"name": "LLY"}, {"name": "PEP"}, {"name": "STI"}, {"name": "SYY"}, {"name": "TGT"}, {"name": "XOM"}], "tags": [{"name": "ETF Trends"}, {"name": "First Trust"}, {"name": "First Trust ETFs"}, {"name": "smart beta"}, {"name": "Smart beta ETFs"}, {"name": "strategic beta"}, {"name": "strategic beta ETFs"}]}, {"id": 8493041, "author": "Benzinga", "created": "Mon, 26 Sep 2016 08:34:47 -0400", "updated": "Mon, 26 Sep 2016 08:34:47 -0400", "title": "CBS Ends Week Strong With 'MacGyver' As Rest Of Networks See Soft Starts", "teaser": "", "body": "", "url": "https://www.benzinga.com/node/8493041", "image": [], "channels": [{"name": "News"}, {"name": "Events"}, {"name": "Tech"}, {"name": "Media"}, {"name": "Trading Ideas"}, {"name": "General"}], "stocks": [{"name": "CBS"}, {"name": "DIS"}, {"name": "FOXA"}], "tags": [{"name": "ABC"}, {"name": "Exorcist"}, {"name": "Fox"}, {"name": "Grey's Anatomy"}, {"name": "Hawaii Five-0"}, {"name": "How To Get Away With Murder"}, {"name": "MacGyver"}, {"name": "Notorious"}, {"name": "Pitch"}]}, {"id": 8493952, "author": "Benzinga", "created": "Mon, 26 Sep 2016 09:04:39 -0400", "updated": "Mon, 26 Sep 2016 09:04:39 -0400", "title": "The Market In 5 Minutes: Oil, Debates And Epidiolex", "teaser": "", "body": "", "url": "https://www.benzinga.com/node/8493952", "image": [], "channels": [{"name": "News"}, {"name": "Global"}, {"name": "Top Stories"}, {"name": "Pre-Market Outlook"}, {"name": "Markets"}], "stocks": [{"name": "BAYRY"}, {"name": "CHMT"}, {"name": "CPPL"}, {"name": "DB"}, {"name": "GWPH"}, {"name": "LQ"}, {"name": "MAR"}, {"name": "NKE"}, {"name": "NVS"}, {"name": "PEP"}, {"name": "PFE"}, {"name": "POT"}, {"name": "QSR"}, {"name": "SPY"}, {"name": "T"}, {"name": "TRP"}, {"name": "TWTR"}, {"name": "USO"}, {"name": "XENE"}], "tags": [{"name": "the market in 5 minutes"}]}, {"id": 8494205, "author": "Benzinga", "created": "Mon, 26 Sep 2016 09:12:33 -0400", "updated": "Mon, 26 Sep 2016 09:12:33 -0400", "title": "Ambarella Slowly Emerging From GoPro's Shadow", "teaser": "", "body": "", "url": "https://www.benzinga.com/node/8494205", "image": [], "channels": [{"name": "Analyst Color"}, {"name": "News"}, {"name": "Analyst Ratings"}, {"name": "Movers"}, {"name": "Tech"}], "stocks": [{"name": "AMBA"}, {"name": "GPRO"}, {"name": "INTC"}, {"name": "QCOM"}], "tags": [{"name": "Bluefin"}, {"name": "John Donovan"}]}, {"id": 8495796, "author": "Benzinga", "created": "Mon, 26 Sep 2016 12:56:29 -0400", "updated": "Mon, 26 Sep 2016 12:56:30 -0400", "title": "McDonald's Happy Meal Undergoes Biggest Change In 30 Years", "teaser": "", "body": "", "url": "https://www.benzinga.com/node/8495796", "image": [], "channels": [{"name": "News"}, {"name": "Restaurants"}, {"name": "General"}], "stocks": [{"name": "MCD"}, {"name": "QSR"}, {"name": "WEN"}, {"name": "YUM"}], "tags": [{"name": "All-Day Breakfast"}, {"name": "Happy Meal"}, {"name": "McDonald's Breakfast"}]}, {"id": 8495991, "author": "Benzinga", "created": "Mon, 26 Sep 2016 14:04:24 -0400", "updated": "Mon, 26 Sep 2016 14:04:24 -0400", "title": "Standpoint's Moas Downgrades Twitter Despite Takeover Speculation", "teaser": "", "body": "", "url": "https://www.benzinga.com/node/8495991", "image": [], "channels": [{"name": "Analyst Color"}, {"name": "News"}, {"name": "Short Ideas"}, {"name": "Downgrades"}, {"name": "Price Target"}, {"name": "M&A"}, {"name": "Analyst Ratings"}, {"name": "Movers"}, {"name": "Tech"}, {"name": "Trading Ideas"}], "stocks": [{"name": "CRM"}, {"name": "GOOG"}, {"name": "GOOGL"}, {"name": "IBM"}, {"name": "ORCL"}, {"name": "TWTR"}], "tags": [{"name": "Ronnie Moas"}, {"name": "Standpoint Research"}]}, {"id": 8496303, "author": "Benzinga", "created": "Mon, 26 Sep 2016 14:14:30 -0400", "updated": "Mon, 26 Sep 2016 14:14:30 -0400", "title": "Twitter's Latest M&A Rumor: Disney", "teaser": "", "body": "", "url": "https://www.benzinga.com/node/8496303", "image": [], "channels": [{"name": "News"}, {"name": "Rumors"}, {"name": "M&A"}, {"name": "Tech"}], "stocks": [{"name": "CRM"}, {"name": "DIS"}, {"name": "TWTR"}], "tags": []}, {"id": 8495758, "author": "Benzinga", "created": "Mon, 26 Sep 2016 14:29:02 -0400", "updated": "Mon, 26 Sep 2016 14:29:02 -0400", "title": "Nike In Trouble? Adidas Is Dominating Casual Athletic Space", "teaser": "", "body": "", "url": "https://www.benzinga.com/node/8495758", "image": [], "channels": [{"name": "Earnings"}, {"name": "News"}, {"name": "Previews"}, {"name": "Sports"}, {"name": "Movers"}, {"name": "Trading Ideas"}, {"name": "General"}], "stocks": [{"name": "ADDYY"}, {"name": "FINL"}, {"name": "LULU"}, {"name": "NKE"}, {"name": "SKX"}, {"name": "UA"}], "tags": [{"name": "Alphabounce"}, {"name": "Athleisure"}, {"name": "Kanye West"}, {"name": "NMD"}, {"name": "Stan Smith"}, {"name": "Ultra Boost"}]}, {"id": 8495923, "author": "Benzinga", "created": "Mon, 26 Sep 2016 14:57:56 -0400", "updated": "Mon, 26 Sep 2016 14:57:56 -0400", "title": "NFL Ratings Are Slumping, But Twitter's 'TNF' Live Stream Grew 34%", "teaser": "", "body": "", "url": "https://www.benzinga.com/node/8495923", "image": [], "channels": [{"name": "News"}, {"name": "Sports"}, {"name": "Movers"}, {"name": "Tech"}, {"name": "Trading Ideas"}, {"name": "General"}], "stocks": [{"name": "DIS"}, {"name": "TWTR"}], "tags": [{"name": "ESPN"}, {"name": "live streaming video"}, {"name": "nfl"}, {"name": "presidential election"}, {"name": "Thursday Night Football"}, {"name": "TNF"}]}, {"id": 8496080, "author": "Benzinga", "created": "Mon, 26 Sep 2016 15:16:55 -0400", "updated": "Mon, 26 Sep 2016 15:16:55 -0400", "title": "Analysts Largely Bullish On Nike Ahead Of Q1 Earnings", "teaser": "", "body": "", "url": "https://www.benzinga.com/node/8496080", "image": [], "channels": [{"name": "Analyst Color"}, {"name": "Long Ideas"}, {"name": "News"}, {"name": "Price Target"}, {"name": "Previews"}, {"name": "Reiteration"}, {"name": "Analyst Ratings"}, {"name": "Movers"}, {"name": "Trading Ideas"}], "stocks": [{"name": "NKE"}], "tags": [{"name": "B. Riley"}, {"name": "Baird"}, {"name": "Barclays"}, {"name": "Brean Capital"}, {"name": "Canaccord"}, {"name": "Cowen & Co"}, {"name": "Credit Suisse"}, {"name": "D.A. Davidson"}, {"name": "Deutsche Bank"}, {"name": "Goldman Sachs"}, {"name": "Jefferies"}, {"name": "JPMorgan"}, {"name": "Merrill Lynch"}, {"name": "Morgan Stanley"}, {"name": "Nomura"}, {"name": "Piper Jaffray"}, {"name": "Robert W. Baird"}, {"name": "Stifel Nicholaus"}, {"name": "UBS"}]}, {"id": 8496635, "author": "Benzinga", "created": "Mon, 26 Sep 2016 16:03:17 -0400", "updated": "Mon, 26 Sep 2016 16:03:17 -0400", "title": "'Should Disney Acquire Twitter?' 3 Quora Users' Reactions", "teaser": "", "body": "", "url": "https://www.benzinga.com/node/8496635", "image": [], "channels": [{"name": "News"}, {"name": "Rumors"}, {"name": "Crowdsourcing"}, {"name": "M&A"}, {"name": "Tech"}, {"name": "General"}], "stocks": [{"name": "CRM"}, {"name": "DIS"}, {"name": "GOOG"}, {"name": "GOOGL"}, {"name": "SNE"}, {"name": "TWTR"}], "tags": [{"name": "ABC"}, {"name": "ABCNews"}, {"name": "BAMTech"}, {"name": "Communacopia"}, {"name": "ESPN"}, {"name": "Goldman Sachs"}, {"name": "Phil Jones"}, {"name": "Quora"}, {"name": "Rupert Baines"}, {"name": "Tom Peracchio"}]}, {"id": 8496755, "author": "Benzinga", "created": "Mon, 26 Sep 2016 16:29:44 -0400", "updated": "Mon, 26 Sep 2016 16:29:45 -0400", "title": "Why Would Disney Want Twitter? Here Are A Couple Of Reasons", "teaser": "", "body": "", "url": "https://www.benzinga.com/node/8496755", "image": [], "channels": [{"name": "News"}, {"name": "Rumors"}, {"name": "M&A"}, {"name": "Tech"}], "stocks": [{"name": "DIS"}, {"name": "FB"}, {"name": "TWTR"}], "tags": [{"name": "albert fried"}, {"name": "Kara Swisher"}, {"name": "ReCode"}, {"name": "Tullo"}]}, {"id": 8497688, "author": "Benzinga", "created": "Mon, 26 Sep 2016 17:40:09 -0400", "updated": "Mon, 26 Sep 2016 17:40:11 -0400", "title": "Deal Or No Deal: Bob Peck Breaks Down What A Premium For Twitter Would Look Like Now", "teaser": "", "body": "", "url": "https://www.benzinga.com/node/8497688", "image": [], "channels": [{"name": "Analyst Color"}, {"name": "News"}, {"name": "M&A"}, {"name": "Analyst Ratings"}, {"name": "Tech"}], "stocks": [{"name": "CRM"}, {"name": "DIS"}, {"name": "GOOG"}, {"name": "MSFT"}, {"name": "TWTR"}], "tags": [{"name": "Bob Peck"}, {"name": "SunTrust Robinson Humphrey"}]}, {"id": 8497904, "author": "Benzinga", "created": "Mon, 26 Sep 2016 20:04:30 -0400", "updated": "Mon, 26 Sep 2016 20:04:30 -0400", "title": "Benzinga's M&A Chatter for Monday September 26, 2016", "teaser": "", "body": "", "url": "https://www.benzinga.com/node/8497904", "image": [], "channels": [{"name": "News"}, {"name": "Rumors"}, {"name": "M&A"}, {"name": "Movers"}], "stocks": [{"name": "BATS"}, {"name": "BAYRY"}, {"name": "CBOE"}, {"name": "CRM"}, {"name": "DIS"}, {"name": "FB"}, {"name": "GOOGL"}, {"name": "GPP"}, {"name": "GPRE"}, {"name": "MON"}, {"name": "MSFT"}, {"name": "MYL"}, {"name": "TWTR"}], "tags": []}]