[{"id": 8849475, "author": "Benzinga", "created": "Thu, 29 Dec 2016 12:53:28 -0400", "updated": "Thu, 29 Dec 2016 12:53:28 -0400", "title": "Apple Moves One Step Closer To Entering The Indian Market", "teaser": "", "body": "", "url": "https://www.benzinga.com/node/8849475", "image": [], "channels": [{"name": "News"}, {"name": "Emerging Markets"}, {"name": "Legal"}, {"name": "Markets"}, {"name": "Tech"}, {"name": "Media"}, {"name": "Trading Ideas"}], "stocks": [{"name": "AAPL"}], "tags": [{"name": "Apple India"}, {"name": "Global Equity Research"}, {"name": "India"}, {"name": "India Apple"}, {"name": "India iphone"}, {"name": "Trip Chowdhry"}, {"name": "Wall Street Journal"}]}, {"id": 8849913, "author": "Benzinga", "created": "Thu, 29 Dec 2016 15:01:17 -0400", "updated": "Thu, 29 Dec 2016 15:01:17 -0400", "title": "Apple Dominates Q3 Buybacks Despite Fallen Returns Across S&P 500", "teaser": "", "body": "", "url": "https://www.benzinga.com/node/8849913", "image": [], "channels": [{"name": "Analyst Color"}, {"name": "News"}, {"name": "Dividends"}, {"name": "Buybacks"}, {"name": "Analyst Ratings"}, {"name": "Tech"}], "stocks": [{"name": "AAPL"}, {"name": "GE"}, {"name": "MSFT"}], "tags": [{"name": "howard silverblatt"}, {"name": "S&P Dow Jones Indices"}]}, {"id": 8848586, "author": "Benzinga", "created": "Thu, 29 Dec 2016 15:32:48 -0400", "updated": "Thu, 29 Dec 2016 15:32:48 -0400", "title": "The Most Overpaid And Underpaid CEOs In The Dow 30 This Year", "teaser": "", "body": "", "url": "https://www.benzinga.com/node/8848586", "image": [], "channels": [{"name": "News"}, {"name": "Education"}, {"name": "Management"}, {"name": "General"}], "stocks": [{"name": "AAPL"}, {"name": "CAT"}, {"name": "CVX"}, {"name": "DIS"}, {"name": "MCD"}, {"name": "MSFT"}, {"name": "NKE"}], "tags": [{"name": "Equilar"}, {"name": "John Watson"}, {"name": "Mark Parker"}, {"name": "Robert Iger"}, {"name": "Satya Nadella"}, {"name": "Steve Easterbrook"}]}, {"id": 8846972, "author": "Benzinga", "created": "Thu, 29 Dec 2016 18:07:13 -0400", "updated": "Thu, 29 Dec 2016 18:07:14 -0400", "title": "Mom-And-Pop Fintech: The Startup That's Automating Retirement Savings For Small Businesses", "teaser": "", "body": "", "url": "https://www.benzinga.com/node/8846972", "image": [], "channels": [{"name": "Fintech"}, {"name": "News"}, {"name": "Startups"}, {"name": "Small Business"}, {"name": "Interview"}], "stocks": [{"name": "JPM"}], "tags": [{"name": "Randy Fernando"}, {"name": "Vault"}]}]