[{"id": 8288974, "author": "Benzinga", "created": "Tue, 02 Aug 2016 04:03:13 -0400", "updated": "Tue, 02 Aug 2016 04:03:13 -0400", "title": "Earnings Scheduled For August 2, 2016", "teaser": "", "body": "", "url": "https://www.benzinga.com/node/8288974", "image": [], "channels": [{"name": "Earnings"}, {"name": "News"}, {"name": "Pre-Market Outlook"}, {"name": "Markets"}], "stocks": [{"name": "ABC"}, {"name": "ADM"}, {"name": "AET"}, {"name": "AFG"}, {"name": "AIG"}, {"name": "AMSG"}, {"name": "AVP"}, {"name": "BECN"}, {"name": "CAH"}, {"name": "CAR"}, {"name": "CMI"}, {"name": "CVS"}, {"name": "CYH"}, {"name": "DISCA"}, {"name": "DVN"}, {"name": "EA"}, {"name": "ECL"}, {"name": "EMR"}, {"name": "ETN"}, {"name": "ETR"}, {"name": "EXPD"}, {"name": "FDP"}, {"name": "FISV"}, {"name": "FIT"}, {"name": "GNW"}, {"name": "H"}, {"name": "HBI"}, {"name": "HRS"}, {"name": "LB"}, {"name": "LOCK"}, {"name": "MNK"}, {"name": "MOS"}, {"name": "NBR"}, {"name": "OKE"}, {"name": "OMI"}, {"name": "PAA"}, {"name": "PFE"}, {"name": "PG"}, {"name": "RDC"}, {"name": "SF"}, {"name": "SHOO"}, {"name": "SHPG"}, {"name": "STX"}, {"name": "TAP"}, {"name": "TDC"}, {"name": "TEX"}, {"name": "TPC"}, {"name": "VRSK"}, {"name": "WCG"}, {"name": "WNR"}], "tags": [{"name": "Earnings schedule"}, {"name": "Energy"}, {"name": "Oil & Gas Drilling"}]}, {"id": 8289040, "author": "Benzinga", "created": "Tue, 02 Aug 2016 05:00:01 -0400", "updated": "Tue, 02 Aug 2016 05:00:01 -0400", "title": "12 Stocks You Should Be Watching Today", "teaser": "", "body": "", "url": "https://www.benzinga.com/node/8289040", "image": [], "channels": [{"name": "Earnings"}, {"name": "News"}, {"name": "Pre-Market Outlook"}, {"name": "Markets"}, {"name": "Trading Ideas"}], "stocks": [{"name": "ABC"}, {"name": "AET"}, {"name": "AIG"}, {"name": "CGNX"}, {"name": "CVS"}, {"name": "EA"}, {"name": "FIT"}, {"name": "PFE"}, {"name": "PG"}, {"name": "STX"}, {"name": "THC"}, {"name": "TXRH"}], "tags": [{"name": "Stocks To Watch"}, {"name": "Stocks to Watch"}]}, {"id": 8290708, "author": "Benzinga", "created": "Tue, 02 Aug 2016 09:12:58 -0400", "updated": "Tue, 02 Aug 2016 09:12:58 -0400", "title": "Collaboration Deal With Amgen Sends Advaxis Up 30%", "teaser": "", "body": "", "url": "https://www.benzinga.com/node/8290708", "image": [], "channels": [{"name": "Biotech"}, {"name": "News"}, {"name": "Movers"}, {"name": "General"}], "stocks": [{"name": "ADXS"}, {"name": "AMGN"}], "tags": []}, {"id": 8289998, "author": "Benzinga", "created": "Tue, 02 Aug 2016 09:19:03 -0400", "updated": "Tue, 02 Aug 2016 09:19:03 -0400", "title": "The Market In 5 Minutes: Futures Trending Lower For Seventh Session In A Row", "teaser": "", "body": "", "url": "https://www.benzinga.com/node/8289998", "image": [], "channels": [{"name": "News"}, {"name": "Global"}, {"name": "Top Stories"}, {"name": "Pre-Market Outlook"}, {"name": "Markets"}], "stocks": [{"name": "AAPL"}, {"name": "ABX"}, {"name": "AEO"}, {"name": "AET"}, {"name": "CHTR"}, {"name": "CMCM"}, {"name": "CVS"}, {"name": "HD"}, {"name": "IBM"}, {"name": "KERX"}, {"name": "LOW"}, {"name": "MOH"}, {"name": "NEM"}, {"name": "NLS"}, {"name": "PFE"}, {"name": "PG"}, {"name": "SODA"}, {"name": "SPY"}, {"name": "TAP"}, {"name": "TXRH"}, {"name": "USO"}, {"name": "VECO"}, {"name": "VZ"}, {"name": "WEN"}, {"name": "YHOO"}], "tags": [{"name": "the market in 5 minutes"}]}, {"id": 8291231, "author": "Benzinga", "created": "Tue, 02 Aug 2016 09:58:57 -0400", "updated": "Tue, 02 Aug 2016 09:58:57 -0400", "title": "Mid-Morning Market Update: Markets Open Lower; Pfizer Tops Q2 Views", "teaser": "", "body": "", "url": "https://www.benzinga.com/node/8291231", "image": [], "channels": [{"name": "Earnings"}, {"name": "News"}, {"name": "Guidance"}, {"name": "Eurozone"}, {"name": "Commodities"}, {"name": "Global"}, {"name": "Intraday Update"}, {"name": "Markets"}, {"name": "Movers"}], "stocks": [{"name": "ADXS"}, {"name": "AMGN"}, {"name": "AVP"}, {"name": "BTE"}, {"name": "CIE"}, {"name": "EIGI"}, {"name": "IQNT"}, {"name": "PFE"}, {"name": "RCL"}, {"name": "TRXC"}, {"name": "TXRH"}, {"name": "WMB"}], "tags": [{"name": "Mid-Morning Market Update"}]}, {"id": 8290370, "author": "Benzinga", "created": "Tue, 02 Aug 2016 10:01:02 -0400", "updated": "Tue, 02 Aug 2016 10:01:03 -0400", "title": "How Verizon's Recent Purchases Prove It Is Subtly Taking Over The World", "teaser": "", "body": "", "url": "https://www.benzinga.com/node/8290370", "image": [], "channels": [{"name": "News"}, {"name": "M&A"}, {"name": "Tech"}, {"name": "Media"}], "stocks": [{"name": "FB"}, {"name": "FLTX"}, {"name": "FTR"}, {"name": "GOOG"}, {"name": "GOOGL"}, {"name": "VZ"}, {"name": "YHOO"}], "tags": [{"name": "cnn money"}, {"name": "Gerber Kawasaki Wealth"}, {"name": "Ross Gerber"}, {"name": "Telogis"}]}, {"id": 8291533, "author": "Benzinga", "created": "Tue, 02 Aug 2016 10:34:00 -0400", "updated": "Tue, 02 Aug 2016 10:34:00 -0400", "title": "Benzinga's Volume Movers", "teaser": "", "body": "", "url": "https://www.benzinga.com/node/8291533", "image": [], "channels": [{"name": "News"}, {"name": "Intraday Update"}, {"name": "Markets"}, {"name": "Movers"}], "stocks": [{"name": "ADXS"}, {"name": "AMGN"}, {"name": "CARB"}, {"name": "NYRT"}, {"name": "SODA"}], "tags": [{"name": "volume movers"}]}, {"id": 8292268, "author": "Benzinga", "created": "Tue, 02 Aug 2016 12:14:59 -0400", "updated": "Tue, 02 Aug 2016 12:15:00 -0400", "title": "Mid-Day Market Update: Dow Drops Over 100 Points; Avon Shares Surge Following Earnings Beat", "teaser": "", "body": "", "url": "https://www.benzinga.com/node/8292268", "image": [], "channels": [{"name": "Earnings"}, {"name": "News"}, {"name": "Eurozone"}, {"name": "Commodities"}, {"name": "Global"}, {"name": "Intraday Update"}, {"name": "Markets"}, {"name": "Movers"}], "stocks": [{"name": "ADXS"}, {"name": "AMGN"}, {"name": "AVP"}, {"name": "CIE"}, {"name": "EIGI"}, {"name": "IQNT"}, {"name": "PFE"}, {"name": "SALE"}, {"name": "SODA"}, {"name": "STRT"}, {"name": "TXRH"}], "tags": [{"name": "Mid-Day Market Update"}]}, {"id": 8292406, "author": "Benzinga", "created": "Tue, 02 Aug 2016 12:42:16 -0400", "updated": "Tue, 02 Aug 2016 12:42:16 -0400", "title": "18 Biggest Mid-Day Gainers For Tuesday", "teaser": "", "body": "", "url": "https://www.benzinga.com/node/8292406", "image": [], "channels": [{"name": "News"}, {"name": "Intraday Update"}, {"name": "Markets"}, {"name": "Movers"}], "stocks": [{"name": "ABC"}, {"name": "ADXS"}, {"name": "AMGN"}, {"name": "AMKR"}, {"name": "AVP"}, {"name": "BVX"}, {"name": "CARB"}, {"name": "CGNX"}, {"name": "CHGG"}, {"name": "IDXX"}, {"name": "NYRT"}, {"name": "OXFD"}, {"name": "PLOW"}, {"name": "SALE"}, {"name": "SHIP"}, {"name": "SHPG"}, {"name": "SODA"}, {"name": "TREX"}, {"name": "TRXC"}], "tags": [{"name": "Mid-Day Gainers"}, {"name": "Top Gainers"}]}, {"id": 8292327, "author": "Benzinga", "created": "Tue, 02 Aug 2016 14:18:54 -0400", "updated": "Tue, 02 Aug 2016 14:18:54 -0400", "title": "Swiss Watchmakers Aren't Doing So Well", "teaser": "", "body": "", "url": "https://www.benzinga.com/node/8292327", "image": [], "channels": [{"name": "Analyst Color"}, {"name": "News"}, {"name": "Downgrades"}, {"name": "Econ #s"}, {"name": "Analyst Ratings"}, {"name": "Tech"}], "stocks": [{"name": "AAPL"}, {"name": "FOSL"}, {"name": "MOV"}], "tags": [{"name": "Credit Suisse"}, {"name": "Guillaume Gauville"}, {"name": "Richemont"}, {"name": "Swatch Group"}, {"name": "Swiss watches"}, {"name": "Swiss watchmakers"}]}, {"id": 8293009, "author": "Benzinga", "created": "Tue, 02 Aug 2016 14:31:45 -0400", "updated": "Tue, 02 Aug 2016 14:31:45 -0400", "title": "Mid-Afternoon Market Update: Crude Oil Down 1.5%; RetailMeNot Shares Gain On Strong Results", "teaser": "", "body": "", "url": "https://www.benzinga.com/node/8293009", "image": [], "channels": [{"name": "Earnings"}, {"name": "News"}, {"name": "Eurozone"}, {"name": "Commodities"}, {"name": "Global"}, {"name": "Intraday Update"}, {"name": "Markets"}, {"name": "Movers"}], "stocks": [{"name": "ADXS"}, {"name": "AMGN"}, {"name": "AVP"}, {"name": "CIE"}, {"name": "EIGI"}, {"name": "MFIN"}, {"name": "PFE"}, {"name": "PRTS"}, {"name": "SALE"}, {"name": "SODA"}, {"name": "TXRH"}], "tags": [{"name": "Mid-Afternoon Market Update"}]}, {"id": 8293091, "author": "Benzinga", "created": "Tue, 02 Aug 2016 15:30:12 -0400", "updated": "Tue, 02 Aug 2016 15:30:13 -0400", "title": "3 Top Telecom Service Providers To Start Accepting Preorders For Samsung Galaxy Note 7", "teaser": "", "body": "", "url": "https://www.benzinga.com/node/8293091", "image": [], "channels": [{"name": "News"}, {"name": "Tech"}], "stocks": [{"name": "AAPL"}, {"name": "T"}, {"name": "TMUS"}, {"name": "V"}], "tags": []}, {"id": 8293277, "author": "Benzinga", "created": "Tue, 02 Aug 2016 16:09:25 -0400", "updated": "Tue, 02 Aug 2016 16:09:25 -0400", "title": "Americans Are Finally Drinking More Water Than Soda", "teaser": "", "body": "", "url": "https://www.benzinga.com/node/8293277", "image": [], "channels": [{"name": "News"}, {"name": "Health Care"}, {"name": "Econ #s"}, {"name": "Media"}, {"name": "General"}], "stocks": [{"name": "DPS"}, {"name": "KO"}, {"name": "NSRGY"}, {"name": "PEP"}], "tags": [{"name": "Bloomberg"}, {"name": "Bottled Water"}, {"name": "carbonated beverages"}, {"name": "Cola"}, {"name": "Corporate Accountability International"}, {"name": "Environmental Protection Agency"}, {"name": "EPA"}, {"name": "John Stewart"}, {"name": "Pacific Institute"}, {"name": "Pop"}, {"name": "SODA"}, {"name": "soft drinks"}, {"name": "water"}]}, {"id": 8294808, "author": "Benzinga", "created": "Tue, 02 Aug 2016 17:03:16 -0400", "updated": "Tue, 02 Aug 2016 17:03:16 -0400", "title": "6 Stocks Moving In Tuesday's After-Hours Session", "teaser": "", "body": "", "url": "https://www.benzinga.com/node/8294808", "image": [], "channels": [{"name": "Earnings"}, {"name": "News"}, {"name": "Guidance"}, {"name": "M&A"}, {"name": "After-Hours Center"}, {"name": "Movers"}], "stocks": [{"name": "AGN"}, {"name": "BIIB"}, {"name": "DATA"}, {"name": "EA"}, {"name": "ETSY"}, {"name": "FIT"}, {"name": "MRK"}, {"name": "RGR"}], "tags": []}, {"id": 8295854, "author": "Benzinga", "created": "Tue, 02 Aug 2016 19:35:01 -0400", "updated": "Tue, 02 Aug 2016 19:35:02 -0400", "title": "Benzinga's M&A Chatter for Tuesday August 2, 2016", "teaser": "", "body": "", "url": "https://www.benzinga.com/node/8295854", "image": [], "channels": [{"name": "News"}, {"name": "Rumors"}, {"name": "M&A"}, {"name": "Movers"}], "stocks": [{"name": "AGN"}, {"name": "BIIB"}, {"name": "CMCM"}, {"name": "ENB"}, {"name": "MRK"}], "tags": []}]