[{"id": 6254705, "author": "Benzinga", "created": "Fri, 12 Feb 2016 07:57:24 -0400", "updated": "Fri, 12 Feb 2016 07:57:25 -0400", "title": "Immersion Files Complaint With U.S. International Trade Commission Against, Apple & AT&T", "teaser": "", "body": "", "url": "https://www.benzinga.com/node/6254705", "image": [], "channels": [{"name": "News"}, {"name": "Legal"}, {"name": "Tech"}], "stocks": [{"name": "AAPL"}, {"name": "IMMR"}, {"name": "T"}], "tags": [{"name": "Haptic Feedback Systems"}, {"name": "Immersion"}, {"name": "Patent Infringement"}, {"name": "US International Trade Commission"}, {"name": "Victor Viegas"}]}, {"id": 6254791, "author": "Benzinga", "created": "Fri, 12 Feb 2016 08:19:26 -0400", "updated": "Fri, 12 Feb 2016 08:19:26 -0400", "title": "JPMorgan CEO Jamie Dimon Bought $26 Million Of Company's Stock", "teaser": "", "body": "", "url": "https://www.benzinga.com/node/6254791", "image": [], "channels": [{"name": "News"}, {"name": "Rumors"}, {"name": "Insider Trades"}], "stocks": [{"name": "JPM"}], "tags": [{"name": "financial stocks"}, {"name": "Jamie Dimon"}, {"name": "JPMorgan"}, {"name": "The New York Times"}]}, {"id": 6254431, "author": "Benzinga", "created": "Fri, 12 Feb 2016 08:46:34 -0400", "updated": "Fri, 12 Feb 2016 08:46:34 -0400", "title": "Netflix Migrates Its Entire IT Operations To The Cloud", "teaser": "", "body": "", "url": "https://www.benzinga.com/node/6254431", "image": [], "channels": [{"name": "News"}, {"name": "Top Stories"}, {"name": "Tech"}], "stocks": [{"name": "AMZN"}, {"name": "MSFT"}, {"name": "NFLX"}], "tags": [{"name": "Amazon Wed Service"}, {"name": "AWS"}, {"name": "cloud"}]}, {"id": 6254033, "author": "Benzinga", "created": "Fri, 12 Feb 2016 09:20:09 -0400", "updated": "Fri, 12 Feb 2016 09:20:09 -0400", "title": "Fox's Investment In 'Deadpool' Set To Pay Off", "teaser": "", "body": "", "url": "https://www.benzinga.com/node/6254033", "image": [], "channels": [{"name": "News"}, {"name": "Events"}, {"name": "Trading Ideas"}, {"name": "General"}], "stocks": [{"name": "DIS"}, {"name": "FOXA"}], "tags": [{"name": "DC Comics"}, {"name": "Deadpool"}, {"name": "Green Lantern"}, {"name": "Marvel Comics"}, {"name": "Ryan Reynolds"}]}, {"id": 6254110, "author": "Benzinga", "created": "Fri, 12 Feb 2016 09:36:28 -0400", "updated": "Fri, 12 Feb 2016 09:36:28 -0400", "title": "A Gloomy Forecast For Energy ETF Dividends", "teaser": "", "body": "", "url": "https://www.benzinga.com/node/6254110", "image": [], "channels": [{"name": "News"}, {"name": "Sector ETFs"}, {"name": "Short Ideas"}, {"name": "Dividends"}, {"name": "Dividends"}, {"name": "Commodities"}, {"name": "Intraday Update"}, {"name": "Markets"}, {"name": "Trading Ideas"}, {"name": "ETFs"}], "stocks": [{"name": "APC"}, {"name": "BP"}, {"name": "COP"}, {"name": "CVX"}, {"name": "EWU"}, {"name": "RDS-A"}, {"name": "XLB"}, {"name": "XLE"}, {"name": "XOM"}], "tags": [{"name": "energy"}, {"name": "Markit"}, {"name": "Oil"}]}, {"id": 6255436, "author": "Benzinga", "created": "Fri, 12 Feb 2016 09:50:18 -0400", "updated": "Fri, 12 Feb 2016 09:50:19 -0400", "title": "Deutsche Bank Soars Following Tender Offer, Highlights 'Strong Liquidity Position'", "teaser": "", "body": "", "url": "https://www.benzinga.com/node/6255436", "image": [], "channels": [{"name": "News"}, {"name": "Buybacks"}, {"name": "Movers"}], "stocks": [{"name": "DB"}, {"name": "JPM"}], "tags": [{"name": "bank stocks"}, {"name": "Deutsche Bank"}, {"name": "Jamie Dimon"}]}, {"id": 6255404, "author": "Benzinga", "created": "Fri, 12 Feb 2016 09:43:36 -0400", "updated": "Fri, 12 Feb 2016 09:59:09 -0400", "title": "Visa Disclosed 9.99% Stake In Square Ahead Of Mobile World Congress Event", "teaser": "", "body": "", "url": "https://www.benzinga.com/node/6255404", "image": [], "channels": [{"name": "News"}, {"name": "Events"}], "stocks": [{"name": "SQ"}, {"name": "V"}], "tags": [{"name": "mobile payments"}, {"name": "Mobile World Congress"}, {"name": "Square"}, {"name": "visa"}]}, {"id": 6254783, "author": "Benzinga", "created": "Fri, 12 Feb 2016 10:27:55 -0400", "updated": "Fri, 12 Feb 2016 10:27:55 -0400", "title": "How Much Does Apple Pay Matter?", "teaser": "", "body": "", "url": "https://www.benzinga.com/node/6254783", "image": [], "channels": [{"name": "News"}, {"name": "Top Stories"}, {"name": "Markets"}, {"name": "Tech"}], "stocks": [{"name": "AAPL"}], "tags": []}, {"id": 6255328, "author": "Benzinga", "created": "Fri, 12 Feb 2016 10:50:15 -0400", "updated": "Fri, 12 Feb 2016 10:50:16 -0400", "title": "CEO Sundar Pichai: Google's Fourth Musketeer", "teaser": "", "body": "", "url": "https://www.benzinga.com/node/6255328", "image": [], "channels": [{"name": "News"}, {"name": "Management"}, {"name": "Tech"}], "stocks": [{"name": "GOOG"}, {"name": "GOOGL"}, {"name": "MSFT"}], "tags": [{"name": "Alphabet"}, {"name": "Google"}, {"name": "Google Chrome"}, {"name": "Sundar Pichai"}]}, {"id": 6256096, "author": "Benzinga", "created": "Fri, 12 Feb 2016 11:03:01 -0400", "updated": "Fri, 12 Feb 2016 11:03:01 -0400", "title": "Big Bank Investors Relieved With Dimon Purchase, Deutsche Bank Commentary", "teaser": "", "body": "", "url": "https://www.benzinga.com/node/6256096", "image": [], "channels": [{"name": "News"}, {"name": "Intraday Update"}, {"name": "Movers"}], "stocks": [{"name": "C"}, {"name": "CS"}, {"name": "DB"}, {"name": "GS"}, {"name": "JPM"}, {"name": "RBS"}, {"name": "UBS"}, {"name": "WFC"}], "tags": [{"name": "bank stocks"}, {"name": "banks"}, {"name": "European banks"}, {"name": "Jamie Dimon"}]}, {"id": 6256124, "author": "Benzinga", "created": "Fri, 12 Feb 2016 11:24:41 -0400", "updated": "Fri, 12 Feb 2016 11:24:41 -0400", "title": "Suspicious Of Boeing After SEC Probe? So Is Deutsche Bank", "teaser": "", "body": "", "url": "https://www.benzinga.com/node/6256124", "image": [], "channels": [{"name": "Analyst Color"}, {"name": "News"}, {"name": "Legal"}, {"name": "Analyst Ratings"}], "stocks": [{"name": "BA"}], "tags": [{"name": "Deutsche Bank"}, {"name": "Myles Walton"}]}, {"id": 6256176, "author": "Benzinga", "created": "Fri, 12 Feb 2016 11:33:01 -0400", "updated": "Fri, 12 Feb 2016 11:33:01 -0400", "title": "You Can Buy Uber For $38 Per Share Right Now", "teaser": "", "body": "", "url": "https://www.benzinga.com/node/6256176", "image": [], "channels": [{"name": "Long Ideas"}, {"name": "News"}, {"name": "Offerings"}, {"name": "Crowdsourcing"}, {"name": "Top Stories"}, {"name": "Startups"}, {"name": "Markets"}, {"name": "Tech"}, {"name": "Trading Ideas"}, {"name": "General"}], "stocks": [{"name": "MSFT"}], "tags": [{"name": "Uber"}, {"name": "Uber stock"}]}, {"id": 6256521, "author": "Benzinga", "created": "Fri, 12 Feb 2016 11:34:00 -0400", "updated": "Fri, 12 Feb 2016 11:34:01 -0400", "title": "Data Ahead as Stocks Stage Late-Week Rally, Boosted By Oil Recovery", "teaser": "", "body": "", "url": "https://www.benzinga.com/node/6256521", "image": [], "channels": [{"name": "News"}, {"name": "Economics"}, {"name": "Analyst Ratings"}], "stocks": [{"name": "BA"}, {"name": "BAC"}, {"name": "C"}, {"name": "JPM"}, {"name": "WFC"}], "tags": []}, {"id": 6256525, "author": "Benzinga", "created": "Fri, 12 Feb 2016 11:39:13 -0400", "updated": "Fri, 12 Feb 2016 11:39:13 -0400", "title": "Supplier Fallout From Apple's A10 Switch", "teaser": "", "body": "", "url": "https://www.benzinga.com/node/6256525", "image": [], "channels": [{"name": "Analyst Color"}, {"name": "Long Ideas"}, {"name": "News"}, {"name": "Short Ideas"}, {"name": "Top Stories"}, {"name": "Analyst Ratings"}, {"name": "Tech"}, {"name": "Trading Ideas"}], "stocks": [{"name": "AAPL"}, {"name": "QCOM"}, {"name": "SSNLF"}, {"name": "TSM"}], "tags": [{"name": "Apple"}, {"name": "APple supplier switch"}]}, {"id": 6258484, "author": "Benzinga", "created": "Fri, 12 Feb 2016 14:09:58 -0400", "updated": "Fri, 12 Feb 2016 14:09:58 -0400", "title": "Detwiler's Johnston: Apple March Bar 'Set Pretty Low'", "teaser": "", "body": "", "url": "https://www.benzinga.com/node/6258484", "image": [], "channels": [{"name": "Analyst Color"}, {"name": "Long Ideas"}, {"name": "News"}, {"name": "Top Stories"}, {"name": "Analyst Ratings"}, {"name": "Movers"}, {"name": "Tech"}, {"name": "Trading Ideas"}], "stocks": [{"name": "AAPL"}], "tags": [{"name": "Apple"}, {"name": "Detwiler Fenton"}, {"name": "Galaxy 6"}, {"name": "Galaxy S6"}, {"name": "Galaxy S7"}, {"name": "iPhone 6"}, {"name": "iPhone 7"}, {"name": "iPhone Demand"}, {"name": "iPhone sales"}]}, {"id": 6259438, "author": "Benzinga", "created": "Fri, 12 Feb 2016 14:57:34 -0400", "updated": "Fri, 12 Feb 2016 14:57:35 -0400", "title": "Dr. Dre TV Show 'Vital Signs' Coming To Apple", "teaser": "", "body": "", "url": "https://www.benzinga.com/node/6259438", "image": [], "channels": [{"name": "News"}, {"name": "Rumors"}, {"name": "Tech"}], "stocks": [{"name": "AAPL"}, {"name": "NFLX"}], "tags": [{"name": "Apple Original TV"}, {"name": "Apple TV"}, {"name": "Dr Dre."}, {"name": "The Hollywood Reporter"}, {"name": "Vital Signs"}]}, {"id": 6259573, "author": "Benzinga", "created": "Fri, 12 Feb 2016 15:06:46 -0400", "updated": "Fri, 12 Feb 2016 15:06:46 -0400", "title": "JPMorgan Gains 7%, Approaching $57", "teaser": "", "body": "", "url": "https://www.benzinga.com/node/6259573", "image": [], "channels": [{"name": "News"}, {"name": "Intraday Update"}, {"name": "Movers"}], "stocks": [{"name": "DB"}, {"name": "JPM"}], "tags": [{"name": "bank stocks"}, {"name": "banks"}, {"name": "Detusche Bank Tender Offer"}, {"name": "Jamie Dimon"}]}]