[{"id": 8330459, "author": "Benzinga", "created": "Wed, 10 Aug 2016 05:19:19 -0400", "updated": "Wed, 10 Aug 2016 05:19:19 -0400", "title": "10 Stocks To Watch For August 10, 2016", "teaser": "", "body": "", "url": "https://www.benzinga.com/node/8330459", "image": [], "channels": [{"name": "Earnings"}, {"name": "News"}, {"name": "Guidance"}, {"name": "Pre-Market Outlook"}, {"name": "Markets"}, {"name": "Trading Ideas"}], "stocks": [{"name": "DIS"}, {"name": "FOSL"}, {"name": "KORS"}, {"name": "PRGO"}, {"name": "RL"}, {"name": "SCTY"}, {"name": "SHAK"}, {"name": "SPWR"}, {"name": "WEN"}, {"name": "YELP"}], "tags": [{"name": "Stocks To Watch"}, {"name": "Stocks to Watch"}]}, {"id": 8331228, "author": "Benzinga", "created": "Wed, 10 Aug 2016 07:48:45 -0400", "updated": "Wed, 10 Aug 2016 07:49:35 -0400", "title": "A Peek Into The Markets: U.S. Stock Futures Edge Higher; Michael Kors Issues Weak Outlook", "teaser": "", "body": "", "url": "https://www.benzinga.com/node/8331228", "image": [], "channels": [{"name": "News"}, {"name": "Eurozone"}, {"name": "Futures"}, {"name": "Global"}, {"name": "Pre-Market Outlook"}, {"name": "Markets"}], "stocks": [{"name": "DIS"}, {"name": "JD"}, {"name": "KORS"}, {"name": "SPWR"}, {"name": "YELP"}], "tags": [{"name": "Macquarie"}, {"name": "U.S. stock futures"}]}, {"id": 8331122, "author": "Benzinga", "created": "Wed, 10 Aug 2016 08:05:19 -0400", "updated": "Wed, 10 Aug 2016 08:05:20 -0400", "title": "CEO Bob Iger: Disney Is In Extremely Healthy Shape", "teaser": "", "body": "", "url": "https://www.benzinga.com/node/8331122", "image": [], "channels": [{"name": "CNBC"}, {"name": "Earnings"}, {"name": "News"}, {"name": "Media"}], "stocks": [{"name": "DIS"}], "tags": [{"name": "BAMTech"}, {"name": "Bob Iger"}, {"name": "MLB Advanced Media"}]}, {"id": 8331632, "author": "Benzinga", "created": "Wed, 10 Aug 2016 08:50:55 -0400", "updated": "Wed, 10 Aug 2016 08:50:56 -0400", "title": "Disney's Theme Park And Film Success Offset Misses In Other Segments", "teaser": "", "body": "", "url": "https://www.benzinga.com/node/8331632", "image": [], "channels": [{"name": "Analyst Color"}, {"name": "Earnings"}, {"name": "News"}, {"name": "Price Target"}, {"name": "Reiteration"}, {"name": "Top Stories"}, {"name": "Analyst Ratings"}], "stocks": [{"name": "CMCSA"}, {"name": "DIS"}, {"name": "EA"}, {"name": "T"}], "tags": [{"name": "BAMTech"}, {"name": "Drew Borst"}, {"name": "ESPN"}, {"name": "Goldman Sachs"}]}, {"id": 8331238, "author": "Benzinga", "created": "Wed, 10 Aug 2016 09:13:42 -0400", "updated": "Wed, 10 Aug 2016 09:15:23 -0400", "title": "The Market In 5 Minutes: Stocks Still In Tight Range, Disney And Michael Kors Fall On Earnings", "teaser": "", "body": "", "url": "https://www.benzinga.com/node/8331238", "image": [], "channels": [{"name": "News"}, {"name": "Global"}, {"name": "Top Stories"}, {"name": "Pre-Market Outlook"}, {"name": "Markets"}], "stocks": [{"name": "COH"}, {"name": "DIS"}, {"name": "GD"}, {"name": "INTC"}, {"name": "KORS"}, {"name": "MDVN"}, {"name": "PRGO"}, {"name": "SLCA"}, {"name": "SPWR"}, {"name": "SPY"}, {"name": "WEN"}, {"name": "WWAV"}], "tags": [{"name": "the market in 5 minutes"}]}, {"id": 8332318, "author": "Benzinga", "created": "Wed, 10 Aug 2016 10:12:49 -0400", "updated": "Wed, 10 Aug 2016 10:12:50 -0400", "title": "Lazy Days of Summer Continue, But Market Keeps Posting All-Time Highs", "teaser": "", "body": "", "url": "https://www.benzinga.com/node/8332318", "image": [], "channels": [{"name": "Earnings"}, {"name": "News"}, {"name": "Futures"}, {"name": "Commodities"}, {"name": "Markets"}, {"name": "Reviews"}, {"name": "General"}], "stocks": [{"name": "DIS"}, {"name": "FDS"}, {"name": "GS"}, {"name": "JWN"}, {"name": "KSS"}, {"name": "M"}], "tags": [{"name": "Consumer Discretionary"}, {"name": "Department Stores"}]}, {"id": 8332046, "author": "Benzinga", "created": "Wed, 10 Aug 2016 10:43:31 -0400", "updated": "Wed, 10 Aug 2016 10:43:32 -0400", "title": "3 Themes CLSA Saw In Disney's Quarterly Report", "teaser": "", "body": "", "url": "https://www.benzinga.com/node/8332046", "image": [], "channels": [{"name": "Analyst Color"}, {"name": "Earnings"}, {"name": "News"}, {"name": "Price Target"}, {"name": "Reiteration"}, {"name": "Analyst Ratings"}], "stocks": [{"name": "DIS"}], "tags": [{"name": "CLSA"}, {"name": "Vasily Karasyov"}]}, {"id": 8332436, "author": "Benzinga", "created": "Wed, 10 Aug 2016 10:48:56 -0400", "updated": "Wed, 10 Aug 2016 10:48:56 -0400", "title": "Apple's $300 Billion Opportunity", "teaser": "", "body": "", "url": "https://www.benzinga.com/node/8332436", "image": [], "channels": [{"name": "Analyst Color"}, {"name": "News"}, {"name": "M&A"}, {"name": "Analyst Ratings"}, {"name": "Tech"}], "stocks": [{"name": "AAPL"}, {"name": "AMZN"}, {"name": "GE"}, {"name": "NVDA"}, {"name": "TGT"}, {"name": "TSLA"}], "tags": []}, {"id": 8332433, "author": "Benzinga", "created": "Wed, 10 Aug 2016 11:42:40 -0400", "updated": "Wed, 10 Aug 2016 11:42:40 -0400", "title": "Argus: Bristol-Myers Selloff Is Overdone, Reiterating $90 Target", "teaser": "", "body": "", "url": "https://www.benzinga.com/node/8332433", "image": [], "channels": [{"name": "Analyst Color"}, {"name": "Biotech"}, {"name": "News"}, {"name": "Price Target"}, {"name": "Reiteration"}, {"name": "FDA"}, {"name": "Analyst Ratings"}, {"name": "General"}], "stocks": [{"name": "BMY"}, {"name": "MRK"}], "tags": [{"name": "Argus"}, {"name": "David Toung"}]}, {"id": 8333124, "author": "Benzinga", "created": "Wed, 10 Aug 2016 13:43:42 -0400", "updated": "Wed, 10 Aug 2016 13:43:42 -0400", "title": "A To Z: How Has Google Traded Since Becoming Alphabet One Year Ago?", "teaser": "", "body": "", "url": "https://www.benzinga.com/node/8333124", "image": [], "channels": [{"name": "News"}, {"name": "Movers"}, {"name": "Tech"}], "stocks": [{"name": "AAPL"}, {"name": "GOOG"}, {"name": "GOOGL"}, {"name": "SPY"}], "tags": [{"name": "Google"}]}, {"id": 8333624, "author": "Benzinga", "created": "Wed, 10 Aug 2016 14:23:06 -0400", "updated": "Wed, 10 Aug 2016 14:23:07 -0400", "title": "Disney And Apple Have Quite A Bit In Common", "teaser": "", "body": "", "url": "https://www.benzinga.com/node/8333624", "image": [], "channels": [{"name": "CNBC"}, {"name": "Earnings"}, {"name": "News"}, {"name": "Tech"}, {"name": "Media"}], "stocks": [{"name": "AAPL"}, {"name": "DIS"}], "tags": [{"name": "BAMTech"}, {"name": "ESPN"}, {"name": "iPhone"}, {"name": "Roger McNamee"}]}, {"id": 8332561, "author": "Benzinga", "created": "Wed, 10 Aug 2016 14:30:51 -0400", "updated": "Wed, 10 Aug 2016 14:30:52 -0400", "title": "Fast Food Earnings Roundup: Winners And Losers", "teaser": "", "body": "", "url": "https://www.benzinga.com/node/8332561", "image": [], "channels": [{"name": "Earnings"}, {"name": "News"}, {"name": "Previews"}, {"name": "Restaurants"}, {"name": "Movers"}, {"name": "Trading Ideas"}, {"name": "General"}], "stocks": [{"name": "JACK"}, {"name": "MCD"}, {"name": "PLKI"}, {"name": "QSR"}, {"name": "SHAK"}, {"name": "SONC"}, {"name": "TAC"}, {"name": "WEN"}, {"name": "YUM"}], "tags": []}, {"id": 8333788, "author": "Benzinga", "created": "Wed, 10 Aug 2016 14:53:56 -0400", "updated": "Wed, 10 Aug 2016 14:53:56 -0400", "title": "Wayfair's Growth Strong, But Below Wedbush's Expectations", "teaser": "", "body": "", "url": "https://www.benzinga.com/node/8333788", "image": [], "channels": [{"name": "Analyst Color"}, {"name": "Earnings"}, {"name": "News"}, {"name": "Price Target"}, {"name": "Reiteration"}, {"name": "Analyst Ratings"}], "stocks": [{"name": "W"}, {"name": "WMT"}], "tags": [{"name": "Seth Basham"}, {"name": "Wedbush"}]}, {"id": 8333812, "author": "Benzinga", "created": "Wed, 10 Aug 2016 15:31:33 -0400", "updated": "Wed, 10 Aug 2016 15:31:34 -0400", "title": "Starbucks + Lyft = Win-Win?", "teaser": "", "body": "", "url": "https://www.benzinga.com/node/8333812", "image": [], "channels": [{"name": "News"}, {"name": "Travel"}, {"name": "Restaurants"}, {"name": "General"}], "stocks": [{"name": "CMG"}, {"name": "DNKN"}, {"name": "GM"}, {"name": "MA"}, {"name": "MCD"}, {"name": "PNRA"}, {"name": "SBUX"}], "tags": [{"name": "Lyft"}]}]