[{"id": 8164115, "author": "Benzinga", "created": "Wed, 29 Jun 2016 05:09:58 -0400", "updated": "Wed, 29 Jun 2016 05:09:58 -0400", "title": "Keep an Eye on These 10 Stocks for June 29, 2016", "teaser": "", "body": "", "url": "https://www.benzinga.com/node/8164115", "image": [], "channels": [{"name": "Earnings"}, {"name": "News"}, {"name": "Guidance"}, {"name": "Pre-Market Outlook"}, {"name": "Markets"}, {"name": "Trading Ideas"}], "stocks": [{"name": "AVAV"}, {"name": "AYI"}, {"name": "CAMP"}, {"name": "GIS"}, {"name": "MON"}, {"name": "NKE"}, {"name": "PIR"}, {"name": "SHLM"}, {"name": "UNF"}, {"name": "WOR"}], "tags": [{"name": "Stocks To Watch"}, {"name": "Stocks to Watch"}]}, {"id": 8164760, "author": "Benzinga", "created": "Wed, 29 Jun 2016 07:57:56 -0400", "updated": "Wed, 29 Jun 2016 07:57:56 -0400", "title": "A Peek Into The Markets: U.S. Stock Futures Surge Ahead Of Consumer Spending Data", "teaser": "", "body": "", "url": "https://www.benzinga.com/node/8164760", "image": [], "channels": [{"name": "Earnings"}, {"name": "News"}, {"name": "Guidance"}, {"name": "Eurozone"}, {"name": "Futures"}, {"name": "M&A"}, {"name": "Global"}, {"name": "Pre-Market Outlook"}, {"name": "Markets"}], "stocks": [{"name": "AVAV"}, {"name": "CM"}, {"name": "HTWR"}, {"name": "NKE"}, {"name": "OPB"}, {"name": "PVTB"}], "tags": [{"name": "Barclays"}, {"name": "U.S. stock futures"}]}, {"id": 8165034, "author": "Benzinga", "created": "Wed, 29 Jun 2016 08:43:26 -0400", "updated": "Wed, 29 Jun 2016 08:43:26 -0400", "title": "The Market In 5 Minutes", "teaser": "", "body": "", "url": "https://www.benzinga.com/node/8165034", "image": [], "channels": [{"name": "News"}, {"name": "Global"}, {"name": "Top Stories"}, {"name": "Pre-Market Outlook"}, {"name": "Markets"}], "stocks": [{"name": "AAPL"}, {"name": "AEG"}, {"name": "AMZN"}, {"name": "APO"}, {"name": "BIIB"}, {"name": "DRII"}, {"name": "DYN"}, {"name": "ESPR"}, {"name": "ETE"}, {"name": "GIS"}, {"name": "JD"}, {"name": "LGF"}, {"name": "MON"}, {"name": "NFLX"}, {"name": "NKE"}, {"name": "ORCL"}, {"name": "PBF"}, {"name": "SPY"}, {"name": "STRZA"}, {"name": "USO"}, {"name": "VRX"}, {"name": "WMB"}, {"name": "WMT"}], "tags": [{"name": "Consumer Discretionary"}, {"name": "Movies & Entertainment"}, {"name": "the market in 5 minutes"}]}, {"id": 8164754, "author": "Benzinga", "created": "Wed, 29 Jun 2016 08:57:27 -0400", "updated": "Wed, 29 Jun 2016 08:57:27 -0400", "title": "Consultants And Experts Are Raking In Billions Of Dollars From Stress Test", "teaser": "", "body": "", "url": "https://www.benzinga.com/node/8164754", "image": [], "channels": [{"name": "News"}, {"name": "Wall Street Journal"}, {"name": "Previews"}, {"name": "Events"}, {"name": "Top Stories"}, {"name": "Media"}, {"name": "Trading Ideas"}], "stocks": [{"name": "C"}, {"name": "JPM"}], "tags": [{"name": "bank stocks"}, {"name": "banks"}, {"name": "Banks Stress test"}, {"name": "stress test"}, {"name": "Stress Test Failing"}, {"name": "The Wall Street Journal"}, {"name": "Wall Street Journal"}]}, {"id": 8163597, "author": "Benzinga", "created": "Wed, 29 Jun 2016 09:23:16 -0400", "updated": "Wed, 29 Jun 2016 09:23:16 -0400", "title": "State Street Introduces Internet, Hardware ETFs", "teaser": "", "body": "", "url": "https://www.benzinga.com/node/8163597", "image": [], "channels": [{"name": "Long Ideas"}, {"name": "News"}, {"name": "Sector ETFs"}, {"name": "New ETFs"}, {"name": "Top Stories"}, {"name": "Tech"}, {"name": "Trading Ideas"}, {"name": "ETFs"}], "stocks": [{"name": "AAPL"}, {"name": "EMC"}, {"name": "LNKD"}, {"name": "NTAP"}, {"name": "P"}, {"name": "STT"}, {"name": "TWTR"}, {"name": "XLK"}, {"name": "YELP"}], "tags": [{"name": "SSgA"}, {"name": "State Street Corp"}, {"name": "State Street Global Advisors"}, {"name": "XTH"}, {"name": "XWEB"}]}, {"id": 8165308, "author": "Benzinga", "created": "Wed, 29 Jun 2016 10:12:10 -0400", "updated": "Wed, 29 Jun 2016 10:12:10 -0400", "title": "Wal-Mart Deal With JD.com Includes Incentives For Retailer To Raise Stake", "teaser": "", "body": "", "url": "https://www.benzinga.com/node/8165308", "image": [], "channels": [{"name": "News"}, {"name": "Emerging Markets"}, {"name": "Wall Street Journal"}, {"name": "Contracts"}, {"name": "Asset Sales"}, {"name": "Markets"}, {"name": "Media"}, {"name": "Trading Ideas"}], "stocks": [{"name": "BABA"}, {"name": "JD"}, {"name": "WMT"}], "tags": [{"name": "China eCommerce"}, {"name": "JD.com"}, {"name": "JD.com Wal-Mart"}, {"name": "Wal-Mart China"}, {"name": "Wall Street Journal"}]}, {"id": 8165112, "author": "Benzinga", "created": "Wed, 29 Jun 2016 09:47:14 -0400", "updated": "Wed, 29 Jun 2016 10:22:46 -0400", "title": "Like LeBron James, Nike Can Rise Above Criticism", "teaser": "", "body": "", "url": "https://www.benzinga.com/node/8165112", "image": [], "channels": [{"name": "Analyst Color"}, {"name": "Long Ideas"}, {"name": "News"}, {"name": "Price Target"}, {"name": "Reiteration"}, {"name": "Analyst Ratings"}, {"name": "Movers"}, {"name": "Trading Ideas"}], "stocks": [{"name": "NKE"}], "tags": [{"name": "Andrew Burns"}, {"name": "DA Davidson"}]}, {"id": 8165397, "author": "Benzinga", "created": "Wed, 29 Jun 2016 10:22:37 -0400", "updated": "Wed, 29 Jun 2016 10:23:02 -0400", "title": "Why Goldman Sachs Is Still Buying Nike Amid Choppy North American Waters", "teaser": "", "body": "", "url": "https://www.benzinga.com/node/8165397", "image": [], "channels": [{"name": "Analyst Color"}, {"name": "Earnings"}, {"name": "Long Ideas"}, {"name": "News"}, {"name": "Price Target"}, {"name": "Reiteration"}, {"name": "Analyst Ratings"}, {"name": "Movers"}, {"name": "Trading Ideas"}], "stocks": [{"name": "FL"}, {"name": "NKE"}], "tags": [{"name": "Goldman Sachs"}, {"name": "Lindsay Drucker Mann"}, {"name": "The Sports Authority"}, {"name": "Vestis Retial"}]}, {"id": 8164847, "author": "Benzinga", "created": "Wed, 29 Jun 2016 08:47:14 -0400", "updated": "Wed, 29 Jun 2016 10:23:15 -0400", "title": "Nike Is Nearing Citi's Bear-Case Scenario", "teaser": "", "body": "", "url": "https://www.benzinga.com/node/8164847", "image": [], "channels": [{"name": "Analyst Color"}, {"name": "Long Ideas"}, {"name": "News"}, {"name": "Price Target"}, {"name": "Reiteration"}, {"name": "Analyst Ratings"}, {"name": "Movers"}, {"name": "Trading Ideas"}], "stocks": [{"name": "ADDYY"}, {"name": "NKE"}], "tags": [{"name": "Citi"}, {"name": "Kate McShane"}]}, {"id": 8165301, "author": "Benzinga", "created": "Wed, 29 Jun 2016 09:11:03 -0400", "updated": "Wed, 29 Jun 2016 10:29:11 -0400", "title": "Nike On Track For 'Another Swoosh-Shaped Recovery'", "teaser": "", "body": "", "url": "https://www.benzinga.com/node/8165301", "image": [], "channels": [{"name": "Analyst Color"}, {"name": "Long Ideas"}, {"name": "News"}, {"name": "Reiteration"}, {"name": "Analyst Ratings"}, {"name": "Movers"}, {"name": "Trading Ideas"}], "stocks": [{"name": "NKE"}], "tags": [{"name": "Michael Binetti"}, {"name": "UBS"}]}, {"id": 8165909, "author": "Benzinga", "created": "Wed, 29 Jun 2016 11:57:58 -0400", "updated": "Wed, 29 Jun 2016 11:57:59 -0400", "title": "Wal-Mart Tries To Steal Amazon Prime Day's Thunder", "teaser": "", "body": "", "url": "https://www.benzinga.com/node/8165909", "image": [], "channels": [{"name": "News"}, {"name": "Events"}, {"name": "Trading Ideas"}, {"name": "General"}], "stocks": [{"name": "AMZN"}, {"name": "WMT"}], "tags": [{"name": "Amazon Prime"}, {"name": "Amazon Prime Day"}, {"name": "Prime Day"}, {"name": "ShippingPass"}]}, {"id": 8166078, "author": "Benzinga", "created": "Wed, 29 Jun 2016 12:03:27 -0400", "updated": "Wed, 29 Jun 2016 12:03:27 -0400", "title": "JPMorgan Sets $67 December 2017 Price Target On Nike", "teaser": "", "body": "", "url": "https://www.benzinga.com/node/8166078", "image": [], "channels": [{"name": "Analyst Color"}, {"name": "Earnings"}, {"name": "Long Ideas"}, {"name": "News"}, {"name": "Price Target"}, {"name": "Reiteration"}, {"name": "Analyst Ratings"}, {"name": "Movers"}, {"name": "Trading Ideas"}], "stocks": [{"name": "NKE"}], "tags": [{"name": "JPMorgan"}, {"name": "Matthew Boss"}]}, {"id": 8165832, "author": "Benzinga", "created": "Wed, 29 Jun 2016 12:13:44 -0400", "updated": "Wed, 29 Jun 2016 12:13:44 -0400", "title": "Running, Sportswear Categories And Major Products Responsible For Nike's Positive Q4", "teaser": "", "body": "", "url": "https://www.benzinga.com/node/8165832", "image": [], "channels": [{"name": "Analyst Color"}, {"name": "Earnings"}, {"name": "Long Ideas"}, {"name": "News"}, {"name": "Price Target"}, {"name": "Reiteration"}, {"name": "Analyst Ratings"}, {"name": "Movers"}, {"name": "Trading Ideas"}], "stocks": [{"name": "NKE"}], "tags": [{"name": "Barclays"}]}, {"id": 8166825, "author": "Benzinga", "created": "Wed, 29 Jun 2016 14:16:26 -0400", "updated": "Wed, 29 Jun 2016 14:16:26 -0400", "title": "TBR Survey Names IBM As Leader Of Hybrid Cloud Development Platform", "teaser": "", "body": "", "url": "https://www.benzinga.com/node/8166825", "image": [], "channels": [{"name": "News"}, {"name": "Tech"}], "stocks": [{"name": "IBM"}], "tags": []}, {"id": 8166633, "author": "Benzinga", "created": "Wed, 29 Jun 2016 14:42:41 -0400", "updated": "Wed, 29 Jun 2016 14:42:41 -0400", "title": "New Details On Alcoa's Plans To Split Into 2 Companies", "teaser": "", "body": "", "url": "https://www.benzinga.com/node/8166633", "image": [], "channels": [{"name": "News"}, {"name": "Commodities"}, {"name": "Stock Split"}, {"name": "Markets"}, {"name": "Media"}, {"name": "Trading Ideas"}], "stocks": [{"name": "AA"}, {"name": "BA"}, {"name": "F"}], "tags": [{"name": "787 Dreamliner"}, {"name": "Alcoa Corp."}, {"name": "Aluminum"}, {"name": "Arconic Inc."}, {"name": "Boeing 737 MAX"}, {"name": "Boeing 777X"}, {"name": "Boeing 787 Dreamliner"}, {"name": "F-150"}, {"name": "Reuters"}]}, {"id": 8167163, "author": "Benzinga", "created": "Wed, 29 Jun 2016 15:03:17 -0400", "updated": "Wed, 29 Jun 2016 15:03:17 -0400", "title": "Verizon And Samsung Launch 4G LTE Network Extender For Businesses And Homes", "teaser": "", "body": "", "url": "https://www.benzinga.com/node/8167163", "image": [], "channels": [{"name": "News"}, {"name": "Tech"}], "stocks": [{"name": "VZ"}], "tags": []}, {"id": 8167235, "author": "Benzinga", "created": "Wed, 29 Jun 2016 15:04:28 -0400", "updated": "Wed, 29 Jun 2016 15:04:30 -0400", "title": "Which Sectors Have Been Most Affected By Brexit?", "teaser": "", "body": "", "url": "https://www.benzinga.com/node/8167235", "image": [], "channels": [{"name": "News"}, {"name": "Eurozone"}, {"name": "Global"}, {"name": "Economics"}, {"name": "Markets"}, {"name": "General"}], "stocks": [{"name": "CVX"}, {"name": "MO"}, {"name": "RAI"}, {"name": "STZ"}, {"name": "XOM"}], "tags": []}, {"id": 8166808, "author": "Benzinga", "created": "Wed, 29 Jun 2016 15:04:36 -0400", "updated": "Wed, 29 Jun 2016 15:04:36 -0400", "title": "Regeneron Is 'One Of The Stronger Growers In Biotech'", "teaser": "", "body": "", "url": "https://www.benzinga.com/node/8166808", "image": [], "channels": [{"name": "Analyst Color"}, {"name": "Biotech"}, {"name": "Long Ideas"}, {"name": "News"}, {"name": "Health Care"}, {"name": "Price Target"}, {"name": "Initiation"}, {"name": "Analyst Ratings"}, {"name": "Movers"}, {"name": "Trading Ideas"}, {"name": "General"}], "stocks": [{"name": "AMGN"}, {"name": "NVS"}, {"name": "REGN"}], "tags": [{"name": "Aaron Gal"}, {"name": "Allergan plc"}, {"name": "Bernstein"}, {"name": "Dupilumab"}, {"name": "EYLEA"}, {"name": "Novartis"}, {"name": "Praluent"}]}, {"id": 8167472, "author": "Benzinga", "created": "Wed, 29 Jun 2016 16:26:05 -0400", "updated": "Wed, 29 Jun 2016 16:26:06 -0400", "title": "10 Most Notable Analyst Reactions To Nike's Earnings", "teaser": "", "body": "", "url": "https://www.benzinga.com/node/8167472", "image": [], "channels": [{"name": "Analyst Color"}, {"name": "Earnings"}, {"name": "Long Ideas"}, {"name": "News"}, {"name": "Guidance"}, {"name": "Price Target"}, {"name": "Reiteration"}, {"name": "Analyst Ratings"}, {"name": "Trading Ideas"}], "stocks": [{"name": "NKE"}], "tags": []}, {"id": 8168154, "author": "Benzinga", "created": "Wed, 29 Jun 2016 16:51:24 -0400", "updated": "Wed, 29 Jun 2016 16:51:24 -0400", "title": "Coca-Cola Scales Back On Beverages As Vermont GMO Law Takes Effect", "teaser": "", "body": "", "url": "https://www.benzinga.com/node/8168154", "image": [], "channels": [{"name": "News"}, {"name": "Legal"}, {"name": "Trading Ideas"}], "stocks": [{"name": "KO"}, {"name": "PEP"}], "tags": []}, {"id": 8168463, "author": "Benzinga", "created": "Wed, 29 Jun 2016 17:09:41 -0400", "updated": "Wed, 29 Jun 2016 17:09:41 -0400", "title": "Earnings & Capital Plans Moving 4 Stocks In Wednesday's After-Hours Session", "teaser": "", "body": "", "url": "https://www.benzinga.com/node/8168463", "image": [], "channels": [{"name": "Earnings"}, {"name": "News"}, {"name": "Guidance"}, {"name": "Dividends"}, {"name": "Buybacks"}, {"name": "After-Hours Center"}, {"name": "Movers"}], "stocks": [{"name": "JPM"}, {"name": "PIR"}, {"name": "PRGS"}, {"name": "WFC"}], "tags": []}, {"id": 8168748, "author": "Benzinga", "created": "Wed, 29 Jun 2016 17:32:56 -0400", "updated": "Wed, 29 Jun 2016 17:32:58 -0400", "title": "Stress Test Finale: Everything You Need To Know About Banks Returning Profits To Shareholders", "teaser": "", "body": "", "url": "https://www.benzinga.com/node/8168748", "image": [], "channels": [{"name": "News"}, {"name": "Dividends"}, {"name": "Buybacks"}, {"name": "Economics"}, {"name": "Federal Reserve"}, {"name": "After-Hours Center"}, {"name": "Movers"}], "stocks": [{"name": "ALLY"}, {"name": "AXP"}, {"name": "BAC"}, {"name": "BBT"}, {"name": "BK"}, {"name": "C"}, {"name": "CFG"}, {"name": "CMA"}, {"name": "COF"}, {"name": "DB"}, {"name": "DFS"}, {"name": "FITB"}, {"name": "HBAN"}, {"name": "KEY"}, {"name": "MS"}, {"name": "MTB"}, {"name": "NTRS"}, {"name": "PNC"}, {"name": "RF"}, {"name": "SAN"}, {"name": "STI"}, {"name": "STT"}, {"name": "USB"}, {"name": "WFC"}, {"name": "XLF"}], "tags": [{"name": "stress test"}]}, {"id": 8168656, "author": "Benzinga", "created": "Wed, 29 Jun 2016 17:42:55 -0400", "updated": "Wed, 29 Jun 2016 17:42:55 -0400", "title": "There's A New Online Player In The Dollar Store Space", "teaser": "", "body": "", "url": "https://www.benzinga.com/node/8168656", "image": [], "channels": [{"name": "Fintech"}, {"name": "News"}, {"name": "Startups"}], "stocks": [{"name": "DG"}, {"name": "DLTR"}, {"name": "FIVE"}, {"name": "TGT"}, {"name": "WMT"}], "tags": [{"name": "Hollar"}]}, {"id": 8168818, "author": "Benzinga", "created": "Wed, 29 Jun 2016 18:05:35 -0400", "updated": "Wed, 29 Jun 2016 18:06:09 -0400", "title": "Benzinga's M&A Chatter for Wednesday June 29, 2016", "teaser": "", "body": "", "url": "https://www.benzinga.com/node/8168818", "image": [], "channels": [{"name": "News"}, {"name": "Rumors"}, {"name": "M&A"}], "stocks": [{"name": "APO"}, {"name": "CM"}, {"name": "CSCO"}, {"name": "DRII"}, {"name": "NTAP"}, {"name": "PVTB"}], "tags": []}]