[{"id": 8722714, "author": "Benzinga", "created": "Mon, 21 Nov 2016 09:19:36 -0400", "updated": "Mon, 21 Nov 2016 09:19:37 -0400", "title": "Foot Locker's Diversified Business Model Makes It A Buy", "teaser": "", "body": "", "url": "https://www.benzinga.com/node/8722714", "image": [], "channels": [{"name": "Analyst Color"}, {"name": "Earnings"}, {"name": "Long Ideas"}, {"name": "News"}, {"name": "Guidance"}, {"name": "Price Target"}, {"name": "Reiteration"}, {"name": "Analyst Ratings"}, {"name": "Trading Ideas"}], "stocks": [{"name": "ADDYY"}, {"name": "FL"}, {"name": "NKE"}, {"name": "UA"}], "tags": [{"name": "Brean Capital"}, {"name": "Eric Tracy"}]}, {"id": 8723218, "author": "Benzinga", "created": "Mon, 21 Nov 2016 11:05:44 -0400", "updated": "Mon, 21 Nov 2016 11:05:44 -0400", "title": "JPMorgan Considers McDonald's Australia Strategy", "teaser": "", "body": "", "url": "https://www.benzinga.com/node/8723218", "image": [], "channels": [{"name": "Analyst Color"}, {"name": "Long Ideas"}, {"name": "News"}, {"name": "Reiteration"}, {"name": "Restaurants"}, {"name": "Global"}, {"name": "Analyst Ratings"}, {"name": "Trading Ideas"}, {"name": "General"}], "stocks": [{"name": "MCD"}], "tags": [{"name": "John Ivankoe"}, {"name": "JPMorgan"}]}, {"id": 8724073, "author": "Benzinga", "created": "Mon, 21 Nov 2016 12:57:20 -0400", "updated": "Mon, 21 Nov 2016 12:57:20 -0400", "title": "Weekend Box Office Misses Traget Despite Solid 'Fantastic Beasts' Open", "teaser": "", "body": "", "url": "https://www.benzinga.com/node/8724073", "image": [], "channels": [{"name": "Analyst Color"}, {"name": "News"}, {"name": "Analyst Ratings"}, {"name": "Media"}, {"name": "Trading Ideas"}, {"name": "General"}], "stocks": [{"name": "DIS"}, {"name": "FOXA"}, {"name": "IMAX"}, {"name": "TWX"}], "tags": [{"name": "Dr. Strange"}, {"name": "Fantastic Beasts And Where To Find Them"}, {"name": "Harry Potter"}, {"name": "Trolls"}]}, {"id": 8724328, "author": "Benzinga", "created": "Mon, 21 Nov 2016 13:15:04 -0400", "updated": "Mon, 21 Nov 2016 13:15:04 -0400", "title": "Inside One Of The Most Secretive And Successful Hedge Funds In The World", "teaser": "", "body": "", "url": "https://www.benzinga.com/node/8724328", "image": [], "channels": [{"name": "News"}, {"name": "Education"}, {"name": "Hedge Funds"}, {"name": "Movers"}, {"name": "Tech"}, {"name": "Media"}, {"name": "General"}], "stocks": [{"name": "IBM"}], "tags": [{"name": "Bloomberg"}, {"name": "Medallion Fund"}, {"name": "Renaissance Technologies"}]}, {"id": 8723817, "author": "Benzinga", "created": "Mon, 21 Nov 2016 13:42:50 -0400", "updated": "Mon, 21 Nov 2016 13:42:50 -0400", "title": "How Have Movie Universe Spinoffs Performed Compared To The Originals?", "teaser": "", "body": "", "url": "https://www.benzinga.com/node/8723817", "image": [], "channels": [{"name": "News"}, {"name": "Events"}, {"name": "Media"}, {"name": "Trading Ideas"}], "stocks": [{"name": "DIS"}, {"name": "FOXA"}, {"name": "TWX"}], "tags": [{"name": "Deadpool"}, {"name": "Fantastic Beasts And Where To Find Them"}, {"name": "Harry Potter"}, {"name": "Marvel Studios"}, {"name": "Rogue One"}, {"name": "Star Wars"}, {"name": "Star Wars Episode VII: The Force Awakens"}, {"name": "X-Men"}]}, {"id": 8724455, "author": "Benzinga", "created": "Mon, 21 Nov 2016 14:11:45 -0400", "updated": "Mon, 21 Nov 2016 14:11:46 -0400", "title": "The Street Already Preparing Estimates For Apple's 2018 Smartphone Cycle", "teaser": "", "body": "", "url": "https://www.benzinga.com/node/8724455", "image": [], "channels": [{"name": "Analyst Color"}, {"name": "Long Ideas"}, {"name": "News"}, {"name": "Price Target"}, {"name": "Previews"}, {"name": "Reiteration"}, {"name": "Analyst Ratings"}, {"name": "Movers"}, {"name": "Tech"}, {"name": "Trading Ideas"}], "stocks": [{"name": "AAPL"}], "tags": [{"name": "Canaccord Genuity"}, {"name": "Michael Walkley"}]}, {"id": 8724565, "author": "Benzinga", "created": "Mon, 21 Nov 2016 14:38:47 -0400", "updated": "Mon, 21 Nov 2016 14:38:47 -0400", "title": "Previewing Black Friday Week: Apple Best Positioned Tech Name", "teaser": "", "body": "", "url": "https://www.benzinga.com/node/8724565", "image": [], "channels": [{"name": "Analyst Color"}, {"name": "News"}, {"name": "Previews"}, {"name": "Events"}, {"name": "Analyst Ratings"}, {"name": "Movers"}, {"name": "Tech"}, {"name": "Trading Ideas"}, {"name": "General"}], "stocks": [{"name": "AAPL"}, {"name": "AUO"}, {"name": "GLW"}, {"name": "LPL"}], "tags": [{"name": "Airpod"}, {"name": "Black Friday"}, {"name": "Brian White"}, {"name": "Consumer Technology Association"}, {"name": "CTA"}, {"name": "Drexel Hamilton"}, {"name": "holiday shopping season"}, {"name": "National Retail Federation"}, {"name": "NRF"}]}, {"id": 8724721, "author": "Benzinga", "created": "Mon, 21 Nov 2016 15:53:01 -0400", "updated": "Mon, 21 Nov 2016 15:53:01 -0400", "title": "Apple Isn't Massively Benefiting From Samsung Note 7 Recall, But Google Pixel Is", "teaser": "", "body": "", "url": "https://www.benzinga.com/node/8724721", "image": [], "channels": [{"name": "Analyst Color"}, {"name": "News"}, {"name": "Price Target"}, {"name": "Reiteration"}, {"name": "Analyst Ratings"}, {"name": "Movers"}, {"name": "Tech"}, {"name": "Trading Ideas"}, {"name": "General"}], "stocks": [{"name": "AAPL"}, {"name": "GOOG"}, {"name": "GOOGL"}], "tags": [{"name": "Canaccord Genuity"}, {"name": "Galaxy Note 7s"}, {"name": "Gartner"}, {"name": "iPhone 7"}, {"name": "iPhone 7 Plus"}, {"name": "iPhones"}, {"name": "Michael Walkley"}, {"name": "Samsung"}]}]