[{"id": 6261844, "author": "Benzinga", "created": "Sat, 13 Feb 2016 23:37:31 -0400", "updated": "Sat, 13 Feb 2016 23:37:31 -0400", "title": "Viacom's 'Transformers' Sequels Causing Trouble For Time Warner", "teaser": "", "body": "", "url": "https://www.benzinga.com/node/6261844", "image": [], "channels": [{"name": "Long Ideas"}, {"name": "News"}, {"name": "Education"}, {"name": "Events"}, {"name": "Markets"}, {"name": "Trading Ideas"}, {"name": "General"}], "stocks": [{"name": "DIS"}, {"name": "SNE"}, {"name": "TWX"}, {"name": "VIA"}, {"name": "VIAB"}], "tags": [{"name": "Mark Wahlberg"}, {"name": "Paramount"}, {"name": "Transformers"}, {"name": "Warner Bros."}, {"name": "WB"}]}]