[{"id": 8297331, "author": "Benzinga", "created": "Wed, 03 Aug 2016 07:42:49 -0400", "updated": "Wed, 03 Aug 2016 07:42:49 -0400", "title": "Why Is Biogen Attractive? Credit Suisse Sees 12-24% Upside Takeout Potential", "teaser": "", "body": "", "url": "https://www.benzinga.com/node/8297331", "image": [], "channels": [{"name": "Analyst Color"}, {"name": "News"}, {"name": "Reiteration"}, {"name": "M&A"}, {"name": "Analyst Ratings"}], "stocks": [{"name": "AGN"}, {"name": "BIIB"}, {"name": "MRK"}], "tags": [{"name": "Alethia Young"}, {"name": "Credit Suisse"}]}, {"id": 8296059, "author": "Benzinga", "created": "Wed, 03 Aug 2016 08:33:19 -0400", "updated": "Wed, 03 Aug 2016 08:33:20 -0400", "title": "Universal Sets Date For 'Secret Life Of Pets' Sequel, As Original Continues Box Office Climb", "teaser": "", "body": "", "url": "https://www.benzinga.com/node/8296059", "image": [], "channels": [{"name": "News"}, {"name": "Events"}, {"name": "Tech"}, {"name": "Media"}, {"name": "General"}], "stocks": [{"name": "CMCSA"}, {"name": "DIS"}], "tags": [{"name": "Brian Lynch"}, {"name": "Chris Renaud"}, {"name": "Eric Stonestreet"}, {"name": "Finding Dory"}, {"name": "Kevin Hart"}, {"name": "Louis C.K."}, {"name": "Secret Life Of Pets"}, {"name": "Secret Life of Pets 2"}]}, {"id": 8297518, "author": "Benzinga", "created": "Wed, 03 Aug 2016 08:59:14 -0400", "updated": "Wed, 03 Aug 2016 08:59:14 -0400", "title": "The Market In 5 Minutes: Downtrend Continues", "teaser": "", "body": "", "url": "https://www.benzinga.com/node/8297518", "image": [], "channels": [{"name": "News"}, {"name": "Global"}, {"name": "Top Stories"}, {"name": "Pre-Market Outlook"}, {"name": "Markets"}], "stocks": [{"name": "AGN"}, {"name": "AMZN"}, {"name": "BCO"}, {"name": "BIIB"}, {"name": "CW"}, {"name": "DATA"}, {"name": "EA"}, {"name": "ETSY"}, {"name": "FCAU"}, {"name": "FIT"}, {"name": "Kate"}, {"name": "MRK"}, {"name": "PSX"}, {"name": "QRVO"}, {"name": "RUBI"}, {"name": "SPY"}, {"name": "SSNLF"}, {"name": "TBPH"}, {"name": "TWX"}, {"name": "WDC"}], "tags": [{"name": "the market in 5 minutes"}]}, {"id": 8298640, "author": "Benzinga", "created": "Wed, 03 Aug 2016 12:15:19 -0400", "updated": "Wed, 03 Aug 2016 12:15:19 -0400", "title": "Boeing's Recent Weakness Presents Buying Opportunity", "teaser": "", "body": "", "url": "https://www.benzinga.com/node/8298640", "image": [], "channels": [{"name": "Analyst Color"}, {"name": "Earnings"}, {"name": "Long Ideas"}, {"name": "News"}, {"name": "Guidance"}, {"name": "Price Target"}, {"name": "Reiteration"}, {"name": "Analyst Ratings"}, {"name": "Trading Ideas"}], "stocks": [{"name": "BA"}], "tags": [{"name": "Argus"}, {"name": "John Eade"}]}, {"id": 8299538, "author": "Benzinga", "created": "Wed, 03 Aug 2016 13:31:08 -0400", "updated": "Wed, 03 Aug 2016 13:31:08 -0400", "title": "How Would Jet.com Fit Into Wal-Mart's Operations?", "teaser": "", "body": "", "url": "https://www.benzinga.com/node/8299538", "image": [], "channels": [{"name": "Analyst Color"}, {"name": "News"}, {"name": "Rumors"}, {"name": "M&A"}, {"name": "Analyst Ratings"}, {"name": "General"}], "stocks": [{"name": "AMZN"}, {"name": "WMT"}], "tags": [{"name": "Jet.com"}, {"name": "Marc Lore"}, {"name": "Quidsi"}]}, {"id": 8299958, "author": "Benzinga", "created": "Wed, 03 Aug 2016 13:54:39 -0400", "updated": "Wed, 03 Aug 2016 13:54:40 -0400", "title": "Notable Stocks Trading Ex-Dividend Thursday, August 4", "teaser": "", "body": "", "url": "https://www.benzinga.com/node/8299958", "image": [], "channels": [{"name": "News"}, {"name": "Dividends"}, {"name": "Markets"}, {"name": "Trading Ideas"}], "stocks": [{"name": "AAPL"}, {"name": "BHI"}, {"name": "COF"}, {"name": "ETE"}, {"name": "GWW"}, {"name": "HCP"}, {"name": "MET"}, {"name": "NSC"}, {"name": "PETS"}, {"name": "PZZA"}], "tags": [{"name": "Ex-Dividend"}]}, {"id": 8299837, "author": "Benzinga", "created": "Wed, 03 Aug 2016 15:20:49 -0400", "updated": "Wed, 03 Aug 2016 15:20:49 -0400", "title": "D.A. Davidson Bails On Tableau Software, Downgrades And Cuts Price Target 42%", "teaser": "", "body": "", "url": "https://www.benzinga.com/node/8299837", "image": [], "channels": [{"name": "Analyst Color"}, {"name": "Earnings"}, {"name": "News"}, {"name": "Downgrades"}, {"name": "Price Target"}, {"name": "Analyst Ratings"}, {"name": "Tech"}], "stocks": [{"name": "AMZN"}, {"name": "DATA"}, {"name": "MSFT"}], "tags": [{"name": "D.A. Davidson"}, {"name": "Jack Andrews"}]}, {"id": 8301701, "author": "Benzinga", "created": "Wed, 03 Aug 2016 17:08:33 -0400", "updated": "Wed, 03 Aug 2016 17:08:33 -0400", "title": "Bob Peck: Twitter Isn't For Sale", "teaser": "", "body": "", "url": "https://www.benzinga.com/node/8301701", "image": [], "channels": [{"name": "Analyst Color"}, {"name": "News"}, {"name": "Rumors"}, {"name": "M&A"}, {"name": "Opinion"}, {"name": "Analyst Ratings"}, {"name": "Trading Ideas"}], "stocks": [{"name": "MSFT"}, {"name": "TWTR"}], "tags": [{"name": "Bob Peck"}, {"name": "SunTrust"}]}, {"id": 8303222, "author": "Benzinga", "created": "Wed, 03 Aug 2016 20:26:23 -0400", "updated": "Wed, 03 Aug 2016 20:26:23 -0400", "title": "Benzinga's M&A Chatter for Wednesday August 3, 2016", "teaser": "", "body": "", "url": "https://www.benzinga.com/node/8303222", "image": [], "channels": [{"name": "News"}, {"name": "Rumors"}, {"name": "M&A"}, {"name": "Movers"}], "stocks": [{"name": "AGN"}, {"name": "AMZN"}, {"name": "BIIB"}, {"name": "MRK"}, {"name": "TWTR"}, {"name": "WMT"}], "tags": []}]