[{"id": 7985349, "author": "Benzinga", "created": "Mon, 16 May 2016 08:02:33 -0400", "updated": "Mon, 16 May 2016 08:02:33 -0400", "title": "Berkshire Hathaway Just Reported 9.8 Million Share Stake In Apple", "teaser": "", "body": "", "url": "https://www.benzinga.com/node/7985349", "image": [], "channels": [{"name": "News"}, {"name": "Movers"}], "stocks": [{"name": "AAPL"}, {"name": "BRK-B"}], "tags": [{"name": "Berkshire Hathaway"}, {"name": "Berkshire Hathaway Apple"}, {"name": "CNBC"}, {"name": "Warren Buffett"}]}, {"id": 7985636, "author": "Benzinga", "created": "Mon, 16 May 2016 08:24:18 -0400", "updated": "Mon, 16 May 2016 08:24:18 -0400", "title": "10 Stocks Moving In Monday's Pre-Market Session", "teaser": "", "body": "", "url": "https://www.benzinga.com/node/7985636", "image": [], "channels": [{"name": "News"}, {"name": "Movers & Shakers"}, {"name": "Pre-Market Outlook"}, {"name": "Markets"}, {"name": "Movers"}], "stocks": [{"name": "AAPL"}, {"name": "ANAC"}, {"name": "BBEP"}, {"name": "GCI"}, {"name": "LMNX"}, {"name": "MRD"}, {"name": "NSPH"}, {"name": "PFE"}, {"name": "REGN"}, {"name": "RRC"}, {"name": "TEX"}, {"name": "TPUB"}, {"name": "TRVN"}], "tags": [{"name": "#PreMarket Gainers"}, {"name": "Health Care"}, {"name": "Life Sciences Tools & Services"}, {"name": "Losers"}, {"name": "Top Gainers"}]}, {"id": 7985071, "author": "Benzinga", "created": "Mon, 16 May 2016 09:05:30 -0400", "updated": "Mon, 16 May 2016 09:05:30 -0400", "title": "Uber's Rival And Apple's Latest Investment May File For A 2018 IPO", "teaser": "", "body": "", "url": "https://www.benzinga.com/node/7985071", "image": [], "channels": [{"name": "News"}, {"name": "Emerging Markets"}, {"name": "Rumors"}, {"name": "Travel"}, {"name": "IPOs"}, {"name": "Markets"}, {"name": "Tech"}, {"name": "Trading Ideas"}, {"name": "General"}], "stocks": [{"name": "AAPL"}, {"name": "BABA"}, {"name": "TCTZF"}], "tags": [{"name": "Didi Chuxing"}, {"name": "Didi Chuxing IPO"}, {"name": "Didi Kuaidi"}, {"name": "Reuters"}, {"name": "Uber"}, {"name": "Uber China"}]}, {"id": 7985249, "author": "Benzinga", "created": "Mon, 16 May 2016 09:22:41 -0400", "updated": "Mon, 16 May 2016 09:22:41 -0400", "title": "Tim Cook Just Completed A Tour Of China, Met With Didi Chuxing's President", "teaser": "", "body": "", "url": "https://www.benzinga.com/node/7985249", "image": [], "channels": [{"name": "CNBC"}, {"name": "News"}, {"name": "Emerging Markets"}, {"name": "Travel"}, {"name": "Management"}, {"name": "Events"}, {"name": "Markets"}, {"name": "Tech"}, {"name": "Media"}, {"name": "General"}], "stocks": [{"name": "AAPL"}], "tags": [{"name": "China Apps"}, {"name": "CNBC"}, {"name": "Didi Chuxing"}, {"name": "Fortune"}, {"name": "Jean Lui"}, {"name": "Liu Qing"}, {"name": "Meituan"}, {"name": "MeituPic"}, {"name": "Narendra Modi"}, {"name": "Tim Cook"}, {"name": "Tim Cook China"}, {"name": "Tim Cook India"}]}, {"id": 7986240, "author": "Benzinga", "created": "Mon, 16 May 2016 09:45:29 -0400", "updated": "Mon, 16 May 2016 09:45:29 -0400", "title": "Merck To Present New And Updated Data On KEYTRUDA", "teaser": "", "body": "", "url": "https://www.benzinga.com/node/7986240", "image": [], "channels": [{"name": "Biotech"}, {"name": "News"}, {"name": "General"}], "stocks": [{"name": "MRK"}], "tags": []}, {"id": 7985966, "author": "Benzinga", "created": "Mon, 16 May 2016 09:48:09 -0400", "updated": "Mon, 16 May 2016 09:48:10 -0400", "title": "The Market In 5 Minutes: Need A Hand?", "teaser": "", "body": "", "url": "https://www.benzinga.com/node/7985966", "image": [], "channels": [{"name": "News"}, {"name": "Global"}, {"name": "Top Stories"}], "stocks": [{"name": "AMZN"}, {"name": "ANAC"}, {"name": "FB"}, {"name": "GOOG"}, {"name": "JCP"}, {"name": "LULU"}, {"name": "MSFT"}, {"name": "NOK"}, {"name": "PFE"}, {"name": "TWTR"}, {"name": "USO"}, {"name": "WB"}, {"name": "YHOO"}], "tags": [{"name": "the market in 5 minutes"}]}, {"id": 7986713, "author": "Benzinga", "created": "Mon, 16 May 2016 10:07:53 -0400", "updated": "Mon, 16 May 2016 10:07:54 -0400", "title": "McKesson And Walmart Reveal Sourcing Deal For Generic Pharmaceuticals", "teaser": "", "body": "", "url": "https://www.benzinga.com/node/7986713", "image": [], "channels": [{"name": "Biotech"}, {"name": "News"}, {"name": "Small Cap Analysis"}, {"name": "Trading Ideas"}, {"name": "General"}], "stocks": [{"name": "MCK"}, {"name": "WMT"}], "tags": []}, {"id": 7985578, "author": "Benzinga", "created": "Mon, 16 May 2016 10:09:46 -0400", "updated": "Mon, 16 May 2016 10:09:47 -0400", "title": "Goldman Is Concerned On Retail Stocks, Where To Park The Money?", "teaser": "", "body": "", "url": "https://www.benzinga.com/node/7985578", "image": [], "channels": [{"name": "Analyst Color"}, {"name": "News"}, {"name": "Analyst Ratings"}], "stocks": [{"name": "AAP"}, {"name": "AEO"}, {"name": "AMZN"}, {"name": "ANF"}, {"name": "ARMK"}, {"name": "BURL"}, {"name": "BWLD"}, {"name": "CRI"}, {"name": "DECK"}, {"name": "DG"}, {"name": "DLTR"}, {"name": "DRII"}, {"name": "EXPR"}, {"name": "FL"}, {"name": "FUN"}, {"name": "HBI"}, {"name": "JCP"}, {"name": "KHC"}, {"name": "KMX"}, {"name": "LOW"}, {"name": "MAT"}, {"name": "MNST"}, {"name": "MTN"}, {"name": "NKE"}, {"name": "PENN"}, {"name": "RCL"}, {"name": "SBH"}, {"name": "SBUX"}, {"name": "SPWH"}, {"name": "TJX"}, {"name": "VFC"}, {"name": "W"}, {"name": "WYN"}], "tags": [{"name": "Consumer Discretionary"}, {"name": "Home Improvement Retail"}, {"name": "Leisure Products"}]}, {"id": 7987499, "author": "Benzinga", "created": "Mon, 16 May 2016 11:27:56 -0400", "updated": "Mon, 16 May 2016 11:27:58 -0400", "title": "Earnings: It's True, We're All Updating Our Homes, Says HD", "teaser": "", "body": "", "url": "https://www.benzinga.com/node/7987499", "image": [], "channels": [{"name": "Earnings"}, {"name": "News"}, {"name": "Retail Sales"}, {"name": "Markets"}, {"name": "Trading Ideas"}, {"name": "General"}], "stocks": [{"name": "HD"}, {"name": "LOW"}], "tags": [{"name": "BZ Sponsored"}, {"name": "Consumer Discretionary"}, {"name": "Home Improvement Retail"}]}, {"id": 7986860, "author": "Benzinga", "created": "Mon, 16 May 2016 11:53:50 -0400", "updated": "Mon, 16 May 2016 11:53:51 -0400", "title": "Salesforce Reported A 'Monster' Q4, So Expect Softer Q1", "teaser": "", "body": "", "url": "https://www.benzinga.com/node/7986860", "image": [], "channels": [{"name": "Analyst Color"}, {"name": "News"}, {"name": "Price Target"}, {"name": "Reiteration"}, {"name": "Analyst Ratings"}], "stocks": [{"name": "CRM"}], "tags": []}, {"id": 7987763, "author": "Benzinga", "created": "Mon, 16 May 2016 12:43:33 -0400", "updated": "Mon, 16 May 2016 12:43:33 -0400", "title": "Wal-Mart Launches Walmart Pay In Arkansas And Texas", "teaser": "", "body": "", "url": "https://www.benzinga.com/node/7987763", "image": [], "channels": [{"name": "News"}], "stocks": [{"name": "WMT"}], "tags": []}, {"id": 7987463, "author": "Benzinga", "created": "Mon, 16 May 2016 13:36:47 -0400", "updated": "Mon, 16 May 2016 13:36:47 -0400", "title": "Wal-Mart To Test Unlimited Two-Day Shipping, But Is It Too Little, Too Late", "teaser": "", "body": "", "url": "https://www.benzinga.com/node/7987463", "image": [], "channels": [{"name": "Analyst Color"}, {"name": "News"}, {"name": "Analyst Ratings"}], "stocks": [{"name": "AMZN"}, {"name": "OSTK"}, {"name": "TGT"}, {"name": "WMT"}], "tags": []}, {"id": 7987334, "author": "Benzinga", "created": "Mon, 16 May 2016 13:49:38 -0400", "updated": "Mon, 16 May 2016 13:49:38 -0400", "title": "Defense And Consumer Goods Sectors Continue To Boast High Yields", "teaser": "", "body": "", "url": "https://www.benzinga.com/node/7987334", "image": [], "channels": [{"name": "Long Ideas"}, {"name": "News"}, {"name": "Movers"}, {"name": "Trading Ideas"}, {"name": "General"}], "stocks": [{"name": "BA"}, {"name": "CAG"}, {"name": "CPB"}, {"name": "GIS"}, {"name": "K"}, {"name": "KHC"}, {"name": "LMT"}, {"name": "NOC"}, {"name": "RTN"}, {"name": "TDG"}], "tags": [{"name": "Airbus"}, {"name": "Consumer Goods"}, {"name": "defense"}]}, {"id": 7984143, "author": "Benzinga", "created": "Mon, 16 May 2016 15:53:55 -0400", "updated": "Mon, 16 May 2016 15:53:55 -0400", "title": "An ETF That Takes Investors To Dividend Growth", "teaser": "", "body": "", "url": "https://www.benzinga.com/node/7984143", "image": [], "channels": [{"name": "Long Ideas"}, {"name": "News"}, {"name": "Broad U.S. Equity ETFs"}, {"name": "Dividends"}, {"name": "Dividends"}, {"name": "Intraday Update"}, {"name": "Markets"}, {"name": "Trading Ideas"}, {"name": "ETFs"}], "stocks": [{"name": "DGRO"}, {"name": "JNJ"}, {"name": "PFE"}, {"name": "XOM"}], "tags": []}, {"id": 7991508, "author": "Benzinga", "created": "Mon, 16 May 2016 18:20:39 -0400", "updated": "Mon, 16 May 2016 18:20:39 -0400", "title": "It's 13F Season: All Of Carl Icahn's Positions", "teaser": "", "body": "", "url": "https://www.benzinga.com/node/7991508", "image": [], "channels": [{"name": "News"}, {"name": "Hedge Funds"}, {"name": "General"}], "stocks": [{"name": "AAPL"}, {"name": "AIG"}, {"name": "ENZN"}, {"name": "GCI"}, {"name": "HOLX"}, {"name": "IEP"}, {"name": "MENT"}, {"name": "MTW"}, {"name": "NUAN"}, {"name": "PBY"}, {"name": "PYPL"}, {"name": "TGNA"}, {"name": "XRX"}], "tags": []}, {"id": 7992437, "author": "Benzinga", "created": "Mon, 16 May 2016 19:28:29 -0400", "updated": "Mon, 16 May 2016 19:28:29 -0400", "title": "Deutsche Bank Cautiously Optimistic On Discount Retailers Heading Into Q1 Earnings", "teaser": "", "body": "", "url": "https://www.benzinga.com/node/7992437", "image": [], "channels": [{"name": "Analyst Color"}, {"name": "Earnings"}, {"name": "News"}, {"name": "Price Target"}, {"name": "Analyst Ratings"}], "stocks": [{"name": "COST"}, {"name": "TGT"}, {"name": "WMT"}], "tags": []}]