[{"id": 6212766, "author": "Benzinga", "created": "Thu, 04 Feb 2016 09:11:13 -0400", "updated": "Thu, 04 Feb 2016 09:12:57 -0400", "title": "Here's How Microsoft's SwiftKey Acquisition Could Enhance The Firm's AI Efforts", "teaser": "", "body": "", "url": "https://www.benzinga.com/node/6212766", "image": [], "channels": [{"name": "News"}, {"name": "M&A"}, {"name": "Markets"}, {"name": "Tech"}, {"name": "Trading Ideas"}, {"name": "General"}], "stocks": [{"name": "AAPL"}, {"name": "AMZN"}, {"name": "GOOG"}, {"name": "GOOGL"}, {"name": "MSFT"}], "tags": [{"name": "AI"}, {"name": "artificial intelligence"}, {"name": "Cortanan"}, {"name": "HoloLens"}, {"name": "swiftkey"}]}, {"id": 6212772, "author": "Benzinga", "created": "Thu, 04 Feb 2016 09:27:58 -0400", "updated": "Thu, 04 Feb 2016 09:27:58 -0400", "title": "Wal-Mart To Enter The Gas Station Business", "teaser": "", "body": "", "url": "https://www.benzinga.com/node/6212772", "image": [], "channels": [{"name": "Long Ideas"}, {"name": "News"}, {"name": "Commodities"}, {"name": "Markets"}, {"name": "Trading Ideas"}], "stocks": [{"name": "MUSA"}, {"name": "WMT"}], "tags": [{"name": "gas station"}, {"name": "Wall Street Journal"}]}, {"id": 6211908, "author": "Benzinga", "created": "Thu, 04 Feb 2016 10:46:18 -0400", "updated": "Thu, 04 Feb 2016 10:46:18 -0400", "title": "This Industry ETF Could Work This Year", "teaser": "", "body": "", "url": "https://www.benzinga.com/node/6211908", "image": [], "channels": [{"name": "Long Ideas"}, {"name": "News"}, {"name": "Sector ETFs"}, {"name": "Intraday Update"}, {"name": "Markets"}, {"name": "Trading Ideas"}, {"name": "ETFs"}], "stocks": [{"name": "HD"}, {"name": "LOW"}, {"name": "WHR"}, {"name": "WSM"}, {"name": "XHB"}, {"name": "XLY"}], "tags": [{"name": "consumer discretionary"}, {"name": "David Maza"}, {"name": "homebuilders"}, {"name": "State Street"}]}, {"id": 6213842, "author": "Benzinga", "created": "Thu, 04 Feb 2016 10:53:43 -0400", "updated": "Thu, 04 Feb 2016 10:53:43 -0400", "title": "Cisco Pays $1.4 Billion For Jasper, But What's A Jasper?", "teaser": "", "body": "", "url": "https://www.benzinga.com/node/6213842", "image": [], "channels": [{"name": "Long Ideas"}, {"name": "News"}, {"name": "M&A"}, {"name": "Movers"}, {"name": "Tech"}, {"name": "Trading Ideas"}], "stocks": [{"name": "CSCO"}], "tags": [{"name": "Internet of Things"}, {"name": "IoT"}, {"name": "Jahangir Mohammed"}, {"name": "Jasper Technologies"}]}, {"id": 6214354, "author": "Benzinga", "created": "Thu, 04 Feb 2016 11:50:44 -0400", "updated": "Thu, 04 Feb 2016 11:52:57 -0400", "title": "VirnetX Stock Up 50% Following Patent Win Against Apple", "teaser": "", "body": "", "url": "https://www.benzinga.com/node/6214354", "image": [], "channels": [{"name": "News"}, {"name": "Legal"}, {"name": "Movers"}, {"name": "Tech"}], "stocks": [{"name": "AAPL"}, {"name": "VHC"}], "tags": [{"name": "Kendall Larsen"}, {"name": "patent"}, {"name": "Patent Infringement"}, {"name": "Patent Infringement Apple"}, {"name": "VirnetX Holding"}]}, {"id": 6215180, "author": "Benzinga", "created": "Thu, 04 Feb 2016 13:30:34 -0400", "updated": "Thu, 04 Feb 2016 13:31:48 -0400", "title": "VirnetX's Apple Victory Might Be Just The Beginning", "teaser": "", "body": "", "url": "https://www.benzinga.com/node/6215180", "image": [], "channels": [{"name": "Analyst Color"}, {"name": "Long Ideas"}, {"name": "News"}, {"name": "Legal"}, {"name": "Top Stories"}, {"name": "Analyst Ratings"}, {"name": "Trading Ideas"}], "stocks": [{"name": "AAPL"}, {"name": "VHC"}], "tags": [{"name": "Apple"}, {"name": "VirnetX"}]}, {"id": 6212805, "author": "Benzinga", "created": "Thu, 04 Feb 2016 15:00:55 -0400", "updated": "Thu, 04 Feb 2016 15:00:55 -0400", "title": "What Happened To Bank Stocks?", "teaser": "", "body": "", "url": "https://www.benzinga.com/node/6212805", "image": [], "channels": [{"name": "News"}, {"name": "Top Stories"}, {"name": "Markets"}, {"name": "Trading Ideas"}], "stocks": [{"name": "BAC"}, {"name": "C"}, {"name": "JPM"}], "tags": []}, {"id": 6215591, "author": "Benzinga", "created": "Thu, 04 Feb 2016 15:28:10 -0400", "updated": "Thu, 04 Feb 2016 15:29:38 -0400", "title": "Google Now Endorsing Qualcomm? What It Means For Intel Shareholders", "teaser": "", "body": "", "url": "https://www.benzinga.com/node/6215591", "image": [], "channels": [{"name": "Analyst Color"}, {"name": "Long Ideas"}, {"name": "News"}, {"name": "Rumors"}, {"name": "Analyst Ratings"}, {"name": "Tech"}, {"name": "Trading Ideas"}], "stocks": [{"name": "GOOG"}, {"name": "INTC"}, {"name": "QCOM"}], "tags": [{"name": "Google"}, {"name": "Google Qualcomm relationship"}, {"name": "Intel"}, {"name": "Qualcomm"}]}, {"id": 6218569, "author": "Benzinga", "created": "Thu, 04 Feb 2016 21:57:07 -0400", "updated": "Thu, 04 Feb 2016 21:57:07 -0400", "title": "Benzinga's M&A Chatter for Thursday February 4, 2016", "teaser": "", "body": "", "url": "https://www.benzinga.com/node/6218569", "image": [], "channels": [{"name": "News"}, {"name": "Rumors"}, {"name": "M&A"}, {"name": "Movers"}], "stocks": [{"name": "HON"}, {"name": "INGR"}, {"name": "LGF"}, {"name": "MFLX"}, {"name": "STRZA"}], "tags": [{"name": "Consumer Discretionary"}, {"name": "Movies & Entertainment"}]}, {"id": 6218639, "author": "Benzinga", "created": "Thu, 04 Feb 2016 23:46:47 -0400", "updated": "Thu, 04 Feb 2016 23:46:47 -0400", "title": "Aranca Research Speculates Apple, Exxon Could Buy a Significant Amount of Stock", "teaser": "", "body": "", "url": "https://www.benzinga.com/node/6218639", "image": [], "channels": [{"name": "Analyst Color"}, {"name": "News"}, {"name": "Analyst Ratings"}], "stocks": [{"name": "AAPL"}, {"name": "XOM"}], "tags": []}, {"id": 6214523, "author": "Benzinga", "created": "Thu, 04 Feb 2016 13:39:29 -0400", "updated": "Mon, 08 Feb 2016 18:30:03 -0400", "title": "25 Companies That Could Still Buy Back Mountains Of Stock", "teaser": "", "body": "", "url": "https://www.benzinga.com/node/6214523", "image": [], "channels": [{"name": "Analyst Color"}, {"name": "Long Ideas"}, {"name": "News"}, {"name": "Education"}, {"name": "Buybacks"}, {"name": "Top Stories"}, {"name": "Markets"}, {"name": "Analyst Ratings"}, {"name": "Movers"}, {"name": "Trading Ideas"}, {"name": "General"}], "stocks": [{"name": "AAPL"}, {"name": "AIG"}, {"name": "BA"}, {"name": "CMCSA"}, {"name": "CVS"}, {"name": "EMC"}, {"name": "GILD"}, {"name": "GM"}, {"name": "HPE"}, {"name": "INTC"}, {"name": "ITW"}, {"name": "JPM"}, {"name": "LYB"}, {"name": "MDLZ"}, {"name": "MRK"}, {"name": "MSFT"}, {"name": "ORCL"}, {"name": "PEP"}, {"name": "PFE"}, {"name": "PG"}, {"name": "QCOM"}, {"name": "UTX"}, {"name": "WFC"}, {"name": "XOM"}, {"name": "YHOO"}], "tags": [{"name": "Aranca"}, {"name": "company buybacks"}, {"name": "corporate buybacks"}]}]