[{"id": 8315439, "author": "Benzinga", "created": "Sat, 06 Aug 2016 11:40:24 -0400", "updated": "Sat, 06 Aug 2016 11:40:24 -0400", "title": "New Golf Company Stands To Benefit Most From Nike Golf's Departure", "teaser": "", "body": "", "url": "https://www.benzinga.com/node/8315439", "image": [], "channels": [{"name": "News"}, {"name": "Sports"}, {"name": "General"}], "stocks": [{"name": "ADDYY"}, {"name": "ELY"}, {"name": "GDDY"}, {"name": "NKE"}], "tags": [{"name": "Charl Schwartzel"}, {"name": "Golf"}, {"name": "Parsons Xtreme Golf"}, {"name": "PXG"}, {"name": "Taylor Made"}, {"name": "Titleist"}]}]