[{"id": 8543871, "author": "Benzinga", "created": "Sun, 09 Oct 2016 13:41:55 -0400", "updated": "Sun, 09 Oct 2016 13:41:55 -0400", "title": "Gender Bias Remains Strong In Science Jobs Field, Study Suggests", "teaser": "", "body": "", "url": "https://www.benzinga.com/node/8543871", "image": [], "channels": [{"name": "News"}, {"name": "Politics"}, {"name": "Psychology"}, {"name": "Topics"}, {"name": "Tech"}, {"name": "General"}], "stocks": [{"name": "AAPL"}, {"name": "ACN"}, {"name": "CRCM"}, {"name": "CRM"}, {"name": "CSCO"}, {"name": "DOW"}, {"name": "EXPE"}, {"name": "FB"}, {"name": "GDDY"}, {"name": "IBM"}, {"name": "MERC"}, {"name": "MSFT"}, {"name": "PEP"}, {"name": "SPLS"}, {"name": "V"}], "tags": [{"name": "Christopher Intagliata"}, {"name": "Columbia University"}, {"name": "Equal Pay Pledge"}, {"name": "gender"}, {"name": "gender bias"}, {"name": "jobs"}, {"name": "Kuheli Dutt"}, {"name": "science"}, {"name": "Scientific American"}, {"name": "STEM"}]}, {"id": 8544534, "author": "Benzinga", "created": "Sun, 09 Oct 2016 13:58:55 -0400", "updated": "Sun, 09 Oct 2016 13:58:55 -0400", "title": "Big Banks To Kick Off New Earnings Season With Mixed Results?", "teaser": "", "body": "", "url": "https://www.benzinga.com/node/8544534", "image": [], "channels": [{"name": "Earnings"}, {"name": "News"}, {"name": "Previews"}, {"name": "Trading Ideas"}], "stocks": [{"name": "C"}, {"name": "JPM"}, {"name": "WFC"}], "tags": [{"name": "Alcoa"}, {"name": "American Airlines"}, {"name": "American Express"}, {"name": "Bank of America"}, {"name": "csx"}, {"name": "Delta Air Lines"}, {"name": "Earnings Expectations"}, {"name": "EBAY"}, {"name": "Estimize"}, {"name": "Fastenal"}, {"name": "Goldman Sachs"}, {"name": "halliburton"}, {"name": "infosys"}, {"name": "Intell"}, {"name": "Johnson & Johnson"}, {"name": "Marriott Vacations"}, {"name": "McDonald's"}, {"name": "Microsoft"}, {"name": "Morgan Stanley"}, {"name": "Netflix"}, {"name": "philip morris"}, {"name": "PNC Financial"}, {"name": "Progressive"}, {"name": "Walgreens"}, {"name": "Winnebago"}]}]