[{"id": 6739601, "author": "Benzinga", "created": "Mon, 29 Feb 2016 08:08:05 -0400", "updated": "Mon, 29 Feb 2016 08:08:05 -0400", "title": "Fox Slots Release Dates For Superhero Films In Wake Of 'Deadpool' Success", "teaser": "", "body": "", "url": "https://www.benzinga.com/node/6739601", "image": [], "channels": [{"name": "News"}, {"name": "Media"}], "stocks": [{"name": "DIS"}, {"name": "FOXA"}], "tags": [{"name": "Channing Tatum"}, {"name": "Deadpool"}]}, {"id": 6748111, "author": "Benzinga", "created": "Mon, 29 Feb 2016 11:32:16 -0400", "updated": "Mon, 29 Feb 2016 11:33:18 -0400", "title": "Constellation Brands' Expectations Are Too Low", "teaser": "", "body": "", "url": "https://www.benzinga.com/node/6748111", "image": [], "channels": [{"name": "Analyst Color"}, {"name": "Long Ideas"}, {"name": "News"}, {"name": "Markets"}, {"name": "Analyst Ratings"}, {"name": "Trading Ideas"}, {"name": "General"}], "stocks": [{"name": "DPS"}, {"name": "KO"}, {"name": "PEP"}, {"name": "STZ"}], "tags": [{"name": "Ballast Point"}, {"name": "beverages"}, {"name": "Dara Mohsenian"}, {"name": "Meiomi"}, {"name": "Morgan Stanley"}]}, {"id": 6750084, "author": "Benzinga", "created": "Mon, 29 Feb 2016 12:33:52 -0400", "updated": "Mon, 29 Feb 2016 12:33:53 -0400", "title": "Icahn Enterprises Blasts Higher For Second Day In A Row", "teaser": "", "body": "", "url": "https://www.benzinga.com/node/6750084", "image": [], "channels": [{"name": "News"}, {"name": "Technicals"}, {"name": "Intraday Update"}, {"name": "Movers"}, {"name": "Trading Ideas"}], "stocks": [{"name": "AAPL"}, {"name": "FCX"}, {"name": "FDML"}, {"name": "HLF"}, {"name": "IEP"}], "tags": [{"name": "Carl Icahn"}]}, {"id": 6751060, "author": "Benzinga", "created": "Mon, 29 Feb 2016 15:24:53 -0400", "updated": "Mon, 29 Feb 2016 15:24:54 -0400", "title": "Bernstein Upgrades Airbus To Outperform, Joins Boeing As Bull Plays In Portfolio", "teaser": "", "body": "", "url": "https://www.benzinga.com/node/6751060", "image": [], "channels": [{"name": "Analyst Color"}, {"name": "Long Ideas"}, {"name": "News"}, {"name": "Short Ideas"}, {"name": "Upgrades"}, {"name": "Price Target"}, {"name": "Travel"}, {"name": "Markets"}, {"name": "Analyst Ratings"}, {"name": "Movers"}, {"name": "Trading Ideas"}, {"name": "General"}], "stocks": [{"name": "BA"}], "tags": [{"name": "A350"}, {"name": "AIR"}, {"name": "Airbus"}, {"name": "Bernstein"}, {"name": "Christian Laughlin"}, {"name": "Douglas Harned"}]}, {"id": 6752448, "author": "Benzinga", "created": "Mon, 29 Feb 2016 15:27:57 -0400", "updated": "Mon, 29 Feb 2016 15:27:57 -0400", "title": "Would Buffett Support An IBM Watson Spinoff?", "teaser": "", "body": "", "url": "https://www.benzinga.com/node/6752448", "image": [], "channels": [{"name": "Analyst Color"}, {"name": "CNBC"}, {"name": "Long Ideas"}, {"name": "News"}, {"name": "Rumors"}, {"name": "M&A"}, {"name": "Top Stories"}, {"name": "Analyst Ratings"}, {"name": "Tech"}, {"name": "Media"}, {"name": "Trading Ideas"}], "stocks": [{"name": "BRK-B"}, {"name": "IBM"}], "tags": []}, {"id": 6752160, "author": "Benzinga", "created": "Mon, 29 Feb 2016 15:13:36 -0400", "updated": "Mon, 29 Feb 2016 15:29:51 -0400", "title": "Tesla Keeps Poaching Key Apple Workers", "teaser": "", "body": "", "url": "https://www.benzinga.com/node/6752160", "image": [], "channels": [{"name": "News"}, {"name": "Management"}, {"name": "Movers"}, {"name": "Tech"}, {"name": "Trading Ideas"}], "stocks": [{"name": "AAPL"}, {"name": "TSLA"}], "tags": [{"name": "9to6Mac"}, {"name": "Charles Kuehmann"}, {"name": "Electrek"}, {"name": "Elon Musk"}, {"name": "Jim Keller"}, {"name": "Peter Bannon"}]}, {"id": 6751431, "author": "Benzinga", "created": "Mon, 29 Feb 2016 15:31:44 -0400", "updated": "Mon, 29 Feb 2016 15:31:44 -0400", "title": "WhatsApp Drops Support For BlackBerry And Others, Recommends Affected Users 'Upgrade' Their Device", "teaser": "", "body": "", "url": "https://www.benzinga.com/node/6751431", "image": [], "channels": [{"name": "News"}], "stocks": [{"name": "BBRY"}, {"name": "FB"}, {"name": "MSFT"}], "tags": [{"name": "Blackberry"}, {"name": "Nokia Phones"}, {"name": "WhatsApp"}, {"name": "WhatsApp BlackBerry"}, {"name": "Windows Phones"}]}, {"id": 6751507, "author": "Benzinga", "created": "Mon, 29 Feb 2016 15:38:49 -0400", "updated": "Mon, 29 Feb 2016 15:38:49 -0400", "title": "Apple A Big Winner From Mobile World Congress", "teaser": "", "body": "", "url": "https://www.benzinga.com/node/6751507", "image": [], "channels": [{"name": "Analyst Color"}, {"name": "Long Ideas"}, {"name": "News"}, {"name": "Events"}, {"name": "Markets"}, {"name": "Analyst Ratings"}, {"name": "Movers"}, {"name": "Tech"}, {"name": "Trading Ideas"}, {"name": "General"}], "stocks": [{"name": "AAPL"}, {"name": "CSCO"}], "tags": [{"name": "Apple Watch"}, {"name": "big data"}, {"name": "Brian White"}, {"name": "Drexel Hamilton"}, {"name": "hardware"}, {"name": "IoT"}, {"name": "IT"}, {"name": "IT hardware and software industry"}, {"name": "software"}]}, {"id": 6753596, "author": "Benzinga", "created": "Mon, 29 Feb 2016 16:32:07 -0400", "updated": "Mon, 29 Feb 2016 16:33:05 -0400", "title": "Look How Much Apple And Google Have Destroyed Smartphone Competition", "teaser": "", "body": "", "url": "https://www.benzinga.com/node/6753596", "image": [], "channels": [{"name": "News"}, {"name": "Markets"}, {"name": "Tech"}, {"name": "Trading Ideas"}, {"name": "General"}], "stocks": [{"name": "AAPL"}, {"name": "BBRY"}, {"name": "FB"}, {"name": "GOOG"}, {"name": "GOOGL"}, {"name": "MSFT"}, {"name": "NOK"}], "tags": [{"name": "Felix Richter"}, {"name": "Statista"}, {"name": "WhatsApp"}]}, {"id": 6754552, "author": "Benzinga", "created": "Mon, 29 Feb 2016 17:36:39 -0400", "updated": "Mon, 29 Feb 2016 17:36:39 -0400", "title": "The Stocks That Moved The S&P, Dow And Nasdaq Today", "teaser": "", "body": "", "url": "https://www.benzinga.com/node/6754552", "image": [], "channels": [{"name": "News"}, {"name": "After-Hours Center"}, {"name": "Movers"}], "stocks": [{"name": "AXP"}, {"name": "BMRN"}, {"name": "CAT"}, {"name": "CNX"}, {"name": "ENDP"}, {"name": "JPM"}, {"name": "MNST"}, {"name": "MYL"}, {"name": "OKE"}, {"name": "SWKS"}, {"name": "SWN"}, {"name": "XOM"}], "tags": []}, {"id": 6756962, "author": "Benzinga", "created": "Mon, 29 Feb 2016 20:44:42 -0400", "updated": "Mon, 29 Feb 2016 20:44:42 -0400", "title": "Benzinga's M&A Chatter for Monday February 29, 2016", "teaser": "", "body": "", "url": "https://www.benzinga.com/node/6756962", "image": [], "channels": [{"name": "News"}, {"name": "M&A"}, {"name": "Movers"}], "stocks": [{"name": "AXP"}, {"name": "C"}, {"name": "COST"}, {"name": "FDML"}, {"name": "FSS"}, {"name": "HELE"}, {"name": "IEP"}, {"name": "LKQ"}, {"name": "MET"}, {"name": "PPG"}, {"name": "WOOF"}], "tags": []}, {"id": 6748990, "author": "Benzinga", "created": "Mon, 29 Feb 2016 13:36:52 -0400", "updated": "Tue, 01 Mar 2016 15:26:44 -0400", "title": "25 Headlines Moving The Markets This Week", "teaser": "", "body": "", "url": "https://www.benzinga.com/node/6748990", "image": [], "channels": [{"name": "Analyst Color"}, {"name": "Long Ideas"}, {"name": "News"}, {"name": "Education"}, {"name": "Short Ideas"}, {"name": "Movers & Shakers"}, {"name": "Legal"}, {"name": "Management"}, {"name": "Top Stories"}, {"name": "Markets"}, {"name": "Analyst Ratings"}, {"name": "Movers"}, {"name": "Trading Ideas"}, {"name": "General"}], "stocks": [{"name": "A"}, {"name": "ALB"}, {"name": "ALXA"}, {"name": "APO"}, {"name": "BCS"}, {"name": "BLK"}, {"name": "C"}, {"name": "CAS"}, {"name": "CS"}, {"name": "DRYS"}, {"name": "EXXI"}, {"name": "GE"}, {"name": "GS"}, {"name": "GSK"}, {"name": "HON"}, {"name": "KKR"}, {"name": "LSCC"}, {"name": "MET"}, {"name": "NATL"}, {"name": "OLN"}, {"name": "SNY"}, {"name": "SWSH"}, {"name": "UBS"}, {"name": "URRE"}, {"name": "UTX"}, {"name": "VRX"}, {"name": "YHOO"}], "tags": [{"name": "Aberdeen Asset Management"}, {"name": "Biffa"}, {"name": "China Guangfa Bank"}, {"name": "Christopher Mcdonagh"}, {"name": "Deutsche Bank"}, {"name": "FIFA Oceanografia SA"}, {"name": "GBP1b"}, {"name": "Grupo Ferrer"}, {"name": "John Fischer"}, {"name": "Joseph Rupp"}, {"name": "MacQuarie Group"}, {"name": "Mike Pearson"}, {"name": "Raging Capital"}, {"name": "Robert Ingram"}, {"name": "Sir Andrew Witty"}, {"name": "Starboard Value"}, {"name": "toshiba"}, {"name": "William Nanovsky"}, {"name": "William Pierce"}]}]