[{"id": 8834384, "author": "Benzinga", "created": "Thu, 22 Dec 2016 07:35:20 -0400", "updated": "Thu, 22 Dec 2016 07:35:21 -0400", "title": "Wall Street's M&A Chatter From December 21", "teaser": "", "body": "", "url": "https://www.benzinga.com/node/8834384", "image": [], "channels": [{"name": "News"}, {"name": "Rumors"}, {"name": "M&A"}], "stocks": [{"name": "ALIOF"}, {"name": "EGHT"}, {"name": "JNJ"}, {"name": "LNEGY"}, {"name": "PX"}, {"name": "RPM"}], "tags": []}, {"id": 8834500, "author": "Benzinga", "created": "Thu, 22 Dec 2016 10:11:05 -0400", "updated": "Thu, 22 Dec 2016 10:11:05 -0400", "title": "The Market In 5 Minutes: GDP, Jobless Claims And Micron", "teaser": "", "body": "", "url": "https://www.benzinga.com/node/8834500", "image": [], "channels": [{"name": "News"}, {"name": "Events"}, {"name": "Top Stories"}, {"name": "Pre-Market Outlook"}, {"name": "Markets"}], "stocks": [{"name": "AET"}, {"name": "ALIOF"}, {"name": "BBBY"}, {"name": "CAMP"}, {"name": "EGHT"}, {"name": "FINL"}, {"name": "GS"}, {"name": "HUM"}, {"name": "JNJ"}, {"name": "LVS"}, {"name": "MGM"}, {"name": "MPEL"}, {"name": "MU"}, {"name": "RAD"}, {"name": "RHT"}, {"name": "SPY"}, {"name": "SUN"}, {"name": "SWFT"}, {"name": "USO"}, {"name": "WYNN"}, {"name": "ZUMZ"}], "tags": [{"name": "the market in 5 minutes"}]}, {"id": 8834642, "author": "Benzinga", "created": "Thu, 22 Dec 2016 10:21:41 -0400", "updated": "Thu, 22 Dec 2016 10:21:41 -0400", "title": "The Sell-Side Reaction To Nike's Q2", "teaser": "", "body": "", "url": "https://www.benzinga.com/node/8834642", "image": [], "channels": [{"name": "Analyst Color"}, {"name": "Earnings"}, {"name": "Long Ideas"}, {"name": "News"}, {"name": "Price Target"}, {"name": "Reiteration"}, {"name": "Analyst Ratings"}, {"name": "Movers"}, {"name": "Trading Ideas"}], "stocks": [{"name": "NKE"}], "tags": [{"name": "Barclays"}, {"name": "Citi"}, {"name": "Goldman Sachs"}, {"name": "Jay Sole"}, {"name": "Kate McShane"}, {"name": "Lindsay Drucker"}, {"name": "Matthew McClintock"}, {"name": "Morgan Stanley"}, {"name": "Nike"}, {"name": "Nike earnings"}, {"name": "Nike Futures"}]}, {"id": 8835403, "author": "Benzinga", "created": "Thu, 22 Dec 2016 13:08:41 -0400", "updated": "Thu, 22 Dec 2016 13:08:41 -0400", "title": "Finish Line Is An Example Of How Not To Operate An Apparel Business", "teaser": "", "body": "", "url": "https://www.benzinga.com/node/8835403", "image": [], "channels": [{"name": "Analyst Color"}, {"name": "Earnings"}, {"name": "News"}, {"name": "Analyst Ratings"}, {"name": "Media"}], "stocks": [{"name": "AMZN"}, {"name": "FINL"}, {"name": "LULU"}, {"name": "NKE"}, {"name": "UAA"}, {"name": "WMT"}], "tags": [{"name": "Apparel"}, {"name": "Athleisure"}, {"name": "finish line"}, {"name": "Gadfly"}, {"name": "gucci"}, {"name": "retailers"}, {"name": "Shelly Banjo"}, {"name": "Versace"}]}, {"id": 8835266, "author": "Benzinga", "created": "Thu, 22 Dec 2016 14:45:55 -0400", "updated": "Thu, 22 Dec 2016 14:45:56 -0400", "title": "Here Are The 5 Biggest Box Office Years By Dollar Amount", "teaser": "", "body": "", "url": "https://www.benzinga.com/node/8835266", "image": [], "channels": [{"name": "News"}, {"name": "Topics"}, {"name": "Econ #s"}, {"name": "Media"}, {"name": "Trading Ideas"}, {"name": "General"}], "stocks": [{"name": "CMCSA"}, {"name": "DIS"}], "tags": [{"name": "movies"}, {"name": "Statista"}, {"name": "Universal"}]}, {"id": 8836208, "author": "Benzinga", "created": "Thu, 22 Dec 2016 15:05:00 -0400", "updated": "Thu, 22 Dec 2016 15:05:01 -0400", "title": "The 4 Factors Affecting Fred's Shares Today", "teaser": "", "body": "", "url": "https://www.benzinga.com/node/8836208", "image": [], "channels": [{"name": "News"}, {"name": "Technicals"}, {"name": "Retail Sales"}, {"name": "M&A"}, {"name": "Movers"}, {"name": "Trading Ideas"}], "stocks": [{"name": "FRED"}, {"name": "RAD"}, {"name": "WBA"}], "tags": [{"name": "Michael Hayes"}]}, {"id": 8835180, "author": "Benzinga", "created": "Thu, 22 Dec 2016 16:46:42 -0400", "updated": "Thu, 22 Dec 2016 16:46:42 -0400", "title": "Jamie Dimon On Investing In Detroit: This Was A Train Wreck 20 Years In The Making", "teaser": "", "body": "", "url": "https://www.benzinga.com/node/8835180", "image": [], "channels": [{"name": "News"}, {"name": "Politics"}, {"name": "Management"}, {"name": "Media"}, {"name": "General"}], "stocks": [{"name": "JPM"}], "tags": [{"name": "banks"}, {"name": "Detroit"}, {"name": "Jamie Dimon"}, {"name": "Jamie Dimon Detroit"}, {"name": "JPMorgan"}, {"name": "Mike Duggan"}, {"name": "Rick Snyder"}]}]