[{"id": 8381566, "author": "Benzinga", "created": "Tue, 23 Aug 2016 08:54:26 -0400", "updated": "Tue, 23 Aug 2016 08:54:27 -0400", "title": "The Market In 5 Minutes: S&P And Dow Unchanged, Monsanto Takeover Talks Heat Up Again", "teaser": "", "body": "", "url": "https://www.benzinga.com/node/8381566", "image": [], "channels": [{"name": "News"}, {"name": "Global"}, {"name": "Top Stories"}, {"name": "Pre-Market Outlook"}, {"name": "Markets"}], "stocks": [{"name": "BAYRY"}, {"name": "BBY"}, {"name": "BHP"}, {"name": "MCD"}, {"name": "MON"}, {"name": "MSFT"}, {"name": "NQ"}, {"name": "PAAS"}, {"name": "RMD"}, {"name": "SJM"}, {"name": "SPY"}, {"name": "SSRI"}, {"name": "TLND"}, {"name": "TOL"}, {"name": "UAL"}, {"name": "ZOES"}], "tags": [{"name": "the market in 5 minutes"}]}, {"id": 8381948, "author": "Benzinga", "created": "Tue, 23 Aug 2016 10:02:31 -0400", "updated": "Tue, 23 Aug 2016 10:02:31 -0400", "title": "McDonald's China Restaurant Sale Process: Have Investors Sold The Rumor?", "teaser": "", "body": "", "url": "https://www.benzinga.com/node/8381948", "image": [], "channels": [{"name": "News"}, {"name": "Emerging Markets"}, {"name": "Retail Sales"}, {"name": "Restaurants"}, {"name": "Global"}, {"name": "Markets"}, {"name": "General"}], "stocks": [{"name": "MCD"}], "tags": [{"name": "Carlyle Group"}, {"name": "Carlyle Group McDonald's"}, {"name": "McDonald's"}, {"name": "McDonald's Asia"}, {"name": "McDonald's China"}, {"name": "New York Post"}, {"name": "Reuters"}, {"name": "Steve Westbrook"}]}, {"id": 8382232, "author": "Benzinga", "created": "Tue, 23 Aug 2016 11:14:48 -0400", "updated": "Tue, 23 Aug 2016 11:14:49 -0400", "title": "Scaling International May Be 1 Of The Next Meaningful Catalysts For Fitbit Investors", "teaser": "", "body": "", "url": "https://www.benzinga.com/node/8382232", "image": [], "channels": [{"name": "Analyst Color"}, {"name": "Long Ideas"}, {"name": "News"}, {"name": "Emerging Markets"}, {"name": "Markets"}, {"name": "Analyst Ratings"}, {"name": "Movers"}, {"name": "Tech"}, {"name": "Trading Ideas"}], "stocks": [{"name": "AAPL"}, {"name": "FIT"}], "tags": [{"name": "Fitbit"}, {"name": "Fitbit International"}, {"name": "Fitbit stock"}, {"name": "Joe Wittine"}, {"name": "Longbow"}]}, {"id": 8382302, "author": "Benzinga", "created": "Tue, 23 Aug 2016 11:58:34 -0400", "updated": "Tue, 23 Aug 2016 11:58:35 -0400", "title": "Aerospace, Tech Companies Hit The Road To Meet With Analysts", "teaser": "", "body": "", "url": "https://www.benzinga.com/node/8382302", "image": [], "channels": [{"name": "News"}, {"name": "Travel"}, {"name": "Management"}, {"name": "Events"}, {"name": "Tech"}, {"name": "General"}], "stocks": [{"name": "APIC"}, {"name": "BA"}, {"name": "BELFA"}, {"name": "BELFB"}, {"name": "FLIR"}, {"name": "HLIT"}, {"name": "MYCC"}, {"name": "POWI"}, {"name": "ROG"}, {"name": "SNCR"}, {"name": "SNI"}, {"name": "VEC"}, {"name": "WWD"}], "tags": [{"name": "aerospace"}, {"name": "Drexel Hamilton"}, {"name": "Management Road Shows"}, {"name": "Roadshows"}]}, {"id": 8382495, "author": "Benzinga", "created": "Tue, 23 Aug 2016 12:23:14 -0400", "updated": "Tue, 23 Aug 2016 12:23:14 -0400", "title": "Wal-Mart Is Doing The 'Bare Minimum' To Remain A 'Dividend Aristocrat,' According To This Bloomberg Report", "teaser": "", "body": "", "url": "https://www.benzinga.com/node/8382495", "image": [], "channels": [{"name": "News"}, {"name": "Dividends"}, {"name": "Dividends"}, {"name": "Media"}, {"name": "Trading Ideas"}], "stocks": [{"name": "WMT"}], "tags": [{"name": "Bloomberg Gadfly"}, {"name": "dividend aristocrats"}, {"name": "dividend stocks"}, {"name": "Shelly Banjo"}, {"name": "Wal-Mart"}, {"name": "Wal-Mart Dividends"}]}, {"id": 8383387, "author": "Benzinga", "created": "Tue, 23 Aug 2016 13:23:40 -0400", "updated": "Tue, 23 Aug 2016 13:23:41 -0400", "title": "Best Buy Shares Rally But Rest Of The Market Fails To Catch The Spirit", "teaser": "", "body": "", "url": "https://www.benzinga.com/node/8383387", "image": [], "channels": [{"name": "News"}, {"name": "Econ #s"}, {"name": "Economics"}, {"name": "Markets"}, {"name": "General"}], "stocks": [{"name": "AAPL"}], "tags": []}, {"id": 8383379, "author": "Benzinga", "created": "Tue, 23 Aug 2016 15:19:56 -0400", "updated": "Tue, 23 Aug 2016 15:19:57 -0400", "title": "Car Companies Turn To Israel To Power Their Self-Driving Technology Needs", "teaser": "", "body": "", "url": "https://www.benzinga.com/node/8383379", "image": [], "channels": [{"name": "News"}, {"name": "Emerging Markets"}, {"name": "Travel"}, {"name": "Global"}, {"name": "Markets"}, {"name": "Tech"}, {"name": "Media"}, {"name": "General"}], "stocks": [{"name": "F"}, {"name": "INTC"}, {"name": "MBLY"}, {"name": "TSLA"}], "tags": [{"name": "Autonomous Driving"}, {"name": "BMW"}, {"name": "israel"}, {"name": "Otto"}, {"name": "Self Driving Cars"}, {"name": "Venture Beat"}]}, {"id": 8384488, "author": "Benzinga", "created": "Tue, 23 Aug 2016 18:02:12 -0400", "updated": "Tue, 23 Aug 2016 18:02:12 -0400", "title": "Messi Could Return To His Small Childhood Club By 2018", "teaser": "", "body": "", "url": "https://www.benzinga.com/node/8384488", "image": [], "channels": [{"name": "News"}, {"name": "Rumors"}, {"name": "Sports"}, {"name": "Global"}, {"name": "General"}], "stocks": [{"name": "MANU"}, {"name": "MSG"}, {"name": "NKE"}], "tags": [{"name": "Barcelona"}, {"name": "Lionel Messi"}, {"name": "Messi"}, {"name": "Newell\u2019s"}]}]