[{"id": 6689933, "author": "Benzinga", "created": "Fri, 26 Feb 2016 09:15:08 -0400", "updated": "Fri, 26 Feb 2016 09:15:08 -0400", "title": "A Better Way To The Dow With This ETF", "teaser": "", "body": "", "url": "https://www.benzinga.com/node/6689933", "image": [], "channels": [{"name": "Long Ideas"}, {"name": "News"}, {"name": "Broad U.S. Equity ETFs"}, {"name": "Short Ideas"}, {"name": "Dividends"}, {"name": "Intraday Update"}, {"name": "Markets"}, {"name": "Trading Ideas"}, {"name": "ETFs"}], "stocks": [{"name": "AAPL"}, {"name": "CVX"}, {"name": "DJD"}, {"name": "GS"}, {"name": "MMM"}, {"name": "VZ"}], "tags": []}, {"id": 6695170, "author": "Benzinga", "created": "Fri, 26 Feb 2016 10:33:36 -0400", "updated": "Fri, 26 Feb 2016 10:33:36 -0400", "title": "Honeywell Says It Was In Talks With United Technologies For $108 Per Share Takeover", "teaser": "", "body": "", "url": "https://www.benzinga.com/node/6695170", "image": [], "channels": [{"name": "Long Ideas"}, {"name": "News"}, {"name": "Short Ideas"}, {"name": "M&A"}, {"name": "Markets"}, {"name": "Movers"}, {"name": "Trading Ideas"}], "stocks": [{"name": "HON"}, {"name": "UTX"}], "tags": [{"name": "honeywell"}, {"name": "Honeywell Acquisition United Technologies"}, {"name": "united technologies"}]}, {"id": 6695090, "author": "Benzinga", "created": "Fri, 26 Feb 2016 10:44:18 -0400", "updated": "Fri, 26 Feb 2016 10:44:18 -0400", "title": "Sterne Agee: Pepsi Should Break Up, Coke Should Accelerate Acquisitions", "teaser": "", "body": "", "url": "https://www.benzinga.com/node/6695090", "image": [], "channels": [{"name": "Analyst Color"}, {"name": "News"}, {"name": "Downgrades"}, {"name": "Markets"}, {"name": "Analyst Ratings"}, {"name": "Movers"}, {"name": "Trading Ideas"}], "stocks": [{"name": "KO"}, {"name": "PEP"}], "tags": [{"name": "April Scee"}, {"name": "Sterne Agee"}]}, {"id": 6695705, "author": "Benzinga", "created": "Fri, 26 Feb 2016 11:00:55 -0400", "updated": "Fri, 26 Feb 2016 11:00:55 -0400", "title": "Cisco, Samsung Reportedly In Talks About Division Sale, Report Says", "teaser": "", "body": "", "url": "https://www.benzinga.com/node/6695705", "image": [], "channels": [{"name": "News"}, {"name": "Rumors"}, {"name": "Tech"}], "stocks": [{"name": "CSCO"}], "tags": [{"name": "5G"}, {"name": "Cisco"}, {"name": "Samsung"}, {"name": "Samsung Network Business Division"}, {"name": "The Korea Times"}]}, {"id": 6696532, "author": "Benzinga", "created": "Fri, 26 Feb 2016 11:38:34 -0400", "updated": "Fri, 26 Feb 2016 11:38:34 -0400", "title": "IBM Reaffirms Outlook, Announces Longer-Term Finanical Objectives In New Slideshow Presentation", "teaser": "", "body": "", "url": "https://www.benzinga.com/node/6696532", "image": [], "channels": [{"name": "News"}, {"name": "Guidance"}], "stocks": [{"name": "IBM"}], "tags": [{"name": "IBM"}, {"name": "IBM Guidance"}, {"name": "IBM Outlook"}, {"name": "International Business Machines"}]}, {"id": 6699090, "author": "Benzinga", "created": "Fri, 26 Feb 2016 13:42:16 -0400", "updated": "Fri, 26 Feb 2016 13:42:16 -0400", "title": "Samsung Strikes 'Major Victory' In Patent Infringement Suit Against Apple", "teaser": "", "body": "", "url": "https://www.benzinga.com/node/6699090", "image": [], "channels": [{"name": "News"}, {"name": "Legal"}, {"name": "Tech"}], "stocks": [{"name": "AAPL"}], "tags": [{"name": "Apple Insider"}, {"name": "Apple Patent"}, {"name": "Apple Samsung Litigation"}, {"name": "Reuters"}, {"name": "Samsung Patent"}]}, {"id": 6699696, "author": "Benzinga", "created": "Fri, 26 Feb 2016 14:20:43 -0400", "updated": "Fri, 26 Feb 2016 14:20:44 -0400", "title": "Apple Committed To Dividend Hike", "teaser": "", "body": "", "url": "https://www.benzinga.com/node/6699696", "image": [], "channels": [{"name": "News"}, {"name": "Dividends"}, {"name": "Intraday Update"}], "stocks": [{"name": "AAPL"}], "tags": [{"name": "Apple"}, {"name": "Apple Dividend"}, {"name": "Apple Dividend Hike"}]}, {"id": 6698341, "author": "Benzinga", "created": "Fri, 26 Feb 2016 14:41:40 -0400", "updated": "Fri, 26 Feb 2016 14:41:40 -0400", "title": "United Technologies Could Hit $120 On Honeywell Deal, But Selling The Move Makes Most Sense", "teaser": "", "body": "", "url": "https://www.benzinga.com/node/6698341", "image": [], "channels": [{"name": "Analyst Color"}, {"name": "Long Ideas"}, {"name": "News"}, {"name": "Short Ideas"}, {"name": "M&A"}, {"name": "Analyst Ratings"}, {"name": "Movers"}, {"name": "Trading Ideas"}], "stocks": [{"name": "HON"}, {"name": "UTX"}], "tags": [{"name": "Carrier"}, {"name": "Christopher Mcdonagh"}, {"name": "Deutsche Bank"}, {"name": "Otis"}, {"name": "Pratt & Whitney"}]}, {"id": 6699111, "author": "Benzinga", "created": "Fri, 26 Feb 2016 14:56:44 -0400", "updated": "Fri, 26 Feb 2016 14:56:45 -0400", "title": "Does Google Really Have Nest Troubles? Experts Take A Look", "teaser": "", "body": "", "url": "https://www.benzinga.com/node/6699111", "image": [], "channels": [{"name": "Analyst Color"}, {"name": "Long Ideas"}, {"name": "News"}, {"name": "Short Ideas"}, {"name": "Analyst Ratings"}, {"name": "Movers"}, {"name": "Tech"}, {"name": "Trading Ideas"}, {"name": "General"}], "stocks": [{"name": "GOOG"}, {"name": "GOOGL"}, {"name": "HON"}], "tags": [{"name": "Business Insider"}, {"name": "Greentech Media"}, {"name": "Jigar Shah"}, {"name": "Katherine Hamilton"}, {"name": "Nest"}]}, {"id": 6701132, "author": "Benzinga", "created": "Fri, 26 Feb 2016 15:34:45 -0400", "updated": "Fri, 26 Feb 2016 15:34:45 -0400", "title": "United Technologies CEO: Honeywell Combo Would Be Blocked, Destructive To Shareholder Value", "teaser": "", "body": "", "url": "https://www.benzinga.com/node/6701132", "image": [], "channels": [{"name": "News"}, {"name": "M&A"}, {"name": "Intraday Update"}], "stocks": [{"name": "ERJ"}, {"name": "HON"}, {"name": "UTX"}], "tags": [{"name": "Gregory HAyes"}, {"name": "honeywell"}, {"name": "Honeywell United Technology Merger"}, {"name": "united technologies"}]}, {"id": 6701579, "author": "Benzinga", "created": "Fri, 26 Feb 2016 16:12:50 -0400", "updated": "Fri, 26 Feb 2016 16:12:50 -0400", "title": "Here's Proof That Fitbit Is The Nr. 1 Wearables Vendor, And Outgrowing Its Competitors", "teaser": "", "body": "", "url": "https://www.benzinga.com/node/6701579", "image": [], "channels": [{"name": "Analyst Color"}, {"name": "News"}, {"name": "Analyst Ratings"}, {"name": "Tech"}], "stocks": [{"name": "AAPL"}, {"name": "FIT"}, {"name": "GRMN"}], "tags": [{"name": "IDC"}, {"name": "Samsung"}, {"name": "Statista"}, {"name": "Xiaomi"}]}, {"id": 6704182, "author": "Benzinga", "created": "Fri, 26 Feb 2016 17:35:12 -0400", "updated": "Fri, 26 Feb 2016 17:35:12 -0400", "title": "The Stocks That Moved The S&P, Dow And Nasdaq Today", "teaser": "", "body": "", "url": "https://www.benzinga.com/node/6704182", "image": [], "channels": [{"name": "News"}, {"name": "After-Hours Center"}, {"name": "Movers"}], "stocks": [{"name": "BIDU"}, {"name": "BMRN"}, {"name": "COST"}, {"name": "DD"}, {"name": "GS"}, {"name": "INTU"}, {"name": "KO"}, {"name": "MRO"}, {"name": "OKE"}, {"name": "SWN"}, {"name": "WMT"}], "tags": []}]