[{"id": 7875870, "author": "Benzinga", "created": "Sun, 24 Apr 2016 13:34:21 -0400", "updated": "Sun, 24 Apr 2016 13:34:22 -0400", "title": "Barron's Big Money Poll: The Fading Bull", "teaser": "", "body": "", "url": "https://www.benzinga.com/node/7875870", "image": [], "channels": [{"name": "News"}, {"name": "Barron's"}, {"name": "Media"}], "stocks": [{"name": "AAPL"}, {"name": "HOT"}, {"name": "MAR"}, {"name": "MHK"}, {"name": "TYL"}, {"name": "XOM"}], "tags": [{"name": "Apple"}, {"name": "Barron's"}, {"name": "Exxon Mobil"}, {"name": "Jack Willoughby"}, {"name": "marriott"}, {"name": "Mohawk"}, {"name": "Tyler Technologies"}]}, {"id": 7874918, "author": "Benzinga", "created": "Sun, 24 Apr 2016 16:14:16 -0400", "updated": "Sun, 24 Apr 2016 16:14:16 -0400", "title": "Apple Selloff Overdone? Unreliable Source Might Be To Blame For iPhone Production Cut Talk", "teaser": "", "body": "", "url": "https://www.benzinga.com/node/7874918", "image": [], "channels": [{"name": "Analyst Color"}, {"name": "Long Ideas"}, {"name": "News"}, {"name": "Guidance"}, {"name": "Price Target"}, {"name": "Reiteration"}, {"name": "Analyst Ratings"}, {"name": "Tech"}, {"name": "Trading Ideas"}], "stocks": [{"name": "AAPL"}], "tags": [{"name": "China"}, {"name": "iPhone 7"}, {"name": "Maxim"}, {"name": "Nehal Chokshi"}]}]