[{"id": 7983825, "author": "Benzinga", "created": "Sun, 15 May 2016 13:37:07 -0400", "updated": "Sun, 15 May 2016 13:37:07 -0400", "title": "Retail Earnings Parade Begins: Target, Wal-Mart In The Spotlight", "teaser": "", "body": "", "url": "https://www.benzinga.com/node/7983825", "image": [], "channels": [{"name": "Analyst Color"}, {"name": "Earnings"}, {"name": "News"}, {"name": "Previews"}, {"name": "Retail Sales"}, {"name": "Crowdsourcing"}, {"name": "Trading Ideas"}, {"name": "General"}], "stocks": [{"name": "TGT"}, {"name": "WMT"}], "tags": [{"name": "advance auto parts"}, {"name": "American Eagle Outfitters"}, {"name": "Bon-Ton Stores"}, {"name": "Boot Barn"}, {"name": "Buckle"}, {"name": "Cato"}, {"name": "Children's Place"}, {"name": "Citi Trends"}, {"name": "dick's sporting goods"}, {"name": "Earnings Expectations"}, {"name": "Estimize"}, {"name": "foot locker"}, {"name": "GAP"}, {"name": "Gordmans Stores"}, {"name": "HHGregg"}, {"name": "hibbett sports"}, {"name": "home depot"}, {"name": "L Brands"}, {"name": "Lowe's"}, {"name": "New York & Company"}, {"name": "retail"}, {"name": "retail earnings"}, {"name": "retailers"}, {"name": "Ross Stores"}, {"name": "Shoe Carnival"}, {"name": "stage stores"}, {"name": "Staples"}, {"name": "Stein Mart"}, {"name": "TJX Companies"}, {"name": "Urban Outfitters"}, {"name": "Vipshop"}]}, {"id": 7983824, "author": "Benzinga", "created": "Sun, 15 May 2016 13:37:16 -0400", "updated": "Sun, 15 May 2016 13:37:16 -0400", "title": "Retail Earnings Parade Continues: Home Depot, Lowe's In The Spotlight", "teaser": "", "body": "", "url": "https://www.benzinga.com/node/7983824", "image": [], "channels": [{"name": "Analyst Color"}, {"name": "Earnings"}, {"name": "News"}, {"name": "Previews"}, {"name": "Retail Sales"}, {"name": "Crowdsourcing"}, {"name": "Trading Ideas"}, {"name": "General"}], "stocks": [{"name": "HD"}, {"name": "LOW"}], "tags": [{"name": "advance auto parts"}, {"name": "American Eagle Outfitters"}, {"name": "Bon-Ton Stores"}, {"name": "Boot Barn"}, {"name": "Buckle"}, {"name": "Cato"}, {"name": "Children's Place"}, {"name": "Citi Trends"}, {"name": "dick's sporting goods"}, {"name": "Earnings Expectations"}, {"name": "Estimize"}, {"name": "foot locker"}, {"name": "GAP"}, {"name": "Gordmans Stores"}, {"name": "hardware retailers"}, {"name": "HHGregg"}, {"name": "hibbett sports"}, {"name": "L Brands"}, {"name": "New York & Company"}, {"name": "retail"}, {"name": "retail earnings"}, {"name": "retailers"}, {"name": "Ross Stores"}, {"name": "Shoe Carnival"}, {"name": "stage stores"}, {"name": "Staples"}, {"name": "Stein Mart"}, {"name": "Target"}, {"name": "TJX Companies"}, {"name": "Urban Outfitters"}, {"name": "Vipshop"}, {"name": "Wal-Mart Stores"}]}]