[{"id": 8283964, "author": "Benzinga", "created": "Mon, 01 Aug 2016 07:26:55 -0400", "updated": "Mon, 01 Aug 2016 07:26:56 -0400", "title": "Didi Chuxing Confirms Acquisition Of Uber's China Unit", "teaser": "", "body": "", "url": "https://www.benzinga.com/node/8283964", "image": [], "channels": [{"name": "News"}, {"name": "M&A"}, {"name": "Tech"}], "stocks": [{"name": "AAPL"}, {"name": "BABA"}, {"name": "BIDU"}], "tags": [{"name": "Cheng Wei"}, {"name": "Didi Chuxing"}, {"name": "Fortune"}, {"name": "Travis Kalanick"}, {"name": "Uber"}, {"name": "Uber China"}]}, {"id": 8284058, "author": "Benzinga", "created": "Mon, 01 Aug 2016 08:32:43 -0400", "updated": "Mon, 01 Aug 2016 08:32:44 -0400", "title": "Tidal And Apple Have Beef, According To Kanye West's Tweets", "teaser": "", "body": "", "url": "https://www.benzinga.com/node/8284058", "image": [], "channels": [{"name": "News"}, {"name": "Tech"}, {"name": "Media"}, {"name": "General"}], "stocks": [{"name": "AAPL"}], "tags": [{"name": "Jay Z"}, {"name": "Kanye West"}, {"name": "Kanye West Twitter Rant"}, {"name": "Tidal"}, {"name": "twitter"}]}, {"id": 8284513, "author": "Benzinga", "created": "Mon, 01 Aug 2016 08:34:56 -0400", "updated": "Mon, 01 Aug 2016 08:34:56 -0400", "title": "15 Stocks Moving In Monday's Pre-Market Session", "teaser": "", "body": "", "url": "https://www.benzinga.com/node/8284513", "image": [], "channels": [{"name": "News"}, {"name": "Movers & Shakers"}, {"name": "Pre-Market Outlook"}, {"name": "Markets"}, {"name": "Movers"}], "stocks": [{"name": "ADMA"}, {"name": "AMRN"}, {"name": "BABA"}, {"name": "BIIB"}, {"name": "CTXS"}, {"name": "CZR"}, {"name": "FLTX"}, {"name": "FTR"}, {"name": "IONS"}, {"name": "KOOL"}, {"name": "MCRB"}, {"name": "RIG"}, {"name": "RIGP"}, {"name": "SCTY"}, {"name": "SCYX"}, {"name": "SPU"}, {"name": "TSLA"}, {"name": "VZ"}], "tags": [{"name": "#PreMarket Gainers"}, {"name": "Losers"}, {"name": "Top Gainers"}]}, {"id": 8284522, "author": "Benzinga", "created": "Mon, 01 Aug 2016 08:47:20 -0400", "updated": "Mon, 01 Aug 2016 08:47:21 -0400", "title": "Verizon To Buy Fleetmatics For $60 A Share In Cash", "teaser": "", "body": "", "url": "https://www.benzinga.com/node/8284522", "image": [], "channels": [{"name": "News"}, {"name": "M&A"}], "stocks": [{"name": "FLTX"}, {"name": "VZ"}], "tags": []}, {"id": 8283993, "author": "Benzinga", "created": "Mon, 01 Aug 2016 08:49:09 -0400", "updated": "Mon, 01 Aug 2016 08:50:38 -0400", "title": "The Market In 5 Minutes: Musk's Merger Monday", "teaser": "", "body": "", "url": "https://www.benzinga.com/node/8283993", "image": [], "channels": [{"name": "News"}, {"name": "Global"}, {"name": "Top Stories"}, {"name": "Pre-Market Outlook"}, {"name": "Markets"}], "stocks": [{"name": "AAPL"}, {"name": "BABA"}, {"name": "BIDU"}, {"name": "CMRE"}, {"name": "CTL"}, {"name": "CZR"}, {"name": "DG"}, {"name": "DLTR"}, {"name": "ETSY"}, {"name": "FTR"}, {"name": "HOG"}, {"name": "RDS"}, {"name": "SCTY"}, {"name": "SPY"}, {"name": "TSLA"}, {"name": "USO"}], "tags": [{"name": "the market in 5 minutes"}]}, {"id": 8285230, "author": "Benzinga", "created": "Mon, 01 Aug 2016 10:19:45 -0400", "updated": "Mon, 01 Aug 2016 10:19:46 -0400", "title": "Mid-Morning Market Update: Markets Mostly Higher; Tesla To Acquire SolarCity", "teaser": "", "body": "", "url": "https://www.benzinga.com/node/8285230", "image": [], "channels": [{"name": "Earnings"}, {"name": "News"}, {"name": "Eurozone"}, {"name": "Commodities"}, {"name": "M&A"}, {"name": "Global"}, {"name": "Intraday Update"}, {"name": "Markets"}, {"name": "Movers"}], "stocks": [{"name": "ADMA"}, {"name": "AMRN"}, {"name": "BIIB"}, {"name": "EXAS"}, {"name": "EYEG"}, {"name": "FLTX"}, {"name": "IONS"}, {"name": "ITEK"}, {"name": "KERX"}, {"name": "PES"}, {"name": "SCTY"}, {"name": "TSLA"}, {"name": "VZ"}, {"name": "WLL"}], "tags": [{"name": "Mid-Morning Market Update"}]}, {"id": 8285407, "author": "Benzinga", "created": "Mon, 01 Aug 2016 10:47:35 -0400", "updated": "Mon, 01 Aug 2016 10:47:35 -0400", "title": "Benzinga's Volume Movers", "teaser": "", "body": "", "url": "https://www.benzinga.com/node/8285407", "image": [], "channels": [{"name": "News"}, {"name": "Intraday Update"}, {"name": "Markets"}, {"name": "Movers"}], "stocks": [{"name": "BIIB"}, {"name": "FLTX"}, {"name": "HRTX"}, {"name": "IONS"}, {"name": "RIG"}, {"name": "RIGP"}, {"name": "VZ"}], "tags": [{"name": "volume movers"}]}, {"id": 8285883, "author": "Benzinga", "created": "Mon, 01 Aug 2016 12:18:22 -0400", "updated": "Mon, 01 Aug 2016 12:18:22 -0400", "title": "Mid-Day Market Update: Crude Oil Down 3%; FleetMatics Group Shares Rise Following Acquisition News", "teaser": "", "body": "", "url": "https://www.benzinga.com/node/8285883", "image": [], "channels": [{"name": "News"}, {"name": "Eurozone"}, {"name": "Commodities"}, {"name": "M&A"}, {"name": "Global"}, {"name": "Intraday Update"}, {"name": "Markets"}, {"name": "Movers"}], "stocks": [{"name": "ADMA"}, {"name": "AMRN"}, {"name": "BIIB"}, {"name": "FLTX"}, {"name": "HAE"}, {"name": "IONS"}, {"name": "ITEK"}, {"name": "KERX"}, {"name": "SCTY"}, {"name": "TSL"}, {"name": "TSLA"}, {"name": "UNT"}, {"name": "VZ"}, {"name": "WLL"}], "tags": [{"name": "Mid-Day Market Update"}]}, {"id": 8285931, "author": "Benzinga", "created": "Mon, 01 Aug 2016 12:37:02 -0400", "updated": "Mon, 01 Aug 2016 12:37:03 -0400", "title": "15 Biggest Mid-Day Gainers For Monday", "teaser": "", "body": "", "url": "https://www.benzinga.com/node/8285931", "image": [], "channels": [{"name": "News"}, {"name": "Intraday Update"}, {"name": "Markets"}, {"name": "Movers"}], "stocks": [{"name": "AMRN"}, {"name": "BABA"}, {"name": "BIIB"}, {"name": "CZR"}, {"name": "EBIX"}, {"name": "EYEG"}, {"name": "FDC"}, {"name": "FELP"}, {"name": "FLTX"}, {"name": "HRTX"}, {"name": "IONS"}, {"name": "KOOL"}, {"name": "MEET"}, {"name": "PN"}, {"name": "RIG"}, {"name": "RIGP"}, {"name": "TOPS"}, {"name": "TSL"}, {"name": "VZ"}], "tags": [{"name": "Mid-Day Gainers"}, {"name": "Top Gainers"}]}, {"id": 8286116, "author": "Benzinga", "created": "Mon, 01 Aug 2016 13:02:29 -0400", "updated": "Mon, 01 Aug 2016 13:02:29 -0400", "title": "10 Biggest Mid-Day Losers For Monday", "teaser": "", "body": "", "url": "https://www.benzinga.com/node/8286116", "image": [], "channels": [{"name": "News"}, {"name": "Movers & Shakers"}, {"name": "Intraday Update"}, {"name": "Markets"}], "stocks": [{"name": "AAPL"}, {"name": "ADMA"}, {"name": "GNC"}, {"name": "HTCH"}, {"name": "ITEK"}, {"name": "KERX"}, {"name": "MCRB"}, {"name": "NSP"}, {"name": "RIG"}, {"name": "RIGP"}, {"name": "SCTY"}, {"name": "TSLA"}, {"name": "VHC"}], "tags": [{"name": "Mid-Day Losers"}, {"name": "Top Losers"}]}, {"id": 8285991, "author": "Benzinga", "created": "Mon, 01 Aug 2016 13:10:10 -0400", "updated": "Mon, 01 Aug 2016 13:10:10 -0400", "title": "Amazon Is The Biggest Gainer In The Falling Tablet Market", "teaser": "", "body": "", "url": "https://www.benzinga.com/node/8285991", "image": [], "channels": [{"name": "News"}, {"name": "Retail Sales"}, {"name": "Global"}, {"name": "Tech"}, {"name": "General"}], "stocks": [{"name": "AAPL"}, {"name": "AMZN"}], "tags": [{"name": "IDC"}]}, {"id": 8285741, "author": "Benzinga", "created": "Mon, 01 Aug 2016 14:18:12 -0400", "updated": "Mon, 01 Aug 2016 14:18:12 -0400", "title": "William Blair Doesn't See A Higher Competing Bid Interrupting Verizon-FleetMatics Deal", "teaser": "", "body": "", "url": "https://www.benzinga.com/node/8285741", "image": [], "channels": [{"name": "Analyst Color"}, {"name": "News"}, {"name": "Downgrades"}, {"name": "Price Target"}, {"name": "M&A"}, {"name": "Analyst Ratings"}], "stocks": [{"name": "FLTX"}, {"name": "VZ"}, {"name": "YHOO"}], "tags": [{"name": "Bhavan Suri"}, {"name": "Hughes Telematics"}, {"name": "Telogis"}, {"name": "William Blair"}]}, {"id": 8286408, "author": "Benzinga", "created": "Mon, 01 Aug 2016 15:01:32 -0400", "updated": "Mon, 01 Aug 2016 15:01:33 -0400", "title": "Mid-Afternoon Market Update: Trina Solar Gains Following Go-Private Deal; Insperity Shares Drop", "teaser": "", "body": "", "url": "https://www.benzinga.com/node/8286408", "image": [], "channels": [{"name": "Earnings"}, {"name": "News"}, {"name": "Eurozone"}, {"name": "Commodities"}, {"name": "M&A"}, {"name": "Global"}, {"name": "Intraday Update"}, {"name": "Markets"}, {"name": "Movers"}], "stocks": [{"name": "AMRN"}, {"name": "ARRY"}, {"name": "BIIB"}, {"name": "FLTX"}, {"name": "IONS"}, {"name": "ITEK"}, {"name": "KERX"}, {"name": "NSP"}, {"name": "OAS"}, {"name": "SCTY"}, {"name": "TSL"}, {"name": "TSLA"}, {"name": "VZ"}, {"name": "WLL"}], "tags": [{"name": "Mid-Afternoon Market Update"}]}, {"id": 8285985, "author": "Benzinga", "created": "Mon, 01 Aug 2016 15:03:00 -0400", "updated": "Mon, 01 Aug 2016 15:03:01 -0400", "title": "Analog Devices, Linear Combine To Form 'Powerhouse,' Says BMO", "teaser": "", "body": "", "url": "https://www.benzinga.com/node/8285985", "image": [], "channels": [{"name": "Analyst Color"}, {"name": "Long Ideas"}, {"name": "News"}, {"name": "Price Target"}, {"name": "Reiteration"}, {"name": "M&A"}, {"name": "Analyst Ratings"}, {"name": "Tech"}, {"name": "Trading Ideas"}], "stocks": [{"name": "AAPL"}, {"name": "ADI"}, {"name": "LLTC"}, {"name": "TXN"}], "tags": [{"name": "Ambrish Srivastava"}, {"name": "BMO"}, {"name": "BMO Capital Markets"}]}, {"id": 8286261, "author": "Benzinga", "created": "Mon, 01 Aug 2016 14:35:48 -0400", "updated": "Mon, 01 Aug 2016 15:17:51 -0400", "title": "Pok\u00e9mon Economics, Secular Stagnation, And Cognitive Dissonance", "teaser": "", "body": "", "url": "https://www.benzinga.com/node/8286261", "image": [], "channels": [{"name": "News"}, {"name": "Opinion"}, {"name": "Markets"}, {"name": "General"}], "stocks": [{"name": "AAPLE"}, {"name": "FB"}, {"name": "MCD"}, {"name": "NFLX"}, {"name": "NTDOY"}, {"name": "VZ"}, {"name": "YHOO"}], "tags": []}, {"id": 8288532, "author": "Benzinga", "created": "Mon, 01 Aug 2016 19:33:43 -0400", "updated": "Mon, 01 Aug 2016 19:33:43 -0400", "title": "Benzinga's M&A Chatter for  Monday August 1, 2016", "teaser": "", "body": "", "url": "https://www.benzinga.com/node/8288532", "image": [], "channels": [{"name": "News"}, {"name": "Rumors"}, {"name": "M&A"}, {"name": "Movers"}], "stocks": [{"name": "IBM"}, {"name": "RIG"}, {"name": "RIGP"}, {"name": "SCTY"}, {"name": "TSL"}, {"name": "TSLA"}], "tags": []}]