[{"id": 6759122, "author": "Benzinga", "created": "Tue, 01 Mar 2016 06:01:11 -0400", "updated": "Tue, 01 Mar 2016 06:01:11 -0400", "title": "Honeywell Acquires Movilizer; Terms Not Disclosed", "teaser": "", "body": "", "url": "https://www.benzinga.com/node/6759122", "image": [], "channels": [{"name": "News"}, {"name": "M&A"}, {"name": "Press Releases"}], "stocks": [{"name": "HON"}], "tags": []}, {"id": 6760249, "author": "Benzinga", "created": "Tue, 01 Mar 2016 09:21:07 -0400", "updated": "Tue, 01 Mar 2016 09:21:07 -0400", "title": "JCPenney Announces Two Additions To Board Of Directors: Who Are They?", "teaser": "", "body": "", "url": "https://www.benzinga.com/node/6760249", "image": [], "channels": [{"name": "News"}, {"name": "Management"}, {"name": "Movers"}], "stocks": [{"name": "GME"}, {"name": "HD"}, {"name": "JCP"}, {"name": "TCO"}], "tags": [{"name": "J Paul Raines"}, {"name": "jcpenney"}, {"name": "JCPenney Board of Directors"}, {"name": "Lisa Payne"}, {"name": "real estate investment trust"}, {"name": "REIT"}, {"name": "retailers"}]}, {"id": 6758679, "author": "Benzinga", "created": "Tue, 01 Mar 2016 09:39:39 -0400", "updated": "Tue, 01 Mar 2016 09:39:39 -0400", "title": "Oscar Ratings Slip Overall, But Show Improvement In Key Demos", "teaser": "", "body": "", "url": "https://www.benzinga.com/node/6758679", "image": [], "channels": [{"name": "News"}, {"name": "Education"}, {"name": "Events"}, {"name": "Trading Ideas"}, {"name": "General"}], "stocks": [{"name": "AMC"}, {"name": "DIS"}, {"name": "FOX"}, {"name": "FOXA"}, {"name": "RGC"}, {"name": "TWX"}], "tags": [{"name": "#OscarsSoWhite"}, {"name": "88th annual academy awards"}, {"name": "Academy Awards"}, {"name": "Oscars"}]}, {"id": 6760934, "author": "Benzinga", "created": "Tue, 01 Mar 2016 10:27:04 -0400", "updated": "Tue, 01 Mar 2016 10:27:04 -0400", "title": "Long-Time Valeant Bull Jefferies Cuts Price Target 40%", "teaser": "", "body": "", "url": "https://www.benzinga.com/node/6760934", "image": [], "channels": [{"name": "Analyst Color"}, {"name": "Biotech"}, {"name": "Long Ideas"}, {"name": "News"}, {"name": "Guidance"}, {"name": "Health Care"}, {"name": "Price Target"}, {"name": "Analyst Ratings"}, {"name": "Movers"}, {"name": "Trading Ideas"}, {"name": "General"}], "stocks": [{"name": "VRX"}, {"name": "WBA"}], "tags": [{"name": "David Steinberg"}, {"name": "Jefferies"}, {"name": "Mike Pearson"}, {"name": "Philidor"}]}, {"id": 6761483, "author": "Benzinga", "created": "Tue, 01 Mar 2016 11:37:50 -0400", "updated": "Tue, 01 Mar 2016 11:37:50 -0400", "title": "GigaFactory Q&A With Tesla Analyst", "teaser": "", "body": "", "url": "https://www.benzinga.com/node/6761483", "image": [], "channels": [{"name": "Analyst Color"}, {"name": "News"}, {"name": "Analyst Ratings"}], "stocks": [{"name": "AMZN"}, {"name": "MSFT"}, {"name": "TSLA"}], "tags": []}, {"id": 6762734, "author": "Benzinga", "created": "Tue, 01 Mar 2016 13:37:33 -0400", "updated": "Tue, 01 Mar 2016 13:37:33 -0400", "title": "Rumor: Apple iPhone 7 To Be Thin", "teaser": "", "body": "", "url": "https://www.benzinga.com/node/6762734", "image": [], "channels": [{"name": "News"}, {"name": "Rumors"}, {"name": "Tech"}, {"name": "Trading Ideas"}], "stocks": [{"name": "AAPL"}], "tags": [{"name": "9 to 5 Mac"}, {"name": "9TO5Mac"}, {"name": "Beats"}, {"name": "iPhone"}, {"name": "iPhone 6S"}, {"name": "iPhone 7"}, {"name": "iPhone 7 Rumors"}, {"name": "Macotakara"}]}, {"id": 6765042, "author": "Benzinga", "created": "Tue, 01 Mar 2016 15:04:05 -0400", "updated": "Tue, 01 Mar 2016 15:04:05 -0400", "title": "Early Checks For Apple Products Coming In Mixed", "teaser": "", "body": "", "url": "https://www.benzinga.com/node/6765042", "image": [], "channels": [{"name": "Analyst Color"}, {"name": "News"}, {"name": "Retail Sales"}, {"name": "Analyst Ratings"}, {"name": "Tech"}, {"name": "Trading Ideas"}], "stocks": [{"name": "AAPL"}, {"name": "AMZN"}, {"name": "BBY"}], "tags": [{"name": "Apple Watch"}, {"name": "Ben Bollin"}, {"name": "Cleveland Researhc"}, {"name": "Detwiler Fenton"}, {"name": "IDC"}, {"name": "International Data Corporation"}, {"name": "iPhone"}, {"name": "iPhone 5S"}, {"name": "iPhone 5se"}, {"name": "iPhone 6C"}, {"name": "iPhone 7"}]}, {"id": 6765686, "author": "Benzinga", "created": "Tue, 01 Mar 2016 15:47:11 -0400", "updated": "Tue, 01 Mar 2016 15:47:11 -0400", "title": "Honeywell Confirms It Will No Longer Pursue A Combination With United Technologies", "teaser": "", "body": "", "url": "https://www.benzinga.com/node/6765686", "image": [], "channels": [{"name": "News"}, {"name": "M&A"}], "stocks": [{"name": "HON"}, {"name": "UTX"}], "tags": [{"name": "Dave Cote"}, {"name": "honeywell"}, {"name": "Honeywell United Technologies Merger"}, {"name": "united technologies"}]}, {"id": 6764637, "author": "Benzinga", "created": "Tue, 01 Mar 2016 14:28:15 -0400", "updated": "Tue, 01 Mar 2016 16:28:57 -0400", "title": "Two-Month Highs in Oil, China Easing Help Stocks Stage Early Rally", "teaser": "", "body": "", "url": "https://www.benzinga.com/node/6764637", "image": [], "channels": [{"name": "News"}, {"name": "Economics"}, {"name": "Analyst Ratings"}], "stocks": [{"name": "GS"}], "tags": []}, {"id": 6771903, "author": "Benzinga", "created": "Tue, 01 Mar 2016 21:20:21 -0400", "updated": "Tue, 01 Mar 2016 21:20:21 -0400", "title": "Benzinga's M&A Chatter for Tuesday March 1, 2016", "teaser": "", "body": "", "url": "https://www.benzinga.com/node/6771903", "image": [], "channels": [{"name": "News"}, {"name": "Rumors"}, {"name": "M&A"}, {"name": "Movers"}], "stocks": [{"name": "CP"}, {"name": "CSX"}, {"name": "EXC"}, {"name": "HON"}, {"name": "ICE"}, {"name": "LDNXF"}, {"name": "NSC"}, {"name": "POM"}, {"name": "UTX"}], "tags": []}, {"id": 6758675, "author": "Benzinga", "created": "Tue, 01 Mar 2016 10:06:16 -0400", "updated": "Fri, 04 Mar 2016 17:09:44 -0400", "title": "Dial Up This Telecom ETF", "teaser": "", "body": "", "url": "https://www.benzinga.com/node/6758675", "image": [], "channels": [{"name": "Analyst Color"}, {"name": "Long Ideas"}, {"name": "News"}, {"name": "Sector ETFs"}, {"name": "Initiation"}, {"name": "Intraday Update"}, {"name": "Markets"}, {"name": "Analyst Ratings"}, {"name": "Trading Ideas"}, {"name": "ETFs"}], "stocks": [{"name": "CCOI"}, {"name": "FCOM"}, {"name": "FTR"}, {"name": "FUTY"}, {"name": "T"}, {"name": "VZ"}], "tags": []}]