[{"id": 7142282, "author": "Benzinga", "created": "Mon, 07 Mar 2016 09:20:19 -0400", "updated": "Mon, 07 Mar 2016 09:20:20 -0400", "title": "Fundamental Fun With This ETF", "teaser": "", "body": "", "url": "https://www.benzinga.com/node/7142282", "image": [], "channels": [{"name": "Long Ideas"}, {"name": "News"}, {"name": "Broad U.S. Equity ETFs"}, {"name": "Intraday Update"}, {"name": "Markets"}, {"name": "Trading Ideas"}, {"name": "ETFs"}], "stocks": [{"name": "AAPL"}, {"name": "FNDX"}, {"name": "MSFT"}, {"name": "XOM"}], "tags": []}, {"id": 7151110, "author": "Benzinga", "created": "Mon, 07 Mar 2016 09:58:09 -0400", "updated": "Mon, 07 Mar 2016 09:58:09 -0400", "title": "Look Who's Coming To Dinner: The Restaurant ETF", "teaser": "", "body": "", "url": "https://www.benzinga.com/node/7151110", "image": [], "channels": [{"name": "Long Ideas"}, {"name": "News"}, {"name": "Sector ETFs"}, {"name": "Intraday Update"}, {"name": "Markets"}, {"name": "Trading Ideas"}, {"name": "ETFs"}], "stocks": [{"name": "BITE"}, {"name": "CMG"}, {"name": "DPZ"}, {"name": "MCD"}, {"name": "PNRA"}, {"name": "SBUX"}, {"name": "SHAK"}, {"name": "XLY"}], "tags": [{"name": "Consumer Discretionary"}, {"name": "Restaurants"}]}, {"id": 7149162, "author": "Benzinga", "created": "Mon, 07 Mar 2016 10:14:17 -0400", "updated": "Mon, 07 Mar 2016 10:14:17 -0400", "title": "Sony Doubles Down On Sequels As Investors See Roster Take Shape", "teaser": "", "body": "", "url": "https://www.benzinga.com/node/7149162", "image": [], "channels": [{"name": "News"}, {"name": "Events"}, {"name": "Markets"}, {"name": "Media"}, {"name": "Trading Ideas"}], "stocks": [{"name": "DIS"}, {"name": "SNE"}], "tags": [{"name": "Bad Boys 3"}, {"name": "stephen king"}, {"name": "The Dark Tower"}]}, {"id": 7294137, "author": "Benzinga", "created": "Mon, 07 Mar 2016 12:12:29 -0400", "updated": "Mon, 07 Mar 2016 12:12:30 -0400", "title": "Apple No Longer Bidding For NFL Games: Facebook, Amazon, Verizon And Yahoo Are Left", "teaser": "", "body": "", "url": "https://www.benzinga.com/node/7294137", "image": [], "channels": [{"name": "News"}, {"name": "Contracts"}, {"name": "Tech"}], "stocks": [{"name": "AAPL"}, {"name": "AMZN"}, {"name": "FB"}, {"name": "VZ"}, {"name": "YHOO"}], "tags": []}, {"id": 7289557, "author": "Benzinga", "created": "Mon, 07 Mar 2016 12:43:34 -0400", "updated": "Mon, 07 Mar 2016 12:43:35 -0400", "title": "Oil, Gas And Mining Stocks Skyrocket Yet Again To Start Week", "teaser": "", "body": "", "url": "https://www.benzinga.com/node/7289557", "image": [], "channels": [{"name": "News"}, {"name": "Commodities"}, {"name": "Intraday Update"}, {"name": "Markets"}, {"name": "Movers"}], "stocks": [{"name": "CLF"}, {"name": "COP"}, {"name": "CVX"}, {"name": "EXXI"}, {"name": "GGB"}, {"name": "LINE"}, {"name": "LNCO"}, {"name": "NADL"}, {"name": "UPL"}, {"name": "VALE"}, {"name": "XOM"}], "tags": []}, {"id": 7299482, "author": "Benzinga", "created": "Mon, 07 Mar 2016 12:52:30 -0400", "updated": "Mon, 07 Mar 2016 12:52:31 -0400", "title": "Hillary Clinton Calls Out Gun Makers", "teaser": "", "body": "", "url": "https://www.benzinga.com/node/7299482", "image": [], "channels": [{"name": "News"}, {"name": "Politics"}, {"name": "Events"}, {"name": "General"}], "stocks": [{"name": "BAC"}, {"name": "C"}, {"name": "JCI"}, {"name": "JPM"}, {"name": "RGR"}, {"name": "SWHC"}, {"name": "VRX"}, {"name": "WFC"}], "tags": [{"name": "Hillary Clinton"}]}, {"id": 7303059, "author": "Benzinga", "created": "Mon, 07 Mar 2016 13:00:22 -0400", "updated": "Mon, 07 Mar 2016 13:00:22 -0400", "title": "comScore Data Confirms Massive Box Office Opening For Disney's 'Zootopia'", "teaser": "", "body": "", "url": "https://www.benzinga.com/node/7303059", "image": [], "channels": [{"name": "News"}], "stocks": [{"name": "DIS"}], "tags": [{"name": "comScore"}, {"name": "Paul Dergarabedian"}, {"name": "Zootopia"}]}, {"id": 7322164, "author": "Benzinga", "created": "Mon, 07 Mar 2016 14:51:19 -0400", "updated": "Mon, 07 Mar 2016 14:51:19 -0400", "title": "Maybe Fiat's CEO Just Isn't Interested In Auto Industry Future", "teaser": "", "body": "", "url": "https://www.benzinga.com/node/7322164", "image": [], "channels": [{"name": "Analyst Color"}, {"name": "News"}, {"name": "Rumors"}, {"name": "Markets"}, {"name": "Analyst Ratings"}, {"name": "Tech"}, {"name": "Media"}, {"name": "Trading Ideas"}], "stocks": [{"name": "AAPL"}, {"name": "FCAU"}], "tags": [{"name": "Autonomous Cars"}, {"name": "autonomous vehicles"}, {"name": "Bloomberg"}, {"name": "CFA Institute"}, {"name": "driverless cars"}, {"name": "electric cars"}, {"name": "self-driving cars"}, {"name": "self-driving vehicles"}, {"name": "Sviatoslav Rosov"}]}, {"id": 7329232, "author": "Benzinga", "created": "Mon, 07 Mar 2016 14:56:18 -0400", "updated": "Mon, 07 Mar 2016 14:56:18 -0400", "title": "DuPont Up After Reports BASF Could Make Counter Bid Against Dow", "teaser": "", "body": "", "url": "https://www.benzinga.com/node/7329232", "image": [], "channels": [{"name": "News"}, {"name": "Rumors"}, {"name": "Commodities"}, {"name": "M&A"}, {"name": "Markets"}], "stocks": [{"name": "BASFY"}, {"name": "DD"}, {"name": "DOW"}], "tags": [{"name": "Bloomberg"}, {"name": "Fortune"}]}, {"id": 7171917, "author": "Benzinga", "created": "Mon, 07 Mar 2016 15:46:56 -0400", "updated": "Mon, 07 Mar 2016 15:46:56 -0400", "title": "An ETF For A Financial Services Rebound", "teaser": "", "body": "", "url": "https://www.benzinga.com/node/7171917", "image": [], "channels": [{"name": "Analyst Color"}, {"name": "Long Ideas"}, {"name": "News"}, {"name": "Sector ETFs"}, {"name": "Markets"}, {"name": "Analyst Ratings"}, {"name": "Trading Ideas"}, {"name": "ETFs"}], "stocks": [{"name": "BRK-B"}, {"name": "JPM"}, {"name": "WFC"}, {"name": "XLF"}, {"name": "XLFS"}, {"name": "XLRE"}], "tags": []}, {"id": 7177621, "author": "Benzinga", "created": "Mon, 07 Mar 2016 15:26:25 -0400", "updated": "Mon, 07 Mar 2016 15:52:21 -0400", "title": "The Other Sector ETF Player", "teaser": "", "body": "", "url": "https://www.benzinga.com/node/7177621", "image": [], "channels": [{"name": "Long Ideas"}, {"name": "News"}, {"name": "Sector ETFs"}, {"name": "Markets"}, {"name": "Trading Ideas"}, {"name": "ETFs"}], "stocks": [{"name": "FCOM"}, {"name": "FENY"}, {"name": "FHLC"}, {"name": "FREL"}, {"name": "JNJ"}, {"name": "PFE"}, {"name": "T"}, {"name": "VZ"}], "tags": [{"name": "Fidelity"}]}, {"id": 7344149, "author": "Benzinga", "created": "Mon, 07 Mar 2016 16:07:16 -0400", "updated": "Mon, 07 Mar 2016 16:07:16 -0400", "title": "Hedge Fund Vet Talks Singer's Qlik Involvement", "teaser": "", "body": "", "url": "https://www.benzinga.com/node/7344149", "image": [], "channels": [{"name": "News"}, {"name": "Hedge Funds"}, {"name": "SEC"}, {"name": "General"}], "stocks": [{"name": "CTXS"}, {"name": "IBM"}, {"name": "ORCL"}, {"name": "QLIK"}], "tags": [{"name": "Elliott Management Corp"}, {"name": "Paul Singer"}]}, {"id": 7344979, "author": "Benzinga", "created": "Mon, 07 Mar 2016 16:19:49 -0400", "updated": "Mon, 07 Mar 2016 16:19:49 -0400", "title": "Gilead Vs. Merck: What To Know", "teaser": "", "body": "", "url": "https://www.benzinga.com/node/7344979", "image": [], "channels": [{"name": "Analyst Color"}, {"name": "Biotech"}, {"name": "Long Ideas"}, {"name": "News"}, {"name": "Health Care"}, {"name": "Price Target"}, {"name": "Reiteration"}, {"name": "Legal"}, {"name": "Analyst Ratings"}, {"name": "Trading Ideas"}, {"name": "General"}], "stocks": [{"name": "GILD"}, {"name": "MRK"}], "tags": [{"name": "Harvoni"}, {"name": "Jefferies"}, {"name": "Sovaldi"}]}, {"id": 7347859, "author": "Benzinga", "created": "Mon, 07 Mar 2016 17:26:37 -0400", "updated": "Mon, 07 Mar 2016 17:26:38 -0400", "title": "Caterpillar To Present At JPMorgan Conference Tuesday: What To Expect", "teaser": "", "body": "", "url": "https://www.benzinga.com/node/7347859", "image": [], "channels": [{"name": "Analyst Color"}, {"name": "News"}, {"name": "Analyst Ratings"}], "stocks": [{"name": "CAT"}], "tags": []}, {"id": 7372011, "author": "Benzinga", "created": "Mon, 07 Mar 2016 17:32:52 -0400", "updated": "Mon, 07 Mar 2016 17:32:52 -0400", "title": "The Stocks That Moved The S&P, Dow And Nasdaq Today", "teaser": "", "body": "", "url": "https://www.benzinga.com/node/7372011", "image": [], "channels": [{"name": "News"}, {"name": "After-Hours Center"}, {"name": "Movers"}], "stocks": [{"name": "ALXN"}, {"name": "CAT"}, {"name": "CVX"}, {"name": "ILMN"}, {"name": "MU"}, {"name": "MUR"}, {"name": "NFLX"}, {"name": "NKE"}, {"name": "STZ"}, {"name": "SWN"}, {"name": "V"}], "tags": []}, {"id": 7432559, "author": "Benzinga", "created": "Mon, 07 Mar 2016 21:08:26 -0400", "updated": "Mon, 07 Mar 2016 21:08:27 -0400", "title": "Benzinga's M&A Chatter for Monday March 7, 2016", "teaser": "", "body": "", "url": "https://www.benzinga.com/node/7432559", "image": [], "channels": [{"name": "News"}, {"name": "Rumors"}, {"name": "M&A"}, {"name": "Movers"}], "stocks": [{"name": "AXP"}, {"name": "EYEG"}, {"name": "ONCE"}, {"name": "UUUU"}, {"name": "WFC"}], "tags": []}, {"id": 7302090, "author": "Benzinga", "created": "Mon, 07 Mar 2016 12:36:44 -0400", "updated": "Wed, 09 Mar 2016 17:14:46 -0400", "title": "The Market In 5 Minutes: Monday, March 7, 2016", "teaser": "", "body": "", "url": "https://www.benzinga.com/node/7302090", "image": [], "channels": [{"name": "Analyst Color"}, {"name": "News"}, {"name": "Education"}, {"name": "Rumors"}, {"name": "M&A"}, {"name": "Top Stories"}, {"name": "Economics"}, {"name": "Markets"}, {"name": "Analyst Ratings"}, {"name": "Movers"}, {"name": "Tech"}, {"name": "General"}], "stocks": [{"name": "AAPL"}, {"name": "AMBA"}, {"name": "BASFY"}, {"name": "BOJA"}, {"name": "CMG"}, {"name": "DD"}, {"name": "DIS"}, {"name": "DNKN"}, {"name": "DOW"}, {"name": "GOGO"}, {"name": "GOOG"}, {"name": "I"}, {"name": "KHC"}, {"name": "KO"}, {"name": "LNKD"}, {"name": "LSCC"}, {"name": "MDVN"}, {"name": "MENT"}, {"name": "MRVL"}, {"name": "MU"}, {"name": "QLIK"}, {"name": "SDRL"}, {"name": "SHAK"}, {"name": "SO"}, {"name": "SODA"}, {"name": "SSYS"}, {"name": "TEVA"}, {"name": "TM"}, {"name": "TSLA"}, {"name": "TWTR"}, {"name": "URBN"}, {"name": "URI"}, {"name": "VRX"}, {"name": "WWAV"}, {"name": "WYNN"}], "tags": [{"name": "Market in 5 minutes"}]}]