[{"id": 6263006, "author": "Benzinga", "created": "Mon, 15 Feb 2016 13:14:12 -0400", "updated": "Mon, 15 Feb 2016 13:14:15 -0400", "title": "How Much Will Daniel Bryan's Retirement Hurt WWE?", "teaser": "", "body": "", "url": "https://www.benzinga.com/node/6263006", "image": [], "channels": [{"name": "Analyst Color"}, {"name": "Earnings"}, {"name": "News"}, {"name": "Guidance"}, {"name": "Previews"}, {"name": "Top Stories"}, {"name": "Exclusives"}, {"name": "Analyst Ratings"}, {"name": "Movers"}, {"name": "Tech"}, {"name": "Trading Ideas"}, {"name": "Interview"}], "stocks": [{"name": "AAPL"}, {"name": "NFLX"}, {"name": "WWE"}], "tags": [{"name": "Daniel Bryan"}, {"name": "James Clement"}, {"name": "John Cena"}, {"name": "Macquarie"}, {"name": "WrestleMania"}, {"name": "Wrestlemania 32"}, {"name": "WWE Network"}]}, {"id": 6263003, "author": "Benzinga", "created": "Mon, 15 Feb 2016 13:25:08 -0400", "updated": "Mon, 15 Feb 2016 13:25:08 -0400", "title": "Wal-Mart Set To Kick Off Retail Earnings Season", "teaser": "", "body": "", "url": "https://www.benzinga.com/node/6263003", "image": [], "channels": [{"name": "Earnings"}, {"name": "News"}, {"name": "Previews"}, {"name": "Crowdsourcing"}, {"name": "Top Stories"}, {"name": "Trading Ideas"}, {"name": "General"}], "stocks": [{"name": "JWN"}, {"name": "WMT"}], "tags": [{"name": "Earnings Expectations"}, {"name": "Estimize"}, {"name": "Nordstrom"}, {"name": "Wal-Mart"}]}]