[{"id": 8741149, "author": "Benzinga", "created": "Mon, 28 Nov 2016 07:54:28 -0400", "updated": "Mon, 28 Nov 2016 07:54:29 -0400", "title": "Wall Street's M&A Chatter From November 25-27", "teaser": "", "body": "", "url": "https://www.benzinga.com/node/8741149", "image": [], "channels": [{"name": "News"}, {"name": "Rumors"}, {"name": "M&A"}], "stocks": [{"name": "ALIOF"}, {"name": "JNJ"}, {"name": "LUX"}, {"name": "SYT"}], "tags": [{"name": "Apparel, Accessories & Luxury Goods"}, {"name": "Consumer Discretionary"}]}, {"id": 8741285, "author": "Benzinga", "created": "Mon, 28 Nov 2016 09:15:34 -0400", "updated": "Mon, 28 Nov 2016 09:15:34 -0400", "title": "Buy The Dip In Visa, Says Bernstein", "teaser": "", "body": "", "url": "https://www.benzinga.com/node/8741285", "image": [], "channels": [{"name": "Analyst Color"}, {"name": "Long Ideas"}, {"name": "News"}, {"name": "Reiteration"}, {"name": "Analyst Ratings"}, {"name": "Movers"}, {"name": "Trading Ideas"}], "stocks": [{"name": "V"}], "tags": [{"name": "Bernstein"}, {"name": "Lisa D. Ellis"}]}, {"id": 8741250, "author": "Benzinga", "created": "Mon, 28 Nov 2016 09:59:58 -0400", "updated": "Mon, 28 Nov 2016 09:59:58 -0400", "title": "The Market In 5 Minutes: Castro, Trump And Oil In Focus", "teaser": "", "body": "", "url": "https://www.benzinga.com/node/8741250", "image": [], "channels": [{"name": "News"}, {"name": "Global"}, {"name": "Top Stories"}, {"name": "Pre-Market Outlook"}, {"name": "Markets"}], "stocks": [{"name": "ALIOF"}, {"name": "C"}, {"name": "CMA"}, {"name": "COP"}, {"name": "CPE"}, {"name": "FCAU"}, {"name": "IMMY"}, {"name": "JNJ"}, {"name": "MET"}, {"name": "PNRA"}, {"name": "SPY"}, {"name": "SYT"}, {"name": "USB"}, {"name": "USO"}, {"name": "WFC"}], "tags": [{"name": "the market in 5 minutes"}]}, {"id": 8741510, "author": "Benzinga", "created": "Mon, 28 Nov 2016 10:21:44 -0400", "updated": "Mon, 28 Nov 2016 10:21:44 -0400", "title": "Thanksgiving Shopping Goes Global", "teaser": "", "body": "", "url": "https://www.benzinga.com/node/8741510", "image": [], "channels": [{"name": "News"}, {"name": "Sector ETFs"}, {"name": "Psychology"}, {"name": "Events"}, {"name": "Global"}, {"name": "Econ #s"}, {"name": "Markets"}, {"name": "ETFs"}, {"name": "General"}], "stocks": [{"name": "IBM"}, {"name": "XRT"}], "tags": [{"name": "Black Friday"}, {"name": "holiday shopping season"}, {"name": "retail"}, {"name": "retailers"}, {"name": "Thanksgiving"}]}, {"id": 8741954, "author": "Benzinga", "created": "Mon, 28 Nov 2016 11:54:01 -0400", "updated": "Mon, 28 Nov 2016 11:54:02 -0400", "title": "Dollar General Less Immune Than Other Discounters To The Wal-mart Effect", "teaser": "", "body": "", "url": "https://www.benzinga.com/node/8741954", "image": [], "channels": [{"name": "Analyst Color"}, {"name": "Earnings"}, {"name": "News"}, {"name": "Price Target"}, {"name": "Previews"}, {"name": "Reiteration"}, {"name": "Analyst Ratings"}, {"name": "Movers"}, {"name": "Trading Ideas"}], "stocks": [{"name": "DG"}, {"name": "DLTR"}, {"name": "WMT"}], "tags": [{"name": "Barclays"}, {"name": "dollar stores"}, {"name": "Karen Short"}]}, {"id": 8742290, "author": "Benzinga", "created": "Mon, 28 Nov 2016 13:13:18 -0400", "updated": "Mon, 28 Nov 2016 13:13:18 -0400", "title": "Key Trends In Online Shopping This Holiday Season", "teaser": "", "body": "", "url": "https://www.benzinga.com/node/8742290", "image": [], "channels": [{"name": "News"}, {"name": "Topics"}, {"name": "Events"}, {"name": "Econ #s"}, {"name": "Movers"}, {"name": "Tech"}, {"name": "Trading Ideas"}, {"name": "General"}], "stocks": [{"name": "AAPL"}, {"name": "AMZN"}, {"name": "GOOG"}, {"name": "GOOGL"}, {"name": "XRT"}], "tags": [{"name": "Apple TV"}, {"name": "Black Friday"}, {"name": "Chromecast"}, {"name": "comScore"}, {"name": "Cyber Monday"}, {"name": "e-commerce"}, {"name": "Fire TV"}, {"name": "holiday shopping season"}, {"name": "National Retail Federation"}, {"name": "NRF"}, {"name": "retail"}, {"name": "retailers"}, {"name": "rokus"}, {"name": "Thanksgiving"}]}, {"id": 8743262, "author": "Benzinga", "created": "Mon, 28 Nov 2016 14:17:31 -0400", "updated": "Mon, 28 Nov 2016 14:17:31 -0400", "title": "Unusual Twitter Options Activity Could Indicate More Buyout Rumors Ahead", "teaser": "", "body": "", "url": "https://www.benzinga.com/node/8743262", "image": [], "channels": [{"name": "Long Ideas"}, {"name": "News"}, {"name": "Rumors"}, {"name": "Options"}, {"name": "Markets"}, {"name": "Movers"}, {"name": "Tech"}, {"name": "Trading Ideas"}], "stocks": [{"name": "CRM"}, {"name": "TWTR"}], "tags": []}, {"id": 8743640, "author": "Benzinga", "created": "Mon, 28 Nov 2016 16:33:13 -0400", "updated": "Mon, 28 Nov 2016 16:33:13 -0400", "title": "Insurance Stocks May Have Risen Too Far Too Fast", "teaser": "", "body": "", "url": "https://www.benzinga.com/node/8743640", "image": [], "channels": [{"name": "Analyst Color"}, {"name": "Long Ideas"}, {"name": "News"}, {"name": "Short Ideas"}, {"name": "Downgrades"}, {"name": "Price Target"}, {"name": "Reiteration"}, {"name": "Analyst Ratings"}, {"name": "Trading Ideas"}], "stocks": [{"name": "AFL"}, {"name": "AFSI"}, {"name": "AIG"}, {"name": "ALL"}, {"name": "HIG"}, {"name": "LNC"}, {"name": "MET"}, {"name": "MHLD"}, {"name": "MTG"}, {"name": "NMIH"}, {"name": "PGR"}, {"name": "PRU"}, {"name": "RDN"}, {"name": "TRV"}, {"name": "UNM"}], "tags": [{"name": "Donald Trump"}, {"name": "FBR Capital"}, {"name": "Randy Binner"}]}]