[{"id": 8566347, "author": "Benzinga", "created": "Mon, 17 Oct 2016 04:26:57 -0400", "updated": "Mon, 17 Oct 2016 04:26:58 -0400", "title": "Earnings Scheduled For October 17, 2016", "teaser": "", "body": "", "url": "https://www.benzinga.com/node/8566347", "image": [], "channels": [{"name": "Earnings"}, {"name": "News"}, {"name": "Pre-Market Outlook"}, {"name": "Markets"}], "stocks": [{"name": "ABCB"}, {"name": "BAC"}, {"name": "BMI"}, {"name": "CE"}, {"name": "ELS"}, {"name": "FDEF"}, {"name": "GIG"}, {"name": "HAS"}, {"name": "IBM"}, {"name": "IEX"}, {"name": "JBHT"}, {"name": "LII"}, {"name": "NFLX"}, {"name": "SCHW"}, {"name": "SFBS"}, {"name": "TACO"}, {"name": "UAL"}, {"name": "WTFC"}], "tags": [{"name": "Building Products"}, {"name": "Earnings schedule"}, {"name": "Industrials"}]}, {"id": 8566409, "author": "Benzinga", "created": "Mon, 17 Oct 2016 05:36:25 -0400", "updated": "Mon, 17 Oct 2016 05:36:25 -0400", "title": "Keep an Eye on These 7 Stocks for October 17, 2016", "teaser": "", "body": "", "url": "https://www.benzinga.com/node/8566409", "image": [], "channels": [{"name": "Earnings"}, {"name": "News"}, {"name": "Pre-Market Outlook"}, {"name": "Markets"}, {"name": "Trading Ideas"}], "stocks": [{"name": "BAC"}, {"name": "HAS"}, {"name": "IBM"}, {"name": "JBHT"}, {"name": "MENT"}, {"name": "NFLX"}, {"name": "UAL"}], "tags": [{"name": "Stocks To Watch"}, {"name": "Stocks to Watch"}]}, {"id": 8565788, "author": "Benzinga", "created": "Mon, 17 Oct 2016 06:40:18 -0400", "updated": "Mon, 17 Oct 2016 06:40:19 -0400", "title": "This Week's Dow Earnings: Big Expectations For Goldman Sachs, Intel, UnitedHealth", "teaser": "", "body": "", "url": "https://www.benzinga.com/node/8565788", "image": [], "channels": [{"name": "Earnings"}, {"name": "News"}, {"name": "Previews"}, {"name": "Top Stories"}, {"name": "Trading Ideas"}], "stocks": [{"name": "GS"}, {"name": "INTC"}, {"name": "UNH"}], "tags": [{"name": "Earnings Expectations"}, {"name": "Goldman Sachs"}, {"name": "Intel"}, {"name": "UnitedHealth"}]}, {"id": 8566705, "author": "Benzinga", "created": "Mon, 17 Oct 2016 07:23:06 -0400", "updated": "Mon, 17 Oct 2016 07:23:07 -0400", "title": "Report: Apple's Next Phone Will Feature An OLED Screen", "teaser": "", "body": "", "url": "https://www.benzinga.com/node/8566705", "image": [], "channels": [{"name": "News"}, {"name": "Rumors"}, {"name": "Tech"}], "stocks": [{"name": "AAPL"}], "tags": [{"name": "Bloomberg"}, {"name": "iPhone"}, {"name": "iPhone LED Display"}, {"name": "Japan Display"}, {"name": "OLED"}]}, {"id": 8567012, "author": "Benzinga", "created": "Mon, 17 Oct 2016 08:00:23 -0400", "updated": "Mon, 17 Oct 2016 08:00:24 -0400", "title": "A Peek Into The Markets: U.S. Stock Futures Edge Lower Ahead Of Earnings", "teaser": "", "body": "", "url": "https://www.benzinga.com/node/8567012", "image": [], "channels": [{"name": "Earnings"}, {"name": "News"}, {"name": "Futures"}, {"name": "Commodities"}, {"name": "Global"}, {"name": "Pre-Market Outlook"}, {"name": "Markets"}, {"name": "Movers"}], "stocks": [{"name": "AAPL"}, {"name": "BAC"}, {"name": "C"}, {"name": "HAS"}, {"name": "JBHT"}, {"name": "JPM"}, {"name": "WFC"}], "tags": [{"name": "BMO Capital"}, {"name": "U.S. stock futures"}]}, {"id": 8566957, "author": "Benzinga", "created": "Mon, 17 Oct 2016 08:14:27 -0400", "updated": "Mon, 17 Oct 2016 08:14:27 -0400", "title": "Apple Is Scaling Back Autonomous Vehicle Plans", "teaser": "", "body": "", "url": "https://www.benzinga.com/node/8566957", "image": [], "channels": [{"name": "News"}, {"name": "Rumors"}, {"name": "Tech"}, {"name": "Media"}], "stocks": [{"name": "AAPL"}], "tags": [{"name": "Apple Car"}, {"name": "Bloomberg"}, {"name": "Project Tital"}]}, {"id": 8566953, "author": "Benzinga", "created": "Mon, 17 Oct 2016 08:59:42 -0400", "updated": "Mon, 17 Oct 2016 08:59:42 -0400", "title": "The Market In 5 Minutes: Choppy Oil Prices, Bank Of America Keeps Big Banks Green", "teaser": "", "body": "", "url": "https://www.benzinga.com/node/8566953", "image": [], "channels": [{"name": "News"}, {"name": "Global"}, {"name": "Top Stories"}, {"name": "Pre-Market Outlook"}, {"name": "Markets"}], "stocks": [{"name": "BAC"}, {"name": "BX"}, {"name": "CRM"}, {"name": "GRPN"}, {"name": "HAS"}, {"name": "JBHT"}, {"name": "MENT"}, {"name": "P"}, {"name": "SCHW"}, {"name": "SPY"}, {"name": "TTD"}, {"name": "TWTR"}, {"name": "USO"}, {"name": "WBA"}, {"name": "WFC"}], "tags": [{"name": "the market in 5 minutes"}]}, {"id": 8567594, "author": "Benzinga", "created": "Mon, 17 Oct 2016 09:01:45 -0400", "updated": "Mon, 17 Oct 2016 09:01:46 -0400", "title": "Plenty To Chew On As Heart Of Earnings Season Approaches; Fed Speakers On Prowl", "teaser": "", "body": "", "url": "https://www.benzinga.com/node/8567594", "image": [], "channels": [{"name": "Analyst Color"}, {"name": "Earnings"}, {"name": "News"}, {"name": "Previews"}, {"name": "Politics"}, {"name": "Events"}, {"name": "Econ #s"}, {"name": "Economics"}, {"name": "Federal Reserve"}, {"name": "Markets"}, {"name": "Analyst Ratings"}, {"name": "Trading Ideas"}, {"name": "Reviews"}, {"name": "ETFs"}, {"name": "General"}], "stocks": [{"name": "AAL"}, {"name": "BAC"}, {"name": "C"}, {"name": "DAL"}, {"name": "GS"}, {"name": "IBM"}, {"name": "JNJ"}, {"name": "JPM"}, {"name": "NFLX"}, {"name": "UAL"}, {"name": "WFC"}], "tags": []}, {"id": 8567379, "author": "Benzinga", "created": "Mon, 17 Oct 2016 09:20:50 -0400", "updated": "Mon, 17 Oct 2016 09:20:50 -0400", "title": "Azure Continues To Drive Microsoft Corporation; Goldman Expects Above Consensus EPS", "teaser": "", "body": "", "url": "https://www.benzinga.com/node/8567379", "image": [], "channels": [{"name": "Analyst Color"}, {"name": "Earnings"}, {"name": "News"}, {"name": "Price Target"}, {"name": "Previews"}, {"name": "Reiteration"}, {"name": "Analyst Ratings"}, {"name": "Tech"}, {"name": "Trading Ideas"}], "stocks": [{"name": "MSFT"}], "tags": [{"name": "Azure"}, {"name": "Goldman Sachs"}, {"name": "Heather Bellini"}, {"name": "Microsoft Azure"}]}, {"id": 8567419, "author": "Benzinga", "created": "Mon, 17 Oct 2016 09:55:42 -0400", "updated": "Mon, 17 Oct 2016 09:55:43 -0400", "title": "Nike's Getting Back In Shape While Under Armour Slows Down", "teaser": "", "body": "", "url": "https://www.benzinga.com/node/8567419", "image": [], "channels": [{"name": "Analyst Color"}, {"name": "Long Ideas"}, {"name": "News"}, {"name": "Price Target"}, {"name": "Reiteration"}, {"name": "Analyst Ratings"}, {"name": "Movers"}, {"name": "Trading Ideas"}], "stocks": [{"name": "ADDYY"}, {"name": "NKE"}, {"name": "UA"}], "tags": [{"name": "Eclat"}, {"name": "Jay Sole"}, {"name": "Kayne West"}, {"name": "Morgan Stanley"}, {"name": "NMD"}, {"name": "Pharell William"}, {"name": "s Feng Tay"}, {"name": "Slingride"}, {"name": "Slingshot"}, {"name": "Toung Loong TExtile"}, {"name": "Yeezy"}]}, {"id": 8568213, "author": "Benzinga", "created": "Mon, 17 Oct 2016 10:33:32 -0400", "updated": "Mon, 17 Oct 2016 10:33:32 -0400", "title": "Stocks Hitting 52-Week Lows", "teaser": "", "body": "", "url": "https://www.benzinga.com/node/8568213", "image": [], "channels": [{"name": "News"}, {"name": "Movers & Shakers"}, {"name": "Intraday Update"}, {"name": "Markets"}], "stocks": [{"name": "BBBY"}, {"name": "DVAX"}, {"name": "HTZ"}, {"name": "NKE"}], "tags": [{"name": "52 Week Lows"}, {"name": "52-Week Lows"}]}, {"id": 8565334, "author": "Benzinga", "created": "Mon, 17 Oct 2016 10:59:10 -0400", "updated": "Mon, 17 Oct 2016 10:59:11 -0400", "title": "How A 'Fantasy Sports For Stocks' Game Ran Afoul Of The SEC", "teaser": "", "body": "", "url": "https://www.benzinga.com/node/8565334", "image": [], "channels": [{"name": "News"}, {"name": "Topics"}, {"name": "Legal"}, {"name": "Sports"}, {"name": "SEC"}, {"name": "Tech"}, {"name": "General"}], "stocks": [{"name": "DIS"}], "tags": [{"name": "fantasy sports"}, {"name": "Forcerank"}, {"name": "SEC"}]}, {"id": 8568126, "author": "Benzinga", "created": "Mon, 17 Oct 2016 11:18:24 -0400", "updated": "Mon, 17 Oct 2016 11:18:25 -0400", "title": "The Top-Line Growth Story For E.L.F. Is A Thing Of Beauty", "teaser": "", "body": "", "url": "https://www.benzinga.com/node/8568126", "image": [], "channels": [{"name": "Analyst Color"}, {"name": "News"}, {"name": "Price Target"}, {"name": "Initiation"}, {"name": "Analyst Ratings"}, {"name": "Movers"}], "stocks": [{"name": "ELF"}, {"name": "TGT"}, {"name": "WMT"}], "tags": [{"name": "Dara Mohsenian"}, {"name": "Morgan Stanley"}]}, {"id": 8568211, "author": "Benzinga", "created": "Mon, 17 Oct 2016 11:25:56 -0400", "updated": "Mon, 17 Oct 2016 11:25:56 -0400", "title": "Why Walgreens Is A Buy, Regardless Of Rite-Aid Deal", "teaser": "", "body": "", "url": "https://www.benzinga.com/node/8568211", "image": [], "channels": [{"name": "Analyst Color"}, {"name": "Long Ideas"}, {"name": "News"}, {"name": "Upgrades"}, {"name": "Price Target"}, {"name": "M&A"}, {"name": "Analyst Ratings"}, {"name": "Movers"}, {"name": "Trading Ideas"}], "stocks": [{"name": "RAD"}, {"name": "WBA"}], "tags": [{"name": "Brian Tanquilut"}, {"name": "FTC"}, {"name": "Jefferies"}, {"name": "Terrell McSweeny"}]}, {"id": 8568511, "author": "Benzinga", "created": "Mon, 17 Oct 2016 11:28:54 -0400", "updated": "Mon, 17 Oct 2016 11:28:56 -0400", "title": "Earnings: Who's At Bat Next? Netflix, IBM, And More.", "teaser": "", "body": "", "url": "https://www.benzinga.com/node/8568511", "image": [], "channels": [{"name": "Earnings"}, {"name": "News"}, {"name": "Previews"}, {"name": "Markets"}, {"name": "Trading Ideas"}], "stocks": [{"name": "GS"}, {"name": "IBM"}, {"name": "JNJ"}, {"name": "NFLX"}], "tags": []}, {"id": 8568124, "author": "Benzinga", "created": "Mon, 17 Oct 2016 11:33:43 -0400", "updated": "Mon, 17 Oct 2016 11:33:43 -0400", "title": "The French Target FANG Stocks, Apple With New Tax Proposal", "teaser": "", "body": "", "url": "https://www.benzinga.com/node/8568124", "image": [], "channels": [{"name": "News"}, {"name": "Legal"}, {"name": "Tech"}], "stocks": [{"name": "AAPL"}, {"name": "AMZN"}, {"name": "FB"}, {"name": "GOOG"}, {"name": "GOOGL"}, {"name": "NFLX"}], "tags": [{"name": "France"}, {"name": "France Tax"}, {"name": "Le Figaro"}, {"name": "Netflix France"}]}, {"id": 8568204, "author": "Benzinga", "created": "Mon, 17 Oct 2016 12:13:45 -0400", "updated": "Mon, 17 Oct 2016 12:13:45 -0400", "title": "Fitbit Has Potential For A Q3 Upside Surprise", "teaser": "", "body": "", "url": "https://www.benzinga.com/node/8568204", "image": [], "channels": [{"name": "Analyst Color"}, {"name": "Earnings"}, {"name": "Long Ideas"}, {"name": "News"}, {"name": "Price Target"}, {"name": "Previews"}, {"name": "Reiteration"}, {"name": "Sports"}, {"name": "Analyst Ratings"}, {"name": "Movers"}, {"name": "Tech"}, {"name": "Trading Ideas"}, {"name": "General"}], "stocks": [{"name": "AAPL"}, {"name": "AET"}, {"name": "FIT"}], "tags": [{"name": "Bob Peck"}, {"name": "Robert Peck"}, {"name": "SunTrust"}]}, {"id": 8568661, "author": "Benzinga", "created": "Mon, 17 Oct 2016 14:22:37 -0400", "updated": "Mon, 17 Oct 2016 14:22:37 -0400", "title": "CVS To Update Its Long-Term Guidance In December", "teaser": "", "body": "", "url": "https://www.benzinga.com/node/8568661", "image": [], "channels": [{"name": "Analyst Color"}, {"name": "News"}, {"name": "Price Target"}, {"name": "Reiteration"}, {"name": "Analyst Ratings"}, {"name": "Movers"}], "stocks": [{"name": "CVS"}, {"name": "WBA"}], "tags": [{"name": "Deutsche Bank"}, {"name": "Tricare"}]}, {"id": 8569089, "author": "Benzinga", "created": "Mon, 17 Oct 2016 14:52:52 -0400", "updated": "Mon, 17 Oct 2016 14:52:52 -0400", "title": "How Did The Big 4 Do In Q3?", "teaser": "", "body": "", "url": "https://www.benzinga.com/node/8569089", "image": [], "channels": [{"name": "Earnings"}, {"name": "News"}, {"name": "Guidance"}, {"name": "Movers"}, {"name": "Trading Ideas"}], "stocks": [{"name": "BAC"}, {"name": "C"}, {"name": "JPM"}, {"name": "WFC"}, {"name": "XLF"}], "tags": []}, {"id": 8567421, "author": "Benzinga", "created": "Mon, 17 Oct 2016 15:04:14 -0400", "updated": "Mon, 17 Oct 2016 15:04:14 -0400", "title": "IBM Ushers In Q3 Results With A Preferred Lens For Investors", "teaser": "", "body": "", "url": "https://www.benzinga.com/node/8567421", "image": [], "channels": [{"name": "Earnings"}, {"name": "News"}, {"name": "Previews"}, {"name": "Top Stories"}, {"name": "Tech"}, {"name": "Trading Ideas"}], "stocks": [{"name": "AAPL"}, {"name": "AMZN"}, {"name": "IBM"}, {"name": "MSFT"}, {"name": "ORCL"}], "tags": [{"name": "IBM Cloud"}, {"name": "IBM earnings"}, {"name": "Internet of Things"}, {"name": "Watson"}]}, {"id": 8569175, "author": "Benzinga", "created": "Mon, 17 Oct 2016 15:21:31 -0400", "updated": "Mon, 17 Oct 2016 15:21:32 -0400", "title": "IBM's Q3 Earnings Are On The Docket For Monday Afternoon", "teaser": "", "body": "", "url": "https://www.benzinga.com/node/8569175", "image": [], "channels": [{"name": "Analyst Color"}, {"name": "Earnings"}, {"name": "Long Ideas"}, {"name": "News"}, {"name": "Short Ideas"}, {"name": "Price Target"}, {"name": "Previews"}, {"name": "Reiteration"}, {"name": "Analyst Ratings"}, {"name": "Movers"}, {"name": "Tech"}, {"name": "Trading Ideas"}], "stocks": [{"name": "IBM"}], "tags": [{"name": "Credit Suisse"}, {"name": "Drexel Hamilton"}, {"name": "Goldman Sachs"}]}, {"id": 8569468, "author": "Benzinga", "created": "Mon, 17 Oct 2016 15:40:17 -0400", "updated": "Mon, 17 Oct 2016 15:40:17 -0400", "title": "Here's What The Options Market Expects From Netflix, IBM And United Continental", "teaser": "", "body": "", "url": "https://www.benzinga.com/node/8569468", "image": [], "channels": [{"name": "Analyst Color"}, {"name": "Earnings"}, {"name": "News"}, {"name": "Technicals"}, {"name": "Previews"}, {"name": "Options"}, {"name": "Exclusives"}, {"name": "Markets"}, {"name": "Movers"}, {"name": "Tech"}, {"name": "Trading Ideas"}, {"name": "Interview"}], "stocks": [{"name": "IBM"}, {"name": "NFLX"}, {"name": "UAL"}], "tags": [{"name": "JJ Kinahan"}, {"name": "TD Ameritrade"}, {"name": "TDA"}]}, {"id": 8569371, "author": "Benzinga", "created": "Mon, 17 Oct 2016 15:50:43 -0400", "updated": "Mon, 17 Oct 2016 15:50:43 -0400", "title": "Alibaba A Bright Spot For Yahoo Amid Recent Headline Woes", "teaser": "", "body": "", "url": "https://www.benzinga.com/node/8569371", "image": [], "channels": [{"name": "Analyst Color"}, {"name": "Earnings"}, {"name": "Long Ideas"}, {"name": "News"}, {"name": "Price Target"}, {"name": "Previews"}, {"name": "Reiteration"}, {"name": "M&A"}, {"name": "Analyst Ratings"}, {"name": "Movers"}, {"name": "Tech"}, {"name": "Trading Ideas"}], "stocks": [{"name": "AMZN"}, {"name": "BABA"}, {"name": "GOOGL"}, {"name": "VZ"}, {"name": "WMT"}, {"name": "YHOO"}], "tags": [{"name": "MKM Partners"}, {"name": "Rob Sanderson"}, {"name": "Yahoo! Japan"}]}, {"id": 8569340, "author": "Benzinga", "created": "Mon, 17 Oct 2016 16:03:30 -0400", "updated": "Mon, 17 Oct 2016 16:03:30 -0400", "title": "JPMorgan Is 'The LeBron James Of Banking'", "teaser": "", "body": "", "url": "https://www.benzinga.com/node/8569340", "image": [], "channels": [{"name": "Analyst Color"}, {"name": "Earnings"}, {"name": "Long Ideas"}, {"name": "News"}, {"name": "Price Target"}, {"name": "Reiteration"}, {"name": "Analyst Ratings"}, {"name": "Movers"}, {"name": "Trading Ideas"}], "stocks": [{"name": "JPM"}], "tags": [{"name": "CLSA"}]}, {"id": 8569872, "author": "Benzinga", "created": "Mon, 17 Oct 2016 16:40:26 -0400", "updated": "Mon, 17 Oct 2016 16:40:26 -0400", "title": "IBM Crushes Estimates, But Shares Fall", "teaser": "", "body": "", "url": "https://www.benzinga.com/node/8569872", "image": [], "channels": [{"name": "Earnings"}, {"name": "News"}, {"name": "After-Hours Center"}, {"name": "Movers"}], "stocks": [{"name": "IBM"}], "tags": []}]