[{"id": 7818235, "author": "Benzinga", "created": "Fri, 08 Apr 2016 06:19:08 -0400", "updated": "Fri, 08 Apr 2016 06:19:08 -0400", "title": "Israel Remains A Developed Market Opportunity", "teaser": "", "body": "", "url": "https://www.benzinga.com/node/7818235", "image": [], "channels": [{"name": "Long Ideas"}, {"name": "News"}, {"name": "Specialty ETFs"}, {"name": "Intraday Update"}, {"name": "Markets"}, {"name": "Trading Ideas"}, {"name": "ETFs"}], "stocks": [{"name": "CSCO"}, {"name": "INTC"}, {"name": "ISRA"}, {"name": "PRGO"}, {"name": "TEVA"}], "tags": []}, {"id": 7818756, "author": "Benzinga", "created": "Fri, 08 Apr 2016 07:44:13 -0400", "updated": "Fri, 08 Apr 2016 07:44:13 -0400", "title": "IBM's Watson Health Completes Truven Health Analytics Acquisition", "teaser": "", "body": "", "url": "https://www.benzinga.com/node/7818756", "image": [], "channels": [{"name": "Biotech"}, {"name": "News"}, {"name": "Press Releases"}, {"name": "General"}], "stocks": [{"name": "IBM"}], "tags": [{"name": "IBM Watson"}, {"name": "Watson"}]}, {"id": 7818135, "author": "Benzinga", "created": "Fri, 08 Apr 2016 08:41:14 -0400", "updated": "Fri, 08 Apr 2016 08:41:14 -0400", "title": "New Inverse ETFs For Bearish Sector Traders", "teaser": "", "body": "", "url": "https://www.benzinga.com/node/7818135", "image": [], "channels": [{"name": "Long Ideas"}, {"name": "News"}, {"name": "Sector ETFs"}, {"name": "Short Ideas"}, {"name": "Specialty ETFs"}, {"name": "New ETFs"}, {"name": "Markets"}, {"name": "Trading Ideas"}, {"name": "ETFs"}], "stocks": [{"name": "AAPL"}, {"name": "CVX"}, {"name": "ERY"}, {"name": "ERYY"}, {"name": "FAZ"}, {"name": "FAZZ"}, {"name": "LABS"}, {"name": "TECZ"}, {"name": "XOM"}], "tags": [{"name": "direxion"}]}, {"id": 7818963, "author": "Benzinga", "created": "Fri, 08 Apr 2016 08:59:44 -0400", "updated": "Fri, 08 Apr 2016 08:59:45 -0400", "title": "Yahoo Japan Gains 6% In Tokyo Trading, Verizon Said To Be Interested In Stake", "teaser": "", "body": "", "url": "https://www.benzinga.com/node/7818963", "image": [], "channels": [{"name": "News"}], "stocks": [{"name": "VZ"}], "tags": [{"name": "Verizon"}, {"name": "Yahoo Internet Assets"}, {"name": "Yahoo Japan"}]}, {"id": 7819022, "author": "Benzinga", "created": "Fri, 08 Apr 2016 09:03:41 -0400", "updated": "Fri, 08 Apr 2016 09:03:41 -0400", "title": "Teardone Of iPhone SE Shows New Phone Is 1 Part iPhone 5s, 1 Part iPhone 6 And 1 Part iPhone 6s, Costs $160 To Build", "teaser": "", "body": "", "url": "https://www.benzinga.com/node/7819022", "image": [], "channels": [{"name": "News"}], "stocks": [{"name": "AAPL"}], "tags": [{"name": "Andrew Rassweiler"}, {"name": "Digitimes"}, {"name": "IHS"}, {"name": "iPhone Costs"}, {"name": "iPhone SE"}, {"name": "iPhone SE Teardown"}, {"name": "Wayne Lam"}]}, {"id": 7819569, "author": "Benzinga", "created": "Fri, 08 Apr 2016 10:16:44 -0400", "updated": "Fri, 08 Apr 2016 10:16:44 -0400", "title": "Re/code's Swisher Reports Yahoo Deadline For Bids Pushed Back One Week", "teaser": "", "body": "", "url": "https://www.benzinga.com/node/7819569", "image": [], "channels": [{"name": "News"}, {"name": "Rumors"}], "stocks": [{"name": "GOOG"}, {"name": "T"}, {"name": "VZ"}, {"name": "YHOO"}], "tags": [{"name": "Kara Swisher"}, {"name": "re/code"}, {"name": "Yahoo"}, {"name": "Yahoo Asset Sales"}]}, {"id": 7818894, "author": "Benzinga", "created": "Fri, 08 Apr 2016 10:32:08 -0400", "updated": "Fri, 08 Apr 2016 10:32:08 -0400", "title": "The Market In 5 Minutes: Friday, April 8, 2016", "teaser": "", "body": "", "url": "https://www.benzinga.com/node/7818894", "image": [], "channels": [{"name": "News"}, {"name": "Global"}, {"name": "Top Stories"}], "stocks": [{"name": "AAPL"}, {"name": "AKS"}, {"name": "JACK"}, {"name": "LNKD"}, {"name": "PBF"}, {"name": "QSR"}, {"name": "SAM"}, {"name": "TAP"}, {"name": "VRX"}, {"name": "VZ"}, {"name": "X"}], "tags": [{"name": "the market in 5 minutes"}]}, {"id": 7819643, "author": "Benzinga", "created": "Fri, 08 Apr 2016 10:45:45 -0400", "updated": "Fri, 08 Apr 2016 10:45:45 -0400", "title": "Is Yahoo Getting Close To The Finish Line?", "teaser": "", "body": "", "url": "https://www.benzinga.com/node/7819643", "image": [], "channels": [{"name": "Analyst Color"}, {"name": "News"}, {"name": "M&A"}, {"name": "Analyst Ratings"}], "stocks": [{"name": "AOL"}, {"name": "CMCSA"}, {"name": "GOOGL"}, {"name": "T"}, {"name": "TIME"}, {"name": "VZ"}, {"name": "YHOO"}], "tags": []}, {"id": 7820025, "author": "Benzinga", "created": "Fri, 08 Apr 2016 11:24:12 -0400", "updated": "Fri, 08 Apr 2016 11:24:12 -0400", "title": "The Next Enron: What Exactly Did Andy Fastow Say About Apple This Week?", "teaser": "", "body": "", "url": "https://www.benzinga.com/node/7820025", "image": [], "channels": [{"name": "News"}, {"name": "Education"}, {"name": "Hedge Funds"}, {"name": "Events"}, {"name": "Opinion"}, {"name": "General"}], "stocks": [{"name": "AAPL"}, {"name": "SUNE"}, {"name": "VRX"}], "tags": [{"name": "Andrew Fastow"}, {"name": "Enron Corporation"}, {"name": "Whitney Tilson"}]}, {"id": 7820174, "author": "Benzinga", "created": "Fri, 08 Apr 2016 11:30:12 -0400", "updated": "Fri, 08 Apr 2016 11:30:12 -0400", "title": "Needham: Yahoo Bidding Delay Means There Could Be More Buyers At Table", "teaser": "", "body": "", "url": "https://www.benzinga.com/node/7820174", "image": [], "channels": [{"name": "Analyst Color"}, {"name": "Long Ideas"}, {"name": "News"}, {"name": "Rumors"}, {"name": "Asset Sales"}, {"name": "Top Stories"}, {"name": "Exclusives"}, {"name": "Analyst Ratings"}, {"name": "Trading Ideas"}], "stocks": [{"name": "BABA"}, {"name": "CMCSA"}, {"name": "GOOGL"}, {"name": "MSFT"}, {"name": "T"}, {"name": "VZ"}, {"name": "YHOO"}], "tags": []}, {"id": 7820338, "author": "Benzinga", "created": "Fri, 08 Apr 2016 12:33:21 -0400", "updated": "Fri, 08 Apr 2016 12:33:21 -0400", "title": "New Research Shows Apple Working Heavily On Machine Learning Before WWDC 2016", "teaser": "", "body": "", "url": "https://www.benzinga.com/node/7820338", "image": [], "channels": [{"name": "Analyst Color"}, {"name": "News"}, {"name": "Rumors"}, {"name": "Events"}, {"name": "Tech"}, {"name": "Trading Ideas"}, {"name": "General"}], "stocks": [{"name": "AAPL"}, {"name": "AMZN"}, {"name": "CUDA"}, {"name": "GOOG"}, {"name": "GOOGL"}, {"name": "NVDA"}], "tags": [{"name": "AWS"}, {"name": "Caffe"}, {"name": "CUDA"}, {"name": "Data Science Conference"}, {"name": "deep learning"}, {"name": "Deep Learning Hackathon"}, {"name": "Emotient"}, {"name": "Global Equities Reserach"}, {"name": "Jonathan Cohen"}, {"name": "machine learning"}, {"name": "NVDA GPU Conference"}, {"name": "Trip Chowdhry"}, {"name": "Worldwide Developers Conference"}, {"name": "WWDC"}]}, {"id": 7820644, "author": "Benzinga", "created": "Fri, 08 Apr 2016 13:18:53 -0400", "updated": "Fri, 08 Apr 2016 13:18:53 -0400", "title": "Are 'Applenomics' Not Fair? iPhone 6S Plus Costs 48% More To Make Than SE, But Is Priced 88% Higher", "teaser": "", "body": "", "url": "https://www.benzinga.com/node/7820644", "image": [], "channels": [{"name": "News"}, {"name": "Tech"}], "stocks": [{"name": "AAPL"}], "tags": []}, {"id": 7821056, "author": "Benzinga", "created": "Fri, 08 Apr 2016 15:06:47 -0400", "updated": "Fri, 08 Apr 2016 15:06:47 -0400", "title": "Gabelli: Should Yahoo Sell Itself To Verizon?", "teaser": "", "body": "", "url": "https://www.benzinga.com/node/7821056", "image": [], "channels": [{"name": "Analyst Color"}, {"name": "CNBC"}, {"name": "News"}, {"name": "M&A"}, {"name": "Opinion"}, {"name": "Media"}, {"name": "Trading Ideas"}], "stocks": [{"name": "AOL"}, {"name": "TWX"}, {"name": "VZ"}, {"name": "YHOO"}], "tags": [{"name": "Gabelli & Co"}, {"name": "Gabelli Funds"}, {"name": "Laura Martin"}, {"name": "Mario Gabelli"}, {"name": "Needham"}, {"name": "re/code"}, {"name": "Yahoo Japan"}]}, {"id": 7821284, "author": "Benzinga", "created": "Fri, 08 Apr 2016 16:00:51 -0400", "updated": "Fri, 08 Apr 2016 16:00:52 -0400", "title": "Cleveland Research Prefers UnitedHealth, Anthem, Over Aetna In Healthcare Group", "teaser": "", "body": "", "url": "https://www.benzinga.com/node/7821284", "image": [], "channels": [{"name": "Analyst Color"}, {"name": "News"}, {"name": "Price Target"}, {"name": "Initiation"}, {"name": "Analyst Ratings"}], "stocks": [{"name": "AET"}, {"name": "ANTM"}, {"name": "HUM"}, {"name": "UNH"}], "tags": []}, {"id": 7820345, "author": "Benzinga", "created": "Fri, 08 Apr 2016 12:49:54 -0400", "updated": "Fri, 08 Apr 2016 16:04:40 -0400", "title": "Historical Analysis: Do Returning Founder CEOs Boost A Company's Stock Price?", "teaser": "", "body": "", "url": "https://www.benzinga.com/node/7820345", "image": [], "channels": [{"name": "Analyst Color"}, {"name": "News"}, {"name": "Management"}, {"name": "Top Stories"}, {"name": "Analyst Ratings"}, {"name": "General"}], "stocks": [{"name": "AAPL"}, {"name": "GOOG"}, {"name": "GOOGL"}, {"name": "P"}, {"name": "SCHW"}, {"name": "TWTR"}, {"name": "URBN"}, {"name": "YHOO"}, {"name": "ZNGA"}], "tags": [{"name": "Charles Schwab"}, {"name": "Fundstrat"}, {"name": "George Gianarikas"}, {"name": "Jerry Yang"}, {"name": "larry page"}, {"name": "Mark Pincus"}, {"name": "Richard Hayne"}, {"name": "Steve Jobs"}]}]