[{"id": 8022534, "author": "Benzinga", "created": "Tue, 24 May 2016 06:56:51 -0400", "updated": "Tue, 24 May 2016 06:56:51 -0400", "title": "UPDATE: Coca-Cola Reports New Streamlined Int'l Structure", "teaser": "", "body": "", "url": "https://www.benzinga.com/node/8022534", "image": [], "channels": [{"name": "News"}, {"name": "Management"}, {"name": "Press Releases"}], "stocks": [{"name": "KO"}], "tags": []}, {"id": 8022776, "author": "Benzinga", "created": "Tue, 24 May 2016 08:43:50 -0400", "updated": "Tue, 24 May 2016 08:43:50 -0400", "title": "Visa's Updated April Volume Numbers 'Should Help To Sooth Some Concerns,' Says KBW", "teaser": "", "body": "", "url": "https://www.benzinga.com/node/8022776", "image": [], "channels": [{"name": "Analyst Color"}, {"name": "Long Ideas"}, {"name": "News"}, {"name": "Price Target"}, {"name": "Reiteration"}, {"name": "Retail Sales"}, {"name": "Analyst Ratings"}, {"name": "Trading Ideas"}], "stocks": [{"name": "V"}], "tags": [{"name": "KBW"}, {"name": "Keefe Bruyette & Woods"}, {"name": "Sanjay Sakhrani"}]}, {"id": 8022641, "author": "Benzinga", "created": "Tue, 24 May 2016 08:44:14 -0400", "updated": "Tue, 24 May 2016 08:44:14 -0400", "title": "The Market In 5 Minutes: Where's The Oil?", "teaser": "", "body": "", "url": "https://www.benzinga.com/node/8022641", "image": [], "channels": [{"name": "News"}, {"name": "Global"}, {"name": "Top Stories"}, {"name": "Markets"}], "stocks": [{"name": "AZN"}, {"name": "BBY"}, {"name": "EBAY"}, {"name": "ENR"}, {"name": "FB"}, {"name": "JONE"}, {"name": "SAGE"}, {"name": "SPY"}, {"name": "TOL"}, {"name": "TWTR"}, {"name": "USO"}, {"name": "VMW"}, {"name": "WMT"}], "tags": [{"name": "the market in 5 minutes"}]}, {"id": 8023104, "author": "Benzinga", "created": "Tue, 24 May 2016 09:18:06 -0400", "updated": "Tue, 24 May 2016 09:18:06 -0400", "title": "Positive Spotify Earnings; Pressure Grows In Online Music Streaming Market", "teaser": "", "body": "", "url": "https://www.benzinga.com/node/8023104", "image": [], "channels": [{"name": "Analyst Color"}, {"name": "Earnings"}, {"name": "News"}, {"name": "Analyst Ratings"}, {"name": "Trading Ideas"}, {"name": "General"}], "stocks": [{"name": "AAPL"}, {"name": "GOOG"}, {"name": "GOOGL"}, {"name": "P"}], "tags": [{"name": "Discover Weekely"}, {"name": "Jay Z"}, {"name": "Jay Z's Tidal"}, {"name": "npr"}, {"name": "Reuters"}, {"name": "SoundCloud"}, {"name": "Spotify"}, {"name": "Ted Talks"}]}, {"id": 8023430, "author": "Benzinga", "created": "Tue, 24 May 2016 09:24:28 -0400", "updated": "Tue, 24 May 2016 09:24:29 -0400", "title": "Coca-Cola Streamlines Global Structure To Align Its Operating Units", "teaser": "", "body": "", "url": "https://www.benzinga.com/node/8023430", "image": [], "channels": [{"name": "News"}, {"name": "Management"}], "stocks": [{"name": "KO"}], "tags": []}, {"id": 8023972, "author": "Benzinga", "created": "Tue, 24 May 2016 12:25:22 -0400", "updated": "Tue, 24 May 2016 12:25:22 -0400", "title": "Chevron, Exxon Shareholders Vote On A More Proactive Approach To Climate Change", "teaser": "", "body": "", "url": "https://www.benzinga.com/node/8023972", "image": [], "channels": [{"name": "Long Ideas"}, {"name": "News"}, {"name": "Commodities"}, {"name": "Events"}, {"name": "Markets"}, {"name": "Trading Ideas"}], "stocks": [{"name": "CVX"}, {"name": "XOM"}], "tags": [{"name": "climate change"}, {"name": "environment"}, {"name": "environmental protection"}, {"name": "Global warming"}, {"name": "IEA"}, {"name": "International Energy Agency"}]}, {"id": 8024737, "author": "Benzinga", "created": "Tue, 24 May 2016 13:37:50 -0400", "updated": "Tue, 24 May 2016 13:37:50 -0400", "title": "Pacific Crest Is Buyers Of Xilinx, Says Co. Gaining Share From Altera", "teaser": "", "body": "", "url": "https://www.benzinga.com/node/8024737", "image": [], "channels": [{"name": "Analyst Color"}, {"name": "News"}, {"name": "Price Target"}, {"name": "Reiteration"}, {"name": "Analyst Ratings"}], "stocks": [{"name": "INTC"}, {"name": "XLNX"}], "tags": []}, {"id": 8025048, "author": "Benzinga", "created": "Tue, 24 May 2016 14:52:41 -0400", "updated": "Tue, 24 May 2016 15:02:11 -0400", "title": "Banking In 2020: How Will Fintech Revolutionize Banks And Investing?", "teaser": "", "body": "", "url": "https://www.benzinga.com/node/8025048", "image": [], "channels": [{"name": "Fintech"}, {"name": "News"}, {"name": "Entrepreneurship"}, {"name": "Events"}, {"name": "Startups"}, {"name": "Tech"}, {"name": "Interview"}, {"name": "General"}], "stocks": [{"name": "AAPL"}, {"name": "AMZN"}, {"name": "C"}, {"name": "FB"}, {"name": "JPM"}], "tags": [{"name": "Benzinga Fintech Awards"}]}, {"id": 8025416, "author": "Benzinga", "created": "Tue, 24 May 2016 15:03:56 -0400", "updated": "Tue, 24 May 2016 15:03:56 -0400", "title": "Big Data, Big Profits? Find The Bottom Line Through Unique Datasets", "teaser": "", "body": "", "url": "https://www.benzinga.com/node/8025416", "image": [], "channels": [{"name": "Fintech"}, {"name": "News"}, {"name": "Entrepreneurship"}, {"name": "Events"}, {"name": "Tech"}, {"name": "General"}], "stocks": [{"name": "AAPL"}, {"name": "DB"}, {"name": "TWTR"}], "tags": [{"name": "Benzinga Fintech Awards"}, {"name": "Chris Camillo"}, {"name": "Foursquare"}, {"name": "iPhone"}, {"name": "Matthew Granade"}, {"name": "Messenger"}, {"name": "Point72"}, {"name": "TickerTags"}, {"name": "WhatsApp"}, {"name": "Yin Luo"}]}, {"id": 8025423, "author": "Benzinga", "created": "Tue, 24 May 2016 18:08:03 -0400", "updated": "Tue, 24 May 2016 18:08:03 -0400", "title": "Should Under Armour Take A Swing at Adidas' Taylor-Made?", "teaser": "", "body": "", "url": "https://www.benzinga.com/node/8025423", "image": [], "channels": [{"name": "News"}], "stocks": [{"name": "ELY"}, {"name": "NKE"}, {"name": "UA"}], "tags": []}]