[{"id": 8314505, "author": "Benzinga", "created": "Sun, 07 Aug 2016 09:56:52 -0400", "updated": "Sun, 07 Aug 2016 09:56:52 -0400", "title": "Walt Disney, Alibaba On Deck For Earnings Announcements", "teaser": "", "body": "", "url": "https://www.benzinga.com/node/8314505", "image": [], "channels": [{"name": "Earnings"}, {"name": "News"}, {"name": "Previews"}, {"name": "Trading Ideas"}, {"name": "General"}], "stocks": [{"name": "AGN"}, {"name": "BABA"}, {"name": "COH"}, {"name": "CSC"}, {"name": "DF"}, {"name": "DIS"}, {"name": "EAT"}, {"name": "FOSL"}, {"name": "JCP"}, {"name": "JD"}, {"name": "JWN"}, {"name": "KORS"}, {"name": "KSS"}, {"name": "LC"}, {"name": "M"}, {"name": "MYL"}, {"name": "NVDA"}, {"name": "NWSA"}, {"name": "RAX"}, {"name": "RL"}, {"name": "SCTY"}, {"name": "SHAK"}, {"name": "TSN"}, {"name": "WEN"}, {"name": "YELP"}], "tags": []}]