[{"id": 8060493, "author": "Benzinga", "created": "Thu, 02 Jun 2016 07:55:18 -0400", "updated": "Thu, 02 Jun 2016 07:55:18 -0400", "title": "Apple: RBC's Top Five Expectations Into WWDC", "teaser": "", "body": "", "url": "https://www.benzinga.com/node/8060493", "image": [], "channels": [{"name": "Analyst Color"}, {"name": "News"}, {"name": "Analyst Ratings"}, {"name": "Tech"}], "stocks": [{"name": "AAPL"}], "tags": []}, {"id": 8060823, "author": "Benzinga", "created": "Thu, 02 Jun 2016 08:32:58 -0400", "updated": "Thu, 02 Jun 2016 08:32:58 -0400", "title": "Elon Musk On Apple Car: 'A Missed Opportunity,' But Will Be Here By 2020", "teaser": "", "body": "", "url": "https://www.benzinga.com/node/8060823", "image": [], "channels": [{"name": "Analyst Color"}, {"name": "News"}, {"name": "Events"}, {"name": "Tech"}], "stocks": [{"name": "AAPL"}, {"name": "TSLA"}], "tags": [{"name": "Apple Car"}, {"name": "Code Conference"}, {"name": "Elon Musk"}, {"name": "Gene Munster"}, {"name": "iCar"}, {"name": "Kara Swisher"}, {"name": "Piper Jaffray"}, {"name": "Tesla"}, {"name": "Walt Mossberg"}]}, {"id": 8060812, "author": "Benzinga", "created": "Thu, 02 Jun 2016 08:58:13 -0400", "updated": "Thu, 02 Jun 2016 09:03:42 -0400", "title": "The Market In 5 Minutes: Draghi, iPhones And Warriors", "teaser": "", "body": "", "url": "https://www.benzinga.com/node/8060812", "image": [], "channels": [{"name": "News"}, {"name": "Global"}, {"name": "Top Stories"}, {"name": "Markets"}], "stocks": [{"name": "AAPL"}, {"name": "ALOG"}, {"name": "BOX"}, {"name": "CIEN"}, {"name": "DWRE"}, {"name": "EMC"}, {"name": "JNJ"}, {"name": "JOY"}, {"name": "NVDA"}, {"name": "QLIK"}, {"name": "SBH"}, {"name": "USO"}, {"name": "XOM"}], "tags": [{"name": "the market in 5 minutes"}]}, {"id": 8061156, "author": "Benzinga", "created": "Thu, 02 Jun 2016 09:24:54 -0400", "updated": "Thu, 02 Jun 2016 09:24:55 -0400", "title": "IBM, Cisco Integrate Watson IoT With Edge Analytics", "teaser": "", "body": "", "url": "https://www.benzinga.com/node/8061156", "image": [], "channels": [{"name": "News"}, {"name": "Tech"}], "stocks": [{"name": "CSCO"}, {"name": "IBM"}], "tags": [{"name": "IBM Watson"}, {"name": "Watson"}]}, {"id": 8059415, "author": "Benzinga", "created": "Thu, 02 Jun 2016 10:18:38 -0400", "updated": "Thu, 02 Jun 2016 10:52:47 -0400", "title": "Another Reason To Consider Bank ETFs", "teaser": "", "body": "", "url": "https://www.benzinga.com/node/8059415", "image": [], "channels": [{"name": "Long Ideas"}, {"name": "News"}, {"name": "Sector ETFs"}, {"name": "Dividends"}, {"name": "Dividends"}, {"name": "Intraday Update"}, {"name": "Markets"}, {"name": "Trading Ideas"}, {"name": "ETFs"}], "stocks": [{"name": "BAC"}, {"name": "C"}, {"name": "JPM"}, {"name": "WFC"}, {"name": "XLF"}], "tags": [{"name": "Bank of America Corp."}, {"name": "Citigroup Inc."}, {"name": "Financial Select Sector SPDR"}, {"name": "J.P. Morgan Chase & Co."}, {"name": "Wells Fargo & Co."}]}, {"id": 8061773, "author": "Benzinga", "created": "Thu, 02 Jun 2016 11:04:38 -0400", "updated": "Thu, 02 Jun 2016 11:04:38 -0400", "title": "This Firm Is Still Selling Texas Instruments On Lofty Valuation, Apple Exposure", "teaser": "", "body": "", "url": "https://www.benzinga.com/node/8061773", "image": [], "channels": [{"name": "Analyst Color"}, {"name": "News"}, {"name": "Price Target"}, {"name": "Reiteration"}, {"name": "Analyst Ratings"}], "stocks": [{"name": "AAPL"}, {"name": "TXN"}], "tags": [{"name": "Goldman Sachs"}, {"name": "Toshiya Hari"}]}, {"id": 8061964, "author": "Benzinga", "created": "Thu, 02 Jun 2016 11:23:26 -0400", "updated": "Thu, 02 Jun 2016 11:23:26 -0400", "title": "Google Feature Finally Addressing The 'I Lost My Phone' Problem", "teaser": "", "body": "", "url": "https://www.benzinga.com/node/8061964", "image": [], "channels": [{"name": "News"}, {"name": "Tech"}, {"name": "General"}], "stocks": [{"name": "AAPL"}, {"name": "GOOGL"}], "tags": [{"name": "Alphabet Inc."}, {"name": "Gmail"}, {"name": "Google Maps"}, {"name": "YouTube"}]}, {"id": 8062338, "author": "Benzinga", "created": "Thu, 02 Jun 2016 11:53:46 -0400", "updated": "Thu, 02 Jun 2016 11:53:47 -0400", "title": "OPEC Production Debate and European Rates In Focus Ahead of U.S. Jobs", "teaser": "", "body": "", "url": "https://www.benzinga.com/node/8062338", "image": [], "channels": [{"name": "News"}, {"name": "Global"}, {"name": "Econ #s"}, {"name": "Federal Reserve"}, {"name": "Markets"}, {"name": "General"}], "stocks": [{"name": "GM"}, {"name": "TM"}, {"name": "VZ"}], "tags": [{"name": "BZ Sponsored"}]}, {"id": 8063117, "author": "Benzinga", "created": "Thu, 02 Jun 2016 14:01:56 -0400", "updated": "Thu, 02 Jun 2016 14:01:56 -0400", "title": "Apple Extends Asian-Bond Listings To Australia", "teaser": "", "body": "", "url": "https://www.benzinga.com/node/8063117", "image": [], "channels": [{"name": "News"}, {"name": "Bonds"}, {"name": "Rumors"}, {"name": "Markets"}], "stocks": [{"name": "AAPL"}], "tags": [{"name": "Apple"}, {"name": "Apple Australia"}, {"name": "Apple Bond Raise"}, {"name": "Apple Dividends"}, {"name": "Apple Share Buyback"}, {"name": "Apple Taiwan"}, {"name": "iBond"}]}, {"id": 8063331, "author": "Benzinga", "created": "Thu, 02 Jun 2016 14:48:04 -0400", "updated": "Thu, 02 Jun 2016 14:48:04 -0400", "title": "IBM Says Startup Grush Leverages Its Cloud Cognetive Capabilities For Its Interactive Gaming", "teaser": "", "body": "", "url": "https://www.benzinga.com/node/8063331", "image": [], "channels": [{"name": "News"}, {"name": "Contracts"}], "stocks": [{"name": "IBM"}], "tags": []}, {"id": 8062928, "author": "Benzinga", "created": "Thu, 02 Jun 2016 14:55:19 -0400", "updated": "Thu, 02 Jun 2016 14:55:19 -0400", "title": "Demandware Purchase Widens Reach Of Salesforce.com's Platform", "teaser": "", "body": "", "url": "https://www.benzinga.com/node/8062928", "image": [], "channels": [{"name": "Analyst Color"}, {"name": "News"}, {"name": "Price Target"}, {"name": "Reiteration"}, {"name": "M&A"}, {"name": "Analyst Ratings"}], "stocks": [{"name": "CRM"}, {"name": "DWRE"}], "tags": []}, {"id": 8059417, "author": "Benzinga", "created": "Thu, 02 Jun 2016 15:39:14 -0400", "updated": "Thu, 02 Jun 2016 15:39:15 -0400", "title": "A Low Volatility ETF With a Twist", "teaser": "", "body": "", "url": "https://www.benzinga.com/node/8059417", "image": [], "channels": [{"name": "Analyst Color"}, {"name": "Long Ideas"}, {"name": "News"}, {"name": "Broad U.S. Equity ETFs"}, {"name": "Specialty ETFs"}, {"name": "Intraday Update"}, {"name": "Markets"}, {"name": "Analyst Ratings"}, {"name": "Trading Ideas"}, {"name": "ETFs"}], "stocks": [{"name": "KO"}, {"name": "PEP"}, {"name": "SPLV"}, {"name": "TMK"}, {"name": "USMV"}, {"name": "XRLV"}], "tags": []}, {"id": 8064605, "author": "Benzinga", "created": "Thu, 02 Jun 2016 16:58:28 -0400", "updated": "Thu, 02 Jun 2016 16:59:20 -0400", "title": "Under Armour To Expand Into The Fashion Sportswear Industry", "teaser": "", "body": "", "url": "https://www.benzinga.com/node/8064605", "image": [], "channels": [{"name": "News"}], "stocks": [{"name": "LULU"}, {"name": "NKE"}, {"name": "UA"}], "tags": [{"name": "Under Armour Sportswear"}]}, {"id": 8064708, "author": "Benzinga", "created": "Thu, 02 Jun 2016 17:14:03 -0400", "updated": "Thu, 02 Jun 2016 17:14:03 -0400", "title": "Jamie Dimon Warns About Auto Loans As They Hit New Record Highs", "teaser": "", "body": "", "url": "https://www.benzinga.com/node/8064708", "image": [], "channels": [{"name": "Analyst Color"}, {"name": "CNBC"}, {"name": "Long Ideas"}, {"name": "News"}, {"name": "Media"}, {"name": "Trading Ideas"}], "stocks": [{"name": "JPM"}], "tags": [{"name": "AllianceBernstein Strategic Decisions Conference"}, {"name": "CNBC"}, {"name": "Experian"}, {"name": "Jamie Dimon"}, {"name": "Jon Marino"}, {"name": "Melinda Zabritski"}]}, {"id": 8064856, "author": "Benzinga", "created": "Thu, 02 Jun 2016 17:24:51 -0400", "updated": "Thu, 02 Jun 2016 17:24:51 -0400", "title": "Wal-Mart's Drone Patrol", "teaser": "", "body": "", "url": "https://www.benzinga.com/node/8064856", "image": [], "channels": [{"name": "News"}, {"name": "Tech"}], "stocks": [{"name": "AMZN"}, {"name": "WMT"}], "tags": [{"name": "drones"}, {"name": "Wal-Market drones"}]}]