[{"id": 6158019, "author": "Benzinga", "created": "Thu, 21 Jan 2016 05:05:35 -0400", "updated": "Thu, 21 Jan 2016 05:05:35 -0400", "title": "Earnings Scheduled For January 21, 2016", "teaser": "", "body": "", "url": "https://www.benzinga.com/node/6158019", "image": [], "channels": [{"name": "Earnings"}, {"name": "News"}, {"name": "Pre-Market Outlook"}, {"name": "Markets"}], "stocks": [{"name": "ALK"}, {"name": "AXP"}, {"name": "BBT"}, {"name": "BK"}, {"name": "CE"}, {"name": "DGII"}, {"name": "EGHT"}, {"name": "ETFC"}, {"name": "HBAN"}, {"name": "HBHC"}, {"name": "ISRG"}, {"name": "KEY"}, {"name": "LUV"}, {"name": "MXIM"}, {"name": "PPG"}, {"name": "RMD"}, {"name": "SBNY"}, {"name": "SBUX"}, {"name": "SIVB"}, {"name": "SLB"}, {"name": "TRV"}, {"name": "UAL"}, {"name": "UNP"}, {"name": "VZ"}, {"name": "WBS"}], "tags": [{"name": "Airlines"}, {"name": "Earnings schedule"}, {"name": "Industrials"}]}, {"id": 6158037, "author": "Benzinga", "created": "Thu, 21 Jan 2016 05:20:47 -0400", "updated": "Thu, 21 Jan 2016 05:20:47 -0400", "title": "Must Watch Stocks for January 21, 2016", "teaser": "", "body": "", "url": "https://www.benzinga.com/node/6158037", "image": [], "channels": [{"name": "Earnings"}, {"name": "News"}, {"name": "Guidance"}, {"name": "Pre-Market Outlook"}, {"name": "Markets"}, {"name": "Trading Ideas"}], "stocks": [{"name": "AXP"}, {"name": "LUV"}, {"name": "NWSA"}, {"name": "SBUX"}, {"name": "SLB"}, {"name": "TWTR"}, {"name": "UAL"}, {"name": "UNP"}, {"name": "VZ"}, {"name": "XLNX"}], "tags": [{"name": "Airlines"}, {"name": "Industrials"}, {"name": "Stocks To Watch"}, {"name": "Stocks to Watch"}]}, {"id": 6158060, "author": "Benzinga", "created": "Thu, 21 Jan 2016 05:57:10 -0400", "updated": "Thu, 21 Jan 2016 05:57:10 -0400", "title": "Apple Opening Europe's First iOS App Development Center in Italy", "teaser": "", "body": "", "url": "https://www.benzinga.com/node/6158060", "image": [], "channels": [{"name": "News"}, {"name": "Press Releases"}], "stocks": [{"name": "AAPL"}], "tags": []}, {"id": 6158728, "author": "Benzinga", "created": "Thu, 21 Jan 2016 09:17:51 -0400", "updated": "Thu, 21 Jan 2016 09:17:51 -0400", "title": "Citrix Appoints Ex-Microsoft Exec As CEO", "teaser": "", "body": "", "url": "https://www.benzinga.com/node/6158728", "image": [], "channels": [{"name": "News"}, {"name": "Management"}], "stocks": [{"name": "CTXS"}, {"name": "MSFT"}], "tags": [{"name": "citrix"}, {"name": "Citrix CEO"}, {"name": "Kirill Tatarinov"}, {"name": "Robert Calderoni"}]}, {"id": 6158416, "author": "Benzinga", "created": "Thu, 21 Jan 2016 10:06:04 -0400", "updated": "Thu, 21 Jan 2016 10:10:03 -0400", "title": "Cybersecurity A Hot Topic At Davos", "teaser": "", "body": "", "url": "https://www.benzinga.com/node/6158416", "image": [], "channels": [{"name": "News"}, {"name": "Global"}, {"name": "Markets"}, {"name": "Tech"}, {"name": "General"}], "stocks": [{"name": "AAPL"}, {"name": "FB"}, {"name": "GOOG"}, {"name": "GOOGL"}, {"name": "MSFT"}, {"name": "TWTR"}], "tags": [{"name": "Brad Smith"}, {"name": "Cybersecurity"}, {"name": "Davos"}, {"name": "Edward Snowden"}, {"name": "Switzerland"}, {"name": "Wall Street Journal"}, {"name": "World Economic Forum"}]}, {"id": 6159310, "author": "Benzinga", "created": "Thu, 21 Jan 2016 10:55:05 -0400", "updated": "Thu, 21 Jan 2016 10:55:05 -0400", "title": "Mid-Morning Market Update: Markets Drop; Verizon Profit Tops Estimates", "teaser": "", "body": "", "url": "https://www.benzinga.com/node/6159310", "image": [], "channels": [{"name": "Earnings"}, {"name": "News"}, {"name": "Guidance"}, {"name": "Eurozone"}, {"name": "Commodities"}, {"name": "Global"}, {"name": "Intraday Update"}, {"name": "Markets"}, {"name": "Movers"}], "stocks": [{"name": "AEGR"}, {"name": "ALKS"}, {"name": "BKEP"}, {"name": "CUBI"}, {"name": "EGL"}, {"name": "IOC"}, {"name": "PLXS"}, {"name": "SCHL"}, {"name": "SLM"}, {"name": "VZ"}], "tags": [{"name": "Mid-Morning Market Update"}]}, {"id": 6159362, "author": "Benzinga", "created": "Thu, 21 Jan 2016 11:01:09 -0400", "updated": "Thu, 21 Jan 2016 11:04:10 -0400", "title": "Apple iPhone Estimates Cut Again At Credit Suisse; Analyst Sees Ultimate Stock Downside Of $92, Upside Of $140", "teaser": "", "body": "", "url": "https://www.benzinga.com/node/6159362", "image": [], "channels": [{"name": "Analyst Color"}, {"name": "Long Ideas"}, {"name": "News"}, {"name": "Top Stories"}, {"name": "Markets"}, {"name": "Analyst Ratings"}, {"name": "Movers"}, {"name": "Tech"}, {"name": "Trading Ideas"}], "stocks": [{"name": "AAPL"}], "tags": [{"name": "Apple"}, {"name": "Apple iPhone sales"}, {"name": "Credit Suisse"}, {"name": "Kulbinder Garcha"}]}, {"id": 6159500, "author": "Benzinga", "created": "Thu, 21 Jan 2016 11:31:43 -0400", "updated": "Thu, 21 Jan 2016 11:31:43 -0400", "title": "Report: Apple Supplier Foxconn Eyes $5.3 Billion Acquisition Of iPhone Display Maker Sharp", "teaser": "", "body": "", "url": "https://www.benzinga.com/node/6159500", "image": [], "channels": [{"name": "News"}, {"name": "Rumors"}, {"name": "M&A"}, {"name": "Intraday Update"}, {"name": "Movers"}, {"name": "Tech"}], "stocks": [{"name": "AAPL"}], "tags": [{"name": "foxconn"}, {"name": "Foxconn Acquisition Sharp"}, {"name": "Sharp"}, {"name": "Terry Gou"}, {"name": "The Wall Street Journal"}]}, {"id": 6159575, "author": "Benzinga", "created": "Thu, 21 Jan 2016 12:24:43 -0400", "updated": "Thu, 21 Jan 2016 12:24:43 -0400", "title": "Apple To Unveil iOS App Development Center In Europe", "teaser": "", "body": "", "url": "https://www.benzinga.com/node/6159575", "image": [], "channels": [{"name": "News"}, {"name": "Events"}, {"name": "Tech"}], "stocks": [{"name": "AAPL"}], "tags": [{"name": "Apple"}, {"name": "Apple Europe"}, {"name": "iOS"}]}, {"id": 6159763, "author": "Benzinga", "created": "Thu, 21 Jan 2016 13:00:40 -0400", "updated": "Thu, 21 Jan 2016 13:00:40 -0400", "title": "Irish Political Party: We'll Pursue Apple If It Owes Back Taxes", "teaser": "", "body": "", "url": "https://www.benzinga.com/node/6159763", "image": [], "channels": [{"name": "News"}, {"name": "Rumors"}, {"name": "Politics"}, {"name": "Legal"}, {"name": "Global"}, {"name": "Tech"}, {"name": "Trading Ideas"}, {"name": "General"}], "stocks": [{"name": "AAPL"}, {"name": "FB"}, {"name": "GOOG"}, {"name": "GOOGL"}], "tags": [{"name": "Apple Insider"}, {"name": "Bloomberg"}, {"name": "Bloomberg Intelligence"}, {"name": "European Commission"}, {"name": "ireland"}, {"name": "Sinn F\u00e9in"}]}, {"id": 6159932, "author": "Benzinga", "created": "Thu, 21 Jan 2016 13:20:22 -0400", "updated": "Thu, 21 Jan 2016 13:20:22 -0400", "title": "Mid-Day Market Update: US Stocks Turn Higher; Plexus Shares Gain On Strong Results", "teaser": "", "body": "", "url": "https://www.benzinga.com/node/6159932", "image": [], "channels": [{"name": "Earnings"}, {"name": "News"}, {"name": "Guidance"}, {"name": "Eurozone"}, {"name": "Commodities"}, {"name": "Global"}, {"name": "Intraday Update"}, {"name": "Markets"}, {"name": "Movers"}], "stocks": [{"name": "ALKS"}, {"name": "BGG"}, {"name": "CUBI"}, {"name": "EGL"}, {"name": "PLXS"}, {"name": "SLM"}, {"name": "STX"}, {"name": "SYNA"}, {"name": "UFI"}, {"name": "VZ"}, {"name": "WETF"}], "tags": [{"name": "Mid-Day Market Update"}]}, {"id": 6159961, "author": "Benzinga", "created": "Thu, 21 Jan 2016 13:49:59 -0400", "updated": "Thu, 21 Jan 2016 13:49:59 -0400", "title": "Report: Apple Pay And China UnionPay Working Together", "teaser": "", "body": "", "url": "https://www.benzinga.com/node/6159961", "image": [], "channels": [{"name": "Long Ideas"}, {"name": "News"}, {"name": "Global"}, {"name": "Tech"}, {"name": "Trading Ideas"}], "stocks": [{"name": "AAPL"}, {"name": "MCD"}], "tags": [{"name": "Apple Pay"}, {"name": "China"}, {"name": "UnionPay"}]}, {"id": 6160288, "author": "Benzinga", "created": "Thu, 21 Jan 2016 15:17:40 -0400", "updated": "Thu, 21 Jan 2016 15:17:40 -0400", "title": "Travelers Stock See-Saws Following Q4 Print", "teaser": "", "body": "", "url": "https://www.benzinga.com/node/6160288", "image": [], "channels": [{"name": "Earnings"}, {"name": "News"}, {"name": "Intraday Update"}], "stocks": [{"name": "TRV"}], "tags": [{"name": "insurance companies"}, {"name": "Travelers Companies"}]}, {"id": 6160401, "author": "Benzinga", "created": "Thu, 21 Jan 2016 15:42:01 -0400", "updated": "Thu, 21 Jan 2016 15:42:01 -0400", "title": "Mid-Afternoon Market Update: Crude Oil Surges Over 4%; Alkermes Shares Slide Following Announcement of Failed Depression Drug Trial", "teaser": "", "body": "", "url": "https://www.benzinga.com/node/6160401", "image": [], "channels": [{"name": "Earnings"}, {"name": "News"}, {"name": "Guidance"}, {"name": "Eurozone"}, {"name": "Commodities"}, {"name": "Global"}, {"name": "Intraday Update"}, {"name": "Markets"}, {"name": "Movers"}], "stocks": [{"name": "ALKS"}, {"name": "DVN"}, {"name": "EGL"}, {"name": "KMI"}, {"name": "PLXS"}, {"name": "RGEN"}, {"name": "SLM"}, {"name": "UFI"}, {"name": "VZ"}], "tags": [{"name": "Mid-Afternoon Market Update"}]}, {"id": 6159405, "author": "Benzinga", "created": "Thu, 21 Jan 2016 11:14:23 -0400", "updated": "Thu, 21 Jan 2016 17:07:49 -0400", "title": "Is Apple Teaming With BlackBerry On Driverless Car Research?", "teaser": "", "body": "", "url": "https://www.benzinga.com/node/6159405", "image": [], "channels": [{"name": "News"}, {"name": "Rumors"}, {"name": "Top Stories"}, {"name": "Tech"}], "stocks": [{"name": "AAPL"}, {"name": "BBRY"}, {"name": "GOOGL"}], "tags": [{"name": "Ottawa Business Journal"}]}, {"id": 6160865, "author": "Benzinga", "created": "Thu, 21 Jan 2016 17:34:12 -0400", "updated": "Thu, 21 Jan 2016 17:34:12 -0400", "title": "Earnings Recap For January 21, 2016", "teaser": "", "body": "", "url": "https://www.benzinga.com/node/6160865", "image": [], "channels": [{"name": "Earnings"}, {"name": "News"}, {"name": "After-Hours Center"}], "stocks": [{"name": "ALK"}, {"name": "AXP"}, {"name": "BBT"}, {"name": "BK"}, {"name": "CE"}, {"name": "DGII"}, {"name": "EGHT"}, {"name": "ETFC"}, {"name": "HBAN"}, {"name": "HBHC"}, {"name": "ISRG"}, {"name": "KEY"}, {"name": "LUV"}, {"name": "MXIM"}, {"name": "PPG"}, {"name": "RMD"}, {"name": "SBNY"}, {"name": "SBUX"}, {"name": "SIVB"}, {"name": "SLB"}, {"name": "TRV"}, {"name": "UAL"}, {"name": "UNP"}, {"name": "VZ"}, {"name": "WBS"}], "tags": []}, {"id": 6160987, "author": "Benzinga", "created": "Thu, 21 Jan 2016 17:46:53 -0400", "updated": "Thu, 21 Jan 2016 17:46:53 -0400", "title": "Why These 7 Stocks Are Moving In Thursday's After-Hours Session", "teaser": "", "body": "", "url": "https://www.benzinga.com/node/6160987", "image": [], "channels": [{"name": "Earnings"}, {"name": "News"}, {"name": "After-Hours Center"}, {"name": "Movers"}], "stocks": [{"name": "AXP"}, {"name": "CSII"}, {"name": "DGII"}, {"name": "ISRG"}, {"name": "LSCC"}, {"name": "SBUX"}, {"name": "SLB"}], "tags": []}, {"id": 6161204, "author": "Benzinga", "created": "Thu, 21 Jan 2016 18:49:38 -0400", "updated": "Thu, 21 Jan 2016 18:49:39 -0400", "title": "American Express Q4 Net Income Drops 36%; Plans To 'Aggressively' Streamline Operations", "teaser": "", "body": "", "url": "https://www.benzinga.com/node/6161204", "image": [], "channels": [{"name": "Earnings"}, {"name": "News"}, {"name": "After-Hours Center"}], "stocks": [{"name": "AXP"}, {"name": "COST"}], "tags": []}, {"id": 6161363, "author": "Benzinga", "created": "Thu, 21 Jan 2016 20:30:05 -0400", "updated": "Thu, 21 Jan 2016 20:30:05 -0400", "title": "Benzinga's M&A Chatter for Thursday January 21, 2016", "teaser": "", "body": "", "url": "https://www.benzinga.com/node/6161363", "image": [], "channels": [{"name": "News"}, {"name": "Rumors"}, {"name": "M&A"}, {"name": "Movers"}], "stocks": [{"name": "HNHPF"}, {"name": "IBM"}, {"name": "SHCAY"}, {"name": "XNPT"}], "tags": []}]