[{"id": 7822569, "author": "Benzinga", "created": "Sat, 09 Apr 2016 16:02:34 -0400", "updated": "Sat, 09 Apr 2016 16:02:34 -0400", "title": "Barron's Picks And Pans: Apple, Seagate Technology, Toll Brothers And More", "teaser": "", "body": "", "url": "https://www.benzinga.com/node/7822569", "image": [], "channels": [{"name": "News"}, {"name": "Barron's"}, {"name": "Media"}], "stocks": [{"name": "AAPL"}, {"name": "BHI"}, {"name": "HAL"}, {"name": "MU"}, {"name": "OI"}, {"name": "STX"}, {"name": "TOL"}, {"name": "WWE"}, {"name": "YHOO"}], "tags": [{"name": "Apple"}, {"name": "Baker Hughes"}, {"name": "Barron's"}, {"name": "Bill Gross"}, {"name": "halliburton"}, {"name": "Micron Technology"}, {"name": "Owens-Illinois"}, {"name": "Samsung"}, {"name": "Seagate Technology"}, {"name": "Toll Brothers"}, {"name": "World Wrestling Entertainment"}, {"name": "Yahoo"}]}]