[{"id": 8531216, "author": "Benzinga", "created": "Wed, 05 Oct 2016 07:38:21 -0400", "updated": "Wed, 05 Oct 2016 07:38:22 -0400", "title": "The Latest On Twitter's M&A Saga: Bids This Week?", "teaser": "", "body": "", "url": "https://www.benzinga.com/node/8531216", "image": [], "channels": [{"name": "News"}, {"name": "Wall Street Journal"}, {"name": "Rumors"}, {"name": "M&A"}, {"name": "Media"}], "stocks": [{"name": "CRM"}, {"name": "GOOG"}, {"name": "TWTR"}], "tags": [{"name": "Marc Benioff"}, {"name": "Salesforce Acquire Twitter"}, {"name": "twitter"}, {"name": "Twitter M&A"}, {"name": "Twitter Rumors"}]}, {"id": 8531367, "author": "Benzinga", "created": "Wed, 05 Oct 2016 08:09:42 -0400", "updated": "Wed, 05 Oct 2016 08:09:43 -0400", "title": "Exclusive: Salesforce's Largest Holder Does Not Want Company To Buy Twitter", "teaser": "", "body": "", "url": "https://www.benzinga.com/node/8531367", "image": [], "channels": [{"name": "Analyst Color"}, {"name": "News"}, {"name": "Rumors"}, {"name": "M&A"}, {"name": "Top Stories"}, {"name": "Exclusives"}], "stocks": [{"name": "CRM"}, {"name": "TWTR"}], "tags": [{"name": "Bob Peck"}, {"name": "Fidelity Management"}, {"name": "Salesforce Investors"}, {"name": "SunTrust Robinson Humphrey"}, {"name": "Twitter Rumors"}]}, {"id": 8531556, "author": "Benzinga", "created": "Wed, 05 Oct 2016 08:26:24 -0400", "updated": "Wed, 05 Oct 2016 08:26:24 -0400", "title": "15 Stocks Moving In Wednesday's Pre-Market Session", "teaser": "", "body": "", "url": "https://www.benzinga.com/node/8531556", "image": [], "channels": [{"name": "News"}, {"name": "Movers & Shakers"}, {"name": "Pre-Market Outlook"}, {"name": "Markets"}, {"name": "Movers"}], "stocks": [{"name": "ACIA"}, {"name": "ANTH"}, {"name": "ATEN"}, {"name": "AVXL"}, {"name": "CRM"}, {"name": "GPN"}, {"name": "IGLD"}, {"name": "JONE"}, {"name": "KGC"}, {"name": "MU"}, {"name": "NTEC"}, {"name": "SDLP"}, {"name": "SGY"}, {"name": "STZ"}, {"name": "TWTR"}], "tags": [{"name": "#PreMarket Gainers"}, {"name": "Losers"}, {"name": "Top Gainers"}]}, {"id": 8531314, "author": "Benzinga", "created": "Wed, 05 Oct 2016 08:30:24 -0400", "updated": "Wed, 05 Oct 2016 08:30:24 -0400", "title": "Ungrandfathering Headwind Concerns Exist Ahead Of Netflix's Q3 Earnings Report", "teaser": "", "body": "", "url": "https://www.benzinga.com/node/8531314", "image": [], "channels": [{"name": "Analyst Color"}, {"name": "Earnings"}, {"name": "News"}, {"name": "Previews"}, {"name": "Reiteration"}, {"name": "Analyst Ratings"}, {"name": "Trading Ideas"}], "stocks": [{"name": "DIS"}, {"name": "NFLX"}], "tags": [{"name": "Bob Peck"}, {"name": "Robert S. Peck"}, {"name": "SunTrust Robinson Humphrey"}]}, {"id": 8531267, "author": "Benzinga", "created": "Wed, 05 Oct 2016 09:04:07 -0400", "updated": "Wed, 05 Oct 2016 09:04:08 -0400", "title": "The Market In 5 Minutes: More Twitter Rumors, Disappointing Employment Data", "teaser": "", "body": "", "url": "https://www.benzinga.com/node/8531267", "image": [], "channels": [{"name": "News"}, {"name": "Global"}, {"name": "Top Stories"}, {"name": "Pre-Market Outlook"}, {"name": "Markets"}], "stocks": [{"name": "ADS"}, {"name": "ANGO"}, {"name": "BLK"}, {"name": "CRM"}, {"name": "DIS"}, {"name": "FLO"}, {"name": "FRPT"}, {"name": "GIMO"}, {"name": "GOOG"}, {"name": "JONE"}, {"name": "MU"}, {"name": "NCLH"}, {"name": "NFLX"}, {"name": "SAFM"}, {"name": "SHLD"}, {"name": "SPY"}, {"name": "SWK"}, {"name": "TWTR"}, {"name": "UBS"}, {"name": "USO"}], "tags": [{"name": "the market in 5 minutes"}]}, {"id": 8530144, "author": "Benzinga", "created": "Wed, 05 Oct 2016 09:21:43 -0400", "updated": "Wed, 05 Oct 2016 09:21:43 -0400", "title": "Free $500? Big Banks Offer Enticing Promotions To Switch", "teaser": "", "body": "", "url": "https://www.benzinga.com/node/8530144", "image": [], "channels": [{"name": "News"}, {"name": "Media"}, {"name": "Personal Finance"}], "stocks": [{"name": "C"}, {"name": "JPM"}, {"name": "WFC"}], "tags": [{"name": "Chase Savings"}, {"name": "Chase Total Checking"}, {"name": "SeekingAlpha"}]}, {"id": 8532142, "author": "Benzinga", "created": "Wed, 05 Oct 2016 11:20:58 -0400", "updated": "Wed, 05 Oct 2016 11:20:58 -0400", "title": "Dollar Stores See Tailwinds Dissipating", "teaser": "", "body": "", "url": "https://www.benzinga.com/node/8532142", "image": [], "channels": [{"name": "Analyst Color"}, {"name": "News"}, {"name": "Short Ideas"}, {"name": "Reiteration"}, {"name": "Analyst Ratings"}, {"name": "Movers"}, {"name": "Trading Ideas"}], "stocks": [{"name": "DG"}, {"name": "DLTR"}, {"name": "WMT"}], "tags": [{"name": "Credit Suisse"}, {"name": "Edward Kelly"}]}, {"id": 8532646, "author": "Benzinga", "created": "Wed, 05 Oct 2016 11:21:34 -0400", "updated": "Wed, 05 Oct 2016 11:21:34 -0400", "title": "Salesforce Unlikely To Buy Twitter, Shares Likely To Tread Water Until M&A Concerns Lifted", "teaser": "", "body": "", "url": "https://www.benzinga.com/node/8532646", "image": [], "channels": [{"name": "Analyst Color"}, {"name": "News"}, {"name": "Reiteration"}, {"name": "M&A"}, {"name": "Analyst Ratings"}], "stocks": [{"name": "CRM"}, {"name": "TWTR"}], "tags": [{"name": "Deutsche Bank"}, {"name": "Karl Keirstead"}]}, {"id": 8533132, "author": "Benzinga", "created": "Wed, 05 Oct 2016 12:40:44 -0400", "updated": "Wed, 05 Oct 2016 12:40:44 -0400", "title": "18 Biggest Mid-Day Gainers For Wednesday", "teaser": "", "body": "", "url": "https://www.benzinga.com/node/8533132", "image": [], "channels": [{"name": "News"}, {"name": "Intraday Update"}, {"name": "Markets"}, {"name": "Movers"}], "stocks": [{"name": "ACIA"}, {"name": "AVXL"}, {"name": "BRS"}, {"name": "CPRX"}, {"name": "CRBP"}, {"name": "CRM"}, {"name": "E"}, {"name": "ENH"}, {"name": "GPN"}, {"name": "JONE"}, {"name": "KBR"}, {"name": "PH"}, {"name": "REN"}, {"name": "STT"}, {"name": "TCBI"}, {"name": "TMH"}, {"name": "TWTR"}, {"name": "UEPS"}], "tags": [{"name": "Mid-Day Gainers"}, {"name": "Top Gainers"}]}, {"id": 8533259, "author": "Benzinga", "created": "Wed, 05 Oct 2016 13:13:17 -0400", "updated": "Wed, 05 Oct 2016 13:13:18 -0400", "title": "12 Biggest Mid-Day Losers For Wednesday", "teaser": "", "body": "", "url": "https://www.benzinga.com/node/8533259", "image": [], "channels": [{"name": "News"}, {"name": "Movers & Shakers"}, {"name": "Intraday Update"}, {"name": "Markets"}], "stocks": [{"name": "ATEN"}, {"name": "AZZ"}, {"name": "CRM"}, {"name": "CTSO"}, {"name": "EXR"}, {"name": "GALT"}, {"name": "GBSN"}, {"name": "GIMO"}, {"name": "IMMU"}, {"name": "KELYB"}, {"name": "TENX"}, {"name": "TWTR"}, {"name": "ULH"}], "tags": [{"name": "Mid-Day Losers"}, {"name": "Top Losers"}]}, {"id": 8532830, "author": "Benzinga", "created": "Wed, 05 Oct 2016 14:04:34 -0400", "updated": "Wed, 05 Oct 2016 14:04:35 -0400", "title": "ESPN Will Soon Get Paid For Out-Of-Home Ads, But What Does That Mean?", "teaser": "", "body": "", "url": "https://www.benzinga.com/node/8532830", "image": [], "channels": [{"name": "News"}, {"name": "Education"}, {"name": "Contracts"}, {"name": "Sports"}, {"name": "Tech"}, {"name": "Media"}, {"name": "General"}], "stocks": [{"name": "DIS"}], "tags": [{"name": "ads"}, {"name": "advertising"}, {"name": "Eric Johnson"}, {"name": "ESPN"}]}, {"id": 8533528, "author": "Benzinga", "created": "Wed, 05 Oct 2016 14:12:45 -0400", "updated": "Wed, 05 Oct 2016 14:12:50 -0400", "title": "Twitter Crosses $25, At Highest Levels Of 2016", "teaser": "", "body": "", "url": "https://www.benzinga.com/node/8533528", "image": [], "channels": [{"name": "News"}, {"name": "Movers"}], "stocks": [{"name": "CRM"}, {"name": "DIS"}, {"name": "GOOG"}, {"name": "TWTR"}], "tags": []}, {"id": 8532976, "author": "Benzinga", "created": "Wed, 05 Oct 2016 14:20:57 -0400", "updated": "Wed, 05 Oct 2016 14:20:57 -0400", "title": "Google's Pixel Phone: Everything You Wanted The iPhone To Be", "teaser": "", "body": "", "url": "https://www.benzinga.com/node/8532976", "image": [], "channels": [{"name": "Analyst Color"}, {"name": "Long Ideas"}, {"name": "News"}, {"name": "Price Target"}, {"name": "Reiteration"}, {"name": "Analyst Ratings"}, {"name": "Movers"}, {"name": "Tech"}, {"name": "Trading Ideas"}], "stocks": [{"name": "AAPL"}, {"name": "GOOG"}, {"name": "GOOGL"}, {"name": "QCOM"}], "tags": [{"name": "Android OS"}, {"name": "Baird Equity Research"}, {"name": "Benjamin Gaither"}, {"name": "Colin Sebastian"}, {"name": "Daydream VR"}, {"name": "DxOMark"}, {"name": "Google Assistant"}, {"name": "Google Pixel"}, {"name": "iPhone"}, {"name": "Nexus"}, {"name": "smartphone"}, {"name": "Snapdragon"}]}, {"id": 8533234, "author": "Benzinga", "created": "Wed, 05 Oct 2016 15:19:17 -0400", "updated": "Wed, 05 Oct 2016 15:19:17 -0400", "title": "Court Date For Litigation With Amgen And Other Expectations For AbbVie", "teaser": "", "body": "", "url": "https://www.benzinga.com/node/8533234", "image": [], "channels": [{"name": "Analyst Color"}, {"name": "Biotech"}, {"name": "Long Ideas"}, {"name": "News"}, {"name": "Health Care"}, {"name": "Price Target"}, {"name": "Reiteration"}, {"name": "Analyst Ratings"}, {"name": "Movers"}, {"name": "Trading Ideas"}, {"name": "General"}], "stocks": [{"name": "ABBV"}, {"name": "AMGN"}], "tags": [{"name": "Humira"}, {"name": "Humira biosimilars"}, {"name": "Jefferies"}, {"name": "Jeffrey Holford"}]}]