[{"id": 7839700, "author": "Benzinga", "created": "Thu, 14 Apr 2016 09:13:12 -0400", "updated": "Thu, 14 Apr 2016 09:13:12 -0400", "title": "Report: McDonald's Has Hired Bankers To Help Explore Sale Of 2,800 Restaurants In Asia", "teaser": "", "body": "", "url": "https://www.benzinga.com/node/7839700", "image": [], "channels": [{"name": "News"}, {"name": "Emerging Markets"}, {"name": "Restaurants"}, {"name": "Global"}, {"name": "Markets"}, {"name": "Movers"}, {"name": "Trading Ideas"}, {"name": "General"}], "stocks": [{"name": "MCD"}], "tags": [{"name": "Bain Capital"}, {"name": "China Resources Holdings"}, {"name": "MBK Partners"}, {"name": "McDonad's Asia Sale"}, {"name": "McDonald's"}, {"name": "McDonald's Asia"}, {"name": "TPG Capital Management"}]}, {"id": 7839872, "author": "Benzinga", "created": "Thu, 14 Apr 2016 09:19:25 -0400", "updated": "Thu, 14 Apr 2016 09:19:26 -0400", "title": "Verizon, SoftBank 'The Only Real Competition' To Acquire Yahoo's Internet Assets", "teaser": "", "body": "", "url": "https://www.benzinga.com/node/7839872", "image": [], "channels": [{"name": "News"}, {"name": "Rumors"}, {"name": "M&A"}], "stocks": [{"name": "VZ"}, {"name": "YHOO"}], "tags": [{"name": "New York Post"}, {"name": "Softbank"}, {"name": "Yahoo"}, {"name": "Yahoo Internet Sale"}, {"name": "Yahoo Japan"}]}, {"id": 7839692, "author": "Benzinga", "created": "Thu, 14 Apr 2016 09:43:32 -0400", "updated": "Thu, 14 Apr 2016 09:43:32 -0400", "title": "The Market In 5 Minutes: Mamba Out", "teaser": "", "body": "", "url": "https://www.benzinga.com/node/7839692", "image": [], "channels": [{"name": "News"}, {"name": "Events"}, {"name": "Global"}, {"name": "Top Stories"}], "stocks": [{"name": "BAC"}, {"name": "CMG"}, {"name": "DDD"}, {"name": "FB"}, {"name": "INTU"}, {"name": "JPM"}, {"name": "MCD"}, {"name": "MO"}, {"name": "PEP"}, {"name": "PM"}, {"name": "RAI"}, {"name": "VZ"}, {"name": "WFC"}, {"name": "YHOO"}], "tags": [{"name": "the market in 5 minutes"}]}, {"id": 7840449, "author": "Benzinga", "created": "Thu, 14 Apr 2016 10:39:08 -0400", "updated": "Thu, 14 Apr 2016 10:39:10 -0400", "title": "Street Eyes Key Bank Earnings Reports A Day After Setting New 2016 Highs", "teaser": "", "body": "", "url": "https://www.benzinga.com/node/7840449", "image": [], "channels": [{"name": "Analyst Color"}, {"name": "Earnings"}, {"name": "News"}, {"name": "Econ #s"}, {"name": "Markets"}, {"name": "Analyst Ratings"}], "stocks": [{"name": "BAC"}, {"name": "C"}, {"name": "JPM"}, {"name": "WFC"}], "tags": []}, {"id": 7840850, "author": "Benzinga", "created": "Thu, 14 Apr 2016 12:03:02 -0400", "updated": "Thu, 14 Apr 2016 13:51:29 -0400", "title": "Motor Trend Apple Car Marketing Amounts To Nothing More Than Hype", "teaser": "", "body": "", "url": "https://www.benzinga.com/node/7840850", "image": [], "channels": [{"name": "News"}, {"name": "Tech"}, {"name": "Media"}], "stocks": [{"name": "AAPL"}, {"name": "TSLA"}], "tags": [{"name": "Akash Chudasama"}, {"name": "Apple Car"}, {"name": "Di Bao"}, {"name": "Elon Musk"}, {"name": "Garrett DeBry"}, {"name": "Kim Reynolds"}, {"name": "Motor Trend"}, {"name": "Project Titan"}, {"name": "Stewart Reed"}, {"name": "Tim Huntzinger"}]}, {"id": 7841679, "author": "Benzinga", "created": "Thu, 14 Apr 2016 14:32:28 -0400", "updated": "Thu, 14 Apr 2016 14:32:28 -0400", "title": "FireEye Swoons, Recovers Amid Erroneous Conference Cancellation", "teaser": "", "body": "", "url": "https://www.benzinga.com/node/7841679", "image": [], "channels": [{"name": "News"}, {"name": "Events"}, {"name": "Movers"}], "stocks": [{"name": "FEYE"}, {"name": "IBM"}], "tags": [{"name": "Cybersecurity"}, {"name": "iSIGHT"}, {"name": "Mandiant"}, {"name": "StreetInsider"}]}, {"id": 7841364, "author": "Benzinga", "created": "Thu, 14 Apr 2016 16:47:45 -0400", "updated": "Thu, 14 Apr 2016 16:47:45 -0400", "title": "10 New Findings About The Korean OLED Supply Chain", "teaser": "", "body": "", "url": "https://www.benzinga.com/node/7841364", "image": [], "channels": [{"name": "Analyst Color"}, {"name": "News"}, {"name": "Events"}, {"name": "Analyst Ratings"}, {"name": "Tech"}, {"name": "Trading Ideas"}], "stocks": [{"name": "AAPL"}, {"name": "LPL"}, {"name": "SSNLF"}], "tags": [{"name": "AP Systems"}, {"name": "Duksan Neolux"}, {"name": "Invenia"}, {"name": "iPhone"}, {"name": "Korea"}, {"name": "LED"}, {"name": "LG Display"}, {"name": "OLED"}, {"name": "Samsung"}, {"name": "UBS"}, {"name": "Viatron"}, {"name": "Wonik IPS"}]}, {"id": 7841756, "author": "Benzinga", "created": "Thu, 14 Apr 2016 16:51:12 -0400", "updated": "Thu, 14 Apr 2016 16:51:12 -0400", "title": "Microsoft Sues Justice Department: 'Keeping Secrecy The Exception, Not The Rule'", "teaser": "", "body": "", "url": "https://www.benzinga.com/node/7841756", "image": [], "channels": [{"name": "News"}, {"name": "Politics"}, {"name": "Legal"}, {"name": "General"}], "stocks": [{"name": "MSFT"}], "tags": [{"name": "Brad Smith"}, {"name": "ECPA"}, {"name": "Electronic Communications Privacy Act"}]}, {"id": 7843083, "author": "Benzinga", "created": "Thu, 14 Apr 2016 17:17:21 -0400", "updated": "Thu, 14 Apr 2016 17:17:21 -0400", "title": "After-Hours Recap: Big Banks, Liquidity Services's DoD Deal, Haemonetics' CFO & More", "teaser": "", "body": "", "url": "https://www.benzinga.com/node/7843083", "image": [], "channels": [{"name": "Earnings"}, {"name": "News"}, {"name": "Guidance"}, {"name": "Management"}, {"name": "M&A"}, {"name": "After-Hours Center"}, {"name": "Movers"}, {"name": "Tech"}], "stocks": [{"name": "AA"}, {"name": "BAC"}, {"name": "BHI"}, {"name": "BXLT"}, {"name": "CCC"}, {"name": "CHKE"}, {"name": "DAL"}, {"name": "FEYE"}, {"name": "HAE"}, {"name": "INTC"}, {"name": "JPM"}, {"name": "LQDT"}, {"name": "LSCC"}, {"name": "MRK"}, {"name": "MU"}, {"name": "ORPN"}, {"name": "STX"}, {"name": "VSLR"}, {"name": "WDC"}, {"name": "WFC"}, {"name": "XXIA"}], "tags": []}]