[{"id": 7911567, "author": "Benzinga", "created": "Mon, 02 May 2016 09:03:12 -0400", "updated": "Mon, 02 May 2016 09:03:12 -0400", "title": "Best Sector ETFs For May: Safety and Risk", "teaser": "", "body": "", "url": "https://www.benzinga.com/node/7911567", "image": [], "channels": [{"name": "Long Ideas"}, {"name": "News"}, {"name": "Sector ETFs"}, {"name": "Intraday Update"}, {"name": "Markets"}, {"name": "Trading Ideas"}, {"name": "ETFs"}], "stocks": [{"name": "KO"}, {"name": "PG"}, {"name": "WMT"}, {"name": "XLB"}, {"name": "XLE"}, {"name": "XLP"}, {"name": "XLY"}], "tags": []}, {"id": 7913023, "author": "Benzinga", "created": "Mon, 02 May 2016 09:49:48 -0400", "updated": "Mon, 02 May 2016 09:49:48 -0400", "title": "The Market In 5 Minutes: May, She Will Stay", "teaser": "", "body": "", "url": "https://www.benzinga.com/node/7913023", "image": [], "channels": [{"name": "News"}, {"name": "Global"}, {"name": "Top Stories"}], "stocks": [{"name": "APO"}, {"name": "APOL"}, {"name": "BHI"}, {"name": "CL"}, {"name": "CVS"}, {"name": "F"}, {"name": "GRPN"}, {"name": "HAL"}, {"name": "LLL"}, {"name": "MRK"}, {"name": "PFE"}, {"name": "PTX"}, {"name": "SPY"}, {"name": "STRZA"}, {"name": "STX"}, {"name": "TIVO"}, {"name": "TWTR"}, {"name": "TWX"}, {"name": "USO"}, {"name": "UTX"}, {"name": "VALE"}, {"name": "WFM"}], "tags": [{"name": "the market in 5 minutes"}]}, {"id": 7914112, "author": "Benzinga", "created": "Mon, 02 May 2016 12:25:58 -0400", "updated": "Mon, 02 May 2016 12:25:58 -0400", "title": "GeoInvesting Says Anavex Life Sciences' Stock Has A Book Value Of Just $0.36", "teaser": "", "body": "", "url": "https://www.benzinga.com/node/7914112", "image": [], "channels": [{"name": "News"}, {"name": "Short Sellers"}], "stocks": [{"name": "AVXL"}, {"name": "JNJ"}, {"name": "LLY"}, {"name": "PFE"}], "tags": [{"name": "Alzhimer's Disease"}, {"name": "Anavex Life Sciences"}, {"name": "Biopharmaceutical Stocks"}, {"name": "GeoInvesting"}, {"name": "Stock Promoters"}]}, {"id": 7914360, "author": "Benzinga", "created": "Mon, 02 May 2016 12:38:46 -0400", "updated": "Mon, 02 May 2016 12:38:47 -0400", "title": "Brocade Peers Largely Unaffected Following Q2 Warning", "teaser": "", "body": "", "url": "https://www.benzinga.com/node/7914360", "image": [], "channels": [{"name": "News"}, {"name": "Guidance"}, {"name": "Movers"}], "stocks": [{"name": "BRCD"}, {"name": "CSCO"}, {"name": "EMC"}, {"name": "NTAP"}, {"name": "QLGC"}], "tags": [{"name": "Brocade"}, {"name": "Communications Stocks"}, {"name": "Lloyd Carney"}, {"name": "Technology Stocks"}]}, {"id": 7914758, "author": "Benzinga", "created": "Mon, 02 May 2016 12:57:55 -0400", "updated": "Mon, 02 May 2016 12:57:55 -0400", "title": "Arrow Electronics Speed Up Hybrid Cloud Growth With Microsoft's Cloud Solution", "teaser": "", "body": "", "url": "https://www.benzinga.com/node/7914758", "image": [], "channels": [{"name": "News"}, {"name": "Contracts"}], "stocks": [{"name": "ARW"}, {"name": "MSFT"}], "tags": []}, {"id": 7915646, "author": "Benzinga", "created": "Mon, 02 May 2016 15:19:35 -0400", "updated": "Mon, 02 May 2016 15:21:35 -0400", "title": "And The 5 Most Popular Earnings Calls In Q1 Were...", "teaser": "", "body": "", "url": "https://www.benzinga.com/node/7915646", "image": [], "channels": [{"name": "Fintech"}, {"name": "News"}, {"name": "Events"}], "stocks": [{"name": "AAPL"}, {"name": "BAC"}, {"name": "NKE"}, {"name": "TSLA"}, {"name": "TWTR"}, {"name": "VRX"}], "tags": [{"name": "BZ Sponsored"}]}, {"id": 7915056, "author": "Benzinga", "created": "Mon, 02 May 2016 15:50:57 -0400", "updated": "Mon, 02 May 2016 15:50:57 -0400", "title": "Oppenheimer Warns Cisco's Outlook Could Be At Risk; Maintains Outperform Ahead Of Q3 Results", "teaser": "", "body": "", "url": "https://www.benzinga.com/node/7915056", "image": [], "channels": [{"name": "Analyst Color"}, {"name": "Earnings"}, {"name": "News"}, {"name": "Guidance"}, {"name": "Price Target"}, {"name": "Previews"}, {"name": "Reiteration"}, {"name": "Top Stories"}, {"name": "Analyst Ratings"}, {"name": "Tech"}, {"name": "Trading Ideas"}], "stocks": [{"name": "CSCO"}], "tags": [{"name": "Ittai Kidron"}, {"name": "Oppenheimer"}]}, {"id": 7917424, "author": "Benzinga", "created": "Mon, 02 May 2016 17:29:39 -0400", "updated": "Mon, 02 May 2016 17:29:40 -0400", "title": "Apple Closes Lower For Eighth Straight Day, Marking A Nearly 20-Year Record", "teaser": "", "body": "", "url": "https://www.benzinga.com/node/7917424", "image": [], "channels": [{"name": "News"}, {"name": "After-Hours Center"}, {"name": "Movers"}], "stocks": [{"name": "AAPL"}], "tags": []}, {"id": 7917988, "author": "Benzinga", "created": "Mon, 02 May 2016 18:35:53 -0400", "updated": "Mon, 02 May 2016 18:39:32 -0400", "title": "Tim Cook On Apple: It's My 'Error' I Haven't Stressed Chinese Middle Class Growth More", "teaser": "", "body": "", "url": "https://www.benzinga.com/node/7917988", "image": [], "channels": [{"name": "CNBC"}, {"name": "News"}, {"name": "Jim Cramer"}, {"name": "Events"}, {"name": "Movers"}, {"name": "Tech"}, {"name": "Media"}], "stocks": [{"name": "AAPL"}], "tags": [{"name": "Tim Cook"}]}]