[{"id": 7719392, "author": "Benzinga", "created": "Wed, 16 Mar 2016 08:16:58 -0400", "updated": "Wed, 16 Mar 2016 08:16:59 -0400", "title": "Dividend Yields Are Doing Something Rare", "teaser": "", "body": "", "url": "https://www.benzinga.com/node/7719392", "image": [], "channels": [{"name": "Long Ideas"}, {"name": "News"}, {"name": "Broad U.S. Equity ETFs"}, {"name": "Dividends"}, {"name": "Dividends"}, {"name": "Intraday Update"}, {"name": "Markets"}, {"name": "Trading Ideas"}, {"name": "ETFs"}], "stocks": [{"name": "AAPL"}, {"name": "DLN"}, {"name": "MSFT"}, {"name": "XOM"}], "tags": []}, {"id": 7720733, "author": "Benzinga", "created": "Wed, 16 Mar 2016 10:48:08 -0400", "updated": "Wed, 16 Mar 2016 10:50:15 -0400", "title": "The Market In 5 Minutes: Wednesday, March 16, 2016", "teaser": "", "body": "", "url": "https://www.benzinga.com/node/7720733", "image": [], "channels": [{"name": "News"}, {"name": "Events"}, {"name": "Global"}, {"name": "Top Stories"}], "stocks": [{"name": "AMZN"}, {"name": "BABA"}, {"name": "CHTR"}, {"name": "CMG"}, {"name": "DIS"}, {"name": "GPS"}, {"name": "GRPN"}, {"name": "INTC"}, {"name": "K"}, {"name": "KHC"}, {"name": "LNKD"}, {"name": "MITL"}, {"name": "MNK"}, {"name": "ORCL"}, {"name": "PLCM"}, {"name": "TWC"}, {"name": "VRX"}, {"name": "VZ"}], "tags": [{"name": "the market in 5 minutes"}]}, {"id": 7720683, "author": "Benzinga", "created": "Wed, 16 Mar 2016 11:49:11 -0400", "updated": "Wed, 16 Mar 2016 11:49:11 -0400", "title": "McDonald's All-Day Breakfast Is A Real Pain For Employees", "teaser": "", "body": "", "url": "https://www.benzinga.com/node/7720683", "image": [], "channels": [{"name": "News"}], "stocks": [{"name": "MCD"}], "tags": [{"name": "Consumer Discretionary"}, {"name": "Restaurants"}]}, {"id": 7722342, "author": "Benzinga", "created": "Wed, 16 Mar 2016 13:06:33 -0400", "updated": "Wed, 16 Mar 2016 13:07:44 -0400", "title": "Chances Are 50-50 Alibaba Buys Groupon Or Yahoo, Blogger Speculates", "teaser": "", "body": "", "url": "https://www.benzinga.com/node/7722342", "image": [], "channels": [{"name": "News"}, {"name": "Rumors"}, {"name": "M&A"}, {"name": "Tech"}], "stocks": [{"name": "BABA"}, {"name": "GRPN"}, {"name": "VZ"}, {"name": "YHOO"}], "tags": []}, {"id": 7721405, "author": "Benzinga", "created": "Wed, 16 Mar 2016 13:29:53 -0400", "updated": "Wed, 16 Mar 2016 13:29:53 -0400", "title": "A Probe Into Amazon's Italian Tax Practices Did Not Move The Stock", "teaser": "", "body": "", "url": "https://www.benzinga.com/node/7721405", "image": [], "channels": [{"name": "News"}, {"name": "Eurozone"}, {"name": "Rumors"}, {"name": "Legal"}, {"name": "Markets"}, {"name": "Tech"}], "stocks": [{"name": "AAPL"}, {"name": "AMZN"}, {"name": "GOOGL"}], "tags": []}, {"id": 7723199, "author": "Benzinga", "created": "Wed, 16 Mar 2016 13:57:21 -0400", "updated": "Wed, 16 Mar 2016 14:48:50 -0400", "title": "From CBS To Fathead, Here Are 5 Easy Ways To Track Your 2016 NCAA March Madness Bracket", "teaser": "", "body": "", "url": "https://www.benzinga.com/node/7723199", "image": [], "channels": [{"name": "News"}, {"name": "Sports"}, {"name": "Events"}, {"name": "General"}], "stocks": [{"name": "CBS"}, {"name": "DIS"}, {"name": "YHOO"}], "tags": [{"name": "Fat Bracket"}, {"name": "Fathead"}, {"name": "March Madness"}, {"name": "NCAA"}]}, {"id": 7723547, "author": "Benzinga", "created": "Wed, 16 Mar 2016 15:05:09 -0400", "updated": "Wed, 16 Mar 2016 15:05:33 -0400", "title": "Jury In Repatha Patent Case Ruled In Favor Of Amgen, Against Regeneron And Sanofi", "teaser": "", "body": "", "url": "https://www.benzinga.com/node/7723547", "image": [], "channels": [{"name": "Biotech"}, {"name": "News"}, {"name": "Legal"}, {"name": "General"}], "stocks": [{"name": "AMGN"}, {"name": "REGN"}, {"name": "SNY"}], "tags": [{"name": "Repatha"}]}, {"id": 7723641, "author": "Benzinga", "created": "Wed, 16 Mar 2016 15:25:30 -0400", "updated": "Wed, 16 Mar 2016 15:25:30 -0400", "title": "The Plot Thickens At Amgen; Piper Still Overweight", "teaser": "", "body": "", "url": "https://www.benzinga.com/node/7723641", "image": [], "channels": [{"name": "Analyst Color"}, {"name": "News"}, {"name": "Legal"}, {"name": "Analyst Ratings"}], "stocks": [{"name": "AMGN"}, {"name": "REGN"}, {"name": "SNY"}], "tags": [{"name": "Joshua Schimmer"}, {"name": "Piper Jaffray"}]}, {"id": 7724073, "author": "Benzinga", "created": "Wed, 16 Mar 2016 16:12:08 -0400", "updated": "Wed, 16 Mar 2016 16:12:08 -0400", "title": "Chardan Downgrades Regeneron To Sell", "teaser": "", "body": "", "url": "https://www.benzinga.com/node/7724073", "image": [], "channels": [{"name": "Analyst Color"}, {"name": "News"}, {"name": "Downgrades"}, {"name": "Price Target"}, {"name": "Analyst Ratings"}], "stocks": [{"name": "AMGN"}, {"name": "REGN"}, {"name": "SNY"}], "tags": []}, {"id": 7725083, "author": "Benzinga", "created": "Wed, 16 Mar 2016 17:39:20 -0400", "updated": "Wed, 16 Mar 2016 17:39:21 -0400", "title": "Apple May Be Giving More Cloud Business To Google, Less To Amazon", "teaser": "", "body": "", "url": "https://www.benzinga.com/node/7725083", "image": [], "channels": [{"name": "News"}, {"name": "Rumors"}, {"name": "After-Hours Center"}, {"name": "Tech"}], "stocks": [{"name": "AAPL"}, {"name": "AMZN"}, {"name": "GOOGL"}], "tags": [{"name": "Amazon Web Services"}, {"name": "AWS"}, {"name": "cloud"}]}, {"id": 7725518, "author": "Benzinga", "created": "Wed, 16 Mar 2016 20:23:01 -0400", "updated": "Wed, 16 Mar 2016 20:23:01 -0400", "title": "Benzinga's M&A Chatter for Wednesday March 16, 2016", "teaser": "", "body": "", "url": "https://www.benzinga.com/node/7725518", "image": [], "channels": [{"name": "News"}, {"name": "Rumors"}, {"name": "M&A"}, {"name": "Movers"}], "stocks": [{"name": "COHR"}, {"name": "CRM"}, {"name": "MSFT"}, {"name": "NPD"}, {"name": "RSTI"}], "tags": []}]