[{"id": 8644937, "author": "Benzinga", "created": "Thu, 03 Nov 2016 09:28:15 -0400", "updated": "Thu, 03 Nov 2016 09:28:16 -0400", "title": "Morgan Stanley On LendingClub Upgrade: $7 Stock In 2017", "teaser": "", "body": "", "url": "https://www.benzinga.com/node/8644937", "image": [], "channels": [{"name": "Analyst Color"}, {"name": "Earnings"}, {"name": "Long Ideas"}, {"name": "News"}, {"name": "Upgrades"}, {"name": "Previews"}, {"name": "Analyst Ratings"}, {"name": "Tech"}, {"name": "Trading Ideas"}], "stocks": [{"name": "GS"}, {"name": "LC"}], "tags": [{"name": "James E Faucette"}, {"name": "Morgan Stanley"}]}, {"id": 8644720, "author": "Benzinga", "created": "Thu, 03 Nov 2016 09:57:44 -0400", "updated": "Thu, 03 Nov 2016 09:57:44 -0400", "title": "SunTrust Admits They Were Wrong On Fitbit, Downgrades Stock To Hold", "teaser": "", "body": "", "url": "https://www.benzinga.com/node/8644720", "image": [], "channels": [{"name": "Analyst Color"}, {"name": "Earnings"}, {"name": "News"}, {"name": "Guidance"}, {"name": "Downgrades"}, {"name": "Price Target"}, {"name": "Analyst Ratings"}, {"name": "Movers"}, {"name": "Tech"}], "stocks": [{"name": "AAPL"}, {"name": "FIT"}, {"name": "SSNLF"}], "tags": [{"name": "Bob Peck"}, {"name": "International Business Times"}, {"name": "Robert S. Peck"}, {"name": "SunTrust Robinson Humphrey"}]}, {"id": 8644882, "author": "Benzinga", "created": "Thu, 03 Nov 2016 10:49:03 -0400", "updated": "Thu, 03 Nov 2016 10:49:03 -0400", "title": "Fitbit's Demand Issues Will Take Time To Correct, Needs New Products And Partnerships", "teaser": "", "body": "", "url": "https://www.benzinga.com/node/8644882", "image": [], "channels": [{"name": "Analyst Color"}, {"name": "Earnings"}, {"name": "News"}, {"name": "Guidance"}, {"name": "Downgrades"}, {"name": "Price Target"}, {"name": "Analyst Ratings"}, {"name": "Movers"}, {"name": "Tech"}], "stocks": [{"name": "AAPL"}, {"name": "FIT"}, {"name": "GRMN"}], "tags": [{"name": "Charge 2"}, {"name": "Flex 2"}, {"name": "Jerry Liu"}, {"name": "Morgan Stanley"}]}, {"id": 8642815, "author": "Benzinga", "created": "Thu, 03 Nov 2016 13:44:06 -0400", "updated": "Thu, 03 Nov 2016 13:44:07 -0400", "title": "Oppenheimer Expands Revenue-Weighted Lineup With ESG ETFs", "teaser": "", "body": "", "url": "https://www.benzinga.com/node/8642815", "image": [], "channels": [{"name": "Long Ideas"}, {"name": "News"}, {"name": "Broad U.S. Equity ETFs"}, {"name": "Specialty ETFs"}, {"name": "New ETFs"}, {"name": "Markets"}, {"name": "Trading Ideas"}, {"name": "ETFs"}], "stocks": [{"name": "AAPL"}, {"name": "F"}, {"name": "RDIV"}, {"name": "RWL"}, {"name": "T"}], "tags": [{"name": "Environmental Social And Governance"}, {"name": "ESG"}, {"name": "ESG ETFs"}, {"name": "ETF Trends"}, {"name": "Oppenheimer"}, {"name": "RevenueShares"}]}, {"id": 8647599, "author": "Benzinga", "created": "Thu, 03 Nov 2016 15:23:14 -0400", "updated": "Thu, 03 Nov 2016 15:23:14 -0400", "title": "3 Stocks To Watch If The Oracle-NetSuite Deal Happens", "teaser": "", "body": "", "url": "https://www.benzinga.com/node/8647599", "image": [], "channels": [{"name": "Analyst Color"}, {"name": "News"}, {"name": "M&A"}, {"name": "Trading Ideas"}], "stocks": [{"name": "CRM"}, {"name": "N"}, {"name": "NOW"}, {"name": "ORCL"}, {"name": "SPLK"}, {"name": "ULTI"}], "tags": [{"name": "Kevin Buttigieg"}, {"name": "MKM Partners"}]}, {"id": 8649268, "author": "Benzinga", "created": "Thu, 03 Nov 2016 16:43:31 -0400", "updated": "Thu, 03 Nov 2016 16:43:33 -0400", "title": "The Housing Market is Still Heating Up...For Now", "teaser": "", "body": "", "url": "https://www.benzinga.com/node/8649268", "image": [], "channels": [{"name": "News"}, {"name": "Education"}, {"name": "Markets"}, {"name": "General"}, {"name": "Real Estate"}], "stocks": [{"name": "BAC"}, {"name": "FNMA"}, {"name": "JPM"}], "tags": []}]