[{"id": 7703526, "author": "Benzinga", "created": "Mon, 14 Mar 2016 10:02:39 -0400", "updated": "Mon, 14 Mar 2016 10:02:39 -0400", "title": "A Telecom ETF For Thrifty Investors", "teaser": "", "body": "", "url": "https://www.benzinga.com/node/7703526", "image": [], "channels": [{"name": "Long Ideas"}, {"name": "News"}, {"name": "Sector ETFs"}, {"name": "Intraday Update"}, {"name": "Markets"}, {"name": "Trading Ideas"}, {"name": "ETFs"}], "stocks": [{"name": "T"}, {"name": "VOX"}, {"name": "VZ"}, {"name": "WMT"}], "tags": []}, {"id": 7703527, "author": "Benzinga", "created": "Mon, 14 Mar 2016 11:03:12 -0400", "updated": "Mon, 14 Mar 2016 11:03:12 -0400", "title": "Old Reliable With This Staples ETF", "teaser": "", "body": "", "url": "https://www.benzinga.com/node/7703527", "image": [], "channels": [{"name": "Long Ideas"}, {"name": "News"}, {"name": "Sector ETFs"}, {"name": "Intraday Update"}, {"name": "Markets"}, {"name": "Trading Ideas"}, {"name": "ETFs"}], "stocks": [{"name": "GIS"}, {"name": "KO"}, {"name": "PEP"}, {"name": "PG"}, {"name": "XLP"}, {"name": "XLU"}], "tags": []}, {"id": 7705387, "author": "Benzinga", "created": "Mon, 14 Mar 2016 11:24:48 -0400", "updated": "Mon, 14 Mar 2016 11:28:58 -0400", "title": "The Market In 5 Minutes: Monday, March 14, 2016", "teaser": "", "body": "", "url": "https://www.benzinga.com/node/7705387", "image": [], "channels": [{"name": "News"}, {"name": "Events"}, {"name": "Global"}, {"name": "Top Stories"}, {"name": "Intraday Update"}], "stocks": [{"name": "AAPL"}, {"name": "CMCSA"}, {"name": "GS"}, {"name": "GWPH"}, {"name": "HOT"}, {"name": "HTX"}, {"name": "MON"}, {"name": "MS"}, {"name": "NLSN"}, {"name": "SNDK"}, {"name": "SUNE"}, {"name": "TSLA"}], "tags": [{"name": "Market in 5 minutes"}]}, {"id": 7707206, "author": "Benzinga", "created": "Mon, 14 Mar 2016 13:38:55 -0400", "updated": "Mon, 14 Mar 2016 14:24:20 -0400", "title": "'Zootopia' Passes $100 Million In Just 8 Days; How Does It Compare To The Biggest Animated Films?", "teaser": "", "body": "", "url": "https://www.benzinga.com/node/7707206", "image": [], "channels": [{"name": "News"}, {"name": "Events"}, {"name": "Media"}], "stocks": [{"name": "CMCSA"}, {"name": "DIS"}], "tags": [{"name": "Box Office Mojo"}, {"name": "Frozen"}, {"name": "Inside Out"}, {"name": "Toy Story 3"}, {"name": "Zooptopia"}]}, {"id": 7703399, "author": "Benzinga", "created": "Mon, 14 Mar 2016 15:43:21 -0400", "updated": "Mon, 14 Mar 2016 15:43:22 -0400", "title": "Disney, Paramount Enjoy Box Office Spoils With 'Zootopia' And '10 Cloverfield Lane'", "teaser": "", "body": "", "url": "https://www.benzinga.com/node/7703399", "image": [], "channels": [{"name": "News"}, {"name": "Events"}, {"name": "Media"}], "stocks": [{"name": "CMCSA"}, {"name": "DIS"}, {"name": "LGF"}, {"name": "SNE"}, {"name": "VIA"}], "tags": [{"name": "10 Cloverfield Lane"}, {"name": "Paramount Pictures"}, {"name": "Zootopia"}]}, {"id": 7708278, "author": "Benzinga", "created": "Mon, 14 Mar 2016 15:59:27 -0400", "updated": "Mon, 14 Mar 2016 15:59:27 -0400", "title": "Goldman Betting Fintech Can Help Solve Retirement Savings Problems", "teaser": "", "body": "", "url": "https://www.benzinga.com/node/7708278", "image": [], "channels": [{"name": "Fintech"}, {"name": "News"}, {"name": "M&A"}, {"name": "Tech"}], "stocks": [{"name": "GS"}], "tags": [{"name": "Goldman Sachs"}, {"name": "Honest Dollar"}]}, {"id": 7709058, "author": "Benzinga", "created": "Mon, 14 Mar 2016 16:29:04 -0400", "updated": "Mon, 14 Mar 2016 16:29:04 -0400", "title": "The Stocks That Moved The S&P, Dow And Nasdaq Today", "teaser": "", "body": "", "url": "https://www.benzinga.com/node/7709058", "image": [], "channels": [{"name": "News"}, {"name": "After-Hours Center"}, {"name": "Movers"}], "stocks": [{"name": "ALXN"}, {"name": "BA"}, {"name": "CHK"}, {"name": "DD"}, {"name": "HOT"}, {"name": "NKE"}, {"name": "PFE"}, {"name": "SWN"}, {"name": "TRIP"}, {"name": "TSLA"}, {"name": "WDC"}], "tags": []}]