[{"id": 6165105, "author": "Benzinga", "created": "Mon, 25 Jan 2016 05:00:33 -0400", "updated": "Mon, 25 Jan 2016 05:00:33 -0400", "title": "Earnings Scheduled For January 25, 2016", "teaser": "", "body": "", "url": "https://www.benzinga.com/node/6165105", "image": [], "channels": [{"name": "Earnings"}, {"name": "News"}, {"name": "Pre-Market Outlook"}, {"name": "Markets"}], "stocks": [{"name": "ASH"}, {"name": "BMRC"}, {"name": "BOH"}, {"name": "BRO"}, {"name": "BXS"}, {"name": "CR"}, {"name": "DHI"}, {"name": "GGG"}, {"name": "HAL"}, {"name": "HTLF"}, {"name": "IBCP"}, {"name": "JJSF"}, {"name": "KMB"}, {"name": "MCD"}, {"name": "MDWD"}, {"name": "NBTB"}, {"name": "PETS"}, {"name": "PKG"}, {"name": "RLI"}, {"name": "STLD"}, {"name": "SWFT"}, {"name": "TESS"}, {"name": "ZION"}], "tags": [{"name": "Consumer Discretionary"}, {"name": "Earnings schedule"}, {"name": "Restaurants"}]}, {"id": 6165122, "author": "Benzinga", "created": "Mon, 25 Jan 2016 05:09:11 -0400", "updated": "Mon, 25 Jan 2016 05:09:11 -0400", "title": "Hilton Worldwide Launches 'Tru by Hilton'", "teaser": "", "body": "", "url": "https://www.benzinga.com/node/6165122", "image": [], "channels": [{"name": "News"}, {"name": "Press Releases"}], "stocks": [{"name": "HLT"}, {"name": "PG"}], "tags": []}, {"id": 6165155, "author": "Benzinga", "created": "Mon, 25 Jan 2016 05:26:10 -0400", "updated": "Mon, 25 Jan 2016 05:26:10 -0400", "title": "Must Watch Stocks for January 25, 2016", "teaser": "", "body": "", "url": "https://www.benzinga.com/node/6165155", "image": [], "channels": [{"name": "Earnings"}, {"name": "News"}, {"name": "Forex"}, {"name": "M&A"}, {"name": "Pre-Market Outlook"}, {"name": "Markets"}, {"name": "Trading Ideas"}], "stocks": [{"name": "DHI"}, {"name": "HAL"}, {"name": "JCI"}, {"name": "KMB"}, {"name": "MCD"}, {"name": "PKG"}, {"name": "TYC"}], "tags": [{"name": "Consumer Discretionary"}, {"name": "Restaurants"}, {"name": "Stocks To Watch"}, {"name": "Stocks to Watch"}]}, {"id": 6165203, "author": "Benzinga", "created": "Mon, 25 Jan 2016 06:02:08 -0400", "updated": "Mon, 25 Jan 2016 06:02:08 -0400", "title": "Affimed to Collaborate with Merck to Evaluate AFM13 in Combination with KEYTRUDA for Patients with Hodgkin Lymphoma", "teaser": "", "body": "", "url": "https://www.benzinga.com/node/6165203", "image": [], "channels": [{"name": "News"}, {"name": "Contracts"}, {"name": "Press Releases"}], "stocks": [{"name": "AFMD"}, {"name": "MRK"}], "tags": []}, {"id": 6164916, "author": "Benzinga", "created": "Mon, 25 Jan 2016 08:33:47 -0400", "updated": "Mon, 25 Jan 2016 08:33:47 -0400", "title": "An ETF For Energy Earnings Surprises", "teaser": "", "body": "", "url": "https://www.benzinga.com/node/6164916", "image": [], "channels": [{"name": "Long Ideas"}, {"name": "News"}, {"name": "Sector ETFs"}, {"name": "Commodities"}, {"name": "Markets"}, {"name": "Trading Ideas"}, {"name": "ETFs"}], "stocks": [{"name": "COP"}, {"name": "CVX"}, {"name": "FENY"}, {"name": "OXY"}, {"name": "XOM"}], "tags": []}, {"id": 6165119, "author": "Benzinga", "created": "Mon, 25 Jan 2016 08:39:56 -0400", "updated": "Mon, 25 Jan 2016 09:01:37 -0400", "title": "McDonald's Readies For A Comeback", "teaser": "", "body": "", "url": "https://www.benzinga.com/node/6165119", "image": [], "channels": [{"name": "Earnings"}, {"name": "News"}, {"name": "Restaurants"}, {"name": "General"}], "stocks": [{"name": "MCD"}], "tags": []}, {"id": 6164912, "author": "Benzinga", "created": "Mon, 25 Jan 2016 09:13:02 -0400", "updated": "Mon, 25 Jan 2016 09:13:02 -0400", "title": "An ETF For Apple Earnings", "teaser": "", "body": "", "url": "https://www.benzinga.com/node/6164912", "image": [], "channels": [{"name": "Earnings"}, {"name": "Long Ideas"}, {"name": "News"}, {"name": "Sector ETFs"}, {"name": "Previews"}, {"name": "Intraday Update"}, {"name": "Markets"}, {"name": "Tech"}, {"name": "Trading Ideas"}, {"name": "ETFs"}], "stocks": [{"name": "AAPL"}, {"name": "FB"}, {"name": "FTEC"}, {"name": "GOOG"}, {"name": "GOOGL"}, {"name": "MSFT"}, {"name": "V"}], "tags": [{"name": "Fast Company"}, {"name": "S&P 500"}]}, {"id": 6165945, "author": "Benzinga", "created": "Mon, 25 Jan 2016 09:19:58 -0400", "updated": "Mon, 25 Jan 2016 09:19:58 -0400", "title": "10 Stocks Moving In Monday's Pre-Market Session", "teaser": "", "body": "", "url": "https://www.benzinga.com/node/6165945", "image": [], "channels": [{"name": "News"}, {"name": "Movers & Shakers"}, {"name": "Pre-Market Outlook"}, {"name": "Markets"}, {"name": "Movers"}], "stocks": [{"name": "CAT"}, {"name": "GLNG"}, {"name": "IP"}, {"name": "JCI"}, {"name": "NVAX"}, {"name": "SCTY"}, {"name": "SUNE"}, {"name": "TSEM"}, {"name": "TYC"}, {"name": "WFM"}, {"name": "WYNN"}], "tags": [{"name": "Pre Market Gainers"}, {"name": "Pre Market Losers"}, {"name": "Top Gainers"}]}, {"id": 6165959, "author": "Benzinga", "created": "Mon, 25 Jan 2016 09:40:43 -0400", "updated": "Mon, 25 Jan 2016 09:40:43 -0400", "title": "Daimler CEO On Apple And Google's Progress In Auto Space: 'These Companies Can Do More And Know More Than We Had Previously Assumed'", "teaser": "", "body": "", "url": "https://www.benzinga.com/node/6165959", "image": [], "channels": [{"name": "News"}, {"name": "Tech"}], "stocks": [{"name": "AAPL"}, {"name": "GOOG"}], "tags": [{"name": "Apple Car"}, {"name": "daimler"}, {"name": "dieter zetsche"}, {"name": "Google Car"}, {"name": "Reuters"}, {"name": "Silicon Valley"}, {"name": "Welt am Sonntag"}]}, {"id": 6166059, "author": "Benzinga", "created": "Mon, 25 Jan 2016 09:49:36 -0400", "updated": "Mon, 25 Jan 2016 09:49:36 -0400", "title": "Hedge Fund Managers 'Are Driving Themselves Crazy' Over Media M&A Rumors", "teaser": "", "body": "", "url": "https://www.benzinga.com/node/6166059", "image": [], "channels": [{"name": "News"}, {"name": "Rumors"}, {"name": "Hedge Funds"}, {"name": "M&A"}, {"name": "Tech"}, {"name": "General"}], "stocks": [{"name": "T"}, {"name": "TWX"}, {"name": "VZ"}, {"name": "YHOO"}], "tags": [{"name": "Ma Bell"}, {"name": "media M&A"}, {"name": "media stocks"}, {"name": "New York Post"}, {"name": "Turner Broadcasting"}, {"name": "Yahoo Core Assets"}]}, {"id": 6166119, "author": "Benzinga", "created": "Mon, 25 Jan 2016 09:58:15 -0400", "updated": "Mon, 25 Jan 2016 09:58:15 -0400", "title": "McDonald's Gains Nearly 3% Following Q4 Report", "teaser": "", "body": "", "url": "https://www.benzinga.com/node/6166119", "image": [], "channels": [{"name": "Earnings"}, {"name": "News"}, {"name": "Movers"}], "stocks": [{"name": "MCD"}], "tags": [{"name": "McDonald's"}, {"name": "McDonald's All Day Breakfast Menu"}, {"name": "McDonald's Earnings"}, {"name": "Steve Easterbrook"}]}, {"id": 6164917, "author": "Benzinga", "created": "Mon, 25 Jan 2016 10:05:02 -0400", "updated": "Mon, 25 Jan 2016 10:05:02 -0400", "title": "Own A Lot Of Stocks On The Cheap With This ETF", "teaser": "", "body": "", "url": "https://www.benzinga.com/node/6164917", "image": [], "channels": [{"name": "Long Ideas"}, {"name": "News"}, {"name": "Broad U.S. Equity ETFs"}, {"name": "Intraday Update"}, {"name": "Markets"}, {"name": "Trading Ideas"}, {"name": "ETFs"}], "stocks": [{"name": "AAPL"}, {"name": "BLK"}, {"name": "ITOT"}, {"name": "MSFT"}, {"name": "XOM"}], "tags": [{"name": "ishares"}, {"name": "morningstar"}]}, {"id": 6166532, "author": "Benzinga", "created": "Mon, 25 Jan 2016 11:01:39 -0400", "updated": "Mon, 25 Jan 2016 11:01:39 -0400", "title": "Mid-Morning Market Update: Markets Open Lower; McDonald's Beats Q4 Estimates", "teaser": "", "body": "", "url": "https://www.benzinga.com/node/6166532", "image": [], "channels": [{"name": "Earnings"}, {"name": "News"}, {"name": "Eurozone"}, {"name": "Commodities"}, {"name": "M&A"}, {"name": "Global"}, {"name": "Intraday Update"}, {"name": "Markets"}, {"name": "Movers"}], "stocks": [{"name": "BPT"}, {"name": "CSII"}, {"name": "JCI"}, {"name": "JST"}, {"name": "KS"}, {"name": "MCD"}, {"name": "MNOV"}, {"name": "OMED"}, {"name": "SUNE"}, {"name": "TYC"}, {"name": "UPL"}, {"name": "ZFGN"}], "tags": [{"name": "Consumer Discretionary"}, {"name": "Mid-Morning Market Update"}, {"name": "Restaurants"}]}, {"id": 6166547, "author": "Benzinga", "created": "Mon, 25 Jan 2016 11:08:22 -0400", "updated": "Mon, 25 Jan 2016 11:08:22 -0400", "title": "Stocks Hitting 52-Week Highs", "teaser": "", "body": "", "url": "https://www.benzinga.com/node/6166547", "image": [], "channels": [{"name": "News"}, {"name": "Intraday Update"}, {"name": "Markets"}, {"name": "Movers"}], "stocks": [{"name": "CRAY"}, {"name": "MCD"}], "tags": [{"name": "52 Week Highs"}, {"name": "52-Week Highs"}, {"name": "Consumer Discretionary"}, {"name": "Restaurants"}]}, {"id": 6166488, "author": "Benzinga", "created": "Mon, 25 Jan 2016 11:15:54 -0400", "updated": "Mon, 25 Jan 2016 11:15:54 -0400", "title": "KGI Analyst On Apple: New 4\" iPhone Demand Should Be Light, Macbooks Coming Soon", "teaser": "", "body": "", "url": "https://www.benzinga.com/node/6166488", "image": [], "channels": [{"name": "News"}, {"name": "Tech"}, {"name": "Trading Ideas"}], "stocks": [{"name": "AAPL"}], "tags": []}, {"id": 6166641, "author": "Benzinga", "created": "Mon, 25 Jan 2016 11:25:10 -0400", "updated": "Mon, 25 Jan 2016 11:36:42 -0400", "title": "Stock Marquee Crowded With Oil, Apple, And The Fed", "teaser": "", "body": "", "url": "https://www.benzinga.com/node/6166641", "image": [], "channels": [{"name": "Earnings"}, {"name": "News"}, {"name": "Econ #s"}], "stocks": [{"name": "AAPL"}, {"name": "AMZN"}, {"name": "BABA"}, {"name": "BMY"}, {"name": "CAT"}, {"name": "DJI"}, {"name": "F"}, {"name": "FB"}, {"name": "LLY"}], "tags": []}, {"id": 6166682, "author": "Benzinga", "created": "Mon, 25 Jan 2016 11:47:04 -0400", "updated": "Mon, 25 Jan 2016 11:47:04 -0400", "title": "Google's European Tax Settlement Should Speed Up A Ruling On Apple's Irish Tax Case", "teaser": "", "body": "", "url": "https://www.benzinga.com/node/6166682", "image": [], "channels": [{"name": "Analyst Color"}, {"name": "News"}, {"name": "Legal"}, {"name": "Global"}, {"name": "Analyst Ratings"}], "stocks": [{"name": "AAPL"}, {"name": "GOOG"}], "tags": [{"name": "Apple Ireland"}, {"name": "Apple Tax Dispute"}, {"name": "Google Tax Dispute"}, {"name": "JPMorgan"}, {"name": "Rod Hall"}]}, {"id": 6166636, "author": "Benzinga", "created": "Mon, 25 Jan 2016 11:46:14 -0400", "updated": "Mon, 25 Jan 2016 11:55:12 -0400", "title": "Street Is Modeling For Apple's Largest Sequential Q2 Sales Decline In 18 Years", "teaser": "", "body": "", "url": "https://www.benzinga.com/node/6166636", "image": [], "channels": [{"name": "Analyst Color"}, {"name": "Long Ideas"}, {"name": "News"}, {"name": "Previews"}, {"name": "Reiteration"}, {"name": "Analyst Ratings"}, {"name": "Tech"}, {"name": "Trading Ideas"}], "stocks": [{"name": "AAPL"}], "tags": [{"name": "Brian J. White"}, {"name": "Drexel Hamilton"}]}, {"id": 6166738, "author": "Benzinga", "created": "Mon, 25 Jan 2016 11:57:29 -0400", "updated": "Mon, 25 Jan 2016 11:58:11 -0400", "title": "Apple Continues To Expand In China", "teaser": "", "body": "", "url": "https://www.benzinga.com/node/6166738", "image": [], "channels": [{"name": "News"}, {"name": "Rumors"}, {"name": "Tech"}, {"name": "Trading Ideas"}], "stocks": [{"name": "AAPL"}], "tags": []}, {"id": 6166977, "author": "Benzinga", "created": "Mon, 25 Jan 2016 12:40:05 -0400", "updated": "Mon, 25 Jan 2016 12:40:50 -0400", "title": "Apple Investors Have 'Unique' Opportunity, Gene Munster Says", "teaser": "", "body": "", "url": "https://www.benzinga.com/node/6166977", "image": [], "channels": [{"name": "Analyst Color"}, {"name": "CNBC"}, {"name": "Long Ideas"}, {"name": "News"}, {"name": "Analyst Ratings"}, {"name": "Movers"}, {"name": "Tech"}, {"name": "Media"}, {"name": "Trading Ideas"}], "stocks": [{"name": "AAPL"}, {"name": "TSLA"}], "tags": [{"name": "Apple"}]}, {"id": 6166994, "author": "Benzinga", "created": "Mon, 25 Jan 2016 12:43:58 -0400", "updated": "Mon, 25 Jan 2016 12:43:59 -0400", "title": "JNJ Kicks Off Health Care Earnings\u2014What About Deals, Buybacks?", "teaser": "", "body": "", "url": "https://www.benzinga.com/node/6166994", "image": [], "channels": [{"name": "Earnings"}, {"name": "News"}], "stocks": [{"name": "BMY"}, {"name": "JNJ"}, {"name": "LLY"}, {"name": "PFE"}], "tags": []}, {"id": 6167081, "author": "Benzinga", "created": "Mon, 25 Jan 2016 13:04:48 -0400", "updated": "Mon, 25 Jan 2016 13:13:04 -0400", "title": "Apple Is 'Dirt Cheap,' Brian White Says", "teaser": "", "body": "", "url": "https://www.benzinga.com/node/6167081", "image": [], "channels": [{"name": "Analyst Color"}, {"name": "CNBC"}, {"name": "Long Ideas"}, {"name": "News"}, {"name": "Previews"}, {"name": "Analyst Ratings"}, {"name": "Movers"}, {"name": "Tech"}, {"name": "Media"}, {"name": "Trading Ideas"}], "stocks": [{"name": "AAPL"}], "tags": [{"name": "Apple analysts"}, {"name": "Brian White"}, {"name": "Drexel Hamilton"}]}, {"id": 6167175, "author": "Benzinga", "created": "Mon, 25 Jan 2016 13:21:25 -0400", "updated": "Mon, 25 Jan 2016 13:22:10 -0400", "title": "Jim Cramer: Own Apple, Don't Trade It!", "teaser": "", "body": "", "url": "https://www.benzinga.com/node/6167175", "image": [], "channels": [{"name": "Analyst Color"}, {"name": "CNBC"}, {"name": "Long Ideas"}, {"name": "News"}, {"name": "Technicals"}, {"name": "Movers"}, {"name": "Tech"}, {"name": "Media"}, {"name": "Trading Ideas"}], "stocks": [{"name": "AAPL"}], "tags": [{"name": "Apple stock"}, {"name": "Cramer APple"}, {"name": "Jim Cramer"}]}, {"id": 6167203, "author": "Benzinga", "created": "Mon, 25 Jan 2016 13:29:08 -0400", "updated": "Mon, 25 Jan 2016 13:29:09 -0400", "title": "Mid-Day Market Update: Crude Oil Falls 5%; Tyco Shares Surge Following Johnson Controls Merger Agreement", "teaser": "", "body": "", "url": "https://www.benzinga.com/node/6167203", "image": [], "channels": [{"name": "Earnings"}, {"name": "News"}, {"name": "Eurozone"}, {"name": "Commodities"}, {"name": "M&A"}, {"name": "Global"}, {"name": "Intraday Update"}, {"name": "Markets"}, {"name": "Movers"}], "stocks": [{"name": "CHK"}, {"name": "JCI"}, {"name": "JST"}, {"name": "KS"}, {"name": "MCD"}, {"name": "MNOV"}, {"name": "OMED"}, {"name": "RPTP"}, {"name": "SUNE"}, {"name": "TYC"}, {"name": "UPL"}, {"name": "ZFGN"}], "tags": [{"name": "Consumer Discretionary"}, {"name": "Mid-Day Market Update"}, {"name": "Restaurants"}]}, {"id": 6167325, "author": "Benzinga", "created": "Mon, 25 Jan 2016 14:01:32 -0400", "updated": "Mon, 25 Jan 2016 14:05:20 -0400", "title": "Forget iPhones, Apple Investors Are Really Focused On This", "teaser": "", "body": "", "url": "https://www.benzinga.com/node/6167325", "image": [], "channels": [{"name": "Analyst Color"}, {"name": "CNBC"}, {"name": "Long Ideas"}, {"name": "News"}, {"name": "Previews"}, {"name": "Analyst Ratings"}, {"name": "Movers"}, {"name": "Tech"}, {"name": "Media"}, {"name": "Trading Ideas"}], "stocks": [{"name": "AAPL"}, {"name": "GOOG"}, {"name": "GPRO"}, {"name": "NFLX"}, {"name": "TWX"}], "tags": [{"name": "Apple Earnings"}, {"name": "Dan Ives"}, {"name": "FBR"}, {"name": "Tim Lesko"}]}, {"id": 6167200, "author": "Benzinga", "created": "Mon, 25 Jan 2016 14:10:24 -0400", "updated": "Mon, 25 Jan 2016 14:10:24 -0400", "title": "IMAX Says Disney Crossed $200 Million Global Box Office Milestone", "teaser": "", "body": "", "url": "https://www.benzinga.com/node/6167200", "image": [], "channels": [{"name": "News"}, {"name": "Global"}], "stocks": [{"name": "DIS"}, {"name": "IMAX"}], "tags": [{"name": "Greg Foster"}, {"name": "imax"}, {"name": "IMAX Theatres"}, {"name": "Star Wars"}, {"name": "Star Wars: The Force Awakens"}]}, {"id": 6165120, "author": "Benzinga", "created": "Mon, 25 Jan 2016 14:22:14 -0400", "updated": "Mon, 25 Jan 2016 14:22:15 -0400", "title": "Aviation Firms Look To Benefit From Lifted Sanctions In Iran", "teaser": "", "body": "", "url": "https://www.benzinga.com/node/6165120", "image": [], "channels": [{"name": "Long Ideas"}, {"name": "News"}, {"name": "Eurozone"}, {"name": "Travel"}, {"name": "Global"}, {"name": "Markets"}, {"name": "Trading Ideas"}, {"name": "General"}], "stocks": [{"name": "BA"}, {"name": "EADSY"}], "tags": [{"name": "Airbus"}, {"name": "Iran"}]}, {"id": 6167577, "author": "Benzinga", "created": "Mon, 25 Jan 2016 15:32:14 -0400", "updated": "Mon, 25 Jan 2016 15:32:15 -0400", "title": "Mid-Afternoon Market Update: Oncomed Pharmaceuticals Slides After Poor Trial Data; Sunedison Shares Rise", "teaser": "", "body": "", "url": "https://www.benzinga.com/node/6167577", "image": [], "channels": [{"name": "Earnings"}, {"name": "News"}, {"name": "Eurozone"}, {"name": "Commodities"}, {"name": "M&A"}, {"name": "Global"}, {"name": "Intraday Update"}, {"name": "Markets"}, {"name": "Movers"}], "stocks": [{"name": "CBPO"}, {"name": "IP"}, {"name": "JCI"}, {"name": "JST"}, {"name": "KS"}, {"name": "MCD"}, {"name": "OAS"}, {"name": "OMED"}, {"name": "RPTP"}, {"name": "SUNE"}, {"name": "TYC"}, {"name": "UPL"}], "tags": [{"name": "Consumer Discretionary"}, {"name": "Mid-Afternoon Market Update"}, {"name": "Restaurants"}]}, {"id": 6167625, "author": "Benzinga", "created": "Mon, 25 Jan 2016 15:49:20 -0400", "updated": "Mon, 25 Jan 2016 15:49:22 -0400", "title": "Apple And The Future Of Automation: Why Steve Jobs' Vision Was Very Much In Line With The Next Tech Boom", "teaser": "", "body": "", "url": "https://www.benzinga.com/node/6167625", "image": [], "channels": [{"name": "Long Ideas"}, {"name": "News"}, {"name": "Movers"}, {"name": "Tech"}, {"name": "Media"}, {"name": "Trading Ideas"}], "stocks": [{"name": "AAPL"}], "tags": [{"name": "Apple"}, {"name": "Apple MIT"}, {"name": "Erik Brynjolfsson"}]}, {"id": 6167558, "author": "Benzinga", "created": "Mon, 25 Jan 2016 15:40:41 -0400", "updated": "Mon, 25 Jan 2016 15:51:41 -0400", "title": "Following Goldman Sachs' Downgrade, Caterpillar Drops 4.3%", "teaser": "", "body": "", "url": "https://www.benzinga.com/node/6167558", "image": [], "channels": [{"name": "Analyst Color"}, {"name": "News"}, {"name": "Jim Cramer"}, {"name": "Short Ideas"}, {"name": "Downgrades"}, {"name": "Price Target"}, {"name": "Analyst Ratings"}, {"name": "Media"}, {"name": "Trading Ideas"}], "stocks": [{"name": "CAT"}], "tags": [{"name": "Goldman Sachs"}, {"name": "Jim Cramer"}, {"name": "The Street"}]}]