[{"id": 8127048, "author": "Benzinga", "created": "Sun, 19 Jun 2016 10:44:06 -0400", "updated": "Sun, 19 Jun 2016 10:44:06 -0400", "title": "Bolivia Rejects Bill Gates' 'Condescending' Chicken Donation", "teaser": "", "body": "", "url": "https://www.benzinga.com/node/8127048", "image": [], "channels": [{"name": "News"}, {"name": "Emerging Markets"}, {"name": "Global"}, {"name": "Markets"}], "stocks": [{"name": "MSFT"}], "tags": [{"name": "Bill Gates"}, {"name": "C\u00e9sar Cocarico"}, {"name": "Heifer International"}]}]