[{"id": 8366283, "author": "Benzinga", "created": "Thu, 18 Aug 2016 04:03:51 -0400", "updated": "Thu, 18 Aug 2016 04:03:51 -0400", "title": "Watch These 10 Huge Call Purchases In Thursday Trade", "teaser": "", "body": "", "url": "https://www.benzinga.com/node/8366283", "image": [], "channels": [{"name": "News"}, {"name": "Options"}, {"name": "Markets"}], "stocks": [{"name": "BAC"}, {"name": "BBRY"}, {"name": "CSCO"}, {"name": "DG"}, {"name": "GT"}, {"name": "MON"}, {"name": "P"}, {"name": "WWAV"}, {"name": "XLNX"}, {"name": "XON"}], "tags": [{"name": "Huge Call Purchases"}]}, {"id": 8366308, "author": "Benzinga", "created": "Thu, 18 Aug 2016 04:21:33 -0400", "updated": "Thu, 18 Aug 2016 04:21:36 -0400", "title": "Earnings Scheduled For August 18, 2016", "teaser": "", "body": "", "url": "https://www.benzinga.com/node/8366308", "image": [], "channels": [{"name": "Earnings"}, {"name": "News"}, {"name": "Pre-Market Outlook"}, {"name": "Markets"}], "stocks": [{"name": "AMAT"}, {"name": "BONT"}, {"name": "CATO"}, {"name": "CIB"}, {"name": "CRMT"}, {"name": "CSIQ"}, {"name": "DV"}, {"name": "EARS"}, {"name": "EROS"}, {"name": "GPS"}, {"name": "HRL"}, {"name": "LANC"}, {"name": "MBT"}, {"name": "MENT"}, {"name": "MSGN"}, {"name": "NNA"}, {"name": "NWY"}, {"name": "PERY"}, {"name": "PLAB"}, {"name": "ROST"}, {"name": "SPWH"}, {"name": "SQI"}, {"name": "SSI"}, {"name": "TTC"}, {"name": "TWIN"}, {"name": "WMT"}, {"name": "WUBA"}], "tags": [{"name": "Earnings schedule"}, {"name": "Telecommunication Services"}, {"name": "Wireless Telecommunication Services"}]}, {"id": 8366368, "author": "Benzinga", "created": "Thu, 18 Aug 2016 05:03:20 -0400", "updated": "Thu, 18 Aug 2016 05:03:20 -0400", "title": "10 Stocks To Watch For August 18, 2016", "teaser": "", "body": "", "url": "https://www.benzinga.com/node/8366368", "image": [], "channels": [{"name": "Earnings"}, {"name": "News"}, {"name": "Guidance"}, {"name": "Pre-Market Outlook"}, {"name": "Markets"}, {"name": "Trading Ideas"}], "stocks": [{"name": "A"}, {"name": "AMAT"}, {"name": "CSCO"}, {"name": "GPS"}, {"name": "HRL"}, {"name": "LB"}, {"name": "NTAP"}, {"name": "ROST"}, {"name": "SSI"}, {"name": "WMT"}], "tags": [{"name": "Stocks To Watch"}, {"name": "Stocks to Watch"}]}, {"id": 8366895, "author": "Benzinga", "created": "Thu, 18 Aug 2016 07:31:15 -0400", "updated": "Thu, 18 Aug 2016 07:31:15 -0400", "title": "Wal-Mart's Beat And Raise Quarter", "teaser": "", "body": "", "url": "https://www.benzinga.com/node/8366895", "image": [], "channels": [{"name": "Earnings"}, {"name": "News"}, {"name": "Guidance"}, {"name": "Movers"}, {"name": "Trading Ideas"}], "stocks": [{"name": "WMT"}], "tags": []}, {"id": 8367006, "author": "Benzinga", "created": "Thu, 18 Aug 2016 07:52:57 -0400", "updated": "Thu, 18 Aug 2016 07:55:26 -0400", "title": "A Peek Into The Markets: U.S. Stock Futures Slightly Lower Ahead Of Economic Data", "teaser": "", "body": "", "url": "https://www.benzinga.com/node/8367006", "image": [], "channels": [{"name": "Earnings"}, {"name": "News"}, {"name": "Guidance"}, {"name": "Eurozone"}, {"name": "Futures"}, {"name": "Global"}, {"name": "Pre-Market Outlook"}, {"name": "Markets"}], "stocks": [{"name": "CSCO"}, {"name": "HRL"}, {"name": "NTAP"}, {"name": "TWTR"}, {"name": "WMT"}], "tags": [{"name": "Evercore ISI Group"}, {"name": "U.S. stock futures"}]}, {"id": 8366873, "author": "Benzinga", "created": "Thu, 18 Aug 2016 08:14:52 -0400", "updated": "Thu, 18 Aug 2016 08:14:52 -0400", "title": "AT&T Customers Will Soon Choose Between Overage Fees Or Slower Speeds When They Exceed Data Limits", "teaser": "", "body": "", "url": "https://www.benzinga.com/node/8366873", "image": [], "channels": [{"name": "News"}, {"name": "Tech"}, {"name": "Media"}], "stocks": [{"name": "T"}, {"name": "TMUS"}, {"name": "VZ"}], "tags": [{"name": "AT&T Mobile Share Advantage"}, {"name": "John Legere"}, {"name": "Overage Fees"}]}, {"id": 8367311, "author": "Benzinga", "created": "Thu, 18 Aug 2016 08:40:45 -0400", "updated": "Thu, 18 Aug 2016 08:40:45 -0400", "title": "20 Stocks Moving In Thursday's Pre-Market Session", "teaser": "", "body": "", "url": "https://www.benzinga.com/node/8367311", "image": [], "channels": [{"name": "News"}, {"name": "Movers & Shakers"}, {"name": "Pre-Market Outlook"}, {"name": "Markets"}, {"name": "Movers"}], "stocks": [{"name": "A"}, {"name": "AERI"}, {"name": "ARWR"}, {"name": "CERU"}, {"name": "CIE"}, {"name": "CSIQ"}, {"name": "IMMU"}, {"name": "JNP"}, {"name": "LB"}, {"name": "MOMO"}, {"name": "NTAP"}, {"name": "OMED"}, {"name": "PTLA"}, {"name": "RPTP"}, {"name": "RTRX"}, {"name": "SCYX"}, {"name": "SEMI"}, {"name": "SPLS"}, {"name": "TWTR"}, {"name": "WMT"}, {"name": "YY"}], "tags": [{"name": "#PreMarket Gainers"}, {"name": "Losers"}, {"name": "Top Gainers"}]}, {"id": 8366883, "author": "Benzinga", "created": "Thu, 18 Aug 2016 08:53:41 -0400", "updated": "Thu, 18 Aug 2016 08:53:42 -0400", "title": "The Market In 5 Minutes: Indexes Just Below All-Time Highs", "teaser": "", "body": "", "url": "https://www.benzinga.com/node/8366883", "image": [], "channels": [{"name": "Earnings"}, {"name": "News"}, {"name": "Global"}, {"name": "Top Stories"}, {"name": "Pre-Market Outlook"}, {"name": "Markets"}], "stocks": [{"name": "ABEV"}, {"name": "ASGN"}, {"name": "CSCO"}, {"name": "DGLY"}, {"name": "GCI"}, {"name": "HRL"}, {"name": "KMI"}, {"name": "LB"}, {"name": "NTAP"}, {"name": "PCLN"}, {"name": "RHI"}, {"name": "RPTP"}, {"name": "SPY"}, {"name": "TRNC"}, {"name": "TWTR"}, {"name": "WMT"}], "tags": [{"name": "the market in 5 minutes"}]}, {"id": 8368356, "author": "Benzinga", "created": "Thu, 18 Aug 2016 10:04:58 -0400", "updated": "Thu, 18 Aug 2016 10:05:44 -0400", "title": "Mid-Morning Market Update: Markets Mostly Flat; Wal-Mart Tops Q2 Views", "teaser": "", "body": "", "url": "https://www.benzinga.com/node/8368356", "image": [], "channels": [{"name": "Earnings"}, {"name": "News"}, {"name": "Guidance"}, {"name": "Eurozone"}, {"name": "Commodities"}, {"name": "M&A"}, {"name": "Global"}, {"name": "Intraday Update"}, {"name": "Markets"}, {"name": "Movers"}], "stocks": [{"name": "AEG"}, {"name": "ALX"}, {"name": "CERU"}, {"name": "EARS"}, {"name": "EDN"}, {"name": "INVT"}, {"name": "NFEC"}, {"name": "PAM"}, {"name": "PTLA"}, {"name": "SEMI"}, {"name": "WMT"}], "tags": [{"name": "Mid-Morning Market Update"}]}, {"id": 8368729, "author": "Benzinga", "created": "Thu, 18 Aug 2016 10:42:26 -0400", "updated": "Thu, 18 Aug 2016 10:42:28 -0400", "title": "Wal-Mart Strength Follows Target Weakness", "teaser": "", "body": "", "url": "https://www.benzinga.com/node/8368729", "image": [], "channels": [{"name": "News"}, {"name": "Federal Reserve"}, {"name": "Markets"}, {"name": "Reviews"}, {"name": "General"}], "stocks": [{"name": "LOW"}, {"name": "TGT"}, {"name": "WMT"}], "tags": [{"name": "Consumer Discretionary"}, {"name": "Home Improvement Retail"}]}, {"id": 8368059, "author": "Benzinga", "created": "Thu, 18 Aug 2016 11:32:31 -0400", "updated": "Thu, 18 Aug 2016 11:32:32 -0400", "title": "Decline In Caterpillar's Machine Sales Intensifies During July", "teaser": "", "body": "", "url": "https://www.benzinga.com/node/8368059", "image": [], "channels": [{"name": "News"}], "stocks": [{"name": "CAT"}], "tags": []}, {"id": 8369168, "author": "Benzinga", "created": "Thu, 18 Aug 2016 12:04:32 -0400", "updated": "Thu, 18 Aug 2016 12:04:33 -0400", "title": "Are you on top of earnings season?", "teaser": "", "body": "", "url": "https://www.benzinga.com/node/8369168", "image": [], "channels": [{"name": "Earnings"}, {"name": "News"}, {"name": "Markets"}, {"name": "General"}], "stocks": [{"name": "CHK"}, {"name": "CSCO"}, {"name": "GPS"}, {"name": "TSN"}, {"name": "TWLO"}, {"name": "WMT"}], "tags": []}, {"id": 8369226, "author": "Benzinga", "created": "Thu, 18 Aug 2016 12:06:53 -0400", "updated": "Thu, 18 Aug 2016 12:06:53 -0400", "title": "Mid-Day Market Update: Sunedison Semiconductor Surges Following GlobalWafers Buyout; Auris Medical Shares Drop", "teaser": "", "body": "", "url": "https://www.benzinga.com/node/8369226", "image": [], "channels": [{"name": "Earnings"}, {"name": "News"}, {"name": "Guidance"}, {"name": "Eurozone"}, {"name": "Commodities"}, {"name": "M&A"}, {"name": "Global"}, {"name": "Intraday Update"}, {"name": "Markets"}, {"name": "Movers"}], "stocks": [{"name": "ARAY"}, {"name": "BLDP"}, {"name": "CERU"}, {"name": "EARS"}, {"name": "HMSY"}, {"name": "INVT"}, {"name": "NFEC"}, {"name": "PTLA"}, {"name": "SEMI"}, {"name": "TOO"}, {"name": "WMT"}], "tags": [{"name": "Mid-Day Market Update"}]}, {"id": 8368983, "author": "Benzinga", "created": "Thu, 18 Aug 2016 12:32:33 -0400", "updated": "Thu, 18 Aug 2016 12:32:34 -0400", "title": "Thinking Differently: Steve Jobs' Last 5 Years Vs. Tim Cook's First 5 Years At Apple", "teaser": "", "body": "", "url": "https://www.benzinga.com/node/8368983", "image": [], "channels": [{"name": "News"}, {"name": "Education"}, {"name": "Management"}, {"name": "Top Stories"}, {"name": "Movers"}, {"name": "Tech"}, {"name": "General"}], "stocks": [{"name": "AAPL"}, {"name": "SPY"}], "tags": [{"name": "Steve Jobs"}, {"name": "Tim Cook"}]}, {"id": 8368943, "author": "Benzinga", "created": "Thu, 18 Aug 2016 13:30:08 -0400", "updated": "Thu, 18 Aug 2016 13:30:09 -0400", "title": "Staying Neutral Ahead Of Earnings, Canaccord Uncertain Hibbett Sports Sales Trends Have Improved", "teaser": "", "body": "", "url": "https://www.benzinga.com/node/8368943", "image": [], "channels": [{"name": "Analyst Color"}, {"name": "Earnings"}, {"name": "News"}, {"name": "Price Target"}, {"name": "Previews"}, {"name": "Reiteration"}, {"name": "Analyst Ratings"}, {"name": "Movers"}, {"name": "Trading Ideas"}, {"name": "General"}], "stocks": [{"name": "ADDYY"}, {"name": "HIBB"}, {"name": "NKE"}, {"name": "UA"}], "tags": [{"name": "Camilo Lyon"}, {"name": "Canaccord Genuity"}, {"name": "Pallav Saini"}]}, {"id": 8369231, "author": "Benzinga", "created": "Thu, 18 Aug 2016 14:26:20 -0400", "updated": "Thu, 18 Aug 2016 14:26:20 -0400", "title": "Recent Patent Ruling A Positive For Pfizer", "teaser": "", "body": "", "url": "https://www.benzinga.com/node/8369231", "image": [], "channels": [{"name": "Analyst Color"}, {"name": "Biotech"}, {"name": "Long Ideas"}, {"name": "News"}, {"name": "Health Care"}, {"name": "Reiteration"}, {"name": "Legal"}, {"name": "Analyst Ratings"}, {"name": "Trading Ideas"}, {"name": "General"}], "stocks": [{"name": "JNJ"}, {"name": "PFE"}], "tags": [{"name": "Celltrion"}, {"name": "Deutsche Bank"}, {"name": "Gregg Gilbert"}, {"name": "REMICADE"}]}, {"id": 8369913, "author": "Benzinga", "created": "Thu, 18 Aug 2016 14:53:36 -0400", "updated": "Thu, 18 Aug 2016 14:53:36 -0400", "title": "Deutsche Takes A Look At Johnson & Johnson's Patent Woes", "teaser": "", "body": "", "url": "https://www.benzinga.com/node/8369913", "image": [], "channels": [{"name": "Analyst Color"}, {"name": "News"}, {"name": "FDA"}, {"name": "Legal"}, {"name": "Analyst Ratings"}], "stocks": [{"name": "JNJ"}, {"name": "PFE"}], "tags": [{"name": "Deutsche Bank"}, {"name": "Kristen Stewart"}]}, {"id": 8369859, "author": "Benzinga", "created": "Thu, 18 Aug 2016 15:44:18 -0400", "updated": "Thu, 18 Aug 2016 15:44:18 -0400", "title": "As Trump Has Fallen In The Polls, So Has His Stock Index", "teaser": "", "body": "", "url": "https://www.benzinga.com/node/8369859", "image": [], "channels": [{"name": "Long Ideas"}, {"name": "News"}, {"name": "Short Ideas"}, {"name": "Politics"}, {"name": "Opinion"}, {"name": "Movers"}, {"name": "Trading Ideas"}, {"name": "General"}], "stocks": [{"name": "CAT"}, {"name": "CHK"}, {"name": "KMTUY"}, {"name": "LMT"}, {"name": "MSFT"}, {"name": "ORCL"}, {"name": "USCR"}, {"name": "X"}, {"name": "XOM"}], "tags": [{"name": "BZ Trump Stock Index"}, {"name": "Donald Trump"}, {"name": "Hillary Clinton"}]}, {"id": 8370184, "author": "Benzinga", "created": "Thu, 18 Aug 2016 15:45:54 -0400", "updated": "Thu, 18 Aug 2016 15:45:54 -0400", "title": "Mid-Afternoon Market Update: Crude Oil Up 2.7%; Canadian Solar Shares Rise Following Q2 Results", "teaser": "", "body": "", "url": "https://www.benzinga.com/node/8370184", "image": [], "channels": [{"name": "Earnings"}, {"name": "News"}, {"name": "Guidance"}, {"name": "Eurozone"}, {"name": "Commodities"}, {"name": "Global"}, {"name": "Intraday Update"}, {"name": "Markets"}, {"name": "Movers"}], "stocks": [{"name": "AEG"}, {"name": "ARL"}, {"name": "BLDP"}, {"name": "CERU"}, {"name": "CSIQ"}, {"name": "EARS"}, {"name": "GEO"}, {"name": "NFEC"}, {"name": "SEMI"}, {"name": "TOO"}, {"name": "WMT"}], "tags": [{"name": "Mid-Afternoon Market Update"}]}, {"id": 8370243, "author": "Benzinga", "created": "Thu, 18 Aug 2016 15:59:57 -0400", "updated": "Thu, 18 Aug 2016 15:59:57 -0400", "title": "10 Notable Stocks Trading Ex-Dividend Friday, August 19", "teaser": "", "body": "", "url": "https://www.benzinga.com/node/8370243", "image": [], "channels": [{"name": "News"}, {"name": "Dividends"}, {"name": "Markets"}, {"name": "Trading Ideas"}], "stocks": [{"name": "BC"}, {"name": "CRS"}, {"name": "GRA"}, {"name": "HFC"}, {"name": "JNJ"}, {"name": "LNCE"}, {"name": "MAT"}, {"name": "NDSN"}, {"name": "PAAS"}, {"name": "PRU"}], "tags": [{"name": "Consumer Discretionary"}, {"name": "Consumer Staples"}, {"name": "Ex-Dividend"}, {"name": "Leisure Products"}, {"name": "Packaged Foods & Meats"}]}, {"id": 8369874, "author": "Benzinga", "created": "Thu, 18 Aug 2016 16:39:08 -0400", "updated": "Thu, 18 Aug 2016 16:39:08 -0400", "title": "Is Paying For Mobile Data Outdated? T-Mobile And Sprint Launch Unlimited Plans", "teaser": "", "body": "", "url": "https://www.benzinga.com/node/8369874", "image": [], "channels": [{"name": "News"}, {"name": "Media"}], "stocks": [{"name": "S"}, {"name": "T"}, {"name": "TMUS"}, {"name": "VZ"}], "tags": [{"name": "Data"}, {"name": "JohnLegere"}, {"name": "Marcelo Claure"}, {"name": "unlimited data"}]}, {"id": 8369371, "author": "Benzinga", "created": "Thu, 18 Aug 2016 17:02:51 -0400", "updated": "Thu, 18 Aug 2016 17:02:53 -0400", "title": "How Much Money Did Michael Phelps Earn In Rio?", "teaser": "", "body": "", "url": "https://www.benzinga.com/node/8369371", "image": [], "channels": [{"name": "News"}, {"name": "Sports"}, {"name": "Events"}, {"name": "General"}], "stocks": [{"name": "NKE"}, {"name": "UA"}], "tags": [{"name": "Michael Phelps"}, {"name": "RIO"}]}, {"id": 8370932, "author": "Benzinga", "created": "Thu, 18 Aug 2016 17:11:32 -0400", "updated": "Thu, 18 Aug 2016 17:11:32 -0400", "title": "5 Stocks Moving In Thursday's After-Hours Session", "teaser": "", "body": "", "url": "https://www.benzinga.com/node/8370932", "image": [], "channels": [{"name": "Earnings"}, {"name": "News"}, {"name": "Guidance"}, {"name": "M&A"}, {"name": "After-Hours Center"}, {"name": "Movers"}], "stocks": [{"name": "AMAT"}, {"name": "GPS"}, {"name": "GPT"}, {"name": "ROST"}, {"name": "WMT"}], "tags": []}]