[{"id": 7768653, "author": "Benzinga", "created": "Tue, 29 Mar 2016 08:37:57 -0400", "updated": "Tue, 29 Mar 2016 08:37:57 -0400", "title": "U.S. Government Drops Case Against Apple, Claims To Have Gained Access To Locked iPhone", "teaser": "", "body": "", "url": "https://www.benzinga.com/node/7768653", "image": [], "channels": [{"name": "News"}, {"name": "Politics"}, {"name": "Legal"}, {"name": "General"}], "stocks": [{"name": "AAPL"}], "tags": [{"name": "Apple"}, {"name": "Bloomberg"}, {"name": "Eileen Kecker"}, {"name": "iPhone Security"}, {"name": "San Bernandino"}, {"name": "San Bernardino"}, {"name": "San Bernardino terrorist attack"}, {"name": "us justice department"}]}, {"id": 7767178, "author": "Benzinga", "created": "Tue, 29 Mar 2016 08:59:20 -0400", "updated": "Tue, 29 Mar 2016 08:59:20 -0400", "title": "How Disney And Netflix Helped Hollywood Battle Against Controversial Georgia Bill", "teaser": "", "body": "", "url": "https://www.benzinga.com/node/7767178", "image": [], "channels": [{"name": "News"}, {"name": "Politics"}, {"name": "Legal"}, {"name": "General"}], "stocks": [{"name": "DIS"}, {"name": "NFLX"}], "tags": [{"name": "Georgia"}, {"name": "LGBT"}, {"name": "LGBTQ"}, {"name": "Nathan Deal"}, {"name": "NCAA"}, {"name": "nfl"}, {"name": "Religious Liberty Bill"}]}, {"id": 7769926, "author": "Benzinga", "created": "Tue, 29 Mar 2016 11:29:21 -0400", "updated": "Tue, 29 Mar 2016 11:29:21 -0400", "title": "The Market In 5 Minutes: Tuesday, March 29, 2016", "teaser": "", "body": "", "url": "https://www.benzinga.com/node/7769926", "image": [], "channels": [{"name": "News"}, {"name": "Events"}, {"name": "Global"}, {"name": "Top Stories"}], "stocks": [{"name": "AAL"}, {"name": "AAPL"}, {"name": "AMBA"}, {"name": "CNL"}, {"name": "DAL"}, {"name": "DECK"}, {"name": "DPS"}, {"name": "GPRO"}, {"name": "HOT"}, {"name": "LNKD"}, {"name": "LUV"}, {"name": "ODP"}, {"name": "PSG"}, {"name": "SKX"}, {"name": "SPLS"}, {"name": "SUNE"}, {"name": "UAL"}, {"name": "WFC"}, {"name": "WWE"}, {"name": "WWW"}], "tags": [{"name": "the market in 5 minutes"}]}, {"id": 7770103, "author": "Benzinga", "created": "Tue, 29 Mar 2016 11:49:18 -0400", "updated": "Tue, 29 Mar 2016 11:49:19 -0400", "title": "A Curved Apple iPhone More Likely To Come In 2018: Does It Matter For Investors?", "teaser": "", "body": "", "url": "https://www.benzinga.com/node/7770103", "image": [], "channels": [{"name": "Analyst Color"}, {"name": "Long Ideas"}, {"name": "News"}, {"name": "Rumors"}, {"name": "Tech"}, {"name": "Trading Ideas"}], "stocks": [{"name": "AAPL"}, {"name": "SSNLF"}], "tags": [{"name": "AppleInsider"}, {"name": "curved smartphone"}, {"name": "form factor"}, {"name": "iPhone SE"}, {"name": "JPMorgan"}, {"name": "KGI"}, {"name": "Ming-Chi Kuo"}, {"name": "Narci Chang"}, {"name": "Rod Hall"}]}, {"id": 7770768, "author": "Benzinga", "created": "Tue, 29 Mar 2016 13:08:00 -0400", "updated": "Tue, 29 Mar 2016 13:08:00 -0400", "title": "3M Introduces 5-Year Plan That Reflects 'Confidence In Driving Efficient Growth'", "teaser": "", "body": "", "url": "https://www.benzinga.com/node/7770768", "image": [], "channels": [{"name": "News"}, {"name": "Guidance"}], "stocks": [{"name": "MMM"}], "tags": [{"name": "3M"}, {"name": "3M Guidance"}, {"name": "Inge Thulin"}]}]