[{"id": 6184545, "author": "Benzinga", "created": "Fri, 29 Jan 2016 00:27:55 -0400", "updated": "Fri, 29 Jan 2016 00:27:55 -0400", "title": "Benzinga's M&A Chatter for Thursday January 28, 2015", "teaser": "", "body": "", "url": "https://www.benzinga.com/node/6184545", "image": [], "channels": [{"name": "News"}, {"name": "Rumors"}, {"name": "Management"}, {"name": "M&A"}, {"name": "Movers"}], "stocks": [{"name": "AMBA"}, {"name": "BAM"}, {"name": "BRCM"}, {"name": "DLR"}, {"name": "GGP"}, {"name": "GSK"}, {"name": "INXN"}, {"name": "JNJ"}], "tags": []}, {"id": 6184903, "author": "Benzinga", "created": "Fri, 29 Jan 2016 05:05:59 -0400", "updated": "Fri, 29 Jan 2016 05:05:59 -0400", "title": "Earnings Scheduled For January 29, 2016", "teaser": "", "body": "", "url": "https://www.benzinga.com/node/6184903", "image": [], "channels": [{"name": "Earnings"}, {"name": "News"}, {"name": "Pre-Market Outlook"}, {"name": "Markets"}], "stocks": [{"name": "AAL"}, {"name": "ABBV"}, {"name": "ALV"}, {"name": "AOS"}, {"name": "APD"}, {"name": "CL"}, {"name": "CNHI"}, {"name": "CNX"}, {"name": "CVX"}, {"name": "HON"}, {"name": "IDXX"}, {"name": "MA"}, {"name": "NWL"}, {"name": "PCAR"}, {"name": "PSX"}, {"name": "PX"}, {"name": "SNE"}, {"name": "SPG"}, {"name": "STX"}, {"name": "TUES"}, {"name": "TYC"}, {"name": "WHR"}, {"name": "XRX"}], "tags": [{"name": "Data Processing & Outsourced Services"}, {"name": "Earnings schedule"}, {"name": "Information Technology"}]}, {"id": 6184936, "author": "Benzinga", "created": "Fri, 29 Jan 2016 05:31:12 -0400", "updated": "Fri, 29 Jan 2016 05:31:12 -0400", "title": "12 Stocks You Should Be Watching Today", "teaser": "", "body": "", "url": "https://www.benzinga.com/node/6184936", "image": [], "channels": [{"name": "Earnings"}, {"name": "News"}, {"name": "Guidance"}, {"name": "Pre-Market Outlook"}, {"name": "Markets"}, {"name": "Trading Ideas"}], "stocks": [{"name": "AAL"}, {"name": "AMZN"}, {"name": "CL"}, {"name": "CVX"}, {"name": "EA"}, {"name": "HON"}, {"name": "MA"}, {"name": "MSFT"}, {"name": "PSX"}, {"name": "V"}, {"name": "WDC"}, {"name": "WHR"}], "tags": [{"name": "Data Processing & Outsourced Services"}, {"name": "Information Technology"}, {"name": "Stocks To Watch"}, {"name": "Stocks to Watch"}]}, {"id": 6185189, "author": "Benzinga", "created": "Fri, 29 Jan 2016 08:23:40 -0400", "updated": "Fri, 29 Jan 2016 08:24:52 -0400", "title": "Walgreens Begins To Back Away From Theranos", "teaser": "", "body": "", "url": "https://www.benzinga.com/node/6185189", "image": [], "channels": [{"name": "News"}, {"name": "Health Care"}, {"name": "Top Stories"}, {"name": "General"}], "stocks": [{"name": "WBA"}], "tags": [{"name": "Theranos"}]}, {"id": 6185707, "author": "Benzinga", "created": "Fri, 29 Jan 2016 09:22:41 -0400", "updated": "Fri, 29 Jan 2016 09:22:41 -0400", "title": "10 Stocks Moving In Friday's Pre-Market Session", "teaser": "", "body": "", "url": "https://www.benzinga.com/node/6185707", "image": [], "channels": [{"name": "News"}, {"name": "Movers & Shakers"}, {"name": "Pre-Market Outlook"}, {"name": "Markets"}, {"name": "Movers"}], "stocks": [{"name": "AAL"}, {"name": "ABBV"}, {"name": "AMZN"}, {"name": "EA"}, {"name": "FLEX"}, {"name": "GILD"}, {"name": "INO"}, {"name": "MSFT"}, {"name": "SWKS"}, {"name": "SYNA"}], "tags": [{"name": "#PreMarket Gainers"}, {"name": "#PreMarket Losers"}, {"name": "Top Gainers"}]}, {"id": 6184737, "author": "Benzinga", "created": "Fri, 29 Jan 2016 09:39:11 -0400", "updated": "Fri, 29 Jan 2016 09:39:11 -0400", "title": "Maybe Some Good News For A Big Biotech ETF", "teaser": "", "body": "", "url": "https://www.benzinga.com/node/6184737", "image": [], "channels": [{"name": "Biotech"}, {"name": "Long Ideas"}, {"name": "News"}, {"name": "Sector ETFs"}, {"name": "Intraday Update"}, {"name": "Markets"}, {"name": "Trading Ideas"}, {"name": "ETFs"}, {"name": "General"}], "stocks": [{"name": "AMGN"}, {"name": "BIIB"}, {"name": "CELG"}, {"name": "GILD"}, {"name": "IBB"}], "tags": [{"name": "Barron's"}, {"name": "Evercore ISI"}]}, {"id": 6185787, "author": "Benzinga", "created": "Fri, 29 Jan 2016 09:42:21 -0400", "updated": "Fri, 29 Jan 2016 09:42:21 -0400", "title": "Wall Street Asked EA Why There's No 'Episode 7' Game And The Answer Was Surprising", "teaser": "", "body": "", "url": "https://www.benzinga.com/node/6185787", "image": [], "channels": [{"name": "Earnings"}, {"name": "News"}], "stocks": [{"name": "DIS"}, {"name": "EA"}], "tags": [{"name": "Blake Jorgensen"}, {"name": "electronic arts"}, {"name": "Finn"}, {"name": "Rey"}, {"name": "Star Wars"}, {"name": "Star Wars Battlefront"}, {"name": "Star Wars Video Game"}]}, {"id": 6185663, "author": "Benzinga", "created": "Fri, 29 Jan 2016 09:51:24 -0400", "updated": "Fri, 29 Jan 2016 09:51:55 -0400", "title": "Foxconn Offers $5.45 Billion For 2/3 Share Of Sharp", "teaser": "", "body": "", "url": "https://www.benzinga.com/node/6185663", "image": [], "channels": [{"name": "News"}, {"name": "Wall Street Journal"}, {"name": "M&A"}, {"name": "Media"}], "stocks": [{"name": "AAPL"}], "tags": [{"name": "Foxconn Technology"}, {"name": "Sharp"}]}, {"id": 6185153, "author": "Benzinga", "created": "Fri, 29 Jan 2016 10:06:37 -0400", "updated": "Fri, 29 Jan 2016 10:06:37 -0400", "title": "Traditional Retailers Set Their Sights On Amazon", "teaser": "", "body": "", "url": "https://www.benzinga.com/node/6185153", "image": [], "channels": [{"name": "Long Ideas"}, {"name": "News"}, {"name": "Retail Sales"}, {"name": "Markets"}, {"name": "Trading Ideas"}, {"name": "General"}], "stocks": [{"name": "AMZN"}, {"name": "INTC"}, {"name": "JWN"}, {"name": "M"}, {"name": "WMT"}], "tags": [{"name": "Brooks Brothers"}, {"name": "e-commerce"}, {"name": "RealSense"}]}, {"id": 6186029, "author": "Benzinga", "created": "Fri, 29 Jan 2016 10:25:09 -0400", "updated": "Fri, 29 Jan 2016 10:25:09 -0400", "title": "Honeywell International Reports In-Line Q4, Shares Tick Higher", "teaser": "", "body": "", "url": "https://www.benzinga.com/node/6186029", "image": [], "channels": [{"name": "Earnings"}, {"name": "News"}], "stocks": [{"name": "HON"}], "tags": [{"name": "aerospace"}, {"name": "Automation And Control"}, {"name": "honeywell"}, {"name": "Performance Materials"}]}, {"id": 6186111, "author": "Benzinga", "created": "Fri, 29 Jan 2016 10:44:22 -0400", "updated": "Fri, 29 Jan 2016 10:44:22 -0400", "title": "Does IBM's CEO Deserve Her $4.5 Million Bonus?", "teaser": "", "body": "", "url": "https://www.benzinga.com/node/6186111", "image": [], "channels": [{"name": "News"}, {"name": "Dividends"}, {"name": "Management"}, {"name": "General"}], "stocks": [{"name": "IBM"}], "tags": [{"name": "Ginni Rometty"}, {"name": "Virginia Rometty"}]}, {"id": 6185868, "author": "Benzinga", "created": "Fri, 29 Jan 2016 10:46:03 -0400", "updated": "Fri, 29 Jan 2016 10:46:03 -0400", "title": "Mastercard And Visa Exceed On Earnings, But Credit Revenues Declining", "teaser": "", "body": "", "url": "https://www.benzinga.com/node/6185868", "image": [], "channels": [{"name": "Earnings"}, {"name": "News"}, {"name": "Movers"}, {"name": "Trading Ideas"}], "stocks": [{"name": "AXP"}, {"name": "MA"}, {"name": "V"}], "tags": []}, {"id": 6186357, "author": "Benzinga", "created": "Fri, 29 Jan 2016 11:06:12 -0400", "updated": "Fri, 29 Jan 2016 11:06:12 -0400", "title": "Stocks Hitting 52-Week Highs", "teaser": "", "body": "", "url": "https://www.benzinga.com/node/6186357", "image": [], "channels": [{"name": "News"}, {"name": "Intraday Update"}, {"name": "Markets"}, {"name": "Movers"}], "stocks": [{"name": "AVNU"}, {"name": "COHR"}, {"name": "FB"}, {"name": "MCD"}, {"name": "PNFP"}], "tags": [{"name": "52 Week Highs"}, {"name": "52-Week Highs"}, {"name": "Consumer Discretionary"}, {"name": "Restaurants"}]}, {"id": 6186691, "author": "Benzinga", "created": "Fri, 29 Jan 2016 12:02:46 -0400", "updated": "Fri, 29 Jan 2016 12:02:46 -0400", "title": "Report: Large Banks Looking To Integrate Apple Pay In ATMs", "teaser": "", "body": "", "url": "https://www.benzinga.com/node/6186691", "image": [], "channels": [{"name": "News"}, {"name": "Rumors"}, {"name": "Tech"}], "stocks": [{"name": "AAPL"}, {"name": "BAC"}, {"name": "WFC"}], "tags": [{"name": "Apple Pay"}, {"name": "Apple Pay ATM"}, {"name": "ATM"}, {"name": "banks"}, {"name": "Betty Riess"}, {"name": "Jonathan Velline"}, {"name": "techcrunch"}]}, {"id": 6185607, "author": "Benzinga", "created": "Fri, 29 Jan 2016 12:09:58 -0400", "updated": "Fri, 29 Jan 2016 12:09:58 -0400", "title": "Alphabet Closing In On Apple's Dominant Market Share", "teaser": "", "body": "", "url": "https://www.benzinga.com/node/6185607", "image": [], "channels": [{"name": "News"}, {"name": "Intraday Update"}], "stocks": [{"name": "AAPL"}, {"name": "GOOG"}, {"name": "GOOGL"}], "tags": [{"name": "Alphabet"}, {"name": "Google"}, {"name": "Market Share"}]}, {"id": 6186916, "author": "Benzinga", "created": "Fri, 29 Jan 2016 12:29:14 -0400", "updated": "Fri, 29 Jan 2016 12:29:14 -0400", "title": "Merck Confirms FDA Approval Of Hep C Drug At A Cost Of $54,600 Per Patient", "teaser": "", "body": "", "url": "https://www.benzinga.com/node/6186916", "image": [], "channels": [{"name": "News"}, {"name": "FDA"}], "stocks": [{"name": "MRK"}], "tags": [{"name": "HCV"}, {"name": "Hepatitis C"}, {"name": "merck"}, {"name": "Robert McMahon"}, {"name": "ZEPATIER"}]}, {"id": 6186953, "author": "Benzinga", "created": "Fri, 29 Jan 2016 12:40:00 -0400", "updated": "Fri, 29 Jan 2016 13:25:30 -0400", "title": "Will Apple Be Netflix's Next Contender? New Reports Suggest Apple's Training For The Arena", "teaser": "", "body": "", "url": "https://www.benzinga.com/node/6186953", "image": [], "channels": [{"name": "News"}, {"name": "Rumors"}, {"name": "Top Stories"}, {"name": "Tech"}], "stocks": [{"name": "AAPL"}, {"name": "NFLX"}], "tags": [{"name": "BGR"}, {"name": "Eddy Cue"}, {"name": "Robert Kondrk"}, {"name": "The Street"}]}, {"id": 6187412, "author": "Benzinga", "created": "Fri, 29 Jan 2016 13:34:31 -0400", "updated": "Fri, 29 Jan 2016 13:34:35 -0400", "title": "Japan's Surprise Rate Move Lifts Stocks; Amazon and Microsoft Mixed", "teaser": "", "body": "", "url": "https://www.benzinga.com/node/6187412", "image": [], "channels": [{"name": "Analyst Color"}, {"name": "Earnings"}, {"name": "News"}, {"name": "Economics"}, {"name": "Analyst Ratings"}], "stocks": [{"name": "AMZN"}, {"name": "CVX"}, {"name": "DJI"}, {"name": "FB"}, {"name": "MA"}, {"name": "MSFT"}, {"name": "V"}], "tags": [{"name": "Data Processing & Outsourced Services"}, {"name": "Information Technology"}]}, {"id": 6187470, "author": "Benzinga", "created": "Fri, 29 Jan 2016 14:12:28 -0400", "updated": "Fri, 29 Jan 2016 14:12:28 -0400", "title": "Dollar General Seen As Winner From Wal-Mart Store Closures", "teaser": "", "body": "", "url": "https://www.benzinga.com/node/6187470", "image": [], "channels": [{"name": "Analyst Color"}, {"name": "Long Ideas"}, {"name": "News"}, {"name": "Analyst Ratings"}, {"name": "Trading Ideas"}, {"name": "General"}], "stocks": [{"name": "AMZN"}, {"name": "DG"}, {"name": "DLTR"}, {"name": "FDO"}, {"name": "WMT"}], "tags": [{"name": "dollar general"}, {"name": "Wal-Mart"}]}, {"id": 6184752, "author": "Benzinga", "created": "Fri, 29 Jan 2016 14:16:25 -0400", "updated": "Fri, 29 Jan 2016 14:16:25 -0400", "title": "It Might Finally Be Time For Industrial ETFs", "teaser": "", "body": "", "url": "https://www.benzinga.com/node/6184752", "image": [], "channels": [{"name": "Long Ideas"}, {"name": "News"}, {"name": "Sector ETFs"}, {"name": "Intraday Update"}, {"name": "Markets"}, {"name": "Trading Ideas"}, {"name": "ETFs"}], "stocks": [{"name": "BA"}, {"name": "CAT"}, {"name": "GE"}, {"name": "UTX"}, {"name": "XLI"}], "tags": [{"name": "Altavista Research"}, {"name": "industrial sector"}, {"name": "industrials"}, {"name": "Michael Arone"}, {"name": "State Street"}]}, {"id": 6187756, "author": "Benzinga", "created": "Fri, 29 Jan 2016 14:32:24 -0400", "updated": "Fri, 29 Jan 2016 14:32:24 -0400", "title": "Gilead Hits New 52-Week Low; Here Are Two Reasons Why", "teaser": "", "body": "", "url": "https://www.benzinga.com/node/6187756", "image": [], "channels": [{"name": "News"}, {"name": "Health Care"}, {"name": "Management"}, {"name": "Intraday Update"}, {"name": "Movers"}, {"name": "General"}], "stocks": [{"name": "GILD"}, {"name": "MRK"}], "tags": [{"name": "Gilead"}, {"name": "john martin"}, {"name": "John Milligan"}]}, {"id": 6187983, "author": "Benzinga", "created": "Fri, 29 Jan 2016 15:36:02 -0400", "updated": "Fri, 29 Jan 2016 15:36:02 -0400", "title": "Foxconn Raises Its Offer For Sharp While Rival Bidder Remains On The Sidelines", "teaser": "", "body": "", "url": "https://www.benzinga.com/node/6187983", "image": [], "channels": [{"name": "Long Ideas"}, {"name": "News"}, {"name": "Rumors"}, {"name": "Tech"}, {"name": "Trading Ideas"}], "stocks": [{"name": "AAPL"}], "tags": [{"name": "foxconn"}, {"name": "INCJ"}, {"name": "Innovation Network Corp Of Japan"}, {"name": "Japan Display Inc"}, {"name": "Sharp"}, {"name": "Tetsuya Hamabe"}]}, {"id": 6187293, "author": "Benzinga", "created": "Fri, 29 Jan 2016 15:36:23 -0400", "updated": "Fri, 29 Jan 2016 15:38:10 -0400", "title": "Apple Reportedly Working On Wireless Charging For iPhones", "teaser": "", "body": "", "url": "https://www.benzinga.com/node/6187293", "image": [], "channels": [{"name": "News"}, {"name": "Rumors"}, {"name": "Tech"}], "stocks": [{"name": "AAPL"}], "tags": [{"name": "Bloomberg"}, {"name": "Bloomberg Business"}, {"name": "Wireless Charging"}, {"name": "wireless recharging"}]}, {"id": 6188080, "author": "Benzinga", "created": "Fri, 29 Jan 2016 15:47:43 -0400", "updated": "Fri, 29 Jan 2016 15:47:44 -0400", "title": "Gene Munster's Apple 'Mixed Reality' Thesis Is Already Playing Out", "teaser": "", "body": "", "url": "https://www.benzinga.com/node/6188080", "image": [], "channels": [{"name": "News"}, {"name": "Tech"}, {"name": "Media"}], "stocks": [{"name": "AAPL"}, {"name": "FB"}, {"name": "MSFT"}], "tags": [{"name": "Gene Munster"}, {"name": "Piper Jaffray"}]}, {"id": 6187741, "author": "Benzinga", "created": "Fri, 29 Jan 2016 16:10:05 -0400", "updated": "Fri, 29 Jan 2016 16:10:05 -0400", "title": "Oil Outlook: Phillips 66 Out-Earns Expectations, Chevron Posts Loss Per Share", "teaser": "", "body": "", "url": "https://www.benzinga.com/node/6187741", "image": [], "channels": [{"name": "Earnings"}, {"name": "Long Ideas"}, {"name": "News"}, {"name": "Commodities"}, {"name": "Markets"}, {"name": "Trading Ideas"}], "stocks": [{"name": "CVX"}, {"name": "PSX"}], "tags": [{"name": "Oil"}]}, {"id": 6186775, "author": "Benzinga", "created": "Fri, 29 Jan 2016 15:33:58 -0400", "updated": "Fri, 29 Jan 2016 17:25:36 -0400", "title": "Is Apple Culture Bad For Recruiting? New Report Alleges So", "teaser": "", "body": "", "url": "https://www.benzinga.com/node/6186775", "image": [], "channels": [{"name": "News"}, {"name": "Rumors"}, {"name": "Tech"}, {"name": "General"}], "stocks": [{"name": "AAPL"}], "tags": [{"name": "AppleInsider"}, {"name": "corporate culture"}, {"name": "James Knight"}, {"name": "Silicon Valley"}, {"name": "the Guardian"}]}]