[{"id": 6662399, "author": "Benzinga", "created": "Thu, 25 Feb 2016 05:24:18 -0400", "updated": "Thu, 25 Feb 2016 05:24:18 -0400", "title": "10 Must Watch Stocks for Today", "teaser": "", "body": "", "url": "https://www.benzinga.com/node/6662399", "image": [], "channels": [{"name": "Earnings"}, {"name": "News"}, {"name": "Guidance"}, {"name": "Pre-Market Outlook"}, {"name": "Markets"}, {"name": "Trading Ideas"}], "stocks": [{"name": "BBY"}, {"name": "CPB"}, {"name": "CRM"}, {"name": "DPZ"}, {"name": "GPS"}, {"name": "HLF"}, {"name": "HPQ"}, {"name": "INTU"}, {"name": "KSS"}, {"name": "RH"}], "tags": [{"name": "Stocks To Watch"}, {"name": "Stocks to Watch"}]}, {"id": 6658023, "author": "Benzinga", "created": "Thu, 25 Feb 2016 08:50:28 -0400", "updated": "Thu, 25 Feb 2016 08:50:28 -0400", "title": "Love This Low Volatility Dividend ETF", "teaser": "", "body": "", "url": "https://www.benzinga.com/node/6658023", "image": [], "channels": [{"name": "Long Ideas"}, {"name": "News"}, {"name": "Broad U.S. Equity ETFs"}, {"name": "Dividends"}, {"name": "Dividends"}, {"name": "Intraday Update"}, {"name": "Markets"}, {"name": "Trading Ideas"}, {"name": "ETFs"}], "stocks": [{"name": "JNJ"}, {"name": "LM"}, {"name": "LVHD"}, {"name": "VZ"}], "tags": [{"name": "Asset Management & Custody Banks"}, {"name": "Financials"}]}, {"id": 6666847, "author": "Benzinga", "created": "Thu, 25 Feb 2016 09:17:11 -0400", "updated": "Thu, 25 Feb 2016 09:17:11 -0400", "title": "10 Stocks Moving In Thursday's Pre-Market Session", "teaser": "", "body": "", "url": "https://www.benzinga.com/node/6666847", "image": [], "channels": [{"name": "News"}, {"name": "Movers & Shakers"}, {"name": "Pre-Market Outlook"}, {"name": "Markets"}, {"name": "Movers"}], "stocks": [{"name": "CLDX"}, {"name": "CRM"}, {"name": "GOGO"}, {"name": "MNOV"}, {"name": "MOMO"}, {"name": "NTES"}, {"name": "POWR"}, {"name": "RH"}, {"name": "RLYP"}, {"name": "SO"}, {"name": "WIN"}], "tags": [{"name": "#PreMarket Gainers"}, {"name": "#PreMarket Losers"}, {"name": "Top Gainers"}]}, {"id": 6669462, "author": "Benzinga", "created": "Thu, 25 Feb 2016 11:13:10 -0400", "updated": "Thu, 25 Feb 2016 11:13:10 -0400", "title": "Benzinga's Volume Movers", "teaser": "", "body": "", "url": "https://www.benzinga.com/node/6669462", "image": [], "channels": [{"name": "News"}, {"name": "Intraday Update"}, {"name": "Markets"}, {"name": "Movers"}], "stocks": [{"name": "CHS"}, {"name": "CRM"}, {"name": "DPZ"}, {"name": "POWR"}, {"name": "SO"}], "tags": [{"name": "volume movers"}]}, {"id": 6669893, "author": "Benzinga", "created": "Thu, 25 Feb 2016 11:40:37 -0400", "updated": "Thu, 25 Feb 2016 11:40:37 -0400", "title": "Tesla And SpaceX Make Key Apple Hire", "teaser": "", "body": "", "url": "https://www.benzinga.com/node/6669893", "image": [], "channels": [{"name": "News"}, {"name": "Rumors"}, {"name": "Management"}], "stocks": [{"name": "AAPL"}, {"name": "TSLA"}], "tags": [{"name": "Charles Kuehmann"}, {"name": "Electrek"}, {"name": "Elon Musk"}, {"name": "SpaceX"}, {"name": "Tesla"}]}, {"id": 6670118, "author": "Benzinga", "created": "Thu, 25 Feb 2016 11:49:57 -0400", "updated": "Thu, 25 Feb 2016 11:49:57 -0400", "title": "Apple Working On 'Unhackable' iPhone", "teaser": "", "body": "", "url": "https://www.benzinga.com/node/6670118", "image": [], "channels": [{"name": "News"}, {"name": "Rumors"}, {"name": "Tech"}], "stocks": [{"name": "AAPL"}], "tags": [{"name": "CNET"}, {"name": "iPhone"}, {"name": "iPhone Security"}, {"name": "San Bernardino"}, {"name": "The New York Times"}]}, {"id": 6670514, "author": "Benzinga", "created": "Thu, 25 Feb 2016 12:05:42 -0400", "updated": "Thu, 25 Feb 2016 12:05:43 -0400", "title": "Follow-Up Rally? Stocks Look to Build On Wednesday's Late Gains", "teaser": "", "body": "", "url": "https://www.benzinga.com/node/6670514", "image": [], "channels": [{"name": "Analyst Color"}, {"name": "Earnings"}, {"name": "News"}, {"name": "Retail Sales"}, {"name": "Economics"}, {"name": "Analyst Ratings"}], "stocks": [{"name": "GPS"}, {"name": "HD"}, {"name": "JCP"}, {"name": "M"}, {"name": "TGT"}, {"name": "WMT"}], "tags": [{"name": "Consumer Discretionary"}, {"name": "Department Stores"}]}, {"id": 6671471, "author": "Benzinga", "created": "Thu, 25 Feb 2016 14:32:11 -0400", "updated": "Thu, 25 Feb 2016 14:33:49 -0400", "title": "EXCLUSIVE: Sanofi In Talks To Buy PTC Therapeutics", "teaser": "", "body": "", "url": "https://www.benzinga.com/node/6671471", "image": [], "channels": [{"name": "Analyst Color"}, {"name": "Biotech"}, {"name": "Long Ideas"}, {"name": "News"}, {"name": "Health Care"}, {"name": "Rumors"}, {"name": "M&A"}, {"name": "Top Stories"}, {"name": "Market-Moving Exclusives"}, {"name": "Exclusives"}, {"name": "Hot"}, {"name": "Analyst Ratings"}, {"name": "Movers"}, {"name": "Trading Ideas"}, {"name": "General"}], "stocks": [{"name": "AGN"}, {"name": "MRK"}, {"name": "PFE"}, {"name": "PTCT"}, {"name": "SHPG"}, {"name": "SNY"}], "tags": [{"name": "biotech M&A"}, {"name": "biotech merger"}, {"name": "biotech selloff"}, {"name": "PTC Therpaeutics"}, {"name": "Sanofi"}]}, {"id": 6671730, "author": "Benzinga", "created": "Thu, 25 Feb 2016 15:14:31 -0400", "updated": "Thu, 25 Feb 2016 15:14:31 -0400", "title": "Is Apple Bringing Siri To Mac?", "teaser": "", "body": "", "url": "https://www.benzinga.com/node/6671730", "image": [], "channels": [{"name": "News"}, {"name": "Rumors"}, {"name": "Tech"}], "stocks": [{"name": "AAPL"}], "tags": [{"name": "9to5 Mac"}, {"name": "iPhone"}, {"name": "SIRI"}]}, {"id": 6673981, "author": "Benzinga", "created": "Thu, 25 Feb 2016 15:48:39 -0400", "updated": "Thu, 25 Feb 2016 15:48:39 -0400", "title": "Here's What Apple Shareholders Should Ask Management", "teaser": "", "body": "", "url": "https://www.benzinga.com/node/6673981", "image": [], "channels": [{"name": "Analyst Color"}, {"name": "News"}, {"name": "Events"}, {"name": "Analyst Ratings"}], "stocks": [{"name": "AAPL"}, {"name": "COST"}, {"name": "FB"}, {"name": "GOOGL"}, {"name": "SBUX"}], "tags": [{"name": "Global Equities Research"}, {"name": "Trip Chowdhry"}]}, {"id": 6675560, "author": "Benzinga", "created": "Thu, 25 Feb 2016 16:25:35 -0400", "updated": "Thu, 25 Feb 2016 16:25:35 -0400", "title": "Apple Files First Motion Related To FBI-iPhone Unlocking Battle", "teaser": "", "body": "", "url": "https://www.benzinga.com/node/6675560", "image": [], "channels": [{"name": "News"}, {"name": "Legal"}, {"name": "Tech"}], "stocks": [{"name": "AAPL"}], "tags": [{"name": "FBI"}, {"name": "iPhone"}, {"name": "San Bernardino"}]}, {"id": 6675129, "author": "Benzinga", "created": "Thu, 25 Feb 2016 16:50:09 -0400", "updated": "Thu, 25 Feb 2016 16:50:09 -0400", "title": "Barron's Says Target Stock Looks Like A Bull's-Eye Investment", "teaser": "", "body": "", "url": "https://www.benzinga.com/node/6675129", "image": [], "channels": [{"name": "Earnings"}, {"name": "News"}, {"name": "Barron's"}, {"name": "Media"}], "stocks": [{"name": "TGT"}, {"name": "WMT"}], "tags": []}, {"id": 6675988, "author": "Benzinga", "created": "Thu, 25 Feb 2016 17:33:48 -0400", "updated": "Thu, 25 Feb 2016 17:33:48 -0400", "title": "This Made Elon Musk Question If We Live In A Video Game", "teaser": "", "body": "", "url": "https://www.benzinga.com/node/6675988", "image": [], "channels": [{"name": "News"}, {"name": "Tech"}, {"name": "Media"}], "stocks": [{"name": "MSFT"}, {"name": "SNE"}, {"name": "TSLA"}], "tags": [{"name": "Elon Musk"}, {"name": "No Man's Sky"}]}, {"id": 6677630, "author": "Benzinga", "created": "Thu, 25 Feb 2016 17:37:49 -0400", "updated": "Thu, 25 Feb 2016 17:37:49 -0400", "title": "The Stocks That Moved The S&P, Dow And Nasdaq Today", "teaser": "", "body": "", "url": "https://www.benzinga.com/node/6677630", "image": [], "channels": [{"name": "News"}, {"name": "After-Hours Center"}, {"name": "Movers"}], "stocks": [{"name": "BIDU"}, {"name": "CHTR"}, {"name": "CRM"}, {"name": "CVX"}, {"name": "ESV"}, {"name": "HPQ"}, {"name": "JD"}, {"name": "NKE"}, {"name": "PWR"}, {"name": "TSLA"}, {"name": "UTX"}], "tags": []}]