[{"id": 8562085, "author": "Benzinga", "created": "Fri, 14 Oct 2016 04:13:30 -0400", "updated": "Fri, 14 Oct 2016 04:13:30 -0400", "title": "Earnings Scheduled For October 14, 2016", "teaser": "", "body": "", "url": "https://www.benzinga.com/node/8562085", "image": [], "channels": [{"name": "Earnings"}, {"name": "News"}, {"name": "Pre-Market Outlook"}, {"name": "Markets"}], "stocks": [{"name": "C"}, {"name": "CBSH"}, {"name": "DFRG"}, {"name": "FHN"}, {"name": "JPM"}, {"name": "PNC"}, {"name": "WFC"}], "tags": [{"name": "Earnings schedule"}]}, {"id": 8562121, "author": "Benzinga", "created": "Fri, 14 Oct 2016 05:12:24 -0400", "updated": "Fri, 14 Oct 2016 05:12:25 -0400", "title": "7 Stocks You Should Be Watching Today", "teaser": "", "body": "", "url": "https://www.benzinga.com/node/8562121", "image": [], "channels": [{"name": "Earnings"}, {"name": "News"}, {"name": "Guidance"}, {"name": "Pre-Market Outlook"}, {"name": "Markets"}, {"name": "Trading Ideas"}], "stocks": [{"name": "C"}, {"name": "FHN"}, {"name": "HIVE"}, {"name": "HPQ"}, {"name": "JPM"}, {"name": "RSPP"}, {"name": "WFC"}], "tags": [{"name": "Stocks To Watch"}, {"name": "Stocks to Watch"}]}, {"id": 8562376, "author": "Benzinga", "created": "Fri, 14 Oct 2016 07:22:53 -0400", "updated": "Fri, 14 Oct 2016 07:22:53 -0400", "title": "JPMorgan Kicks Off Big Banks, Beats EPS Estimates", "teaser": "", "body": "", "url": "https://www.benzinga.com/node/8562376", "image": [], "channels": [{"name": "Earnings"}, {"name": "News"}, {"name": "Movers"}], "stocks": [{"name": "JPM"}], "tags": []}, {"id": 8562475, "author": "Benzinga", "created": "Fri, 14 Oct 2016 07:39:37 -0400", "updated": "Fri, 14 Oct 2016 07:39:37 -0400", "title": "A Peek Into The Markets: U.S. Stock Futures Rise; Citigroup, Wells Fargo Earnings In Focus", "teaser": "", "body": "", "url": "https://www.benzinga.com/node/8562475", "image": [], "channels": [{"name": "Earnings"}, {"name": "News"}, {"name": "Eurozone"}, {"name": "Futures"}, {"name": "Global"}, {"name": "Pre-Market Outlook"}, {"name": "Markets"}], "stocks": [{"name": "C"}, {"name": "CAG"}, {"name": "HIVE"}, {"name": "HPQ"}, {"name": "JPM"}, {"name": "PNC"}, {"name": "WFC"}], "tags": [{"name": "A Peek Into The Markets"}, {"name": "RBC Capital"}, {"name": "U.S. stock futures"}]}, {"id": 8562749, "author": "Benzinga", "created": "Fri, 14 Oct 2016 08:37:55 -0400", "updated": "Fri, 14 Oct 2016 08:37:56 -0400", "title": "18 Stocks Moving In Friday's Pre-Market Session", "teaser": "", "body": "", "url": "https://www.benzinga.com/node/8562749", "image": [], "channels": [{"name": "News"}, {"name": "Movers & Shakers"}, {"name": "Pre-Market Outlook"}, {"name": "Markets"}, {"name": "Movers"}], "stocks": [{"name": "AEZS"}, {"name": "AMD"}, {"name": "ARIA"}, {"name": "BLUE"}, {"name": "C"}, {"name": "CRMT"}, {"name": "DFRG"}, {"name": "EGLT"}, {"name": "ENZ"}, {"name": "HPQ"}, {"name": "INFY"}, {"name": "IPCI"}, {"name": "JPM"}, {"name": "LMRK"}, {"name": "OPTT"}, {"name": "RSPP"}, {"name": "RT"}, {"name": "SDRL"}], "tags": [{"name": "#PreMarket Gainers"}, {"name": "Losers"}, {"name": "Top Gainers"}]}, {"id": 8562514, "author": "Benzinga", "created": "Fri, 14 Oct 2016 09:00:29 -0400", "updated": "Fri, 14 Oct 2016 09:00:30 -0400", "title": "The Market In 5 Minutes: JPMorgan, Wells Fargo And Citi Get The Earnings Party Started", "teaser": "", "body": "", "url": "https://www.benzinga.com/node/8562514", "image": [], "channels": [{"name": "News"}, {"name": "Global"}, {"name": "Top Stories"}, {"name": "Pre-Market Outlook"}, {"name": "Markets"}], "stocks": [{"name": "C"}, {"name": "DFRG"}, {"name": "EL"}, {"name": "HOG"}, {"name": "JPM"}, {"name": "LEA"}, {"name": "PNC"}, {"name": "SAM"}, {"name": "SERV"}, {"name": "SPY"}, {"name": "SYK"}, {"name": "TASR"}, {"name": "TEX"}, {"name": "UA"}, {"name": "USO"}, {"name": "VZ"}, {"name": "WFC"}, {"name": "YHOO"}, {"name": "ZUMZ"}], "tags": [{"name": "the market in 5 minutes"}]}, {"id": 8562681, "author": "Benzinga", "created": "Fri, 14 Oct 2016 09:03:41 -0400", "updated": "Fri, 14 Oct 2016 09:03:41 -0400", "title": "Xbox One Beats Sony PS4 Sales 3 Months In A Row", "teaser": "", "body": "", "url": "https://www.benzinga.com/node/8562681", "image": [], "channels": [{"name": "News"}, {"name": "Movers"}, {"name": "Tech"}, {"name": "Trading Ideas"}], "stocks": [{"name": "MSFT"}, {"name": "SNE"}], "tags": [{"name": "game consoles"}, {"name": "gaming"}, {"name": "PlayStation"}, {"name": "PS4"}, {"name": "PS4 Pro"}, {"name": "PS4 slim"}, {"name": "PSVR"}, {"name": "video games"}, {"name": "virtual reality"}, {"name": "VR"}, {"name": "Xbox One"}]}, {"id": 8562993, "author": "Benzinga", "created": "Fri, 14 Oct 2016 09:32:32 -0400", "updated": "Fri, 14 Oct 2016 09:32:32 -0400", "title": "Wells Fargo Comes Unscathed in Q3 Despite Sales Practices Scandal", "teaser": "", "body": "", "url": "https://www.benzinga.com/node/8562993", "image": [], "channels": [{"name": "Earnings"}, {"name": "News"}, {"name": "Movers"}, {"name": "Trading Ideas"}], "stocks": [{"name": "C"}, {"name": "JPM"}, {"name": "WFC"}], "tags": [{"name": "John Stumpf"}, {"name": "Tim Sloan"}]}, {"id": 8561300, "author": "Benzinga", "created": "Fri, 14 Oct 2016 09:50:58 -0400", "updated": "Fri, 14 Oct 2016 09:50:59 -0400", "title": "Nike Beats Out Under Armour For Chelsea Football Apparel Deal Worth $1.1 billion", "teaser": "", "body": "", "url": "https://www.benzinga.com/node/8561300", "image": [], "channels": [{"name": "News"}, {"name": "Contracts"}, {"name": "Sports"}, {"name": "Movers"}, {"name": "Media"}, {"name": "General"}], "stocks": [{"name": "ADDYY"}, {"name": "NKE"}, {"name": "UA"}], "tags": [{"name": "Chelsea"}, {"name": "Chelsea Football Club"}, {"name": "football"}, {"name": "Manchester United"}, {"name": "Premier League"}, {"name": "soccer"}, {"name": "Trevor Edwards"}]}, {"id": 8561425, "author": "Benzinga", "created": "Fri, 14 Oct 2016 10:53:26 -0400", "updated": "Fri, 14 Oct 2016 10:53:27 -0400", "title": "Tom Brady's Return To Foxboro Is The Most Expensive NFL Ticket This Season", "teaser": "", "body": "", "url": "https://www.benzinga.com/node/8561425", "image": [], "channels": [{"name": "News"}, {"name": "Sports"}, {"name": "Events"}, {"name": "Media"}, {"name": "General"}], "stocks": [{"name": "DIS"}], "tags": [{"name": "AFC Championship Game"}, {"name": "Bengals"}, {"name": "Browns"}, {"name": "Cincinnati Bengals"}, {"name": "Cleveland Browns"}, {"name": "Cowboys"}, {"name": "Dallas Cowboys"}, {"name": "denver broncos"}, {"name": "Kansas City Chiefs"}, {"name": "Los Angeles Rams"}, {"name": "New England Patriots"}, {"name": "nfl"}, {"name": "Pittsburgh Steelers"}, {"name": "Rams"}, {"name": "Steelers"}, {"name": "TicketIQ"}, {"name": "Tom Brady"}]}, {"id": 8563328, "author": "Benzinga", "created": "Fri, 14 Oct 2016 11:24:05 -0400", "updated": "Fri, 14 Oct 2016 11:24:06 -0400", "title": "Big Banks Off To A Good Start", "teaser": "", "body": "", "url": "https://www.benzinga.com/node/8563328", "image": [], "channels": [{"name": "Earnings"}, {"name": "News"}, {"name": "Movers"}, {"name": "Trading Ideas"}, {"name": "Press Releases"}], "stocks": [{"name": "AA"}, {"name": "BAC"}, {"name": "C"}, {"name": "GS"}, {"name": "JPM"}, {"name": "MS"}, {"name": "PNC"}, {"name": "WFC"}], "tags": [{"name": "big banks"}]}, {"id": 8563809, "author": "Benzinga", "created": "Fri, 14 Oct 2016 11:45:03 -0400", "updated": "Fri, 14 Oct 2016 11:45:07 -0400", "title": "Banks Have a Big Morning: All Three Big Banks Surpass Earnings Expectations", "teaser": "", "body": "", "url": "https://www.benzinga.com/node/8563809", "image": [], "channels": [{"name": "Earnings"}, {"name": "News"}, {"name": "Movers & Shakers"}, {"name": "Econ #s"}, {"name": "Economics"}, {"name": "Markets"}, {"name": "Reviews"}, {"name": "ETFs"}, {"name": "General"}], "stocks": [{"name": "BAC"}, {"name": "C"}, {"name": "COST"}, {"name": "GS"}, {"name": "JPM"}, {"name": "MS"}, {"name": "WFC"}], "tags": []}, {"id": 8564014, "author": "Benzinga", "created": "Fri, 14 Oct 2016 13:25:23 -0400", "updated": "Fri, 14 Oct 2016 13:25:24 -0400", "title": "Time Warner's Movie Catalogue Is An Overlooked Asset", "teaser": "", "body": "", "url": "https://www.benzinga.com/node/8564014", "image": [], "channels": [{"name": "Analyst Color"}, {"name": "Long Ideas"}, {"name": "News"}, {"name": "Price Target"}, {"name": "Reiteration"}, {"name": "Analyst Ratings"}, {"name": "Movers"}, {"name": "Tech"}, {"name": "Trading Ideas"}], "stocks": [{"name": "AMZN"}, {"name": "T"}, {"name": "TMUS"}, {"name": "TWX"}, {"name": "VZ"}], "tags": [{"name": "Albert Fried & Company"}, {"name": "Hulu"}, {"name": "Rich Tullo"}, {"name": "Tencent"}, {"name": "Turner"}, {"name": "Warner Brothers"}]}, {"id": 8564179, "author": "Benzinga", "created": "Fri, 14 Oct 2016 13:52:36 -0400", "updated": "Fri, 14 Oct 2016 13:52:36 -0400", "title": "Piper's Gene Munster Highlights Survey Results Showing iPhone's Rising Popularity Among Teens", "teaser": "", "body": "", "url": "https://www.benzinga.com/node/8564179", "image": [], "channels": [{"name": "Analyst Color"}, {"name": "News"}, {"name": "Price Target"}, {"name": "Econ #s"}, {"name": "Analyst Ratings"}, {"name": "Movers"}, {"name": "Tech"}], "stocks": [{"name": "AAPL"}, {"name": "GOOG"}, {"name": "GOOGL"}, {"name": "MSFT"}], "tags": [{"name": "Gene Munster"}, {"name": "Piper Jaffray"}]}, {"id": 8564177, "author": "Benzinga", "created": "Fri, 14 Oct 2016 14:29:35 -0400", "updated": "Fri, 14 Oct 2016 14:29:35 -0400", "title": "Arista, Pure Storage, A10 Seen As Potential M&A Targets For Hewlett Packard Enterprise", "teaser": "", "body": "", "url": "https://www.benzinga.com/node/8564177", "image": [], "channels": [{"name": "Analyst Color"}, {"name": "Long Ideas"}, {"name": "News"}, {"name": "Price Target"}, {"name": "Reiteration"}, {"name": "M&A"}, {"name": "Analyst Ratings"}, {"name": "Movers"}, {"name": "Tech"}, {"name": "Trading Ideas"}], "stocks": [{"name": "ANET"}, {"name": "ATEN"}, {"name": "CSCO"}, {"name": "HPE"}, {"name": "PSTG"}], "tags": [{"name": "Chef"}, {"name": "CloudGenix"}, {"name": "Ittai Kidron"}, {"name": "Oppenheimer"}, {"name": "Pivot3"}, {"name": "Puppet Labs"}, {"name": "RightScale"}, {"name": "SimpliVity"}, {"name": "VeloCloud"}, {"name": "Viptela"}]}, {"id": 8564409, "author": "Benzinga", "created": "Fri, 14 Oct 2016 14:36:42 -0400", "updated": "Fri, 14 Oct 2016 14:36:43 -0400", "title": "False Hope: The Street Believed Twitter & Salesforce Rumors For Too Long", "teaser": "", "body": "", "url": "https://www.benzinga.com/node/8564409", "image": [], "channels": [{"name": "News"}, {"name": "M&A"}, {"name": "Top Stories"}, {"name": "Movers"}, {"name": "Tech"}], "stocks": [{"name": "CRM"}, {"name": "TWTR"}], "tags": [{"name": "Financial Times"}, {"name": "FT"}, {"name": "Marc Benioff"}, {"name": "Twitter Rumors"}]}]