[{"id": 8158370, "author": "Benzinga", "created": "Tue, 28 Jun 2016 04:55:11 -0400", "updated": "Tue, 28 Jun 2016 04:55:11 -0400", "title": "7 Stocks You Should Be Watching Today", "teaser": "", "body": "", "url": "https://www.benzinga.com/node/8158370", "image": [], "channels": [{"name": "Earnings"}, {"name": "News"}, {"name": "M&A"}, {"name": "Pre-Market Outlook"}, {"name": "Markets"}, {"name": "Trading Ideas"}], "stocks": [{"name": "CCL"}, {"name": "EBF"}, {"name": "FDS"}, {"name": "GCI"}, {"name": "IHS"}, {"name": "NKE"}, {"name": "RLOC"}], "tags": [{"name": "Stocks To Watch"}, {"name": "Stocks to Watch"}]}, {"id": 8158403, "author": "Benzinga", "created": "Tue, 28 Jun 2016 05:11:11 -0400", "updated": "Tue, 28 Jun 2016 05:11:11 -0400", "title": "Earnings Scheduled For June 28, 2016", "teaser": "", "body": "", "url": "https://www.benzinga.com/node/8158403", "image": [], "channels": [{"name": "Earnings"}, {"name": "News"}, {"name": "Pre-Market Outlook"}, {"name": "Markets"}], "stocks": [{"name": "AVAV"}, {"name": "BNED"}, {"name": "CAMP"}, {"name": "CCL"}, {"name": "EROS"}, {"name": "FDS"}, {"name": "IHS"}, {"name": "NKE"}, {"name": "SHLM"}], "tags": [{"name": "Earnings schedule"}]}, {"id": 8159644, "author": "Benzinga", "created": "Tue, 28 Jun 2016 09:10:12 -0400", "updated": "Tue, 28 Jun 2016 09:10:12 -0400", "title": "A Big Apple Supplier Says iPhone Maker Is A 'Little More Conservative Placing Orders This Year'", "teaser": "", "body": "", "url": "https://www.benzinga.com/node/8159644", "image": [], "channels": [{"name": "Analyst Color"}, {"name": "News"}, {"name": "Movers"}, {"name": "Tech"}, {"name": "Media"}, {"name": "Trading Ideas"}], "stocks": [{"name": "AAPL"}], "tags": [{"name": "Advanced Semiconductor Engineering"}, {"name": "Apple"}, {"name": "Apple Supply Chain"}, {"name": "Asia Nikkei Review"}, {"name": "Tien Wu"}]}, {"id": 8159701, "author": "Benzinga", "created": "Tue, 28 Jun 2016 10:04:10 -0400", "updated": "Tue, 28 Jun 2016 10:06:38 -0400", "title": "PlayStation 4 And Xbox One Are Already Being Replaced? Upgrades For UltraHD/4k TVs", "teaser": "", "body": "", "url": "https://www.benzinga.com/node/8159701", "image": [], "channels": [{"name": "News"}, {"name": "Movers"}, {"name": "Tech"}, {"name": "Media"}, {"name": "Trading Ideas"}, {"name": "General"}], "stocks": [{"name": "FB"}, {"name": "MSFT"}, {"name": "SNE"}, {"name": "SSNLF"}], "tags": [{"name": "Andrew House"}, {"name": "Ben Gilbert"}, {"name": "Business Insider"}, {"name": "Financial Times"}, {"name": "Phil Spencer"}, {"name": "PlayStation 4"}, {"name": "Xbox One"}]}, {"id": 8160070, "author": "Benzinga", "created": "Tue, 28 Jun 2016 10:58:13 -0400", "updated": "Tue, 28 Jun 2016 10:58:13 -0400", "title": "Verizon Tells FCC It Reached A 'Grand Bargain' With INCOMPAS", "teaser": "", "body": "", "url": "https://www.benzinga.com/node/8160070", "image": [], "channels": [{"name": "Analyst Color"}, {"name": "Long Ideas"}, {"name": "News"}, {"name": "Reiteration"}, {"name": "Legal"}, {"name": "Analyst Ratings"}, {"name": "Tech"}, {"name": "Trading Ideas"}], "stocks": [{"name": "VZ"}], "tags": [{"name": "Citi"}, {"name": "INCOMPAS"}, {"name": "Michael Rollins"}]}, {"id": 8157893, "author": "Benzinga", "created": "Tue, 28 Jun 2016 11:01:05 -0400", "updated": "Tue, 28 Jun 2016 11:01:05 -0400", "title": "ABC's 'Sunday Fun & Games' Night Top Ratings In Debut", "teaser": "", "body": "", "url": "https://www.benzinga.com/node/8157893", "image": [], "channels": [{"name": "News"}, {"name": "Events"}, {"name": "Media"}], "stocks": [{"name": "DIS"}], "tags": [{"name": "000 Pyramid"}, {"name": "ABC"}, {"name": "Celebrity Family Feud"}, {"name": "Fun & Games"}, {"name": "Match Game"}, {"name": "The $100"}]}, {"id": 8160640, "author": "Benzinga", "created": "Tue, 28 Jun 2016 12:22:15 -0400", "updated": "Tue, 28 Jun 2016 12:22:15 -0400", "title": "Facebook's Slideshow 'Story' Feature Will Seem Familiar To Snapchat Users", "teaser": "", "body": "", "url": "https://www.benzinga.com/node/8160640", "image": [], "channels": [{"name": "News"}, {"name": "Movers"}, {"name": "Tech"}, {"name": "Media"}, {"name": "Trading Ideas"}, {"name": "General"}], "stocks": [{"name": "AAPL"}, {"name": "FB"}, {"name": "GOOG"}, {"name": "GOOGL"}], "tags": [{"name": "Facebook Slideshow"}]}, {"id": 8161285, "author": "Benzinga", "created": "Tue, 28 Jun 2016 12:59:07 -0400", "updated": "Tue, 28 Jun 2016 12:59:07 -0400", "title": "7 Biggest Mid-Day Losers For Tuesday", "teaser": "", "body": "", "url": "https://www.benzinga.com/node/8161285", "image": [], "channels": [{"name": "News"}, {"name": "Movers & Shakers"}, {"name": "Intraday Update"}, {"name": "Markets"}], "stocks": [{"name": "BW"}, {"name": "CYAD"}, {"name": "DOW"}, {"name": "FCSC"}, {"name": "MDGS"}, {"name": "RGLS"}, {"name": "SCOR"}], "tags": [{"name": "Mid-Day Losers"}, {"name": "Top Losers"}]}, {"id": 8161350, "author": "Benzinga", "created": "Tue, 28 Jun 2016 13:21:41 -0400", "updated": "Tue, 28 Jun 2016 13:21:41 -0400", "title": "5 Market Cap Changes That Might Surprise You", "teaser": "", "body": "", "url": "https://www.benzinga.com/node/8161350", "image": [], "channels": [{"name": "News"}, {"name": "Education"}, {"name": "Topics"}, {"name": "Movers"}, {"name": "General"}], "stocks": [{"name": "AAPL"}, {"name": "CVX"}, {"name": "DIS"}, {"name": "HD"}, {"name": "INTC"}, {"name": "JPM"}, {"name": "KO"}, {"name": "PEP"}, {"name": "PG"}, {"name": "VZ"}, {"name": "WMT"}], "tags": [{"name": "Brexit"}]}, {"id": 8161272, "author": "Benzinga", "created": "Tue, 28 Jun 2016 14:04:55 -0400", "updated": "Tue, 28 Jun 2016 14:04:55 -0400", "title": "StubHub Takes Yankees Ticket Resell Business From Ticketmaster", "teaser": "", "body": "", "url": "https://www.benzinga.com/node/8161272", "image": [], "channels": [{"name": "News"}, {"name": "Contracts"}, {"name": "Sports"}, {"name": "Media"}, {"name": "Trading Ideas"}, {"name": "General"}], "stocks": [{"name": "DIS"}, {"name": "EBAY"}], "tags": [{"name": "AM New York"}, {"name": "ESPN"}, {"name": "MLB"}, {"name": "Reuters"}, {"name": "StubHub"}, {"name": "Ticketmaster"}, {"name": "Yankees Tickets"}]}, {"id": 8161537, "author": "Benzinga", "created": "Tue, 28 Jun 2016 14:39:26 -0400", "updated": "Tue, 28 Jun 2016 14:39:26 -0400", "title": "Apple PC Customers Feeling Woefully Neglected", "teaser": "", "body": "", "url": "https://www.benzinga.com/node/8161537", "image": [], "channels": [{"name": "News"}, {"name": "Rumors"}, {"name": "Tech"}, {"name": "Media"}, {"name": "Trading Ideas"}], "stocks": [{"name": "AAPL"}, {"name": "AKCPF"}, {"name": "HPQ"}, {"name": "LNVGY"}], "tags": [{"name": "Apple Computers"}, {"name": "Mac Desktops"}, {"name": "macbook air"}, {"name": "MacBook Pro"}, {"name": "Quartz"}]}, {"id": 8162043, "author": "Benzinga", "created": "Tue, 28 Jun 2016 15:20:43 -0400", "updated": "Tue, 28 Jun 2016 15:21:18 -0400", "title": "Earnings: How's NKE Faring in the Competitive Sports Gear Market?", "teaser": "", "body": "", "url": "https://www.benzinga.com/node/8162043", "image": [], "channels": [{"name": "Earnings"}, {"name": "News"}, {"name": "Sports"}, {"name": "Markets"}, {"name": "General"}], "stocks": [{"name": "NKE"}, {"name": "UA"}], "tags": []}, {"id": 8161906, "author": "Benzinga", "created": "Tue, 28 Jun 2016 15:51:33 -0400", "updated": "Tue, 28 Jun 2016 15:51:33 -0400", "title": "Speculations Abound, But No One Is Buying Twitter Yet", "teaser": "", "body": "", "url": "https://www.benzinga.com/node/8161906", "image": [], "channels": [{"name": "News"}, {"name": "Rumors"}, {"name": "Tech"}, {"name": "Media"}, {"name": "Trading Ideas"}], "stocks": [{"name": "AAPL"}, {"name": "AMZN"}, {"name": "FB"}, {"name": "GOOG"}, {"name": "GOOGL"}, {"name": "LNKD"}, {"name": "MSFT"}, {"name": "NWSA"}, {"name": "T"}, {"name": "TWTR"}, {"name": "VZ"}], "tags": [{"name": "Instagram"}, {"name": "SnapChat"}, {"name": "Tech Crunch"}, {"name": "Wall Street Gossip"}]}, {"id": 8162076, "author": "Benzinga", "created": "Tue, 28 Jun 2016 16:35:42 -0400", "updated": "Tue, 28 Jun 2016 16:35:43 -0400", "title": "Hillary Clinton Sides With Apple On Smartphone 'Back Door' Issue", "teaser": "", "body": "", "url": "https://www.benzinga.com/node/8162076", "image": [], "channels": [{"name": "News"}, {"name": "Politics"}, {"name": "Legal"}, {"name": "Tech"}, {"name": "General"}], "stocks": [{"name": "AAPL"}], "tags": [{"name": "Hillary Clinton"}, {"name": "iPhone"}, {"name": "smartphone"}]}, {"id": 8161963, "author": "Benzinga", "created": "Tue, 28 Jun 2016 16:42:06 -0400", "updated": "Tue, 28 Jun 2016 16:42:07 -0400", "title": "Snapchat Hits No. 1 In App Store Downloads For May", "teaser": "", "body": "", "url": "https://www.benzinga.com/node/8161963", "image": [], "channels": [{"name": "News"}, {"name": "Tech"}], "stocks": [{"name": "AAPL"}, {"name": "FB"}], "tags": [{"name": "iTunes"}, {"name": "SnapChat"}]}, {"id": 8162430, "author": "Benzinga", "created": "Tue, 28 Jun 2016 16:48:37 -0400", "updated": "Tue, 28 Jun 2016 16:48:37 -0400", "title": "Who Is The Best Paid Banking CEO In America?", "teaser": "", "body": "", "url": "https://www.benzinga.com/node/8162430", "image": [], "channels": [{"name": "Financial Advisors"}, {"name": "News"}, {"name": "Management"}, {"name": "Personal Finance"}], "stocks": [{"name": "BAC"}, {"name": "BK"}, {"name": "C"}, {"name": "COF"}, {"name": "FBC"}, {"name": "ISBC"}, {"name": "JPM"}, {"name": "NTRS"}, {"name": "PNC"}, {"name": "SPGI"}, {"name": "WFC"}], "tags": [{"name": "Alessandro DiNello"}, {"name": "Brian Moynihan"}, {"name": "Frederick Waddell"}, {"name": "Gerald Hassell"}, {"name": "James Dimon"}, {"name": "John Stumpf"}, {"name": "Kevin Cummings"}, {"name": "Michael Corbat"}, {"name": "Richard Fairbank"}, {"name": "S&P Global Market Intelligence"}, {"name": "William Demchak"}]}, {"id": 8162913, "author": "Benzinga", "created": "Tue, 28 Jun 2016 16:55:43 -0400", "updated": "Tue, 28 Jun 2016 16:55:43 -0400", "title": "4 Stocks Moving In Tuesday's After-Hours Session: Earnings, Buybacks & FDA Setbacks", "teaser": "", "body": "", "url": "https://www.benzinga.com/node/8162913", "image": [], "channels": [{"name": "Earnings"}, {"name": "News"}, {"name": "Guidance"}, {"name": "Buybacks"}, {"name": "FDA"}, {"name": "After-Hours Center"}, {"name": "Movers"}], "stocks": [{"name": "AVAV"}, {"name": "CAMP"}, {"name": "ESPR"}, {"name": "NKE"}], "tags": []}, {"id": 8163203, "author": "Benzinga", "created": "Tue, 28 Jun 2016 17:32:51 -0400", "updated": "Tue, 28 Jun 2016 17:32:51 -0400", "title": "Tesla Is Talking With Sheetz About Putting Chargers In Stores", "teaser": "", "body": "", "url": "https://www.benzinga.com/node/8163203", "image": [], "channels": [{"name": "News"}, {"name": "Rumors"}, {"name": "Tech"}, {"name": "Media"}], "stocks": [{"name": "TSLA"}, {"name": "WMT"}], "tags": [{"name": "Sheetz"}]}, {"id": 8163270, "author": "Benzinga", "created": "Tue, 28 Jun 2016 17:50:15 -0400", "updated": "Tue, 28 Jun 2016 17:50:15 -0400", "title": "ICYMI: Dow Chemical To Cut Jobs As Result Of Dow Corning Deal", "teaser": "", "body": "", "url": "https://www.benzinga.com/node/8163270", "image": [], "channels": [{"name": "News"}], "stocks": [{"name": "DD"}, {"name": "DOW"}, {"name": "GLW"}], "tags": []}, {"id": 8163286, "author": "Benzinga", "created": "Tue, 28 Jun 2016 17:58:26 -0400", "updated": "Tue, 28 Jun 2016 17:58:27 -0400", "title": "BofA Cuts Estimates, Targets On Goldman, Morgan Stanley Amid Brexit", "teaser": "", "body": "", "url": "https://www.benzinga.com/node/8163286", "image": [], "channels": [{"name": "Analyst Color"}, {"name": "News"}, {"name": "Price Target"}, {"name": "Analyst Ratings"}], "stocks": [{"name": "GS"}, {"name": "MS"}, {"name": "XLF"}], "tags": []}, {"id": 8163296, "author": "Benzinga", "created": "Tue, 28 Jun 2016 18:10:27 -0400", "updated": "Tue, 28 Jun 2016 18:11:20 -0400", "title": "Nike's Q4 Earnings: Despite Growth, Currency Headwinds Remain An Issue", "teaser": "", "body": "", "url": "https://www.benzinga.com/node/8163296", "image": [], "channels": [{"name": "Earnings"}, {"name": "News"}, {"name": "Guidance"}, {"name": "After-Hours Center"}], "stocks": [{"name": "NKE"}], "tags": [{"name": "Jordan brand"}, {"name": "LeBron James"}]}]