[{"id": 6162795, "author": "Benzinga", "created": "Sat, 23 Jan 2016 12:49:05 -0400", "updated": "Sat, 23 Jan 2016 12:49:53 -0400", "title": "Comcast's NBC Eyes Expansion Of Dick Wolf's 'Chicago' Franchise With 'Chicago Law'", "teaser": "", "body": "", "url": "https://www.benzinga.com/node/6162795", "image": [], "channels": [{"name": "News"}, {"name": "Events"}, {"name": "Tech"}], "stocks": [{"name": "CBS"}, {"name": "CMCSA"}, {"name": "DIS"}], "tags": []}, {"id": 6164459, "author": "Benzinga", "created": "Sat, 23 Jan 2016 16:57:23 -0400", "updated": "Sat, 23 Jan 2016 16:57:23 -0400", "title": "Amgen's Vectibix, Best Supportive Care Improves Overall Survival vs BSC In Chemorefractory KRAS, RAS Wild-Type mCRC", "teaser": "", "body": "", "url": "https://www.benzinga.com/node/6164459", "image": [], "channels": [{"name": "News"}, {"name": "Press Releases"}], "stocks": [{"name": "AMGN"}], "tags": []}]