[{"id": 8769356, "author": "Benzinga", "created": "Mon, 05 Dec 2016 08:58:20 -0400", "updated": "Mon, 05 Dec 2016 08:58:20 -0400", "title": "A Peek Into The Markets: U.S. Stock Futures Gain After Italian Vote Result", "teaser": "", "body": "", "url": "https://www.benzinga.com/node/8769356", "image": [], "channels": [{"name": "News"}, {"name": "Eurozone"}, {"name": "Futures"}, {"name": "Global"}, {"name": "Pre-Market Outlook"}, {"name": "Markets"}], "stocks": [{"name": "BURBY"}, {"name": "CNSL"}, {"name": "COH"}, {"name": "FRP"}, {"name": "P"}, {"name": "SIRI"}, {"name": "V"}], "tags": [{"name": "A Peek Into The Markets"}, {"name": "Guggenheim"}, {"name": "U.S. stock futures"}]}, {"id": 8769462, "author": "Benzinga", "created": "Mon, 05 Dec 2016 10:00:52 -0400", "updated": "Mon, 05 Dec 2016 10:00:53 -0400", "title": "The Market In 5 Minutes: Gold's New Market, Dakota Pipeline And A Nike Upgrade", "teaser": "", "body": "", "url": "https://www.benzinga.com/node/8769462", "image": [], "channels": [{"name": "News"}, {"name": "Global"}, {"name": "Top Stories"}, {"name": "Markets"}], "stocks": [{"name": "BURBY"}, {"name": "CNSL"}, {"name": "COH"}, {"name": "COST"}, {"name": "FRP"}, {"name": "GS"}, {"name": "KGC"}, {"name": "LULU"}, {"name": "MDCO"}, {"name": "MRVL"}, {"name": "MS"}, {"name": "NEM"}, {"name": "NKE"}, {"name": "SNE"}, {"name": "SPY"}, {"name": "TIME"}, {"name": "TLRD"}, {"name": "USO"}, {"name": "V"}], "tags": [{"name": "the market in 5 minutes"}]}, {"id": 8770608, "author": "Benzinga", "created": "Mon, 05 Dec 2016 11:43:11 -0400", "updated": "Mon, 05 Dec 2016 11:43:13 -0400", "title": "Holiday Shopping and Retail Sector Impact", "teaser": "", "body": "", "url": "https://www.benzinga.com/node/8770608", "image": [], "channels": [{"name": "News"}, {"name": "Retail Sales"}, {"name": "Econ #s"}, {"name": "Markets"}, {"name": "Tech"}], "stocks": [{"name": "AAPL"}, {"name": "AMZN"}, {"name": "BABA"}, {"name": "BAC"}, {"name": "BBY"}, {"name": "CLF"}, {"name": "DIS"}, {"name": "DRYS"}, {"name": "FB"}, {"name": "FCX"}, {"name": "GOOGL"}, {"name": "GPRO"}, {"name": "HD"}, {"name": "M"}, {"name": "NFLX"}, {"name": "TGT"}, {"name": "WMT"}, {"name": "X"}], "tags": [{"name": "Consumer Discretionary"}, {"name": "Department Stores"}, {"name": "The Ticker Tape"}]}, {"id": 8770098, "author": "Benzinga", "created": "Mon, 05 Dec 2016 12:13:36 -0400", "updated": "Mon, 05 Dec 2016 12:13:37 -0400", "title": "Chipmakers Trading High During Indian Conference", "teaser": "", "body": "", "url": "https://www.benzinga.com/node/8770098", "image": [], "channels": [{"name": "News"}, {"name": "Events"}, {"name": "Movers"}, {"name": "Tech"}, {"name": "Trading Ideas"}], "stocks": [{"name": "AMD"}, {"name": "INTC"}, {"name": "NVDA"}], "tags": [{"name": "Emerging Companies Summit GTCx India"}, {"name": "GPU Technology Conference"}]}, {"id": 8754813, "author": "Benzinga", "created": "Mon, 05 Dec 2016 12:59:38 -0400", "updated": "Mon, 05 Dec 2016 12:59:38 -0400", "title": "4 Ways To Make Quick Cash With These Tech Companies", "teaser": "", "body": "", "url": "https://www.benzinga.com/node/8754813", "image": [], "channels": [{"name": "News"}, {"name": "Topics"}, {"name": "Crowdsourcing"}, {"name": "Be Your Own Boss"}, {"name": "Startups"}, {"name": "Tech"}, {"name": "Personal Finance"}, {"name": "General"}], "stocks": [{"name": "AAPL"}, {"name": "AMZN"}, {"name": "AXP"}, {"name": "DFS"}, {"name": "EBAY"}, {"name": "GOO"}, {"name": "GOOG"}, {"name": "GOOGL"}, {"name": "LC"}, {"name": "MA"}, {"name": "PYPL"}, {"name": "V"}], "tags": [{"name": "PawnGuru"}]}, {"id": 8770818, "author": "Benzinga", "created": "Mon, 05 Dec 2016 13:16:44 -0400", "updated": "Mon, 05 Dec 2016 13:16:45 -0400", "title": "What Is The ASH Conference And Why Should Biotech Investors Care?", "teaser": "", "body": "", "url": "https://www.benzinga.com/node/8770818", "image": [], "channels": [{"name": "Biotech"}, {"name": "News"}, {"name": "Education"}, {"name": "Health Care"}, {"name": "Events"}, {"name": "Movers"}, {"name": "Trading Ideas"}, {"name": "General"}], "stocks": [{"name": "AGIO"}, {"name": "ALXN"}, {"name": "AMGN"}, {"name": "BLUE"}, {"name": "CELG"}, {"name": "DVAX"}, {"name": "EXEL"}, {"name": "INCY"}, {"name": "KITE"}, {"name": "MNTA"}, {"name": "SGEN"}, {"name": "XLRN"}], "tags": [{"name": "American Society of Hematology"}, {"name": "JPMorgan"}]}, {"id": 8770582, "author": "Benzinga", "created": "Mon, 05 Dec 2016 13:24:23 -0400", "updated": "Mon, 05 Dec 2016 13:24:24 -0400", "title": "Cowen Remains Bullish On Costco Despite A Lack Of Substantial Catalyst", "teaser": "", "body": "", "url": "https://www.benzinga.com/node/8770582", "image": [], "channels": [{"name": "Analyst Color"}, {"name": "Earnings"}, {"name": "Long Ideas"}, {"name": "News"}, {"name": "Price Target"}, {"name": "Reiteration"}, {"name": "Analyst Ratings"}, {"name": "Trading Ideas"}], "stocks": [{"name": "AMZN"}, {"name": "COST"}, {"name": "V"}], "tags": [{"name": "Cowen"}, {"name": "Oliver Chen"}]}, {"id": 8771490, "author": "Benzinga", "created": "Mon, 05 Dec 2016 15:39:37 -0400", "updated": "Mon, 05 Dec 2016 15:39:38 -0400", "title": "What We Know About Soon-To-Be Starbucks CEO Kevin Johnson", "teaser": "", "body": "", "url": "https://www.benzinga.com/node/8771490", "image": [], "channels": [{"name": "News"}, {"name": "Restaurants"}, {"name": "Management"}, {"name": "Movers"}, {"name": "General"}], "stocks": [{"name": "IBM"}, {"name": "JNPR"}, {"name": "MSFT"}, {"name": "SBUX"}, {"name": "YHOO"}], "tags": [{"name": "Howard Shultz"}, {"name": "Kevin Johnson"}, {"name": "Troy Alstead"}]}, {"id": 8771691, "author": "Benzinga", "created": "Mon, 05 Dec 2016 16:20:32 -0400", "updated": "Mon, 05 Dec 2016 16:20:33 -0400", "title": "HSBC Is Bullish On Goldman Sachs, Neutral On Morgan Stanley", "teaser": "", "body": "", "url": "https://www.benzinga.com/node/8771691", "image": [], "channels": [{"name": "Analyst Color"}, {"name": "Long Ideas"}, {"name": "News"}, {"name": "Price Target"}, {"name": "Initiation"}, {"name": "Analyst Ratings"}, {"name": "Movers"}, {"name": "Trading Ideas"}], "stocks": [{"name": "GS"}, {"name": "MS"}], "tags": [{"name": "HSBC"}]}, {"id": 8772231, "author": "Benzinga", "created": "Mon, 05 Dec 2016 17:18:17 -0400", "updated": "Mon, 05 Dec 2016 17:18:17 -0400", "title": "Possible Outcomes For The EU's Ruling On Microsoft/LinkedIn Deal", "teaser": "", "body": "", "url": "https://www.benzinga.com/node/8772231", "image": [], "channels": [{"name": "News"}, {"name": "Eurozone"}, {"name": "Previews"}, {"name": "Events"}, {"name": "Global"}, {"name": "Markets"}, {"name": "Movers"}, {"name": "Tech"}, {"name": "Trading Ideas"}], "stocks": [{"name": "CRM"}, {"name": "LNKD"}, {"name": "MSFT"}], "tags": [{"name": "New York Times"}, {"name": "Reuters"}]}]