[{"id": 7789025, "author": "Benzinga", "created": "Fri, 01 Apr 2016 09:31:11 -0400", "updated": "Fri, 01 Apr 2016 09:31:11 -0400", "title": "Apple Users Around The World Are 'Remarkably Similar'", "teaser": "", "body": "", "url": "https://www.benzinga.com/node/7789025", "image": [], "channels": [{"name": "Analyst Color"}, {"name": "News"}, {"name": "Analyst Ratings"}, {"name": "Tech"}], "stocks": [{"name": "AAPL"}], "tags": []}, {"id": 7789480, "author": "Benzinga", "created": "Fri, 01 Apr 2016 10:32:08 -0400", "updated": "Fri, 01 Apr 2016 10:32:08 -0400", "title": "Top Performing Industries For April 1, 2016", "teaser": "", "body": "", "url": "https://www.benzinga.com/node/7789480", "image": [], "channels": [{"name": "News"}, {"name": "Intraday Update"}, {"name": "Markets"}, {"name": "Movers"}], "stocks": [{"name": "ACPW"}, {"name": "DDE"}, {"name": "UCP"}, {"name": "WBA"}], "tags": [{"name": "Top Performing Industries"}]}, {"id": 7788957, "author": "Benzinga", "created": "Fri, 01 Apr 2016 10:46:12 -0400", "updated": "Fri, 01 Apr 2016 10:46:12 -0400", "title": "The Market In 5 Minutes: April Fool's Day!", "teaser": "", "body": "", "url": "https://www.benzinga.com/node/7788957", "image": [], "channels": [{"name": "News"}, {"name": "Events"}, {"name": "Global"}, {"name": "Top Stories"}], "stocks": [{"name": "AAPL"}, {"name": "AMZN"}, {"name": "BBRY"}, {"name": "CBS"}, {"name": "FB"}, {"name": "FCS"}, {"name": "GE"}, {"name": "GOOG"}, {"name": "HOT"}, {"name": "JCOM"}, {"name": "MAR"}, {"name": "MSFT"}, {"name": "NFLX"}, {"name": "TERP"}, {"name": "TSLA"}, {"name": "VIAB"}], "tags": [{"name": "the market in 5 minutes"}]}, {"id": 7790595, "author": "Benzinga", "created": "Fri, 01 Apr 2016 14:06:07 -0400", "updated": "Fri, 01 Apr 2016 14:06:07 -0400", "title": "Nike Finds Support After Earnings Sell Off", "teaser": "", "body": "", "url": "https://www.benzinga.com/node/7790595", "image": [], "channels": [{"name": "News"}, {"name": "Technicals"}, {"name": "Movers & Shakers"}, {"name": "Intraday Update"}, {"name": "Movers"}, {"name": "Trading Ideas"}, {"name": "General"}], "stocks": [{"name": "NKE"}], "tags": []}, {"id": 7789899, "author": "Benzinga", "created": "Fri, 01 Apr 2016 14:37:38 -0400", "updated": "Fri, 01 Apr 2016 14:37:38 -0400", "title": "The Landscape Is Changing For Credit Card Companies: How To Invest In It", "teaser": "", "body": "", "url": "https://www.benzinga.com/node/7789899", "image": [], "channels": [{"name": "Analyst Color"}, {"name": "Long Ideas"}, {"name": "News"}, {"name": "Top Stories"}, {"name": "Economics"}, {"name": "Analyst Ratings"}, {"name": "Trading Ideas"}], "stocks": [{"name": "AXP"}, {"name": "COF"}, {"name": "DFS"}, {"name": "SYF"}], "tags": [{"name": "credit"}, {"name": "credit cards"}, {"name": "CreditCards.com"}, {"name": "JPMorgan"}, {"name": "Richard Shane"}]}, {"id": 7791949, "author": "Benzinga", "created": "Fri, 01 Apr 2016 16:43:40 -0400", "updated": "Fri, 01 Apr 2016 16:43:40 -0400", "title": "The Stocks That Moved The S&P, Dow And Nasdaq Today", "teaser": "", "body": "", "url": "https://www.benzinga.com/node/7791949", "image": [], "channels": [{"name": "News"}, {"name": "After-Hours Center"}, {"name": "Movers"}], "stocks": [{"name": "AXP"}, {"name": "CHK"}, {"name": "CVX"}, {"name": "GS"}, {"name": "MAR"}, {"name": "MU"}, {"name": "PFE"}, {"name": "REGN"}, {"name": "RIG"}, {"name": "STX"}, {"name": "URBN"}, {"name": "WBA"}], "tags": []}]