[{"id": 8752410, "author": "Benzinga", "created": "Wed, 30 Nov 2016 08:47:26 -0400", "updated": "Wed, 30 Nov 2016 08:47:26 -0400", "title": "A Peek Into The Markets: U.S. Stock Futures Rise; Crude Oil Up Over 7%", "teaser": "", "body": "", "url": "https://www.benzinga.com/node/8752410", "image": [], "channels": [{"name": "Earnings"}, {"name": "News"}, {"name": "Eurozone"}, {"name": "Futures"}, {"name": "Global"}, {"name": "Pre-Market Outlook"}, {"name": "Markets"}], "stocks": [{"name": "ADSK"}, {"name": "GPRO"}, {"name": "GS"}, {"name": "SPLK"}, {"name": "ZAYO"}], "tags": [{"name": "A Peek Into The Markets"}, {"name": "Deutsche Bank"}, {"name": "OPEC Meeting"}, {"name": "U.S. stock futures"}]}, {"id": 8752452, "author": "Benzinga", "created": "Wed, 30 Nov 2016 09:20:44 -0400", "updated": "Wed, 30 Nov 2016 09:20:44 -0400", "title": "Goldman Is 'Well Positioned For Stronger Macro Environment'; Deutsche Bank Upgrades To Buy", "teaser": "", "body": "", "url": "https://www.benzinga.com/node/8752452", "image": [], "channels": [{"name": "Analyst Color"}, {"name": "Long Ideas"}, {"name": "News"}, {"name": "Upgrades"}, {"name": "Price Target"}, {"name": "Analyst Ratings"}, {"name": "Movers"}, {"name": "Trading Ideas"}], "stocks": [{"name": "GS"}], "tags": [{"name": "Deutsche Bank"}, {"name": "Matt O'Connor"}]}, {"id": 8752439, "author": "Benzinga", "created": "Wed, 30 Nov 2016 09:28:50 -0400", "updated": "Wed, 30 Nov 2016 09:28:51 -0400", "title": "Deutsche Bank On U.S. Big Banks: Boosted Estimates And Price Targets", "teaser": "", "body": "", "url": "https://www.benzinga.com/node/8752439", "image": [], "channels": [{"name": "Analyst Color"}, {"name": "News"}, {"name": "Upgrades"}, {"name": "Price Target"}, {"name": "Analyst Ratings"}], "stocks": [{"name": "BAC"}, {"name": "C"}, {"name": "GS"}, {"name": "JPM"}, {"name": "MS"}, {"name": "WFC"}], "tags": [{"name": "Deutsche Bank"}, {"name": "Joe LaVorgna"}, {"name": "Matt O'Connor"}]}, {"id": 8752163, "author": "Benzinga", "created": "Wed, 30 Nov 2016 10:05:00 -0400", "updated": "Wed, 30 Nov 2016 10:05:00 -0400", "title": "The Market In 5 Minutes: OPEC, Earnings And Trump's Cabinet", "teaser": "", "body": "", "url": "https://www.benzinga.com/node/8752163", "image": [], "channels": [{"name": "News"}, {"name": "Global"}, {"name": "Top Stories"}, {"name": "Markets"}], "stocks": [{"name": "ABUS"}, {"name": "ADSK"}, {"name": "AEO"}, {"name": "ARWR"}, {"name": "FFIV"}, {"name": "GS"}, {"name": "GWRE"}, {"name": "LNEGY"}, {"name": "NTNX"}, {"name": "PX"}, {"name": "SFLY"}, {"name": "SPLK"}, {"name": "SPY"}, {"name": "UNH"}, {"name": "USO"}, {"name": "WGL"}], "tags": [{"name": "the market in 5 minutes"}]}, {"id": 8753524, "author": "Benzinga", "created": "Wed, 30 Nov 2016 11:14:46 -0400", "updated": "Wed, 30 Nov 2016 11:14:48 -0400", "title": "Oil Blowout Fuels Early Gains As Hopes Rise For OPEC Deal; Energy Sector Jumps", "teaser": "", "body": "", "url": "https://www.benzinga.com/node/8753524", "image": [], "channels": [{"name": "Analyst Color"}, {"name": "News"}, {"name": "Eurozone"}, {"name": "Commodities"}, {"name": "Econ #s"}, {"name": "Economics"}, {"name": "Markets"}, {"name": "Real Estate"}], "stocks": [{"name": "CAT"}, {"name": "DE"}], "tags": [{"name": "The Ticker Tape"}]}, {"id": 8753525, "author": "Benzinga", "created": "Wed, 30 Nov 2016 11:15:00 -0400", "updated": "Wed, 30 Nov 2016 11:15:01 -0400", "title": "Stocks Hitting 52-Week Highs", "teaser": "", "body": "", "url": "https://www.benzinga.com/node/8753525", "image": [], "channels": [{"name": "News"}, {"name": "Intraday Update"}, {"name": "Markets"}, {"name": "Movers"}], "stocks": [{"name": "CVX"}, {"name": "DVN"}, {"name": "GS"}, {"name": "JBHT"}], "tags": [{"name": "52 Week Highs"}, {"name": "52-Week Highs"}]}, {"id": 8753253, "author": "Benzinga", "created": "Wed, 30 Nov 2016 12:07:49 -0400", "updated": "Wed, 30 Nov 2016 12:07:49 -0400", "title": "Trump Tower Casting A Shadow On Surrounding Businesses Due To Security Issues, Protests", "teaser": "", "body": "", "url": "https://www.benzinga.com/node/8753253", "image": [], "channels": [{"name": "News"}, {"name": "Politics"}, {"name": "Topics"}, {"name": "Trading Ideas"}, {"name": "General"}], "stocks": [{"name": "NKE"}, {"name": "RL"}, {"name": "SBUX"}, {"name": "TIF"}], "tags": [{"name": "DNAinfo"}, {"name": "Donald Trump"}, {"name": "Not My President"}, {"name": "protests"}, {"name": "Trump Towers"}]}, {"id": 8754407, "author": "Benzinga", "created": "Wed, 30 Nov 2016 13:41:58 -0400", "updated": "Wed, 30 Nov 2016 13:41:59 -0400", "title": "18 Biggest Mid-Day Gainers For Wednesday", "teaser": "", "body": "", "url": "https://www.benzinga.com/node/8754407", "image": [], "channels": [{"name": "News"}, {"name": "Intraday Update"}, {"name": "Markets"}, {"name": "Movers"}], "stocks": [{"name": "ABUS"}, {"name": "ATW"}, {"name": "CE"}, {"name": "CLR"}, {"name": "CRC"}, {"name": "CSBR"}, {"name": "DNR"}, {"name": "DVN"}, {"name": "FMSA"}, {"name": "GPRO"}, {"name": "GS"}, {"name": "NE"}, {"name": "OAS"}, {"name": "SCON"}, {"name": "SMCI"}, {"name": "SN"}, {"name": "SPLK"}, {"name": "WFT"}], "tags": [{"name": "Mid-Day Gainers"}, {"name": "Top Gainers"}]}, {"id": 8754498, "author": "Benzinga", "created": "Wed, 30 Nov 2016 16:55:20 -0400", "updated": "Wed, 30 Nov 2016 16:55:20 -0400", "title": "What Streaming Services Have The Best Offline Offerings?", "teaser": "", "body": "", "url": "https://www.benzinga.com/node/8754498", "image": [], "channels": [{"name": "News"}, {"name": "Tech"}, {"name": "Trading Ideas"}, {"name": "General"}], "stocks": [{"name": "AAPL"}, {"name": "AMZN"}, {"name": "NFLX"}, {"name": "P"}], "tags": [{"name": "Amazon Prime"}, {"name": "Hulu"}, {"name": "iTunes"}, {"name": "Spotify"}, {"name": "Spotify Premium"}, {"name": "Tidal"}]}]