[{"id": 8311174, "author": "Benzinga", "created": "Fri, 05 Aug 2016 03:16:15 -0400", "updated": "Fri, 05 Aug 2016 03:16:15 -0400", "title": "Watch These 7 Huge Put Purchases In Friday Trade", "teaser": "", "body": "", "url": "https://www.benzinga.com/node/8311174", "image": [], "channels": [{"name": "News"}, {"name": "Options"}, {"name": "Markets"}], "stocks": [{"name": "CERN"}, {"name": "EXEL"}, {"name": "FIT"}, {"name": "JCP"}, {"name": "NKE"}, {"name": "QVCA"}, {"name": "SRPT"}], "tags": [{"name": "Huge Put Purchases"}]}, {"id": 8310914, "author": "Benzinga", "created": "Fri, 05 Aug 2016 06:32:57 -0400", "updated": "Fri, 05 Aug 2016 06:32:57 -0400", "title": "ABC Renews Successful Summer Game Show Block", "teaser": "", "body": "", "url": "https://www.benzinga.com/node/8310914", "image": [], "channels": [{"name": "News"}, {"name": "Media"}], "stocks": [{"name": "DIS"}], "tags": [{"name": "ABC"}, {"name": "Sunday Fun & Games"}]}, {"id": 8311883, "author": "Benzinga", "created": "Fri, 05 Aug 2016 08:55:29 -0400", "updated": "Fri, 05 Aug 2016 08:55:29 -0400", "title": "The Market In 5 Minutes: Blowout Jobs Report Pushes Markets Higher", "teaser": "", "body": "", "url": "https://www.benzinga.com/node/8311883", "image": [], "channels": [{"name": "News"}, {"name": "Global"}, {"name": "Top Stories"}, {"name": "Pre-Market Outlook"}, {"name": "Markets"}], "stocks": [{"name": "AMZN"}, {"name": "ATVI"}, {"name": "BMY"}, {"name": "CLVS"}, {"name": "COH"}, {"name": "CTSH"}, {"name": "DD"}, {"name": "DOW"}, {"name": "FEYE"}, {"name": "LZB"}, {"name": "MRK"}, {"name": "PCLN"}, {"name": "RAX"}, {"name": "REGN"}, {"name": "SPY"}, {"name": "TASR"}, {"name": "TTWO"}, {"name": "X"}], "tags": [{"name": "the market in 5 minutes"}]}, {"id": 8312389, "author": "Benzinga", "created": "Fri, 05 Aug 2016 09:03:02 -0400", "updated": "Fri, 05 Aug 2016 09:03:02 -0400", "title": "Bristol's Opdivo Misses Endpoint In Late-Stage Trial; Merck Rallies Sharply Amid Keytruda Potential", "teaser": "", "body": "", "url": "https://www.benzinga.com/node/8312389", "image": [], "channels": [{"name": "News"}, {"name": "Health Care"}, {"name": "FDA"}, {"name": "Movers"}, {"name": "General"}], "stocks": [{"name": "BMY"}, {"name": "MRK"}], "tags": []}, {"id": 8308026, "author": "Benzinga", "created": "Fri, 05 Aug 2016 09:30:45 -0400", "updated": "Fri, 05 Aug 2016 09:30:45 -0400", "title": "In A Spectacular Breakthrough, IBM Creates First Artificial Neuron Ever", "teaser": "", "body": "", "url": "https://www.benzinga.com/node/8308026", "image": [], "channels": [{"name": "Biotech"}, {"name": "News"}, {"name": "Events"}, {"name": "Top Stories"}, {"name": "Tech"}, {"name": "General"}], "stocks": [{"name": "IBM"}, {"name": "MU"}, {"name": "SSNLF"}], "tags": [{"name": "artificial neuron"}, {"name": "Avaneesh Pandey"}, {"name": "cognitive computers"}, {"name": "Evangelos Elftheriou"}, {"name": "germanium antimony telluride"}, {"name": "neurons"}, {"name": "PCM"}, {"name": "phase-changing material"}]}, {"id": 8312971, "author": "Benzinga", "created": "Fri, 05 Aug 2016 10:14:50 -0400", "updated": "Fri, 05 Aug 2016 10:14:50 -0400", "title": "Stocks Hitting 52-Week Highs", "teaser": "", "body": "", "url": "https://www.benzinga.com/node/8312971", "image": [], "channels": [{"name": "News"}, {"name": "Intraday Update"}, {"name": "Markets"}, {"name": "Movers"}], "stocks": [{"name": "ACXM"}, {"name": "BMY"}, {"name": "MRK"}, {"name": "MTZ"}, {"name": "NUS"}], "tags": [{"name": "52 Week Highs"}, {"name": "52-Week Highs"}]}, {"id": 8313109, "author": "Benzinga", "created": "Fri, 05 Aug 2016 10:31:59 -0400", "updated": "Fri, 05 Aug 2016 10:32:00 -0400", "title": "Benzinga's Volume Movers", "teaser": "", "body": "", "url": "https://www.benzinga.com/node/8313109", "image": [], "channels": [{"name": "News"}, {"name": "Intraday Update"}, {"name": "Markets"}, {"name": "Movers"}], "stocks": [{"name": "BMY"}, {"name": "CTRL"}, {"name": "MRK"}, {"name": "RAX"}, {"name": "SAEX"}], "tags": [{"name": "volume movers"}]}, {"id": 8313148, "author": "Benzinga", "created": "Fri, 05 Aug 2016 10:39:57 -0400", "updated": "Fri, 05 Aug 2016 10:39:59 -0400", "title": "Another Jobs Report Bonanza: Big July Job Gains Lend Support To Stock Market", "teaser": "", "body": "", "url": "https://www.benzinga.com/node/8313148", "image": [], "channels": [{"name": "News"}, {"name": "Events"}, {"name": "Econ #s"}, {"name": "Economics"}, {"name": "Markets"}, {"name": "General"}], "stocks": [{"name": "JNJ"}, {"name": "PG"}], "tags": []}, {"id": 8313955, "author": "Benzinga", "created": "Fri, 05 Aug 2016 12:43:20 -0400", "updated": "Fri, 05 Aug 2016 12:43:20 -0400", "title": "25 Biggest Mid-Day Gainers For Friday", "teaser": "", "body": "", "url": "https://www.benzinga.com/node/8313955", "image": [], "channels": [{"name": "News"}, {"name": "Intraday Update"}, {"name": "Markets"}, {"name": "Movers"}], "stocks": [{"name": "AAOI"}, {"name": "ACXM"}, {"name": "AHT"}, {"name": "BMY"}, {"name": "CTRL"}, {"name": "EGLT"}, {"name": "FRPT"}, {"name": "KHC"}, {"name": "KTOS"}, {"name": "LGF"}, {"name": "LNTH"}, {"name": "LOCO"}, {"name": "MRK"}, {"name": "MTZ"}, {"name": "NUS"}, {"name": "ONVO"}, {"name": "OVAS"}, {"name": "PACB"}, {"name": "PCLN"}, {"name": "PFMT"}, {"name": "PTCT"}, {"name": "RAX"}, {"name": "SPXC"}, {"name": "SYMC"}, {"name": "UBNT"}, {"name": "WLDN"}], "tags": [{"name": "Consumer Discretionary"}, {"name": "Mid-Day Gainers"}, {"name": "Movies & Entertainment"}]}, {"id": 8314284, "author": "Benzinga", "created": "Fri, 05 Aug 2016 13:49:34 -0400", "updated": "Fri, 05 Aug 2016 13:49:35 -0400", "title": "Notable Stocks Trading Ex-Dividend Monday, August 8", "teaser": "", "body": "", "url": "https://www.benzinga.com/node/8314284", "image": [], "channels": [{"name": "News"}, {"name": "Dividends"}, {"name": "Markets"}, {"name": "Trading Ideas"}], "stocks": [{"name": "AEP"}, {"name": "CAKE"}, {"name": "IBM"}, {"name": "IGT"}, {"name": "MDC"}, {"name": "OLN"}, {"name": "PAG"}, {"name": "PPG"}, {"name": "SONC"}, {"name": "X"}], "tags": [{"name": "Ex-Dividend"}]}, {"id": 8313807, "author": "Benzinga", "created": "Fri, 05 Aug 2016 14:25:35 -0400", "updated": "Fri, 05 Aug 2016 14:25:35 -0400", "title": "Deutsche Downgrades Ligand As Risk/Reward Becomes Challenging", "teaser": "", "body": "", "url": "https://www.benzinga.com/node/8313807", "image": [], "channels": [{"name": "Analyst Color"}, {"name": "Biotech"}, {"name": "Earnings"}, {"name": "News"}, {"name": "Short Ideas"}, {"name": "Downgrades"}, {"name": "Health Care"}, {"name": "Price Target"}, {"name": "Analyst Ratings"}, {"name": "Trading Ideas"}, {"name": "General"}], "stocks": [{"name": "BMY"}, {"name": "JNJ"}, {"name": "LGND"}, {"name": "TKPYY"}], "tags": [{"name": "Baxdla"}, {"name": "Darzalex"}, {"name": "Deutsche Bank"}, {"name": "Emplicity"}, {"name": "Gregg Gilbert"}, {"name": "Kyprolis"}, {"name": "Melinta"}, {"name": "Ninlaro"}, {"name": "Promacta"}]}, {"id": 8314071, "author": "Benzinga", "created": "Fri, 05 Aug 2016 14:30:32 -0400", "updated": "Fri, 05 Aug 2016 14:30:32 -0400", "title": "A Look At Some Of Apple's Recent Patent Filings", "teaser": "", "body": "", "url": "https://www.benzinga.com/node/8314071", "image": [], "channels": [{"name": "News"}, {"name": "Rumors"}, {"name": "Tech"}, {"name": "Media"}], "stocks": [{"name": "AAPL"}, {"name": "FB"}], "tags": [{"name": "iPhone 7"}, {"name": "iPhones"}]}, {"id": 8314357, "author": "Benzinga", "created": "Fri, 05 Aug 2016 15:17:18 -0400", "updated": "Fri, 05 Aug 2016 15:17:18 -0400", "title": "Zynga's Q3 Outlook Could Prove To Be Overly Conservative", "teaser": "", "body": "", "url": "https://www.benzinga.com/node/8314357", "image": [], "channels": [{"name": "Analyst Color"}, {"name": "Earnings"}, {"name": "Long Ideas"}, {"name": "News"}, {"name": "Guidance"}, {"name": "Price Target"}, {"name": "Reiteration"}, {"name": "Analyst Ratings"}, {"name": "Trading Ideas"}], "stocks": [{"name": "AAPL"}, {"name": "ZNGA"}], "tags": [{"name": "Brian Pitz"}, {"name": "Jefferies"}]}, {"id": 8314912, "author": "Benzinga", "created": "Fri, 05 Aug 2016 16:38:44 -0400", "updated": "Fri, 05 Aug 2016 16:38:44 -0400", "title": "News For The Weed-Kend: An Update On Marijuana Business And Policy", "teaser": "", "body": "", "url": "https://www.benzinga.com/node/8314912", "image": [], "channels": [{"name": "Analyst Color"}, {"name": "Biotech"}, {"name": "Long Ideas"}, {"name": "News"}, {"name": "Upgrades"}, {"name": "Health Care"}, {"name": "Financing"}, {"name": "Price Target"}, {"name": "Politics"}, {"name": "Analyst Ratings"}, {"name": "Trading Ideas"}, {"name": "General"}], "stocks": [{"name": "JPM"}, {"name": "SMG"}], "tags": [{"name": "500 Startups"}, {"name": "Baker Technologies Inc."}, {"name": "Base Ventures"}, {"name": "Bonnaroo"}, {"name": "Buddy Media"}, {"name": "cannabis"}, {"name": "Jeffrey Zekauskas"}, {"name": "JPMorgan"}, {"name": "marijuana"}, {"name": "Michael Lazerow"}, {"name": "Outside lands"}, {"name": "Poseidon Asset Mangement"}, {"name": "pot"}, {"name": "Superfly"}, {"name": "techcrunch"}, {"name": "weed"}, {"name": "XG Ventures"}]}]