[{"id": 7755309, "author": "Benzinga", "created": "Thu, 24 Mar 2016 10:38:40 -0400", "updated": "Thu, 24 Mar 2016 10:38:40 -0400", "title": "The Market In 5 Minutes: Thursday, March 24, 2016", "teaser": "", "body": "", "url": "https://www.benzinga.com/node/7755309", "image": [], "channels": [{"name": "News"}, {"name": "Events"}, {"name": "Global"}, {"name": "Top Stories"}], "stocks": [{"name": "AMZN"}, {"name": "BWLD"}, {"name": "CKEC"}, {"name": "DATA"}, {"name": "DIS"}, {"name": "EXC"}, {"name": "GIS"}, {"name": "GOOG"}, {"name": "IAC"}, {"name": "KBH"}, {"name": "MO"}, {"name": "MTCH"}, {"name": "MZN"}, {"name": "ODP"}, {"name": "PM"}, {"name": "POM"}, {"name": "PTLA"}, {"name": "SPLS"}, {"name": "XOM"}, {"name": "YHOO"}], "tags": [{"name": "the market in 5 minutes"}]}, {"id": 7756472, "author": "Benzinga", "created": "Thu, 24 Mar 2016 12:05:36 -0400", "updated": "Thu, 24 Mar 2016 12:09:25 -0400", "title": "Pandora Sale, Rovi-TiVo? 2 M&A Rumors Circling The Street", "teaser": "", "body": "", "url": "https://www.benzinga.com/node/7756472", "image": [], "channels": [{"name": "Analyst Color"}, {"name": "News"}, {"name": "Rumors"}, {"name": "M&A"}, {"name": "Tech"}], "stocks": [{"name": "AAPL"}, {"name": "GOOG"}, {"name": "GOOGL"}, {"name": "MSFT"}, {"name": "P"}, {"name": "ROVI"}, {"name": "TIVO"}], "tags": [{"name": "albert fried"}, {"name": "Anthony J. Vinciquerra"}, {"name": "New York Times"}, {"name": "Rich Tullo"}]}, {"id": 7756866, "author": "Benzinga", "created": "Thu, 24 Mar 2016 15:20:20 -0400", "updated": "Thu, 24 Mar 2016 15:20:21 -0400", "title": "Patent Expert: It's Not Over For Gilead, Still Has Strong Defense Against Merck", "teaser": "", "body": "", "url": "https://www.benzinga.com/node/7756866", "image": [], "channels": [{"name": "Analyst Color"}, {"name": "Biotech"}, {"name": "Long Ideas"}, {"name": "News"}, {"name": "Legal"}, {"name": "Top Stories"}, {"name": "Analyst Ratings"}, {"name": "Trading Ideas"}, {"name": "General"}], "stocks": [{"name": "GILD"}, {"name": "MRK"}], "tags": []}, {"id": 7757559, "author": "Benzinga", "created": "Thu, 24 Mar 2016 15:21:09 -0400", "updated": "Thu, 24 Mar 2016 15:21:10 -0400", "title": "Outerwall Shares Pop Following Report Redbox Will Unveil New Streaming Service", "teaser": "", "body": "", "url": "https://www.benzinga.com/node/7757559", "image": [], "channels": [{"name": "News"}, {"name": "Rumors"}, {"name": "Tech"}], "stocks": [{"name": "NFLX"}, {"name": "OUTR"}, {"name": "VZ"}], "tags": [{"name": "Redbox"}]}, {"id": 7757732, "author": "Benzinga", "created": "Thu, 24 Mar 2016 16:06:47 -0400", "updated": "Thu, 24 Mar 2016 16:06:47 -0400", "title": "Tivo Worth $11 To $15.50 In Takeout, Jefferies Predicts", "teaser": "", "body": "", "url": "https://www.benzinga.com/node/7757732", "image": [], "channels": [{"name": "Analyst Color"}, {"name": "News"}, {"name": "Rumors"}, {"name": "Analyst Ratings"}], "stocks": [{"name": "CMCSA"}, {"name": "DISH"}, {"name": "ROVI"}, {"name": "T"}, {"name": "TIVO"}, {"name": "VZ"}], "tags": []}]