[{"id": 6134753, "author": "Benzinga", "created": "Tue, 12 Jan 2016 08:06:56 -0400", "updated": "Tue, 12 Jan 2016 08:06:56 -0400", "title": "Coty  Confirms Transfer of Ten P&amp;G Fragrance Licenses", "teaser": "", "body": "", "url": "https://www.benzinga.com/node/6134753", "image": [], "channels": [{"name": "News"}, {"name": "Contracts"}, {"name": "Press Releases"}], "stocks": [{"name": "COTY"}, {"name": "COTY"}, {"name": "PG"}], "tags": []}, {"id": 6134024, "author": "Benzinga", "created": "Tue, 12 Jan 2016 08:28:39 -0400", "updated": "Tue, 12 Jan 2016 08:28:39 -0400", "title": "Moving To Momentum With ETFs", "teaser": "", "body": "", "url": "https://www.benzinga.com/node/6134024", "image": [], "channels": [{"name": "Long Ideas"}, {"name": "News"}, {"name": "Broad U.S. Equity ETFs"}, {"name": "Intraday Update"}, {"name": "Markets"}, {"name": "Trading Ideas"}, {"name": "ETFs"}], "stocks": [{"name": "AAPL"}, {"name": "AMZN"}, {"name": "FB"}, {"name": "GILD"}, {"name": "GOOGL"}, {"name": "MTUM"}, {"name": "PCLN"}, {"name": "PDP"}], "tags": []}, {"id": 6134803, "author": "Benzinga", "created": "Tue, 12 Jan 2016 09:18:23 -0400", "updated": "Tue, 12 Jan 2016 09:18:23 -0400", "title": "Is Apple News Helping Apple?", "teaser": "", "body": "", "url": "https://www.benzinga.com/node/6134803", "image": [], "channels": [{"name": "News"}, {"name": "Top Stories"}, {"name": "Markets"}, {"name": "Tech"}], "stocks": [{"name": "AAPL"}, {"name": "FB"}], "tags": []}, {"id": 6135463, "author": "Benzinga", "created": "Tue, 12 Jan 2016 10:17:29 -0400", "updated": "Tue, 12 Jan 2016 10:17:29 -0400", "title": "Elon Musk Thinks It's Pretty Obvious Apple Is Building An Electric Car", "teaser": "", "body": "", "url": "https://www.benzinga.com/node/6135463", "image": [], "channels": [{"name": "News"}, {"name": "Tech"}], "stocks": [{"name": "AAPL"}, {"name": "TSLA"}], "tags": [{"name": "Apple Car"}, {"name": "BBC"}, {"name": "Elon Musk"}, {"name": "Gene Munster"}, {"name": "Piper Jaffray"}, {"name": "Tesla"}]}, {"id": 6135855, "author": "Benzinga", "created": "Tue, 12 Jan 2016 11:18:00 -0400", "updated": "Tue, 12 Jan 2016 11:18:01 -0400", "title": "Autoblog At NAIAS: Apple CarPlay Wins Tech Of The Year, Tesla Wins Car Of The Year", "teaser": "", "body": "", "url": "https://www.benzinga.com/node/6135855", "image": [], "channels": [{"name": "News"}, {"name": "Tech"}], "stocks": [{"name": "AAPL"}, {"name": "TSLA"}], "tags": [{"name": "Adam Morath"}, {"name": "Apple CarPlay"}, {"name": "Autoblog"}, {"name": "Car Awards"}, {"name": "Stephen Rouse"}, {"name": "Tesla Model S O90D"}]}, {"id": 6135755, "author": "Benzinga", "created": "Tue, 12 Jan 2016 11:36:08 -0400", "updated": "Tue, 12 Jan 2016 11:36:08 -0400", "title": "Intel Not Just A PC Company Anymore And Investors Will Benefit, Wedbush Says", "teaser": "", "body": "", "url": "https://www.benzinga.com/node/6135755", "image": [], "channels": [{"name": "News"}, {"name": "Tech"}, {"name": "Trading Ideas"}], "stocks": [{"name": "INTC"}], "tags": []}, {"id": 6136075, "author": "Benzinga", "created": "Tue, 12 Jan 2016 11:56:14 -0400", "updated": "Tue, 12 Jan 2016 11:57:14 -0400", "title": "Apple Is Under-Owned In Hedge Fund Land", "teaser": "", "body": "", "url": "https://www.benzinga.com/node/6136075", "image": [], "channels": [{"name": "Analyst Color"}, {"name": "Long Ideas"}, {"name": "News"}, {"name": "Top Stories"}, {"name": "Intraday Update"}, {"name": "Markets"}, {"name": "Analyst Ratings"}, {"name": "Movers"}, {"name": "Tech"}, {"name": "Trading Ideas"}, {"name": "General"}], "stocks": [{"name": "AAPL"}, {"name": "ADBE"}, {"name": "AMZN"}, {"name": "CRM"}, {"name": "EBAY"}, {"name": "FB"}, {"name": "GOOG"}, {"name": "GOOGL"}, {"name": "HPQ"}, {"name": "MSFT"}], "tags": [{"name": "AAPL"}, {"name": "Apple"}, {"name": "Bank of America"}, {"name": "hedge fund"}]}, {"id": 6136206, "author": "Benzinga", "created": "Tue, 12 Jan 2016 12:20:54 -0400", "updated": "Tue, 12 Jan 2016 12:20:54 -0400", "title": "Report: Airbus Tops Boeing In Plane Orders, Falls Short In Deliveries", "teaser": "", "body": "", "url": "https://www.benzinga.com/node/6136206", "image": [], "channels": [{"name": "News"}], "stocks": [{"name": "BA"}], "tags": [{"name": "Airbus"}, {"name": "Airbus China"}, {"name": "Airplane Deliveries"}, {"name": "Airplane Orders"}, {"name": "airplanes"}, {"name": "Boeing"}, {"name": "Boeing China"}, {"name": "Fabrice Bregier"}]}, {"id": 6136286, "author": "Benzinga", "created": "Tue, 12 Jan 2016 12:36:25 -0400", "updated": "Tue, 12 Jan 2016 12:36:27 -0400", "title": "Stocks Aim Higher After Crude Nears $30 Then Bounces; Earnings Underway", "teaser": "", "body": "", "url": "https://www.benzinga.com/node/6136286", "image": [], "channels": [{"name": "Earnings"}, {"name": "News"}], "stocks": [{"name": "AA"}, {"name": "INTC"}, {"name": "JPM"}, {"name": "LULU"}, {"name": "WFC"}], "tags": [{"name": "Apparel, Accessories & Luxury Goods"}, {"name": "Consumer Discretionary"}]}, {"id": 6136289, "author": "Benzinga", "created": "Tue, 12 Jan 2016 12:56:32 -0400", "updated": "Tue, 12 Jan 2016 12:56:32 -0400", "title": "McDonald's Facing European Antitrust Complaint", "teaser": "", "body": "", "url": "https://www.benzinga.com/node/6136289", "image": [], "channels": [{"name": "News"}, {"name": "Legal"}, {"name": "Global"}], "stocks": [{"name": "MCD"}], "tags": [{"name": "McDonald's"}, {"name": "McDonald's Anti Trust Complaint"}, {"name": "McDonald's Europe"}, {"name": "Wall Street Journal"}]}, {"id": 6136331, "author": "Benzinga", "created": "Tue, 12 Jan 2016 13:07:38 -0400", "updated": "Tue, 12 Jan 2016 13:07:38 -0400", "title": "Nike CEO Joins Disney Board Of Directors: Do Investors Care?", "teaser": "", "body": "", "url": "https://www.benzinga.com/node/6136331", "image": [], "channels": [{"name": "News"}, {"name": "Management"}, {"name": "Intraday Update"}], "stocks": [{"name": "BBRY"}, {"name": "DIS"}, {"name": "FB"}, {"name": "NKE"}, {"name": "TWTR"}], "tags": [{"name": "disney"}, {"name": "Disney Board of Directors"}, {"name": "Jack Dorsey"}, {"name": "john chen"}, {"name": "Mark Parker"}, {"name": "Robert Iger"}, {"name": "Sheryl Sandberg"}]}, {"id": 6137200, "author": "Benzinga", "created": "Tue, 12 Jan 2016 17:14:10 -0400", "updated": "Tue, 12 Jan 2016 17:14:12 -0400", "title": "NFL Wild Card Weekend Earns Big Numbers For Networks", "teaser": "", "body": "", "url": "https://www.benzinga.com/node/6137200", "image": [], "channels": [{"name": "News"}, {"name": "Tech"}, {"name": "Trading Ideas"}], "stocks": [{"name": "CBS"}, {"name": "CMCSA"}, {"name": "DIS"}], "tags": [{"name": "NFL ratings"}, {"name": "NFL Wild Card numbers"}]}, {"id": 6137232, "author": "Benzinga", "created": "Tue, 12 Jan 2016 17:17:02 -0400", "updated": "Tue, 12 Jan 2016 17:25:18 -0400", "title": "'The Revenant' Powers Fox To Big Box Office Win In Heart Of Award Season", "teaser": "", "body": "", "url": "https://www.benzinga.com/node/6137232", "image": [], "channels": [{"name": "Long Ideas"}, {"name": "News"}, {"name": "Movers"}, {"name": "Tech"}, {"name": "Trading Ideas"}], "stocks": [{"name": "DIS"}, {"name": "DWA"}, {"name": "FOXA"}], "tags": [{"name": "Leonardo Dicaprio"}, {"name": "The Revenant"}]}]