[{"id": 7801346, "author": "Benzinga", "created": "Tue, 05 Apr 2016 04:20:10 -0400", "updated": "Tue, 05 Apr 2016 04:20:10 -0400", "title": "Earnings Scheduled For April 5, 2016", "teaser": "", "body": "", "url": "https://www.benzinga.com/node/7801346", "image": [], "channels": [{"name": "Earnings"}, {"name": "News"}, {"name": "Pre-Market Outlook"}, {"name": "Markets"}], "stocks": [{"name": "DRI"}, {"name": "GBX"}, {"name": "ISCA"}, {"name": "MIND"}, {"name": "SHLM"}, {"name": "SPCB"}, {"name": "SVA"}, {"name": "WBA"}], "tags": [{"name": "Earnings schedule"}]}, {"id": 7801394, "author": "Benzinga", "created": "Tue, 05 Apr 2016 05:02:06 -0400", "updated": "Tue, 05 Apr 2016 05:02:06 -0400", "title": "7 Stocks You Should Be Watching Today", "teaser": "", "body": "", "url": "https://www.benzinga.com/node/7801394", "image": [], "channels": [{"name": "Earnings"}, {"name": "News"}, {"name": "Guidance"}, {"name": "Management"}, {"name": "Pre-Market Outlook"}, {"name": "Markets"}, {"name": "Trading Ideas"}], "stocks": [{"name": "DIS"}, {"name": "DRI"}, {"name": "GBX"}, {"name": "ISCA"}, {"name": "NATI"}, {"name": "SHLM"}, {"name": "WBA"}], "tags": [{"name": "Electronic Equipment Manufacturers"}, {"name": "Information Technology"}, {"name": "Stocks To Watch"}, {"name": "Stocks to Watch"}]}, {"id": 7802302, "author": "Benzinga", "created": "Tue, 05 Apr 2016 08:20:50 -0400", "updated": "Tue, 05 Apr 2016 08:20:50 -0400", "title": "10 Stocks Moving In Tuesday's Pre-Market Session", "teaser": "", "body": "", "url": "https://www.benzinga.com/node/7802302", "image": [], "channels": [{"name": "News"}, {"name": "Movers & Shakers"}, {"name": "Pre-Market Outlook"}, {"name": "Markets"}, {"name": "Movers"}], "stocks": [{"name": "CSIQ"}, {"name": "DIS"}, {"name": "GOLD"}, {"name": "ICPT"}, {"name": "NEM"}, {"name": "SPLS"}, {"name": "SWHC"}, {"name": "TSLA"}, {"name": "VTAE"}, {"name": "WBA"}], "tags": [{"name": "#PreMarket Gainers"}, {"name": "#PreMarket Losers"}, {"name": "Top Gainers"}]}, {"id": 7801901, "author": "Benzinga", "created": "Tue, 05 Apr 2016 07:37:31 -0400", "updated": "Tue, 05 Apr 2016 08:37:38 -0400", "title": "Twitter Wins Streaming Rights For NFL's Thursday Night Game", "teaser": "", "body": "", "url": "https://www.benzinga.com/node/7801901", "image": [], "channels": [{"name": "News"}, {"name": "Sports"}, {"name": "Tech"}, {"name": "General"}], "stocks": [{"name": "AMZN"}, {"name": "FB"}, {"name": "TWTR"}, {"name": "VZ"}, {"name": "YHOO"}], "tags": [{"name": "nfl"}, {"name": "Thursday Night Football"}, {"name": "twitter"}, {"name": "Twitter Live Stream NFL"}]}, {"id": 7802422, "author": "Benzinga", "created": "Tue, 05 Apr 2016 09:28:36 -0400", "updated": "Tue, 05 Apr 2016 09:28:36 -0400", "title": "Walgreens Boots Dips 1% Following Q2 Results & 2016 Guidance Update", "teaser": "", "body": "", "url": "https://www.benzinga.com/node/7802422", "image": [], "channels": [{"name": "Earnings"}, {"name": "News"}, {"name": "Guidance"}, {"name": "Trading Ideas"}], "stocks": [{"name": "RAD"}, {"name": "WBA"}], "tags": [{"name": "Pharmacies"}, {"name": "Pharmacy Stocks"}, {"name": "retailers"}, {"name": "Stefano Pessina"}, {"name": "Walgreens Boots"}, {"name": "Walgreens Rite Aid Acquisition"}]}, {"id": 7802453, "author": "Benzinga", "created": "Tue, 05 Apr 2016 09:52:13 -0400", "updated": "Tue, 05 Apr 2016 09:52:13 -0400", "title": "Nomura Analysts Calls Disney COO Departure 'Surprising And Unexpected'", "teaser": "", "body": "", "url": "https://www.benzinga.com/node/7802453", "image": [], "channels": [{"name": "Analyst Color"}, {"name": "News"}, {"name": "Price Target"}, {"name": "Reiteration"}, {"name": "Management"}, {"name": "Analyst Ratings"}, {"name": "Trading Ideas"}], "stocks": [{"name": "DIS"}], "tags": [{"name": "Anthony DiClementi"}, {"name": "Bob Iger"}, {"name": "Nomura"}, {"name": "Tom Staggs"}]}, {"id": 7802913, "author": "Benzinga", "created": "Tue, 05 Apr 2016 10:07:06 -0400", "updated": "Tue, 05 Apr 2016 10:07:07 -0400", "title": "Stocks In Healthcare Benefits Group Lower Amid CMS Decision", "teaser": "", "body": "", "url": "https://www.benzinga.com/node/7802913", "image": [], "channels": [{"name": "Biotech"}, {"name": "News"}, {"name": "Health Care"}, {"name": "Movers"}, {"name": "General"}], "stocks": [{"name": "AET"}, {"name": "ANTM"}, {"name": "CNC"}, {"name": "UNH"}], "tags": [{"name": "Bloomberg"}, {"name": "Healthcare Benefits"}, {"name": "healthcare stocks"}, {"name": "Medicare Advantage"}]}, {"id": 7803175, "author": "Benzinga", "created": "Tue, 05 Apr 2016 10:10:58 -0400", "updated": "Tue, 05 Apr 2016 10:10:58 -0400", "title": "Mid-Morning Market Update: Markets Open Lower; Walgreens Earnings Top Views", "teaser": "", "body": "", "url": "https://www.benzinga.com/node/7803175", "image": [], "channels": [{"name": "Earnings"}, {"name": "News"}, {"name": "Eurozone"}, {"name": "Management"}, {"name": "Global"}, {"name": "Intraday Update"}, {"name": "Markets"}, {"name": "Movers"}], "stocks": [{"name": "AGN"}, {"name": "ELRC"}, {"name": "GBSN"}, {"name": "GDDY"}, {"name": "IBN"}, {"name": "ICPT"}, {"name": "INVT"}, {"name": "MNRO"}, {"name": "MRVL"}, {"name": "WBA"}, {"name": "WFD"}], "tags": [{"name": "Mid-Morning Market Update"}]}, {"id": 7802688, "author": "Benzinga", "created": "Tue, 05 Apr 2016 10:38:04 -0400", "updated": "Tue, 05 Apr 2016 10:38:04 -0400", "title": "The Market In 5 Minutes: Tuesday, April 5, 2016", "teaser": "", "body": "", "url": "https://www.benzinga.com/node/7802688", "image": [], "channels": [{"name": "News"}, {"name": "Global"}, {"name": "Top Stories"}], "stocks": [{"name": "ACN"}, {"name": "AGN"}, {"name": "AZN"}, {"name": "BRCD"}, {"name": "CMG"}, {"name": "DPZ"}, {"name": "GPRO"}, {"name": "GSK"}, {"name": "MCD"}, {"name": "MSFT"}, {"name": "PFE"}, {"name": "RKUS"}, {"name": "TM"}, {"name": "TSLA"}, {"name": "TWTR"}, {"name": "WWE"}], "tags": [{"name": "the market in 5 minutes"}]}, {"id": 7803558, "author": "Benzinga", "created": "Tue, 05 Apr 2016 11:07:55 -0400", "updated": "Tue, 05 Apr 2016 11:07:55 -0400", "title": "Medicare Advantage Rates Changes Better Than Expected: How To Play It", "teaser": "", "body": "", "url": "https://www.benzinga.com/node/7803558", "image": [], "channels": [{"name": "Analyst Color"}, {"name": "News"}, {"name": "Health Care"}, {"name": "Top Stories"}, {"name": "Analyst Ratings"}, {"name": "General"}], "stocks": [{"name": "AET"}, {"name": "ANTM"}, {"name": "CI"}, {"name": "HUM"}, {"name": "UNH"}, {"name": "WCG"}], "tags": []}, {"id": 7803817, "author": "Benzinga", "created": "Tue, 05 Apr 2016 11:45:52 -0400", "updated": "Tue, 05 Apr 2016 11:45:52 -0400", "title": "Drone Companies Are Teaming Up To Lobby Politicians And GoPro Is Involved", "teaser": "", "body": "", "url": "https://www.benzinga.com/node/7803817", "image": [], "channels": [{"name": "News"}, {"name": "Education"}, {"name": "Top Stories"}, {"name": "Tech"}, {"name": "General"}], "stocks": [{"name": "AMZN"}, {"name": "GOOG"}, {"name": "GOOGL"}, {"name": "GPRO"}, {"name": "INTC"}], "tags": [{"name": "3DR"}, {"name": "DJI"}, {"name": "Drone Manufacturers Alliance"}, {"name": "Gizmodo"}, {"name": "Parrot"}, {"name": "Small UAV Coalition"}]}, {"id": 7804076, "author": "Benzinga", "created": "Tue, 05 Apr 2016 12:11:24 -0400", "updated": "Tue, 05 Apr 2016 12:11:24 -0400", "title": "Mid-Day Market Update: Intercept Pharmaceuticals Gains Following Release of FDA Advisory Committee Documents; Godaddy Shares Decline", "teaser": "", "body": "", "url": "https://www.benzinga.com/node/7804076", "image": [], "channels": [{"name": "Earnings"}, {"name": "News"}, {"name": "Guidance"}, {"name": "Eurozone"}, {"name": "Commodities"}, {"name": "Management"}, {"name": "Global"}, {"name": "Intraday Update"}, {"name": "Markets"}, {"name": "Movers"}], "stocks": [{"name": "AGN"}, {"name": "EDN"}, {"name": "GBSN"}, {"name": "GDDY"}, {"name": "GNE"}, {"name": "ICPT"}, {"name": "INVT"}, {"name": "LL"}, {"name": "MRVL"}, {"name": "WBA"}, {"name": "ZNH"}], "tags": [{"name": "Consumer Discretionary"}, {"name": "Home Improvement Retail"}, {"name": "Mid-Day Market Update"}]}, {"id": 7804127, "author": "Benzinga", "created": "Tue, 05 Apr 2016 12:21:09 -0400", "updated": "Tue, 05 Apr 2016 12:21:09 -0400", "title": "Are Investors Waiting for Earnings Season?", "teaser": "", "body": "", "url": "https://www.benzinga.com/node/7804127", "image": [], "channels": [{"name": "Earnings"}, {"name": "News"}, {"name": "Economics"}, {"name": "Analyst Ratings"}, {"name": "General"}], "stocks": [{"name": "HD"}, {"name": "KO"}, {"name": "MCD"}, {"name": "PEP"}], "tags": []}, {"id": 7803785, "author": "Benzinga", "created": "Tue, 05 Apr 2016 12:52:51 -0400", "updated": "Tue, 05 Apr 2016 12:52:51 -0400", "title": "Intel Is Losing At Least Two High-Level Execs: Concern Or Shakeup?", "teaser": "", "body": "", "url": "https://www.benzinga.com/node/7803785", "image": [], "channels": [{"name": "Analyst Color"}, {"name": "News"}, {"name": "Management"}, {"name": "Analyst Ratings"}], "stocks": [{"name": "INTC"}, {"name": "QCOM"}], "tags": []}, {"id": 7804101, "author": "Benzinga", "created": "Tue, 05 Apr 2016 12:58:37 -0400", "updated": "Tue, 05 Apr 2016 12:58:37 -0400", "title": "What Is MetaMind? Salesforce's Latest Acquisition", "teaser": "", "body": "", "url": "https://www.benzinga.com/node/7804101", "image": [], "channels": [{"name": "News"}, {"name": "M&A"}, {"name": "Tech"}], "stocks": [{"name": "CRM"}], "tags": [{"name": "artificial intelligence"}, {"name": "Marc Benioff"}, {"name": "MetaMind"}, {"name": "Richard Socher"}, {"name": "Salesforce"}, {"name": "Tech Crunch"}, {"name": "Yoshua Bengio"}]}, {"id": 7804764, "author": "Benzinga", "created": "Tue, 05 Apr 2016 14:16:31 -0400", "updated": "Tue, 05 Apr 2016 14:16:31 -0400", "title": "Ex-Medtronic Chairman Says He's 'Perplexed' By Disney", "teaser": "", "body": "", "url": "https://www.benzinga.com/node/7804764", "image": [], "channels": [{"name": "Analyst Color"}, {"name": "CNBC"}, {"name": "News"}, {"name": "Management"}, {"name": "Media"}], "stocks": [{"name": "DIS"}, {"name": "MDT"}], "tags": [{"name": "Bill George"}, {"name": "Bob Iger"}, {"name": "Thomas Staggs"}]}, {"id": 7804909, "author": "Benzinga", "created": "Tue, 05 Apr 2016 14:40:12 -0400", "updated": "Tue, 05 Apr 2016 14:40:12 -0400", "title": "Walgreens Boots Alliance Q2'16 Earnings Conference Call: Full Transcript", "teaser": "", "body": "", "url": "https://www.benzinga.com/node/7804909", "image": [], "channels": [{"name": "Earnings"}, {"name": "News"}], "stocks": [{"name": "WBA"}], "tags": []}, {"id": 7801044, "author": "Benzinga", "created": "Tue, 05 Apr 2016 14:55:18 -0400", "updated": "Tue, 05 Apr 2016 14:55:18 -0400", "title": "J.P. Morgan Expands ETF Lineup With Two Currency Hedged Funds", "teaser": "", "body": "", "url": "https://www.benzinga.com/node/7801044", "image": [], "channels": [{"name": "Long Ideas"}, {"name": "News"}, {"name": "Specialty ETFs"}, {"name": "New ETFs"}, {"name": "Currency ETFs"}, {"name": "Forex"}, {"name": "Intraday Update"}, {"name": "Markets"}, {"name": "Trading Ideas"}, {"name": "ETFs"}], "stocks": [{"name": "JPEU"}, {"name": "JPIN"}, {"name": "JPM"}], "tags": []}, {"id": 7804890, "author": "Benzinga", "created": "Tue, 05 Apr 2016 15:24:43 -0400", "updated": "Tue, 05 Apr 2016 15:26:11 -0400", "title": "If Rovi Doesn't Buy Tivo, Apple Or Amazon Could", "teaser": "", "body": "", "url": "https://www.benzinga.com/node/7804890", "image": [], "channels": [{"name": "Analyst Color"}, {"name": "News"}, {"name": "Rumors"}, {"name": "M&A"}, {"name": "Analyst Ratings"}], "stocks": [{"name": "AAPL"}, {"name": "AMZN"}, {"name": "CMCSA"}, {"name": "MSFT"}, {"name": "ROVI"}, {"name": "TIVO"}], "tags": []}, {"id": 7805310, "author": "Benzinga", "created": "Tue, 05 Apr 2016 15:52:11 -0400", "updated": "Tue, 05 Apr 2016 15:53:11 -0400", "title": "Mid-Afternoon Market Update: Dow Falls Over 100 Points; Valeant Pharmaceuticals Shares Spike Higher", "teaser": "", "body": "", "url": "https://www.benzinga.com/node/7805310", "image": [], "channels": [{"name": "Earnings"}, {"name": "News"}, {"name": "Guidance"}, {"name": "Eurozone"}, {"name": "Commodities"}, {"name": "Management"}, {"name": "Global"}, {"name": "Intraday Update"}, {"name": "Markets"}, {"name": "Movers"}], "stocks": [{"name": "AGN"}, {"name": "EVR"}, {"name": "GBSN"}, {"name": "GDDY"}, {"name": "ICPT"}, {"name": "INVT"}, {"name": "PSDV"}, {"name": "VRX"}, {"name": "WBA"}, {"name": "WFD"}], "tags": [{"name": "Mid-Afternoon Market Update"}]}]