[{"id": 6488375, "author": "Benzinga", "created": "Mon, 22 Feb 2016 05:34:12 -0400", "updated": "Mon, 22 Feb 2016 05:34:12 -0400", "title": "Visa Checkout to be Available to Merchants, Consumers across France, India, Ireland, Poland, Spain, UK this Year", "teaser": "", "body": "", "url": "https://www.benzinga.com/node/6488375", "image": [], "channels": [{"name": "News"}, {"name": "Press Releases"}], "stocks": [{"name": "V"}], "tags": []}, {"id": 6455250, "author": "Benzinga", "created": "Mon, 22 Feb 2016 08:37:01 -0400", "updated": "Mon, 22 Feb 2016 08:37:01 -0400", "title": "Earnings Expectations For Big-Box Retailers Best Buy And Home Depot Are Very Different", "teaser": "", "body": "", "url": "https://www.benzinga.com/node/6455250", "image": [], "channels": [{"name": "Earnings"}, {"name": "News"}, {"name": "Previews"}, {"name": "Trading Ideas"}], "stocks": [{"name": "BBY"}, {"name": "HD"}], "tags": [{"name": "best buy"}, {"name": "Earnings Expectations"}, {"name": "home depot"}]}, {"id": 6491788, "author": "Benzinga", "created": "Mon, 22 Feb 2016 08:42:28 -0400", "updated": "Mon, 22 Feb 2016 08:42:28 -0400", "title": "Apple Issues New Security Themed Q&A On Site", "teaser": "", "body": "", "url": "https://www.benzinga.com/node/6491788", "image": [], "channels": [{"name": "News"}, {"name": "Events"}, {"name": "Top Stories"}, {"name": "Tech"}], "stocks": [{"name": "AAPL"}], "tags": [{"name": "Apple Security"}, {"name": "iPhone Security"}, {"name": "San Bernardino"}, {"name": "Tim Cook"}]}, {"id": 6485169, "author": "Benzinga", "created": "Mon, 22 Feb 2016 08:50:14 -0400", "updated": "Mon, 22 Feb 2016 08:52:44 -0400", "title": "Jobs Data Foreshadows Gains For These ETFs", "teaser": "", "body": "", "url": "https://www.benzinga.com/node/6485169", "image": [], "channels": [{"name": "Long Ideas"}, {"name": "News"}, {"name": "Broad U.S. Equity ETFs"}, {"name": "Top Stories"}, {"name": "Markets"}, {"name": "Tech"}, {"name": "Trading Ideas"}, {"name": "ETFs"}], "stocks": [{"name": "AAPL"}, {"name": "IWV"}, {"name": "MSFT"}, {"name": "XOM"}], "tags": []}, {"id": 6492738, "author": "Benzinga", "created": "Mon, 22 Feb 2016 09:13:58 -0400", "updated": "Mon, 22 Feb 2016 09:13:59 -0400", "title": "Report: Yahoo Will Reach Out To Potential Buyers As Soon As Monday", "teaser": "", "body": "", "url": "https://www.benzinga.com/node/6492738", "image": [], "channels": [{"name": "News"}, {"name": "Rumors"}, {"name": "M&A"}, {"name": "Tech"}], "stocks": [{"name": "CMCSA"}, {"name": "T"}, {"name": "VZ"}, {"name": "YHOO"}], "tags": [{"name": "Private"}, {"name": "Starboard Value"}, {"name": "Yahoo"}, {"name": "Yahoo Asset Sales"}]}, {"id": 6492446, "author": "Benzinga", "created": "Mon, 22 Feb 2016 09:15:09 -0400", "updated": "Mon, 22 Feb 2016 09:15:09 -0400", "title": "Visa Announces Expansion Of 'Checkout' To France, India, Ireland, Poland, Spain And UK", "teaser": "", "body": "", "url": "https://www.benzinga.com/node/6492446", "image": [], "channels": [{"name": "News"}, {"name": "Events"}], "stocks": [{"name": "V"}], "tags": [{"name": "Sam Shrauger"}, {"name": "visa"}, {"name": "Visa Checkout"}, {"name": "Visa International"}]}, {"id": 6495300, "author": "Benzinga", "created": "Mon, 22 Feb 2016 10:56:30 -0400", "updated": "Mon, 22 Feb 2016 10:56:31 -0400", "title": "Week Ahead: Add Consumer Snapshot to Market's Rate and Oil Obsession", "teaser": "", "body": "", "url": "https://www.benzinga.com/node/6495300", "image": [], "channels": [{"name": "Analyst Color"}, {"name": "Earnings"}, {"name": "News"}, {"name": "Economics"}, {"name": "Analyst Ratings"}], "stocks": [{"name": "AMZN"}, {"name": "GPS"}, {"name": "HD"}, {"name": "JCP"}, {"name": "JWN"}, {"name": "LOW"}, {"name": "M"}, {"name": "TGT"}, {"name": "WMT"}], "tags": [{"name": "Consumer Discretionary"}, {"name": "Department Stores"}, {"name": "Home Improvement Retail"}]}, {"id": 6495437, "author": "Benzinga", "created": "Mon, 22 Feb 2016 11:03:10 -0400", "updated": "Mon, 22 Feb 2016 11:03:10 -0400", "title": "Stocks Hitting 52-Week Highs", "teaser": "", "body": "", "url": "https://www.benzinga.com/node/6495437", "image": [], "channels": [{"name": "News"}, {"name": "Intraday Update"}, {"name": "Markets"}, {"name": "Movers"}], "stocks": [{"name": "COHR"}, {"name": "HON"}, {"name": "NDAQ"}, {"name": "SJW"}], "tags": [{"name": "52 Week Highs"}, {"name": "52-Week Highs"}]}, {"id": 6495623, "author": "Benzinga", "created": "Mon, 22 Feb 2016 11:26:53 -0400", "updated": "Mon, 22 Feb 2016 11:26:53 -0400", "title": "Apple Sold 5 Million Watches In Q4, 60% Of Global Smartwatch Market", "teaser": "", "body": "", "url": "https://www.benzinga.com/node/6495623", "image": [], "channels": [{"name": "Analyst Color"}, {"name": "News"}, {"name": "Global"}, {"name": "Tech"}], "stocks": [{"name": "AAPL"}], "tags": [{"name": "Apple Watch"}, {"name": "JPMorgan"}, {"name": "smartwatch"}, {"name": "Smartwatch Sales"}, {"name": "Strategy Analytics"}]}, {"id": 6496306, "author": "Benzinga", "created": "Mon, 22 Feb 2016 11:42:49 -0400", "updated": "Mon, 22 Feb 2016 11:42:53 -0400", "title": "Macy's, Home Depot Kick Off Week of Retailer Earnings and Vital Consumer Snapshot", "teaser": "", "body": "", "url": "https://www.benzinga.com/node/6496306", "image": [], "channels": [{"name": "Earnings"}, {"name": "News"}, {"name": "Previews"}, {"name": "Trading Ideas"}], "stocks": [{"name": "AMZN"}, {"name": "HD"}, {"name": "M"}], "tags": [{"name": "Consumer Discretionary"}, {"name": "Department Stores"}]}, {"id": 6495907, "author": "Benzinga", "created": "Mon, 22 Feb 2016 11:53:58 -0400", "updated": "Mon, 22 Feb 2016 11:53:58 -0400", "title": "Launch Of Apple Pay In China Causes Service Issues", "teaser": "", "body": "", "url": "https://www.benzinga.com/node/6495907", "image": [], "channels": [{"name": "News"}, {"name": "Rumors"}, {"name": "Global"}, {"name": "Tech"}], "stocks": [{"name": "AAPL"}], "tags": [{"name": "Apple Pay"}, {"name": "Apple Pay China"}, {"name": "Caixin"}, {"name": "China banks"}, {"name": "Cult of Mac"}]}, {"id": 6479617, "author": "Benzinga", "created": "Mon, 22 Feb 2016 12:52:40 -0400", "updated": "Mon, 22 Feb 2016 12:52:41 -0400", "title": "Preparing For An Energy Rebound With A Familiar ETF", "teaser": "", "body": "", "url": "https://www.benzinga.com/node/6479617", "image": [], "channels": [{"name": "Long Ideas"}, {"name": "News"}, {"name": "Sector ETFs"}, {"name": "Commodities"}, {"name": "Markets"}, {"name": "Trading Ideas"}, {"name": "ETFs"}], "stocks": [{"name": "CVX"}, {"name": "XLE"}, {"name": "XLF"}, {"name": "XOM"}], "tags": []}, {"id": 6498244, "author": "Benzinga", "created": "Mon, 22 Feb 2016 13:17:26 -0400", "updated": "Mon, 22 Feb 2016 13:17:26 -0400", "title": "The 10 Most Notable Insider Transactions Last Week", "teaser": "", "body": "", "url": "https://www.benzinga.com/node/6498244", "image": [], "channels": [{"name": "Long Ideas"}, {"name": "News"}, {"name": "Short Ideas"}, {"name": "Insider Trades"}, {"name": "Top Stories"}, {"name": "Trading Ideas"}], "stocks": [{"name": "ENH"}, {"name": "HA"}, {"name": "HAS"}, {"name": "HON"}, {"name": "INCY"}, {"name": "NMFC"}, {"name": "PSEC"}, {"name": "SGEN"}, {"name": "ULTI"}, {"name": "WBA"}], "tags": [{"name": "Insider Transactions"}]}, {"id": 6499895, "author": "Benzinga", "created": "Mon, 22 Feb 2016 14:47:36 -0400", "updated": "Mon, 22 Feb 2016 14:47:36 -0400", "title": "Twitter Confirms Reports It Hired An Ex-Apple Veteran To Run Its Communications Unit", "teaser": "", "body": "", "url": "https://www.benzinga.com/node/6499895", "image": [], "channels": [{"name": "News"}, {"name": "Management"}, {"name": "Tech"}], "stocks": [{"name": "AAPL"}, {"name": "TWTR"}], "tags": [{"name": "Jack Dorsey"}, {"name": "Natalie Kerris"}, {"name": "Twitte rCommunications"}, {"name": "twitter"}]}, {"id": 6500425, "author": "Benzinga", "created": "Mon, 22 Feb 2016 15:00:34 -0400", "updated": "Mon, 22 Feb 2016 15:00:35 -0400", "title": "NV5 Global Announces Contract With Verizon, Shares Gain 4%", "teaser": "", "body": "", "url": "https://www.benzinga.com/node/6500425", "image": [], "channels": [{"name": "News"}, {"name": "Contracts"}], "stocks": [{"name": "NVEE"}, {"name": "VZ"}], "tags": [{"name": "Dickerson Wright"}, {"name": "Engineering Services"}, {"name": "Liam Madden"}, {"name": "NV5 Gloabl"}, {"name": "Verizon"}]}, {"id": 6502140, "author": "Benzinga", "created": "Mon, 22 Feb 2016 16:51:51 -0400", "updated": "Mon, 22 Feb 2016 16:51:51 -0400", "title": "A New Apple Shock on the Cards? SMBC Nikko Warns of iPhone Production Cut", "teaser": "", "body": "", "url": "https://www.benzinga.com/node/6502140", "image": [], "channels": [{"name": "Analyst Color"}, {"name": "News"}, {"name": "Analyst Ratings"}], "stocks": [{"name": "AAPL"}], "tags": []}, {"id": 6503702, "author": "Benzinga", "created": "Mon, 22 Feb 2016 17:34:51 -0400", "updated": "Mon, 22 Feb 2016 17:34:51 -0400", "title": "The Stocks That Moved The S&P, Dow And Nasdaq Today", "teaser": "", "body": "", "url": "https://www.benzinga.com/node/6503702", "image": [], "channels": [{"name": "News"}, {"name": "After-Hours Center"}, {"name": "Movers"}], "stocks": [{"name": "CHK"}, {"name": "EA"}, {"name": "FCX"}, {"name": "PRGO"}, {"name": "SNDK"}, {"name": "SYY"}, {"name": "TSLA"}, {"name": "UNH"}, {"name": "UTX"}, {"name": "WFM"}, {"name": "XOM"}], "tags": []}, {"id": 6508106, "author": "Benzinga", "created": "Mon, 22 Feb 2016 19:37:38 -0400", "updated": "Mon, 22 Feb 2016 19:37:38 -0400", "title": "Benzinga's M&A Chatter for  Monday February 22, 2016", "teaser": "", "body": "", "url": "https://www.benzinga.com/node/6508106", "image": [], "channels": [{"name": "News"}, {"name": "Rumors"}, {"name": "M&A"}, {"name": "Movers"}], "stocks": [{"name": "HON"}, {"name": "SNDK"}, {"name": "UTX"}, {"name": "WDC"}], "tags": []}]