[{"id": 7860194, "author": "Benzinga", "created": "Wed, 20 Apr 2016 04:01:44 -0400", "updated": "Wed, 20 Apr 2016 04:01:44 -0400", "title": "Earnings Scheduled For April 20, 2016", "teaser": "", "body": "", "url": "https://www.benzinga.com/node/7860194", "image": [], "channels": [{"name": "Earnings"}, {"name": "News"}, {"name": "Pre-Market Outlook"}, {"name": "Markets"}], "stocks": [{"name": "ABB"}, {"name": "ABT"}, {"name": "ANGI"}, {"name": "APH"}, {"name": "ARMH"}, {"name": "ASML"}, {"name": "AXP"}, {"name": "CCK"}, {"name": "CP"}, {"name": "CTXS"}, {"name": "DISH"}, {"name": "EMC"}, {"name": "FFIV"}, {"name": "HBAN"}, {"name": "ITW"}, {"name": "KMI"}, {"name": "KO"}, {"name": "LVS"}, {"name": "MAT"}, {"name": "PKG"}, {"name": "PLXS"}, {"name": "QCOM"}, {"name": "RJF"}, {"name": "SBNY"}, {"name": "STJ"}, {"name": "STLD"}, {"name": "SYK"}, {"name": "TSCO"}, {"name": "TUP"}, {"name": "TXT"}, {"name": "UAL"}, {"name": "USB"}, {"name": "YUM"}], "tags": [{"name": "Casinos & Gaming"}, {"name": "Consumer Discretionary"}, {"name": "Earnings schedule"}, {"name": "Leisure Products"}]}, {"id": 7860281, "author": "Benzinga", "created": "Wed, 20 Apr 2016 04:30:42 -0400", "updated": "Wed, 20 Apr 2016 04:30:42 -0400", "title": "10 Stocks To Watch For April 20, 2016", "teaser": "", "body": "", "url": "https://www.benzinga.com/node/7860281", "image": [], "channels": [{"name": "Earnings"}, {"name": "News"}, {"name": "Guidance"}, {"name": "Pre-Market Outlook"}, {"name": "Markets"}, {"name": "Trading Ideas"}], "stocks": [{"name": "ABT"}, {"name": "AXP"}, {"name": "DISH"}, {"name": "INTC"}, {"name": "KO"}, {"name": "QCOM"}, {"name": "UAL"}, {"name": "USB"}, {"name": "VMW"}, {"name": "YUM"}], "tags": [{"name": "Stocks To Watch"}, {"name": "Stocks to Watch"}]}, {"id": 7859854, "author": "Benzinga", "created": "Wed, 20 Apr 2016 06:49:16 -0400", "updated": "Wed, 20 Apr 2016 06:49:16 -0400", "title": "The Papal Approach To Investing: A New Catholic Values ETF", "teaser": "", "body": "", "url": "https://www.benzinga.com/node/7859854", "image": [], "channels": [{"name": "Long Ideas"}, {"name": "News"}, {"name": "Broad U.S. Equity ETFs"}, {"name": "New ETFs"}, {"name": "Trading Ideas"}, {"name": "ETFs"}], "stocks": [{"name": "AAPL"}, {"name": "JPM"}, {"name": "MSFT"}, {"name": "XOM"}], "tags": []}, {"id": 7859097, "author": "Benzinga", "created": "Wed, 20 Apr 2016 08:11:55 -0400", "updated": "Wed, 20 Apr 2016 08:11:55 -0400", "title": "2 Winners From AACR Flying Under The Radar", "teaser": "", "body": "", "url": "https://www.benzinga.com/node/7859097", "image": [], "channels": [{"name": "Analyst Color"}, {"name": "Biotech"}, {"name": "Long Ideas"}, {"name": "News"}, {"name": "Health Care"}, {"name": "Price Target"}, {"name": "Reiteration"}, {"name": "Events"}, {"name": "Analyst Ratings"}, {"name": "Trading Ideas"}, {"name": "General"}], "stocks": [{"name": "AMGN"}, {"name": "FPRX"}, {"name": "JUNO"}], "tags": [{"name": "AACR"}, {"name": "Christopher Marai"}, {"name": "Michelle Gilson"}, {"name": "Oppenheimer"}, {"name": "Peter Lawson"}, {"name": "SunTrust"}]}, {"id": 7861238, "author": "Benzinga", "created": "Wed, 20 Apr 2016 08:19:41 -0400", "updated": "Wed, 20 Apr 2016 08:19:41 -0400", "title": "10 Stocks Moving In Wednesday's Pre-Market Session", "teaser": "", "body": "", "url": "https://www.benzinga.com/node/7861238", "image": [], "channels": [{"name": "News"}, {"name": "Movers & Shakers"}, {"name": "Pre-Market Outlook"}, {"name": "Markets"}, {"name": "Movers"}], "stocks": [{"name": "BA"}, {"name": "CAMP"}, {"name": "CARA"}, {"name": "CHUY"}, {"name": "GOLD"}, {"name": "HPY"}, {"name": "INTC"}, {"name": "KITE"}, {"name": "LXK"}, {"name": "TSEM"}, {"name": "VMW"}], "tags": [{"name": "#PreMarket Gainers"}, {"name": "#PreMarket Losers"}, {"name": "Computer Storage & Peripherals"}, {"name": "Information Technology"}, {"name": "Top Gainers"}]}, {"id": 7861532, "author": "Benzinga", "created": "Wed, 20 Apr 2016 09:43:19 -0400", "updated": "Wed, 20 Apr 2016 09:43:19 -0400", "title": "The Market In 5 Minutes: Why Do We Get High On 4/20?", "teaser": "", "body": "", "url": "https://www.benzinga.com/node/7861532", "image": [], "channels": [{"name": "News"}, {"name": "Events"}, {"name": "Global"}, {"name": "Top Stories"}], "stocks": [{"name": "BA"}, {"name": "DISH"}, {"name": "EMC"}, {"name": "GOOGL"}, {"name": "IBM"}, {"name": "KO"}, {"name": "KSU"}, {"name": "LXK"}, {"name": "MTW"}, {"name": "NFLX"}, {"name": "SAVE"}, {"name": "VIAB"}, {"name": "VZ"}, {"name": "YHOO"}], "tags": [{"name": "the market in 5 minutes"}]}, {"id": 7861598, "author": "Benzinga", "created": "Wed, 20 Apr 2016 09:56:38 -0400", "updated": "Wed, 20 Apr 2016 09:56:38 -0400", "title": "Notable Imbalances: Coca-Cola, Oil Stocks Under Pressure", "teaser": "", "body": "", "url": "https://www.benzinga.com/node/7861598", "image": [], "channels": [{"name": "News"}, {"name": "Pre-Market Outlook"}], "stocks": [{"name": "CVX"}, {"name": "DIS"}, {"name": "GE"}, {"name": "IBM"}, {"name": "KO"}, {"name": "PFE"}, {"name": "VZ"}, {"name": "XOM"}], "tags": [{"name": "Buy Imbalance"}, {"name": "Share Imbalance"}, {"name": "Stock Imbalance"}]}, {"id": 7861882, "author": "Benzinga", "created": "Wed, 20 Apr 2016 10:01:30 -0400", "updated": "Wed, 20 Apr 2016 10:01:30 -0400", "title": "Stocks Hitting 52-Week Highs", "teaser": "", "body": "", "url": "https://www.benzinga.com/node/7861882", "image": [], "channels": [{"name": "News"}, {"name": "Intraday Update"}, {"name": "Markets"}, {"name": "Movers"}], "stocks": [{"name": "ISRG"}, {"name": "SUP"}, {"name": "UBIC"}, {"name": "UNH"}], "tags": [{"name": "52 Week Highs"}, {"name": "52-Week Highs"}]}, {"id": 7861899, "author": "Benzinga", "created": "Wed, 20 Apr 2016 10:04:06 -0400", "updated": "Wed, 20 Apr 2016 10:04:07 -0400", "title": "Mid-Morning Market Update: Markets Mostly Flat; Coca-Cola Earnings Top Expectations", "teaser": "", "body": "", "url": "https://www.benzinga.com/node/7861899", "image": [], "channels": [{"name": "Earnings"}, {"name": "News"}, {"name": "Guidance"}, {"name": "Eurozone"}, {"name": "Commodities"}, {"name": "M&A"}, {"name": "Global"}, {"name": "Intraday Update"}, {"name": "Markets"}, {"name": "Movers"}], "stocks": [{"name": "ADPT"}, {"name": "ARGS"}, {"name": "CAMP"}, {"name": "CLNE"}, {"name": "FLXS"}, {"name": "HL"}, {"name": "HNSN"}, {"name": "KO"}, {"name": "MT"}, {"name": "VMW"}, {"name": "YZC"}], "tags": [{"name": "Mid-Morning Market Update"}]}, {"id": 7862679, "author": "Benzinga", "created": "Wed, 20 Apr 2016 12:35:39 -0400", "updated": "Wed, 20 Apr 2016 12:35:39 -0400", "title": "Mid-Day Market Update: VMware Surges On Earnings Beat; Flexsteel Shares Tumble", "teaser": "", "body": "", "url": "https://www.benzinga.com/node/7862679", "image": [], "channels": [{"name": "Earnings"}, {"name": "News"}, {"name": "Guidance"}, {"name": "Eurozone"}, {"name": "Commodities"}, {"name": "M&A"}, {"name": "Global"}, {"name": "Intraday Update"}, {"name": "Markets"}, {"name": "Movers"}], "stocks": [{"name": "ARGS"}, {"name": "CAMP"}, {"name": "EXK"}, {"name": "FLXS"}, {"name": "HNP"}, {"name": "HNSN"}, {"name": "KO"}, {"name": "NWE"}, {"name": "ONCS"}, {"name": "TCK"}, {"name": "VMW"}], "tags": [{"name": "Mid-Day Market Update"}]}, {"id": 7862801, "author": "Benzinga", "created": "Wed, 20 Apr 2016 13:09:32 -0400", "updated": "Wed, 20 Apr 2016 13:09:32 -0400", "title": "Intel: What Everyone On The Street Thinks", "teaser": "", "body": "", "url": "https://www.benzinga.com/node/7862801", "image": [], "channels": [{"name": "Analyst Color"}, {"name": "Earnings"}, {"name": "Long Ideas"}, {"name": "News"}, {"name": "Guidance"}, {"name": "Top Stories"}, {"name": "Analyst Ratings"}, {"name": "Trading Ideas"}], "stocks": [{"name": "INTC"}], "tags": [{"name": "Bernstein"}, {"name": "Brean Capital"}, {"name": "Christopher Danely"}, {"name": "Citi"}, {"name": "Credit Suisse"}, {"name": "Deutsche Bank"}, {"name": "Goldman Sachs"}, {"name": "Johanthan Kees"}, {"name": "JPMorgna"}, {"name": "Mike Burton"}, {"name": "Ross Seymore"}, {"name": "Srini Nandury"}, {"name": "Srini Sundararajan"}, {"name": "Stacy Rasgon"}, {"name": "Summit Reserach"}, {"name": "SunTrust"}, {"name": "Toshiya Hari"}, {"name": "William Stein"}]}, {"id": 7862602, "author": "Benzinga", "created": "Wed, 20 Apr 2016 13:26:39 -0400", "updated": "Wed, 20 Apr 2016 13:26:39 -0400", "title": "There Are 'Barbarians At The Gate' In Yahoo", "teaser": "", "body": "", "url": "https://www.benzinga.com/node/7862602", "image": [], "channels": [{"name": "Analyst Color"}, {"name": "Earnings"}, {"name": "News"}, {"name": "Price Target"}, {"name": "Reiteration"}, {"name": "M&A"}, {"name": "Analyst Ratings"}], "stocks": [{"name": "MSFT"}, {"name": "VZ"}, {"name": "YHOO"}], "tags": []}, {"id": 7859835, "author": "Benzinga", "created": "Wed, 20 Apr 2016 14:05:10 -0400", "updated": "Wed, 20 Apr 2016 14:05:10 -0400", "title": "Getting Social With ETFs", "teaser": "", "body": "", "url": "https://www.benzinga.com/node/7859835", "image": [], "channels": [{"name": "Long Ideas"}, {"name": "News"}, {"name": "Specialty ETFs"}, {"name": "New ETFs"}, {"name": "Markets"}, {"name": "Tech"}, {"name": "Trading Ideas"}, {"name": "ETFs"}], "stocks": [{"name": "AAPL"}, {"name": "FB"}, {"name": "GOOG"}, {"name": "GOOGL"}, {"name": "TSLA"}, {"name": "TWTR"}], "tags": [{"name": "ALPS Advisors"}, {"name": "BUZZ Social Media Insights Index"}, {"name": "Elon Musk"}, {"name": "social media ETF"}, {"name": "stocktwits"}]}, {"id": 7863082, "author": "Benzinga", "created": "Wed, 20 Apr 2016 14:23:29 -0400", "updated": "Wed, 20 Apr 2016 14:23:29 -0400", "title": "Coca-Cola Q1'16 Earnings Conference Call: Full Transcript", "teaser": "", "body": "", "url": "https://www.benzinga.com/node/7863082", "image": [], "channels": [{"name": "Earnings"}, {"name": "News"}], "stocks": [{"name": "KO"}], "tags": []}, {"id": 7863036, "author": "Benzinga", "created": "Wed, 20 Apr 2016 14:38:09 -0400", "updated": "Wed, 20 Apr 2016 14:38:10 -0400", "title": "Report: Daimler And BMW Have Ended Talks With Apple", "teaser": "", "body": "", "url": "https://www.benzinga.com/node/7863036", "image": [], "channels": [{"name": "News"}, {"name": "Rumors"}], "stocks": [{"name": "AAPL"}], "tags": [{"name": "Apple"}, {"name": "Apple Electric Car"}, {"name": "electric car"}]}, {"id": 7863499, "author": "Benzinga", "created": "Wed, 20 Apr 2016 15:37:41 -0400", "updated": "Wed, 20 Apr 2016 15:37:41 -0400", "title": "Apple iPhone Declines Will Hit Trough This Quarter, Sterne Agee CRT Predicts", "teaser": "", "body": "", "url": "https://www.benzinga.com/node/7863499", "image": [], "channels": [{"name": "Analyst Color"}, {"name": "Earnings"}, {"name": "News"}, {"name": "Price Target"}, {"name": "Reiteration"}, {"name": "Analyst Ratings"}], "stocks": [{"name": "AAPL"}], "tags": []}, {"id": 7864455, "author": "Benzinga", "created": "Wed, 20 Apr 2016 17:12:19 -0400", "updated": "Wed, 20 Apr 2016 17:12:20 -0400", "title": "After-Hours Recap: All You Need To Know About Earnings And Indexes Near All-Time Highs", "teaser": "", "body": "", "url": "https://www.benzinga.com/node/7864455", "image": [], "channels": [{"name": "Earnings"}, {"name": "News"}, {"name": "Guidance"}, {"name": "Commodities"}, {"name": "After-Hours Center"}, {"name": "Markets"}, {"name": "Movers"}, {"name": "Tech"}, {"name": "ETFs"}], "stocks": [{"name": "AXP"}, {"name": "CHK"}, {"name": "CHKP"}, {"name": "CTXS"}, {"name": "DFS"}, {"name": "DIA"}, {"name": "EMC"}, {"name": "FFIV"}, {"name": "GS"}, {"name": "KMI"}, {"name": "KO"}, {"name": "LVS"}, {"name": "MAT"}, {"name": "MLNX"}, {"name": "QCOM"}, {"name": "QQQ"}, {"name": "SPY"}, {"name": "SYK"}, {"name": "TSCO"}, {"name": "UAL"}, {"name": "UNH"}, {"name": "URI"}, {"name": "VIAB"}, {"name": "WDC"}, {"name": "YUM"}], "tags": [{"name": "Casinos & Gaming"}, {"name": "Consumer Discretionary"}, {"name": "Leisure Products"}]}, {"id": 7862486, "author": "Benzinga", "created": "Wed, 20 Apr 2016 11:56:11 -0400", "updated": "Thu, 21 Apr 2016 09:12:13 -0400", "title": "Fiserv And Cisco Join Hands To Allow Financial Institutions To Advance Branch Transformation Tactics", "teaser": "", "body": "", "url": "https://www.benzinga.com/node/7862486", "image": [], "channels": [{"name": "News"}], "stocks": [{"name": "CSCO"}, {"name": "FISV"}], "tags": []}]