[{"id": 6192060, "author": "Benzinga", "created": "Mon, 01 Feb 2016 10:13:39 -0400", "updated": "Mon, 01 Feb 2016 10:15:50 -0400", "title": "Apple Investors Shift Their Focus From iPhones To Cash", "teaser": "", "body": "", "url": "https://www.benzinga.com/node/6192060", "image": [], "channels": [{"name": "Long Ideas"}, {"name": "News"}, {"name": "Dividends"}, {"name": "Dividends"}, {"name": "Rumors"}, {"name": "Markets"}, {"name": "Tech"}, {"name": "Trading Ideas"}], "stocks": [{"name": "AAPL"}], "tags": [{"name": "Doug Clinton"}, {"name": "iPhone"}, {"name": "Luca Maestri"}, {"name": "Piper Jaffray"}]}, {"id": 6192064, "author": "Benzinga", "created": "Mon, 01 Feb 2016 10:26:18 -0400", "updated": "Mon, 01 Feb 2016 10:30:52 -0400", "title": "The Target Turnaround", "teaser": "", "body": "", "url": "https://www.benzinga.com/node/6192064", "image": [], "channels": [{"name": "Long Ideas"}, {"name": "News"}, {"name": "Markets"}, {"name": "Trading Ideas"}], "stocks": [{"name": "AMZN"}, {"name": "TGT"}, {"name": "WMT"}], "tags": [{"name": "Forbes"}, {"name": "Lilly Pulitzer"}, {"name": "SoulCycle"}]}, {"id": 6191502, "author": "Benzinga", "created": "Mon, 01 Feb 2016 10:41:07 -0400", "updated": "Mon, 01 Feb 2016 10:47:07 -0400", "title": "Warm Up With This Low Volatility ETF", "teaser": "", "body": "", "url": "https://www.benzinga.com/node/6191502", "image": [], "channels": [{"name": "Analyst Color"}, {"name": "Long Ideas"}, {"name": "News"}, {"name": "Broad U.S. Equity ETFs"}, {"name": "Intraday Update"}, {"name": "Markets"}, {"name": "Trading Ideas"}, {"name": "ETFs"}], "stocks": [{"name": "JNJ"}, {"name": "MCD"}, {"name": "PG"}, {"name": "USMV"}], "tags": [{"name": "low volatility ETFs"}, {"name": "S&P Capital IQ"}, {"name": "sam stovall"}, {"name": "Volatility"}]}, {"id": 6193412, "author": "Benzinga", "created": "Mon, 01 Feb 2016 11:28:29 -0400", "updated": "Mon, 01 Feb 2016 11:28:31 -0400", "title": "Stock Marquee is Crowded in Week Ahead: Oil, Earnings, Labor Data", "teaser": "", "body": "", "url": "https://www.benzinga.com/node/6193412", "image": [], "channels": [{"name": "Earnings"}, {"name": "News"}, {"name": "Commodities"}, {"name": "Econ #s"}, {"name": "Markets"}], "stocks": [{"name": "CMG"}, {"name": "GM"}, {"name": "MRK"}, {"name": "PFE"}, {"name": "XOM"}, {"name": "YHOO"}], "tags": []}, {"id": 6193318, "author": "Benzinga", "created": "Mon, 01 Feb 2016 11:34:42 -0400", "updated": "Mon, 01 Feb 2016 11:34:42 -0400", "title": "Report: Apple Could Consider Bid For Netflix", "teaser": "", "body": "", "url": "https://www.benzinga.com/node/6193318", "image": [], "channels": [{"name": "News"}, {"name": "Rumors"}, {"name": "Tech"}], "stocks": [{"name": "AAPL"}, {"name": "NFLX"}], "tags": [{"name": "Apple Streaming Video"}, {"name": "Apple TV"}, {"name": "Forbes"}, {"name": "Jay Somaney"}, {"name": "Netflix Acquisition"}, {"name": "streaming video"}]}, {"id": 6193464, "author": "Benzinga", "created": "Mon, 01 Feb 2016 11:38:42 -0400", "updated": "Mon, 01 Feb 2016 11:38:42 -0400", "title": "Earnings: Pharma Tends to Top Street Estimate\u2014Can PFE, MRK Repeat?", "teaser": "", "body": "", "url": "https://www.benzinga.com/node/6193464", "image": [], "channels": [{"name": "Earnings"}, {"name": "News"}, {"name": "Commodities"}, {"name": "Markets"}], "stocks": [{"name": "CVX"}, {"name": "DJI"}, {"name": "MRK"}, {"name": "PFE"}, {"name": "XOM"}], "tags": []}, {"id": 6193574, "author": "Benzinga", "created": "Mon, 01 Feb 2016 12:08:34 -0400", "updated": "Mon, 01 Feb 2016 12:08:35 -0400", "title": "Just How Big Is China Mobile?", "teaser": "", "body": "", "url": "https://www.benzinga.com/node/6193574", "image": [], "channels": [{"name": "News"}, {"name": "Global"}, {"name": "Tech"}], "stocks": [{"name": "AAPL"}, {"name": "CHA"}, {"name": "CHL"}, {"name": "CHU"}], "tags": [{"name": "China"}, {"name": "China 3G"}, {"name": "China 4G"}, {"name": "china mobile"}, {"name": "China Mobile Subscribers"}, {"name": "Digitimes"}]}, {"id": 6195154, "author": "Benzinga", "created": "Mon, 01 Feb 2016 16:00:39 -0400", "updated": "Mon, 01 Feb 2016 16:00:39 -0400", "title": "Here's Why Moneygram International Surged 14%", "teaser": "", "body": "", "url": "https://www.benzinga.com/node/6195154", "image": [], "channels": [{"name": "News"}, {"name": "Contracts"}, {"name": "Movers"}], "stocks": [{"name": "MGI"}, {"name": "WMT"}], "tags": [{"name": "Alex Holmes"}, {"name": "Kirsty Ward"}, {"name": "Money Transfers"}, {"name": "moneygram"}, {"name": "moneygram international"}, {"name": "Wal-Mart"}]}, {"id": 6196270, "author": "Benzinga", "created": "Mon, 01 Feb 2016 17:38:24 -0400", "updated": "Mon, 01 Feb 2016 17:38:24 -0400", "title": "Alphabet, Matel & PDL BioPharma Are Moving After-Hours", "teaser": "", "body": "", "url": "https://www.benzinga.com/node/6196270", "image": [], "channels": [{"name": "Earnings"}, {"name": "News"}, {"name": "Dividends"}, {"name": "After-Hours Center"}, {"name": "Movers"}], "stocks": [{"name": "AAPL"}, {"name": "GOOG"}, {"name": "GOOGL"}, {"name": "MAT"}, {"name": "PDLI"}], "tags": []}, {"id": 6197257, "author": "Benzinga", "created": "Mon, 01 Feb 2016 19:15:59 -0400", "updated": "Mon, 01 Feb 2016 19:16:02 -0400", "title": "Mark Cuban Says Political Trolls Put 'Apple Fanboys To Shame'", "teaser": "", "body": "", "url": "https://www.benzinga.com/node/6197257", "image": [], "channels": [{"name": "News"}, {"name": "Politics"}, {"name": "Crowdsourcing"}, {"name": "Tech"}, {"name": "General"}], "stocks": [{"name": "AAPL"}, {"name": "TWTR"}], "tags": [{"name": "2016 Election"}, {"name": "Bernie Sanders"}, {"name": "Donald Trump"}, {"name": "Hillary Clinton"}, {"name": "Marco Rubio"}, {"name": "Mark Cuban"}, {"name": "presidential election"}, {"name": "Ted Cruz"}]}, {"id": 6195974, "author": "Benzinga", "created": "Mon, 01 Feb 2016 17:17:37 -0400", "updated": "Tue, 02 Feb 2016 10:33:36 -0400", "title": "Alphabet Just Passed Apple As The Market's Most Valuable Company", "teaser": "", "body": "", "url": "https://www.benzinga.com/node/6195974", "image": [], "channels": [{"name": "Earnings"}, {"name": "News"}, {"name": "After-Hours Center"}, {"name": "Movers"}, {"name": "Tech"}], "stocks": [{"name": "AAPL"}, {"name": "GOOG"}, {"name": "GOOGL"}], "tags": []}]