[{"id": 8186800, "author": "Benzinga", "created": "Wed, 06 Jul 2016 03:33:29 -0400", "updated": "Wed, 06 Jul 2016 03:33:30 -0400", "title": "Watch These 7 Huge Call Purchases In Wednesday Trade", "teaser": "", "body": "", "url": "https://www.benzinga.com/node/8186800", "image": [], "channels": [{"name": "News"}, {"name": "Options"}, {"name": "Markets"}], "stocks": [{"name": "FHN"}, {"name": "GRPN"}, {"name": "MT"}, {"name": "NVAX"}, {"name": "PAAS"}, {"name": "PEP"}, {"name": "WMT"}], "tags": [{"name": "Huge Call Purchases"}]}, {"id": 8186804, "author": "Benzinga", "created": "Wed, 06 Jul 2016 03:41:21 -0400", "updated": "Wed, 06 Jul 2016 03:41:21 -0400", "title": "Watch These 7 Huge Put Purchases In Wednesday Trade", "teaser": "", "body": "", "url": "https://www.benzinga.com/node/8186804", "image": [], "channels": [{"name": "News"}, {"name": "Options"}, {"name": "Markets"}], "stocks": [{"name": "CAT"}, {"name": "CBRL"}, {"name": "CPB"}, {"name": "CRM"}, {"name": "NUE"}, {"name": "RS"}, {"name": "VLO"}], "tags": [{"name": "Huge Put Purchases"}]}, {"id": 8186825, "author": "Benzinga", "created": "Wed, 06 Jul 2016 04:07:34 -0400", "updated": "Wed, 06 Jul 2016 04:07:35 -0400", "title": "Earnings Scheduled For July 6, 2016", "teaser": "", "body": "", "url": "https://www.benzinga.com/node/8186825", "image": [], "channels": [{"name": "Earnings"}, {"name": "News"}, {"name": "Pre-Market Outlook"}, {"name": "Markets"}], "stocks": [{"name": "GBX"}, {"name": "MSM"}, {"name": "SPCB"}, {"name": "WBA"}], "tags": [{"name": "Earnings Scheduled"}]}, {"id": 8186855, "author": "Benzinga", "created": "Wed, 06 Jul 2016 04:19:35 -0400", "updated": "Wed, 06 Jul 2016 04:19:35 -0400", "title": "Stocks To Watch For July 6, 2016", "teaser": "", "body": "", "url": "https://www.benzinga.com/node/8186855", "image": [], "channels": [{"name": "Earnings"}, {"name": "News"}, {"name": "M&A"}, {"name": "Pre-Market Outlook"}, {"name": "Markets"}, {"name": "Trading Ideas"}], "stocks": [{"name": "GBX"}, {"name": "MDVN"}, {"name": "MSM"}, {"name": "SNY"}, {"name": "WBA"}], "tags": [{"name": "Stocks To Watch"}, {"name": "Stocks to Watch"}]}, {"id": 8187468, "author": "Benzinga", "created": "Wed, 06 Jul 2016 07:59:18 -0400", "updated": "Wed, 06 Jul 2016 07:59:18 -0400", "title": "A Peek Into The Markets: U.S. Stock Futures Slide Ahead Of Fed Minutes", "teaser": "", "body": "", "url": "https://www.benzinga.com/node/8187468", "image": [], "channels": [{"name": "Earnings"}, {"name": "News"}, {"name": "Eurozone"}, {"name": "Futures"}, {"name": "Global"}, {"name": "Pre-Market Outlook"}, {"name": "Markets"}], "stocks": [{"name": "GBX"}, {"name": "INBK"}, {"name": "LMNX"}, {"name": "UAL"}, {"name": "WBA"}], "tags": [{"name": "Credit Suisse"}, {"name": "Health Care"}, {"name": "Life Sciences Tools & Services"}, {"name": "U.S. stock futures"}]}, {"id": 8187373, "author": "Benzinga", "created": "Wed, 06 Jul 2016 08:49:07 -0400", "updated": "Wed, 06 Jul 2016 08:49:08 -0400", "title": "Verizon Set To Announce Bigger Data Plan, With Bigger Price Tag To Match", "teaser": "", "body": "", "url": "https://www.benzinga.com/node/8187373", "image": [], "channels": [{"name": "News"}, {"name": "Tech"}, {"name": "Media"}, {"name": "Trading Ideas"}], "stocks": [{"name": "VZ"}], "tags": [{"name": "CNET"}]}, {"id": 8187582, "author": "Benzinga", "created": "Wed, 06 Jul 2016 08:51:42 -0400", "updated": "Wed, 06 Jul 2016 08:51:43 -0400", "title": "Walgreens Boots Alliance Q3 Adjusted Earnings Top Expectations, But Shares Fall", "teaser": "", "body": "", "url": "https://www.benzinga.com/node/8187582", "image": [], "channels": [{"name": "Earnings"}, {"name": "News"}, {"name": "Guidance"}], "stocks": [{"name": "WBA"}], "tags": []}, {"id": 8187776, "author": "Benzinga", "created": "Wed, 06 Jul 2016 08:56:37 -0400", "updated": "Wed, 06 Jul 2016 08:56:37 -0400", "title": "The Market In 5 Minutes: Gold Hits Highest Level Since 2014", "teaser": "", "body": "", "url": "https://www.benzinga.com/node/8187776", "image": [], "channels": [{"name": "News"}, {"name": "Global"}, {"name": "Top Stories"}, {"name": "Pre-Market Outlook"}, {"name": "Markets"}], "stocks": [{"name": "AAPL"}, {"name": "FCAU"}, {"name": "GBX"}, {"name": "GLD"}, {"name": "JUNO"}, {"name": "MDVN"}, {"name": "NFLX"}, {"name": "SNY"}, {"name": "SPY"}, {"name": "TASR"}, {"name": "USO"}, {"name": "VWR"}, {"name": "WBA"}, {"name": "X"}], "tags": [{"name": "the market in 5 minutes"}]}, {"id": 8188308, "author": "Benzinga", "created": "Wed, 06 Jul 2016 10:08:50 -0400", "updated": "Wed, 06 Jul 2016 10:08:50 -0400", "title": "Mid-Morning Market Update: Markets Open Lower; Walgreens Profit Tops Expectations", "teaser": "", "body": "", "url": "https://www.benzinga.com/node/8188308", "image": [], "channels": [{"name": "Earnings"}, {"name": "News"}, {"name": "Guidance"}, {"name": "Eurozone"}, {"name": "Commodities"}, {"name": "M&A"}, {"name": "Global"}, {"name": "Intraday Update"}, {"name": "Markets"}, {"name": "Movers"}], "stocks": [{"name": "EGLE"}, {"name": "FORD"}, {"name": "GBIM"}, {"name": "LYG"}, {"name": "NTK"}, {"name": "RBS"}, {"name": "TI"}, {"name": "VSR"}, {"name": "WBA"}], "tags": [{"name": "Diversified Banks"}, {"name": "Financials"}, {"name": "Mid-Morning Market Updat"}]}, {"id": 8187880, "author": "Benzinga", "created": "Wed, 06 Jul 2016 10:33:01 -0400", "updated": "Wed, 06 Jul 2016 10:33:01 -0400", "title": "Apple's New Organ Donation Initiative Was Inspired By Steve Jobs", "teaser": "", "body": "", "url": "https://www.benzinga.com/node/8187880", "image": [], "channels": [{"name": "News"}, {"name": "Wall Street Journal"}, {"name": "Health Care"}, {"name": "Tech"}, {"name": "Media"}, {"name": "Trading Ideas"}, {"name": "General"}], "stocks": [{"name": "AAPL"}], "tags": [{"name": "Apple Organ"}, {"name": "David Fleming"}, {"name": "Donate Life America"}, {"name": "iPhone Health"}, {"name": "Steve Jobs"}, {"name": "Steve Jobs Cancer"}, {"name": "Tim Cook"}]}, {"id": 8188843, "author": "Benzinga", "created": "Wed, 06 Jul 2016 11:32:41 -0400", "updated": "Wed, 06 Jul 2016 11:32:42 -0400", "title": "Walgreens Is Falling While Rite Aid Ticks Higher", "teaser": "", "body": "", "url": "https://www.benzinga.com/node/8188843", "image": [], "channels": [{"name": "Earnings"}, {"name": "News"}, {"name": "Guidance"}, {"name": "Movers"}], "stocks": [{"name": "RAD"}, {"name": "WBA"}], "tags": [{"name": "amerisourcebergen"}, {"name": "pharmacy"}, {"name": "Pharmacy Earnings"}, {"name": "retailers"}, {"name": "Walgreens"}, {"name": "Walgreens Rite Aid Acquisition"}]}, {"id": 8189068, "author": "Benzinga", "created": "Wed, 06 Jul 2016 12:08:18 -0400", "updated": "Wed, 06 Jul 2016 12:08:18 -0400", "title": "Mid-Day Market Update: U.S. Stocks Turn Positive; Nortek Shares Surge Following Acquisition News", "teaser": "", "body": "", "url": "https://www.benzinga.com/node/8189068", "image": [], "channels": [{"name": "Earnings"}, {"name": "News"}, {"name": "Guidance"}, {"name": "Eurozone"}, {"name": "Commodities"}, {"name": "M&A"}, {"name": "Global"}, {"name": "Intraday Update"}, {"name": "Markets"}, {"name": "Movers"}], "stocks": [{"name": "CIG"}, {"name": "EGLE"}, {"name": "ELP"}, {"name": "FORD"}, {"name": "GBIM"}, {"name": "ISCA"}, {"name": "NTK"}, {"name": "VSR"}, {"name": "VUZI"}, {"name": "WBA"}, {"name": "XRM"}], "tags": [{"name": "Mid-Day Market Update"}]}, {"id": 8189481, "author": "Benzinga", "created": "Wed, 06 Jul 2016 13:39:39 -0400", "updated": "Wed, 06 Jul 2016 13:39:40 -0400", "title": "NICE Launches Next Generation Skype For Business Recording", "teaser": "", "body": "", "url": "https://www.benzinga.com/node/8189481", "image": [], "channels": [{"name": "News"}, {"name": "Tech"}, {"name": "General"}], "stocks": [{"name": "MSFT"}, {"name": "NICE"}], "tags": [{"name": "Skype"}]}, {"id": 8189197, "author": "Benzinga", "created": "Wed, 06 Jul 2016 14:12:27 -0400", "updated": "Wed, 06 Jul 2016 14:12:27 -0400", "title": "Who Is Marni Walden, And Why Should Verizon Investors Care?", "teaser": "", "body": "", "url": "https://www.benzinga.com/node/8189197", "image": [], "channels": [{"name": "News"}, {"name": "Management"}, {"name": "Tech"}, {"name": "Media"}, {"name": "Trading Ideas"}], "stocks": [{"name": "VZ"}, {"name": "YHOO"}], "tags": [{"name": "AOL"}, {"name": "go90"}, {"name": "Marni Walden"}, {"name": "Rosabeth Kanter"}, {"name": "Tim Armstrong"}, {"name": "Verizon"}, {"name": "Yahoo"}, {"name": "Yahoo Asset Sales"}, {"name": "Yahoo Verizon"}]}, {"id": 8189704, "author": "Benzinga", "created": "Wed, 06 Jul 2016 14:31:15 -0400", "updated": "Wed, 06 Jul 2016 14:31:15 -0400", "title": "Mid-Afternoon Market Update: Crude Oil Up 2%; Supercom Shares Drop After Q1 Results", "teaser": "", "body": "", "url": "https://www.benzinga.com/node/8189704", "image": [], "channels": [{"name": "Earnings"}, {"name": "News"}, {"name": "Guidance"}, {"name": "Eurozone"}, {"name": "Commodities"}, {"name": "M&A"}, {"name": "Global"}, {"name": "Intraday Update"}, {"name": "Markets"}, {"name": "Movers"}], "stocks": [{"name": "BT"}, {"name": "DRD"}, {"name": "EGLE"}, {"name": "EXK"}, {"name": "FORD"}, {"name": "GBIM"}, {"name": "NTK"}, {"name": "SPCB"}, {"name": "TI"}, {"name": "VSR"}, {"name": "WBA"}], "tags": [{"name": "Mid-Afternoon Market Update"}]}, {"id": 8189879, "author": "Benzinga", "created": "Wed, 06 Jul 2016 15:13:46 -0400", "updated": "Wed, 06 Jul 2016 15:13:46 -0400", "title": "Walmart Pay Is Now Available In All Stores", "teaser": "", "body": "", "url": "https://www.benzinga.com/node/8189879", "image": [], "channels": [{"name": "News"}, {"name": "General"}], "stocks": [{"name": "WMT"}], "tags": [{"name": "Walmart Pay"}]}]