[{"id": 8540681, "author": "Benzinga", "created": "Fri, 07 Oct 2016 04:37:52 -0400", "updated": "Fri, 07 Oct 2016 04:37:52 -0400", "title": "5 Stocks You Should Be Watching Today", "teaser": "", "body": "", "url": "https://www.benzinga.com/node/8540681", "image": [], "channels": [{"name": "Earnings"}, {"name": "News"}, {"name": "Guidance"}, {"name": "Pre-Market Outlook"}, {"name": "Markets"}, {"name": "Trading Ideas"}], "stocks": [{"name": "GPS"}, {"name": "HELE"}, {"name": "HON"}, {"name": "MG"}, {"name": "RT"}], "tags": [{"name": "Stocks To Watch"}, {"name": "Stocks to Watch"}]}, {"id": 8541201, "author": "Benzinga", "created": "Fri, 07 Oct 2016 08:29:15 -0400", "updated": "Fri, 07 Oct 2016 08:29:15 -0400", "title": "18 Stocks Moving In Friday's Pre-Market Session", "teaser": "", "body": "", "url": "https://www.benzinga.com/node/8541201", "image": [], "channels": [{"name": "News"}, {"name": "Movers & Shakers"}, {"name": "Pre-Market Outlook"}, {"name": "Markets"}, {"name": "Movers"}], "stocks": [{"name": "ACIA"}, {"name": "AUPH"}, {"name": "CIT"}, {"name": "COUP"}, {"name": "EXEL"}, {"name": "GPS"}, {"name": "GV"}, {"name": "GWPH"}, {"name": "HON"}, {"name": "IDRA"}, {"name": "MACK"}, {"name": "MT"}, {"name": "OPK"}, {"name": "RBS"}, {"name": "RT"}, {"name": "SEDG"}, {"name": "UVE"}, {"name": "VSLR"}], "tags": [{"name": "#PreMarket Gainers"}, {"name": "Losers"}, {"name": "Top Gainers"}]}, {"id": 8538668, "author": "Benzinga", "created": "Fri, 07 Oct 2016 08:49:26 -0400", "updated": "Fri, 07 Oct 2016 08:49:26 -0400", "title": "Halloween Consumer Spending Surging In 2016", "teaser": "", "body": "", "url": "https://www.benzinga.com/node/8538668", "image": [], "channels": [{"name": "Analyst Color"}, {"name": "News"}, {"name": "Previews"}, {"name": "Events"}, {"name": "Movers"}, {"name": "Trading Ideas"}], "stocks": [{"name": "AMZN"}, {"name": "TGT"}, {"name": "WMT"}], "tags": [{"name": "Andrew Scarbrough"}, {"name": "Halloween"}, {"name": "holiday shopping season"}, {"name": "holiday spending"}, {"name": "PriceWaiter"}]}, {"id": 8541175, "author": "Benzinga", "created": "Fri, 07 Oct 2016 09:17:27 -0400", "updated": "Fri, 07 Oct 2016 09:17:27 -0400", "title": "IBM Will Meet Or Beat On Q3; Bernstein Concerned With Q4, FY17", "teaser": "", "body": "", "url": "https://www.benzinga.com/node/8541175", "image": [], "channels": [{"name": "Analyst Color"}, {"name": "Earnings"}, {"name": "News"}, {"name": "Guidance"}, {"name": "Price Target"}, {"name": "Previews"}, {"name": "Reiteration"}, {"name": "Analyst Ratings"}, {"name": "Tech"}, {"name": "Trading Ideas"}], "stocks": [{"name": "IBM"}], "tags": [{"name": "A.M. (Toni) Sacconaghi"}, {"name": "A.M. Sacconaghi"}, {"name": "Bernstein"}, {"name": "Toni Sacconaghi"}]}, {"id": 8541270, "author": "Benzinga", "created": "Fri, 07 Oct 2016 09:47:23 -0400", "updated": "Fri, 07 Oct 2016 09:47:23 -0400", "title": "Silicon Motion Bulls Cheer Raised Q3 Outlook", "teaser": "", "body": "", "url": "https://www.benzinga.com/node/8541270", "image": [], "channels": [{"name": "News"}, {"name": "Guidance"}, {"name": "Movers"}, {"name": "Tech"}, {"name": "Trading Ideas"}], "stocks": [{"name": "INTC"}, {"name": "SIMO"}, {"name": "TSM"}], "tags": []}, {"id": 8541811, "author": "Benzinga", "created": "Fri, 07 Oct 2016 10:11:15 -0400", "updated": "Fri, 07 Oct 2016 10:11:15 -0400", "title": "Mid-Morning Market Update: Markets Open Lower; Silicon Motion Raises Q3 Forecast", "teaser": "", "body": "", "url": "https://www.benzinga.com/node/8541811", "image": [], "channels": [{"name": "News"}, {"name": "Eurozone"}, {"name": "Commodities"}, {"name": "Global"}, {"name": "Intraday Update"}, {"name": "Markets"}], "stocks": [{"name": "AT"}, {"name": "BSTG"}, {"name": "CLVS"}, {"name": "FSLR"}, {"name": "GPS"}, {"name": "HON"}, {"name": "LPCN"}, {"name": "NEE"}, {"name": "NVAX"}, {"name": "SIMO"}, {"name": "VIVE"}], "tags": [{"name": "Mid-Morning Market Update"}]}, {"id": 8541631, "author": "Benzinga", "created": "Fri, 07 Oct 2016 10:59:09 -0400", "updated": "Fri, 07 Oct 2016 10:59:09 -0400", "title": "Hurricane Matthew Could Disrupt Southeast Travel Plans For Weeks", "teaser": "", "body": "", "url": "https://www.benzinga.com/node/8541631", "image": [], "channels": [{"name": "News"}, {"name": "Travel"}, {"name": "Events"}, {"name": "Top Stories"}, {"name": "Trading Ideas"}, {"name": "General"}], "stocks": [{"name": "AAL"}, {"name": "CCL"}, {"name": "CMCSA"}, {"name": "DAL"}, {"name": "DIS"}, {"name": "JBLU"}, {"name": "LUV"}, {"name": "RCL"}, {"name": "SAVE"}, {"name": "SEAS"}, {"name": "UAL"}], "tags": [{"name": "Hurricane Matthew"}]}, {"id": 8542062, "author": "Benzinga", "created": "Fri, 07 Oct 2016 11:16:04 -0400", "updated": "Fri, 07 Oct 2016 11:16:04 -0400", "title": "Cramer On Honeywell's Guidance Update: 'This Does Not Make Sense'", "teaser": "", "body": "", "url": "https://www.benzinga.com/node/8542062", "image": [], "channels": [{"name": "CNBC"}, {"name": "News"}, {"name": "Guidance"}, {"name": "Jim Cramer"}, {"name": "Media"}], "stocks": [{"name": "HON"}], "tags": [{"name": "Aerospace Stocks"}, {"name": "Honeywell guidance"}]}, {"id": 8541868, "author": "Benzinga", "created": "Fri, 07 Oct 2016 11:38:23 -0400", "updated": "Fri, 07 Oct 2016 11:38:23 -0400", "title": "Industrial Conglomerate Stocks Under Pressure Amid Light Guidance From Honeywell", "teaser": "", "body": "", "url": "https://www.benzinga.com/node/8541868", "image": [], "channels": [{"name": "News"}, {"name": "Guidance"}, {"name": "Movers"}], "stocks": [{"name": "CSL"}, {"name": "DD"}, {"name": "HON"}, {"name": "ITW"}, {"name": "MMM"}, {"name": "RAVN"}, {"name": "TRN"}], "tags": [{"name": "Industrial Conglomerate stocks"}, {"name": "industrials"}]}, {"id": 8542445, "author": "Benzinga", "created": "Fri, 07 Oct 2016 12:13:22 -0400", "updated": "Fri, 07 Oct 2016 12:13:23 -0400", "title": "Mid-Day Market Update: Dow Drops Over 100 Points; Gap Shares Rise Following September Sales Numbers", "teaser": "", "body": "", "url": "https://www.benzinga.com/node/8542445", "image": [], "channels": [{"name": "Earnings"}, {"name": "News"}, {"name": "Guidance"}, {"name": "Eurozone"}, {"name": "Commodities"}, {"name": "Global"}, {"name": "Intraday Update"}, {"name": "Markets"}, {"name": "Movers"}], "stocks": [{"name": "BSTG"}, {"name": "CLVS"}, {"name": "CPN"}, {"name": "ERII"}, {"name": "GPS"}, {"name": "HON"}, {"name": "LPCN"}, {"name": "NEE"}, {"name": "RT"}, {"name": "SIMO"}, {"name": "VIVE"}], "tags": [{"name": "Mid-Day Market Update"}]}, {"id": 8542727, "author": "Benzinga", "created": "Fri, 07 Oct 2016 13:16:48 -0400", "updated": "Fri, 07 Oct 2016 13:16:48 -0400", "title": "18 Biggest Mid-Day Losers For Friday", "teaser": "", "body": "", "url": "https://www.benzinga.com/node/8542727", "image": [], "channels": [{"name": "News"}, {"name": "Movers & Shakers"}, {"name": "Intraday Update"}, {"name": "Markets"}], "stocks": [{"name": "ACIA"}, {"name": "ALNY"}, {"name": "ATU"}, {"name": "AUPH"}, {"name": "BSTG"}, {"name": "CLVS"}, {"name": "COUP"}, {"name": "EXEL"}, {"name": "FSLR"}, {"name": "HEES"}, {"name": "HELE"}, {"name": "HON"}, {"name": "IDRA"}, {"name": "MACK"}, {"name": "MG"}, {"name": "RT"}, {"name": "SEDG"}, {"name": "TSN"}], "tags": [{"name": "Mid-Day Losers"}, {"name": "Top Losers"}]}, {"id": 8541925, "author": "Benzinga", "created": "Fri, 07 Oct 2016 13:40:02 -0400", "updated": "Fri, 07 Oct 2016 13:40:02 -0400", "title": "Demand For iPhone 7 Is Expected To Boost Taiwan's Exports", "teaser": "", "body": "", "url": "https://www.benzinga.com/node/8541925", "image": [], "channels": [{"name": "Analyst Color"}, {"name": "News"}, {"name": "Emerging Markets"}, {"name": "Markets"}, {"name": "Movers"}, {"name": "Tech"}, {"name": "Media"}, {"name": "Trading Ideas"}], "stocks": [{"name": "AAPL"}, {"name": "TSM"}], "tags": [{"name": "holiday shopping"}, {"name": "holiday shopping season"}, {"name": "iPhone 7"}, {"name": "iPhone 7 Demand"}, {"name": "Kevin Wang"}, {"name": "Reuters"}, {"name": "Taishin Securities Investment Advisory"}, {"name": "taiwan"}, {"name": "Taiwan exports"}, {"name": "Taiwan Semiconductor"}]}, {"id": 8542243, "author": "Benzinga", "created": "Fri, 07 Oct 2016 13:58:09 -0400", "updated": "Fri, 07 Oct 2016 13:58:09 -0400", "title": "Guidance Adjustments From Honeywell Reinforce Concerns At Credit Suisse", "teaser": "", "body": "", "url": "https://www.benzinga.com/node/8542243", "image": [], "channels": [{"name": "Analyst Color"}, {"name": "News"}, {"name": "Guidance"}, {"name": "Reiteration"}, {"name": "Analyst Ratings"}, {"name": "Movers"}, {"name": "Tech"}], "stocks": [{"name": "HON"}], "tags": [{"name": "Credit Suisse"}, {"name": "Julian Mitchell"}]}, {"id": 8543129, "author": "Benzinga", "created": "Fri, 07 Oct 2016 14:56:40 -0400", "updated": "Fri, 07 Oct 2016 14:56:41 -0400", "title": "Mid-Afternoon Market Update: Crude Oil Down 1.3%; Ruby Tuesday Shares Fall Following Q1 Results", "teaser": "", "body": "", "url": "https://www.benzinga.com/node/8543129", "image": [], "channels": [{"name": "Earnings"}, {"name": "News"}, {"name": "Guidance"}, {"name": "Eurozone"}, {"name": "Commodities"}, {"name": "Global"}, {"name": "Intraday Update"}, {"name": "Markets"}, {"name": "Movers"}], "stocks": [{"name": "AP"}, {"name": "CLVS"}, {"name": "GPS"}, {"name": "HON"}, {"name": "LPCN"}, {"name": "MG"}, {"name": "RT"}, {"name": "SIMO"}, {"name": "SN"}, {"name": "SPP"}], "tags": [{"name": "Mid-Afternoon Market Update"}]}, {"id": 8542315, "author": "Benzinga", "created": "Fri, 07 Oct 2016 15:12:21 -0400", "updated": "Fri, 07 Oct 2016 15:12:22 -0400", "title": "The Hurricane Matthew Disaster Play Selloff", "teaser": "", "body": "", "url": "https://www.benzinga.com/node/8542315", "image": [], "channels": [{"name": "News"}, {"name": "Short Ideas"}, {"name": "Topics"}, {"name": "Movers"}, {"name": "Trading Ideas"}, {"name": "General"}], "stocks": [{"name": "BECN"}, {"name": "GNRC"}, {"name": "HD"}, {"name": "LOW"}], "tags": [{"name": "Hurricane Matthew"}]}, {"id": 8542986, "author": "Benzinga", "created": "Fri, 07 Oct 2016 15:32:47 -0400", "updated": "Fri, 07 Oct 2016 15:32:47 -0400", "title": "Outlook Should Be The Focus For Allegheny's Q3 Report, Says Buckingham", "teaser": "", "body": "", "url": "https://www.benzinga.com/node/8542986", "image": [], "channels": [{"name": "Analyst Color"}, {"name": "Earnings"}, {"name": "Long Ideas"}, {"name": "News"}, {"name": "Price Target"}, {"name": "Reiteration"}, {"name": "Analyst Ratings"}, {"name": "Movers"}, {"name": "Tech"}, {"name": "Trading Ideas"}], "stocks": [{"name": "ATI"}, {"name": "BA"}], "tags": [{"name": "Buckingham Research"}, {"name": "Richard Safran"}]}]