[{"id": 7725889, "author": "Benzinga", "created": "Thu, 17 Mar 2016 07:54:18 -0400", "updated": "Thu, 17 Mar 2016 07:54:18 -0400", "title": "A Rare Opportunity With A Biotechnology ETF", "teaser": "", "body": "", "url": "https://www.benzinga.com/node/7725889", "image": [], "channels": [{"name": "Biotech"}, {"name": "Long Ideas"}, {"name": "News"}, {"name": "Sector ETFs"}, {"name": "Intraday Update"}, {"name": "Markets"}, {"name": "Trading Ideas"}, {"name": "ETFs"}], "stocks": [{"name": "AMGN"}, {"name": "BBH"}, {"name": "BIIB"}, {"name": "CELG"}, {"name": "GILD"}], "tags": []}, {"id": 7726889, "author": "Benzinga", "created": "Thu, 17 Mar 2016 08:19:37 -0400", "updated": "Thu, 17 Mar 2016 08:19:37 -0400", "title": "10 Stocks Moving In Thursday's Pre-Market Session", "teaser": "", "body": "", "url": "https://www.benzinga.com/node/7726889", "image": [], "channels": [{"name": "News"}, {"name": "Movers & Shakers"}, {"name": "Pre-Market Outlook"}, {"name": "Markets"}, {"name": "Movers"}], "stocks": [{"name": "CAT"}, {"name": "COHR"}, {"name": "CTRP"}, {"name": "FDX"}, {"name": "GES"}, {"name": "JBL"}, {"name": "MIK"}, {"name": "ORPN"}, {"name": "RSTI"}, {"name": "SRPT"}, {"name": "VTAE"}], "tags": [{"name": "#PreMarket Gainers"}, {"name": "#PreMarket Losers"}, {"name": "Top Gainers"}]}, {"id": 7727449, "author": "Benzinga", "created": "Thu, 17 Mar 2016 10:15:22 -0400", "updated": "Thu, 17 Mar 2016 10:24:23 -0400", "title": "Apple's Google Cloud Decision Adds To This Perception", "teaser": "", "body": "", "url": "https://www.benzinga.com/node/7727449", "image": [], "channels": [{"name": "Long Ideas"}, {"name": "News"}, {"name": "Top Stories"}, {"name": "Markets"}, {"name": "Tech"}, {"name": "Trading Ideas"}], "stocks": [{"name": "AAPL"}, {"name": "AMZN"}, {"name": "GOOG"}, {"name": "MSFT"}], "tags": [{"name": "CRN"}, {"name": "Evan Wilson"}, {"name": "Pacific Crest"}, {"name": "Tyler Parker"}]}, {"id": 7727550, "author": "Benzinga", "created": "Thu, 17 Mar 2016 10:40:07 -0400", "updated": "Thu, 17 Mar 2016 10:54:53 -0400", "title": "The Market In 5 Minutes: Thursday, March 17, 2016", "teaser": "", "body": "", "url": "https://www.benzinga.com/node/7727550", "image": [], "channels": [{"name": "News"}, {"name": "Events"}, {"name": "Global"}, {"name": "Top Stories"}], "stocks": [{"name": "AAPL"}, {"name": "AMGN"}, {"name": "AMZN"}, {"name": "CAJ"}, {"name": "CAT"}, {"name": "CMG"}, {"name": "COHR"}, {"name": "FDX"}, {"name": "GOOGL"}, {"name": "GRPN"}, {"name": "LNKD"}, {"name": "MDLZ"}, {"name": "NFLX"}, {"name": "ODP"}, {"name": "REGN"}, {"name": "RSTI"}, {"name": "SEAS"}, {"name": "SNY"}, {"name": "SPLS"}, {"name": "TWTR"}, {"name": "VRX"}, {"name": "VSLR"}, {"name": "YHOO"}], "tags": [{"name": "the market in 5 minutes"}]}, {"id": 7727359, "author": "Benzinga", "created": "Thu, 17 Mar 2016 10:54:12 -0400", "updated": "Thu, 17 Mar 2016 10:56:45 -0400", "title": "Watch Industrial Sector Following Caterpillar's Disappointing Q1 Outlook", "teaser": "", "body": "", "url": "https://www.benzinga.com/node/7727359", "image": [], "channels": [{"name": "News"}, {"name": "Guidance"}], "stocks": [{"name": "CAT"}, {"name": "DE"}], "tags": []}, {"id": 7728094, "author": "Benzinga", "created": "Thu, 17 Mar 2016 12:06:06 -0400", "updated": "Thu, 17 Mar 2016 12:06:06 -0400", "title": "Jabil's Guidance Is Bad Sign For Apple's iPhone", "teaser": "", "body": "", "url": "https://www.benzinga.com/node/7728094", "image": [], "channels": [{"name": "Analyst Color"}, {"name": "News"}, {"name": "Guidance"}, {"name": "Reiteration"}, {"name": "Analyst Ratings"}, {"name": "Tech"}], "stocks": [{"name": "AAPL"}, {"name": "JBL"}], "tags": [{"name": "Goldman Sachs"}, {"name": "Pacific Crest"}, {"name": "The Street"}]}, {"id": 7728299, "author": "Benzinga", "created": "Thu, 17 Mar 2016 12:35:30 -0400", "updated": "Thu, 17 Mar 2016 12:35:31 -0400", "title": "'Nothing To Fear' In Nike's Earnings, Sterne Agee CRT Says", "teaser": "", "body": "", "url": "https://www.benzinga.com/node/7728299", "image": [], "channels": [{"name": "Analyst Color"}, {"name": "Earnings"}, {"name": "News"}, {"name": "Price Target"}, {"name": "Analyst Ratings"}], "stocks": [{"name": "NKE"}], "tags": []}, {"id": 7725884, "author": "Benzinga", "created": "Thu, 17 Mar 2016 12:59:46 -0400", "updated": "Thu, 17 Mar 2016 12:59:47 -0400", "title": "Paying Defense Pays With This Dividend ETF", "teaser": "", "body": "", "url": "https://www.benzinga.com/node/7725884", "image": [], "channels": [{"name": "Long Ideas"}, {"name": "News"}, {"name": "Dividends"}, {"name": "Dividends"}, {"name": "Intraday Update"}, {"name": "Markets"}, {"name": "Trading Ideas"}], "stocks": [{"name": "AAPL"}, {"name": "DTD"}, {"name": "MSFT"}], "tags": []}, {"id": 7729598, "author": "Benzinga", "created": "Thu, 17 Mar 2016 15:34:39 -0400", "updated": "Thu, 17 Mar 2016 15:34:40 -0400", "title": "'Apple Events' Launches On Apple TV Ahead Of Monday's Event", "teaser": "", "body": "", "url": "https://www.benzinga.com/node/7729598", "image": [], "channels": [{"name": "News"}, {"name": "Events"}, {"name": "Tech"}], "stocks": [{"name": "AAPL"}], "tags": [{"name": "Apple Events"}, {"name": "Apple TV"}, {"name": "MacRumors"}]}, {"id": 7730804, "author": "Benzinga", "created": "Thu, 17 Mar 2016 17:11:36 -0400", "updated": "Thu, 17 Mar 2016 17:11:36 -0400", "title": "JPMorgan Chase Announces $1.88B Increase to Share Buyback Program", "teaser": "", "body": "", "url": "https://www.benzinga.com/node/7730804", "image": [], "channels": [{"name": "News"}, {"name": "Buybacks"}, {"name": "Press Releases"}], "stocks": [{"name": "JPM"}], "tags": []}]