[{"id": 8169290, "author": "Benzinga", "created": "Thu, 30 Jun 2016 02:39:32 -0400", "updated": "Thu, 30 Jun 2016 02:39:32 -0400", "title": "Watch These 5 Huge Put Purchases In Thursday Trade", "teaser": "", "body": "", "url": "https://www.benzinga.com/node/8169290", "image": [], "channels": [{"name": "News"}, {"name": "Options"}, {"name": "Markets"}], "stocks": [{"name": "ARMH"}, {"name": "CRM"}, {"name": "KOS"}, {"name": "PIR"}, {"name": "WDAY"}], "tags": [{"name": "Huge Put Purchases"}]}, {"id": 8170390, "author": "Benzinga", "created": "Thu, 30 Jun 2016 08:20:26 -0400", "updated": "Thu, 30 Jun 2016 08:20:26 -0400", "title": "Mobileye Just Scored A Huge Partnership", "teaser": "", "body": "", "url": "https://www.benzinga.com/node/8170390", "image": [], "channels": [{"name": "News"}, {"name": "Rumors"}, {"name": "Contracts"}, {"name": "Travel"}, {"name": "Tech"}, {"name": "Trading Ideas"}, {"name": "General"}], "stocks": [{"name": "INTC"}, {"name": "MBLY"}], "tags": [{"name": "Amnon Shashua"}, {"name": "BMW"}, {"name": "BMW Self Driving Car"}, {"name": "Brian Krzanich"}, {"name": "Harald Krueger"}, {"name": "Intel"}, {"name": "Mobileye"}, {"name": "Mobileye Self Driving Car"}]}, {"id": 8168755, "author": "Benzinga", "created": "Thu, 30 Jun 2016 09:04:05 -0400", "updated": "Thu, 30 Jun 2016 09:04:05 -0400", "title": "Windows 10 To See Big Changes With Its Free 'Anniversary Update'", "teaser": "", "body": "", "url": "https://www.benzinga.com/node/8168755", "image": [], "channels": [{"name": "News"}, {"name": "Events"}, {"name": "Tech"}, {"name": "Trading Ideas"}], "stocks": [{"name": "MSFT"}], "tags": [{"name": "Cortana"}, {"name": "Microsoft Edge"}, {"name": "Windows"}, {"name": "Windows 10"}, {"name": "Windows Defender"}, {"name": "Xbox One"}]}, {"id": 8171349, "author": "Benzinga", "created": "Thu, 30 Jun 2016 10:32:07 -0400", "updated": "Thu, 30 Jun 2016 10:32:08 -0400", "title": "Merck And Premier Join Hands To Prevent Fractures For Osteoporosis Patients", "teaser": "", "body": "", "url": "https://www.benzinga.com/node/8171349", "image": [], "channels": [{"name": "Biotech"}, {"name": "News"}, {"name": "General"}], "stocks": [{"name": "MRK"}, {"name": "PINC"}], "tags": []}, {"id": 8171462, "author": "Benzinga", "created": "Thu, 30 Jun 2016 11:46:48 -0400", "updated": "Thu, 30 Jun 2016 11:46:48 -0400", "title": "Looking For An Ideal Position In Public Grid Tech? Raymond James Highlights Silver Spring Networks", "teaser": "", "body": "", "url": "https://www.benzinga.com/node/8171462", "image": [], "channels": [{"name": "Analyst Color"}, {"name": "Long Ideas"}, {"name": "News"}, {"name": "Upgrades"}, {"name": "Price Target"}, {"name": "Analyst Ratings"}, {"name": "Movers"}, {"name": "Tech"}, {"name": "Trading Ideas"}], "stocks": [{"name": "HON"}, {"name": "ORCL"}, {"name": "SSNI"}], "tags": [{"name": "Elster"}, {"name": "Opower"}, {"name": "Pavel Molchanov"}, {"name": "Raymond James"}]}, {"id": 8171953, "author": "Benzinga", "created": "Thu, 30 Jun 2016 12:17:28 -0400", "updated": "Thu, 30 Jun 2016 12:17:28 -0400", "title": "IBM And Cisco Tap IBM Watson Power And Cisco Spark To Transform The Way People Work", "teaser": "", "body": "", "url": "https://www.benzinga.com/node/8171953", "image": [], "channels": [{"name": "News"}, {"name": "Tech"}], "stocks": [{"name": "CSCO"}, {"name": "IBM"}], "tags": []}, {"id": 8171995, "author": "Benzinga", "created": "Thu, 30 Jun 2016 13:50:59 -0400", "updated": "Thu, 30 Jun 2016 13:50:59 -0400", "title": "Analysts Compare JPMorgan, Citigroup, Other Big Banks' Capital Plans To Expectations", "teaser": "", "body": "", "url": "https://www.benzinga.com/node/8171995", "image": [], "channels": [{"name": "Analyst Color"}, {"name": "News"}, {"name": "Events"}, {"name": "Economics"}, {"name": "Federal Reserve"}, {"name": "Analyst Ratings"}], "stocks": [{"name": "BAC"}, {"name": "C"}, {"name": "GS"}, {"name": "JPM"}, {"name": "MS"}, {"name": "WFC"}], "tags": [{"name": "CLSA Americas Research"}]}, {"id": 8172104, "author": "Benzinga", "created": "Thu, 30 Jun 2016 14:01:30 -0400", "updated": "Thu, 30 Jun 2016 14:01:30 -0400", "title": "Oracle's $14 Billion Corporate Bond Offering Is Big, But These 5 Deals Were Bigger", "teaser": "", "body": "", "url": "https://www.benzinga.com/node/8172104", "image": [], "channels": [{"name": "News"}, {"name": "Bonds"}, {"name": "Education"}, {"name": "Offerings"}, {"name": "Markets"}, {"name": "Trading Ideas"}, {"name": "General"}], "stocks": [{"name": "BUD"}, {"name": "EMC"}, {"name": "ORCL"}, {"name": "SBMRY"}, {"name": "T"}, {"name": "TEVA"}, {"name": "VOD"}, {"name": "VZ"}], "tags": [{"name": "Actavis"}, {"name": "Allergan"}, {"name": "DELL"}]}, {"id": 8172230, "author": "Benzinga", "created": "Thu, 30 Jun 2016 14:17:14 -0400", "updated": "Thu, 30 Jun 2016 14:17:14 -0400", "title": "UBS Sees Capital Returns Plans By Big Banks 'Largely Better Than Expected'", "teaser": "", "body": "", "url": "https://www.benzinga.com/node/8172230", "image": [], "channels": [{"name": "Analyst Color"}, {"name": "News"}, {"name": "Dividends"}, {"name": "Buybacks"}, {"name": "Federal Reserve"}, {"name": "Analyst Ratings"}, {"name": "Trading Ideas"}], "stocks": [{"name": "BAC"}, {"name": "C"}, {"name": "JPM"}, {"name": "WFC"}], "tags": [{"name": "Brennan Hawken"}, {"name": "Brexit"}, {"name": "UBS"}]}, {"id": 8172240, "author": "Benzinga", "created": "Thu, 30 Jun 2016 14:25:15 -0400", "updated": "Thu, 30 Jun 2016 14:25:57 -0400", "title": "What The Potential BMW, Intel Partnership Means For Mobileye NV", "teaser": "", "body": "", "url": "https://www.benzinga.com/node/8172240", "image": [], "channels": [{"name": "Analyst Color"}, {"name": "News"}, {"name": "Price Target"}, {"name": "Reiteration"}, {"name": "Travel"}, {"name": "Events"}, {"name": "Analyst Ratings"}, {"name": "Movers"}, {"name": "Tech"}, {"name": "Trading Ideas"}, {"name": "General"}], "stocks": [{"name": "INTC"}, {"name": "MBLY"}], "tags": [{"name": "BMW"}, {"name": "CLSA Emmanuel Rosner"}]}, {"id": 8169227, "author": "Benzinga", "created": "Thu, 30 Jun 2016 15:01:44 -0400", "updated": "Thu, 30 Jun 2016 15:01:44 -0400", "title": "Guggenheim Introduces Equal-Weight S&P 100 ETF", "teaser": "", "body": "", "url": "https://www.benzinga.com/node/8169227", "image": [], "channels": [{"name": "Long Ideas"}, {"name": "News"}, {"name": "New ETFs"}, {"name": "Top Stories"}, {"name": "Trading Ideas"}, {"name": "ETFs"}], "stocks": [{"name": "AMZN"}, {"name": "AXP"}, {"name": "FDX"}, {"name": "OEF"}, {"name": "PFE"}, {"name": "RSP"}], "tags": [{"name": "Bill Belden"}, {"name": "Guggenheim"}]}, {"id": 8172617, "author": "Benzinga", "created": "Thu, 30 Jun 2016 16:17:06 -0400", "updated": "Thu, 30 Jun 2016 16:17:06 -0400", "title": "Wal-Mart Pay Welcomed In Idaho, Oregon, Washington And New Mexico", "teaser": "", "body": "", "url": "https://www.benzinga.com/node/8172617", "image": [], "channels": [{"name": "News"}, {"name": "Tech"}, {"name": "Trading Ideas"}], "stocks": [{"name": "AAPL"}, {"name": "WMT"}], "tags": [{"name": "Daniel Eckert"}, {"name": "Wal-Mart Pay"}]}, {"id": 8172989, "author": "Benzinga", "created": "Thu, 30 Jun 2016 16:26:38 -0400", "updated": "Thu, 30 Jun 2016 16:26:38 -0400", "title": "The Battle Between Spotify And Apple Heats Up", "teaser": "", "body": "", "url": "https://www.benzinga.com/node/8172989", "image": [], "channels": [{"name": "News"}, {"name": "Legal"}, {"name": "Tech"}, {"name": "Media"}, {"name": "Trading Ideas"}], "stocks": [{"name": "AAPL"}], "tags": [{"name": "Apple Music"}, {"name": "Elizabeth Warren"}, {"name": "iOS"}, {"name": "MacRumors"}, {"name": "Spotify"}]}]