[{"id": 8819938, "author": "Benzinga", "created": "Mon, 19 Dec 2016 08:39:06 -0400", "updated": "Mon, 19 Dec 2016 08:39:06 -0400", "title": "A Peek Into The Markets: U.S. Stock Futures Rise Ahead Of Yellen Speech", "teaser": "", "body": "", "url": "https://www.benzinga.com/node/8819938", "image": [], "channels": [{"name": "Earnings"}, {"name": "News"}, {"name": "Eurozone"}, {"name": "Futures"}, {"name": "Global"}, {"name": "Pre-Market Outlook"}, {"name": "Markets"}], "stocks": [{"name": "AWH"}, {"name": "BMY"}, {"name": "FRFHF"}, {"name": "LEN"}, {"name": "MRK"}, {"name": "XGTI"}], "tags": [{"name": "A Peek Into The Markets"}, {"name": "Consumer Discretionary"}, {"name": "Homebuilding"}, {"name": "Jefferies"}, {"name": "U.S. stock futures"}]}, {"id": 8819858, "author": "Benzinga", "created": "Mon, 19 Dec 2016 09:08:23 -0400", "updated": "Mon, 19 Dec 2016 09:08:23 -0400", "title": "Will Cyclical Slowdown Continue To Plague Nike?", "teaser": "", "body": "", "url": "https://www.benzinga.com/node/8819858", "image": [], "channels": [{"name": "Analyst Color"}, {"name": "News"}, {"name": "Guidance"}, {"name": "Reiteration"}, {"name": "Analyst Ratings"}], "stocks": [{"name": "NKE"}], "tags": [{"name": "Brean Capital"}, {"name": "Eric Tracy"}]}, {"id": 8819986, "author": "Benzinga", "created": "Mon, 19 Dec 2016 09:37:58 -0400", "updated": "Mon, 19 Dec 2016 09:37:58 -0400", "title": "Roger Goodell's Comments On 'Significant Improvements Post-Election'", "teaser": "", "body": "", "url": "https://www.benzinga.com/node/8819986", "image": [], "channels": [{"name": "Analyst Color"}, {"name": "News"}, {"name": "Price Target"}, {"name": "Reiteration"}, {"name": "Sports"}, {"name": "Analyst Ratings"}, {"name": "Media"}, {"name": "General"}], "stocks": [{"name": "CBS"}, {"name": "DIS"}, {"name": "FOXA"}], "tags": [{"name": "Darren Rovell"}, {"name": "ESPN"}, {"name": "Matthew Harrigan"}, {"name": "nfl"}, {"name": "Roger Goodell"}, {"name": "Wunderlich"}]}, {"id": 8819982, "author": "Benzinga", "created": "Mon, 19 Dec 2016 10:03:01 -0400", "updated": "Mon, 19 Dec 2016 10:03:02 -0400", "title": "The Market In 5 Minutes: 'Rogue One', Bullish Commentary Pumps Disney Up", "teaser": "", "body": "", "url": "https://www.benzinga.com/node/8819982", "image": [], "channels": [{"name": "News"}, {"name": "Global"}, {"name": "Top Stories"}, {"name": "Pre-Market Outlook"}, {"name": "Markets"}], "stocks": [{"name": "AUY"}, {"name": "AWH"}, {"name": "BBBY"}, {"name": "BMY"}, {"name": "CBS"}, {"name": "COST"}, {"name": "DB"}, {"name": "DIS"}, {"name": "FB"}, {"name": "FRFHF"}, {"name": "GG"}, {"name": "JAKK"}, {"name": "KGC"}, {"name": "LOW"}, {"name": "RAD"}, {"name": "SNE"}, {"name": "SPY"}, {"name": "USO"}, {"name": "VIAB"}], "tags": [{"name": "the market in 5 minutes"}]}, {"id": 8816547, "author": "Benzinga", "created": "Mon, 19 Dec 2016 10:33:41 -0400", "updated": "Mon, 19 Dec 2016 10:33:41 -0400", "title": "Here's Oppenheimer's List Of The 29 Best Stocks For 2017", "teaser": "", "body": "", "url": "https://www.benzinga.com/node/8816547", "image": [], "channels": [{"name": "Analyst Color"}, {"name": "Long Ideas"}, {"name": "News"}, {"name": "Reiteration"}, {"name": "Analyst Ratings"}, {"name": "Trading Ideas"}], "stocks": [{"name": "AMGN"}, {"name": "AQMS"}, {"name": "AVGO"}, {"name": "AXON"}, {"name": "BANX"}, {"name": "CNC"}, {"name": "CSL"}, {"name": "ELLI"}, {"name": "EXPE"}, {"name": "FB"}, {"name": "FLT"}, {"name": "HBI"}, {"name": "HON"}, {"name": "ILG"}, {"name": "INXN"}, {"name": "JACK"}, {"name": "JCI"}, {"name": "KKR"}, {"name": "KTWO"}, {"name": "MNK"}, {"name": "PSTG"}, {"name": "SCI"}, {"name": "TCO"}, {"name": "TDOC"}, {"name": "TSCO"}, {"name": "TTWO"}, {"name": "ULTA"}, {"name": "UTHR"}, {"name": "VRNT"}], "tags": [{"name": "Oppehheimer"}]}, {"id": 8819047, "author": "Benzinga", "created": "Mon, 19 Dec 2016 10:56:55 -0400", "updated": "Mon, 19 Dec 2016 10:56:56 -0400", "title": "Can Bed Bath & Beyond Or Rite Aid Overcome Low Earnings Expectations?", "teaser": "", "body": "", "url": "https://www.benzinga.com/node/8819047", "image": [], "channels": [{"name": "Analyst Color"}, {"name": "Earnings"}, {"name": "News"}, {"name": "Previews"}, {"name": "Crowdsourcing"}, {"name": "Analyst Ratings"}, {"name": "Movers"}, {"name": "Trading Ideas"}, {"name": "General"}], "stocks": [{"name": "BBBY"}, {"name": "RAD"}, {"name": "WBA"}], "tags": [{"name": "Earnings Expectations"}, {"name": "Estimize"}, {"name": "holiday shopping season"}]}, {"id": 8820515, "author": "Benzinga", "created": "Mon, 19 Dec 2016 11:56:30 -0400", "updated": "Mon, 19 Dec 2016 11:56:30 -0400", "title": "Jefferies' 2017 Global Pharma Outlook", "teaser": "", "body": "", "url": "https://www.benzinga.com/node/8820515", "image": [], "channels": [{"name": "Analyst Color"}, {"name": "Biotech"}, {"name": "Long Ideas"}, {"name": "News"}, {"name": "Short Ideas"}, {"name": "Upgrades"}, {"name": "Downgrades"}, {"name": "Health Care"}, {"name": "Price Target"}, {"name": "Reiteration"}, {"name": "Analyst Ratings"}, {"name": "Movers"}, {"name": "Trading Ideas"}, {"name": "General"}], "stocks": [{"name": "ABBV"}, {"name": "ABT"}, {"name": "AZN"}, {"name": "BAYRY"}, {"name": "BMY"}, {"name": "GSK"}, {"name": "JNJ"}, {"name": "LLY"}, {"name": "MRK"}, {"name": "NVO"}, {"name": "NVS"}, {"name": "PFE"}, {"name": "ZTS"}], "tags": [{"name": "Jefferies"}, {"name": "Jeffrey Holford"}]}, {"id": 8820337, "author": "Benzinga", "created": "Mon, 19 Dec 2016 12:02:30 -0400", "updated": "Mon, 19 Dec 2016 12:02:30 -0400", "title": "Deutsche Bank Is Near-Term Cautious On Nike", "teaser": "", "body": "", "url": "https://www.benzinga.com/node/8820337", "image": [], "channels": [{"name": "Analyst Color"}, {"name": "Earnings"}, {"name": "Long Ideas"}, {"name": "News"}, {"name": "Price Target"}, {"name": "Reiteration"}, {"name": "Analyst Ratings"}, {"name": "Trading Ideas"}], "stocks": [{"name": "NKE"}], "tags": [{"name": "Dave Weiner"}, {"name": "Deutsche Bank"}]}, {"id": 8821232, "author": "Benzinga", "created": "Mon, 19 Dec 2016 12:41:45 -0400", "updated": "Mon, 19 Dec 2016 12:41:45 -0400", "title": "Here's How Much Every Star Wars Movie Made At The Box Office On Opening Weekend", "teaser": "", "body": "", "url": "https://www.benzinga.com/node/8821232", "image": [], "channels": [{"name": "News"}, {"name": "Events"}], "stocks": [{"name": "DIS"}], "tags": [{"name": "Rogue One"}, {"name": "Star Wars"}, {"name": "Star Wars Opening Weekend"}]}, {"id": 8821541, "author": "Benzinga", "created": "Mon, 19 Dec 2016 12:49:24 -0400", "updated": "Mon, 19 Dec 2016 12:49:24 -0400", "title": "'Rogue One' Gives December Box Office A Bigger Boost", "teaser": "", "body": "", "url": "https://www.benzinga.com/node/8821541", "image": [], "channels": [{"name": "Analyst Color"}, {"name": "News"}, {"name": "Events"}, {"name": "Analyst Ratings"}, {"name": "General"}], "stocks": [{"name": "DIS"}], "tags": [{"name": "Eric Handler"}, {"name": "MKM Partners"}, {"name": "Moana"}, {"name": "Office Christmas party"}, {"name": "Rogue One"}, {"name": "Star Wars"}]}, {"id": 8816392, "author": "Benzinga", "created": "Mon, 19 Dec 2016 13:14:54 -0400", "updated": "Mon, 19 Dec 2016 13:14:54 -0400", "title": "What Yahoo Can Do To Rebuild Trust", "teaser": "", "body": "", "url": "https://www.benzinga.com/node/8816392", "image": [], "channels": [{"name": "News"}, {"name": "Education"}, {"name": "M&A"}, {"name": "Tech"}, {"name": "Interview"}, {"name": "General"}], "stocks": [{"name": "VZ"}, {"name": "YHOO"}], "tags": [{"name": "Cybersecurity"}, {"name": "Nir Kossovsky"}, {"name": "Steel City Re"}]}, {"id": 8821952, "author": "Benzinga", "created": "Mon, 19 Dec 2016 14:43:36 -0400", "updated": "Mon, 19 Dec 2016 14:43:37 -0400", "title": "Helios Matheson Shares Soar On Addition Of Personal Safety App To Google Play Store", "teaser": "", "body": "", "url": "https://www.benzinga.com/node/8821952", "image": [], "channels": [{"name": "News"}, {"name": "Movers"}, {"name": "Trading Ideas"}], "stocks": [{"name": "AAPL"}, {"name": "GOOGL"}, {"name": "HMNY"}], "tags": []}, {"id": 8820629, "author": "Benzinga", "created": "Mon, 19 Dec 2016 15:07:44 -0400", "updated": "Mon, 19 Dec 2016 15:07:45 -0400", "title": "Companies Likely To Benefit Most From Trump's 'Buy American, Hire American' Policies", "teaser": "", "body": "", "url": "https://www.benzinga.com/node/8820629", "image": [], "channels": [{"name": "Long Ideas"}, {"name": "News"}, {"name": "Politics"}, {"name": "Movers"}, {"name": "Trading Ideas"}, {"name": "General"}], "stocks": [{"name": "BA"}, {"name": "F"}, {"name": "GE"}, {"name": "WMT"}], "tags": [{"name": "Donald Trump"}]}, {"id": 8820658, "author": "Benzinga", "created": "Mon, 19 Dec 2016 15:17:43 -0400", "updated": "Mon, 19 Dec 2016 15:17:43 -0400", "title": "Here's Every Ratings And Price Target On Nike Ahead Of Q2 Earnings", "teaser": "", "body": "", "url": "https://www.benzinga.com/node/8820658", "image": [], "channels": [{"name": "Analyst Color"}, {"name": "Earnings"}, {"name": "Long Ideas"}, {"name": "News"}, {"name": "Guidance"}, {"name": "Short Ideas"}, {"name": "Price Target"}, {"name": "Previews"}, {"name": "Reiteration"}, {"name": "Analyst Ratings"}, {"name": "Movers"}, {"name": "Trading Ideas"}], "stocks": [{"name": "NKE"}], "tags": [{"name": "Bank of America"}, {"name": "Barclays"}, {"name": "Citigroup"}, {"name": "Cowen"}, {"name": "Credit Suisse"}, {"name": "Guggenheim"}, {"name": "HSBC"}, {"name": "Susquehanna"}, {"name": "Wedbush"}]}, {"id": 8821912, "author": "Benzinga", "created": "Mon, 19 Dec 2016 16:13:23 -0400", "updated": "Mon, 19 Dec 2016 16:13:23 -0400", "title": "The Biggest December Opening Weekends Ever", "teaser": "", "body": "", "url": "https://www.benzinga.com/node/8821912", "image": [], "channels": [{"name": "News"}, {"name": "Econ #s"}, {"name": "Movers"}, {"name": "Tech"}, {"name": "Media"}, {"name": "General"}], "stocks": [{"name": "DIS"}], "tags": [{"name": "disney"}, {"name": "movies"}, {"name": "Rogue One: A Star Wars Story"}, {"name": "Star Wars"}, {"name": "Statista"}]}]