[{"id": 6122370, "author": "Benzinga", "created": "Thu, 07 Jan 2016 05:08:06 -0400", "updated": "Thu, 07 Jan 2016 05:08:06 -0400", "title": "Earnings Scheduled For January 7, 2016", "teaser": "", "body": "", "url": "https://www.benzinga.com/node/6122370", "image": [], "channels": [{"name": "Earnings"}, {"name": "News"}, {"name": "Pre-Market Outlook"}, {"name": "Markets"}], "stocks": [{"name": "ANGO"}, {"name": "BBBY"}, {"name": "CUDA"}, {"name": "FC"}, {"name": "FINL"}, {"name": "GBX"}, {"name": "HELE"}, {"name": "KBH"}, {"name": "PSMT"}, {"name": "RT"}, {"name": "SCHN"}, {"name": "SNX"}, {"name": "STZ"}, {"name": "TCS"}, {"name": "WBA"}, {"name": "WDFC"}], "tags": [{"name": "Earnings schedule"}]}, {"id": 6122399, "author": "Benzinga", "created": "Thu, 07 Jan 2016 06:03:47 -0400", "updated": "Thu, 07 Jan 2016 06:03:47 -0400", "title": "7 Stocks To Watch For January 7, 2016", "teaser": "", "body": "", "url": "https://www.benzinga.com/node/6122399", "image": [], "channels": [{"name": "Earnings"}, {"name": "News"}, {"name": "Guidance"}, {"name": "Pre-Market Outlook"}, {"name": "Markets"}, {"name": "Trading Ideas"}], "stocks": [{"name": "BBBY"}, {"name": "FINL"}, {"name": "GBX"}, {"name": "KBH"}, {"name": "MG"}, {"name": "WBA"}, {"name": "ZUMZ"}], "tags": [{"name": "Stocks To Watch"}, {"name": "Stocks to Watch"}]}, {"id": 6123174, "author": "Benzinga", "created": "Thu, 07 Jan 2016 08:52:11 -0400", "updated": "Thu, 07 Jan 2016 09:09:41 -0400", "title": "Chinese Market Has Shortest Trading Day In Its 25-Year History", "teaser": "", "body": "", "url": "https://www.benzinga.com/node/6123174", "image": [], "channels": [{"name": "News"}, {"name": "Emerging Markets"}, {"name": "Futures"}, {"name": "Forex"}, {"name": "Events"}, {"name": "Global"}, {"name": "Top Stories"}, {"name": "Markets"}, {"name": "Movers"}], "stocks": [{"name": "AAPL"}, {"name": "BROAD"}, {"name": "SPX"}, {"name": "SPY"}], "tags": [{"name": "China"}]}, {"id": 6122498, "author": "Benzinga", "created": "Thu, 07 Jan 2016 09:31:14 -0400", "updated": "Thu, 07 Jan 2016 09:31:14 -0400", "title": "Macy's Begins The Year By Trimming Down", "teaser": "", "body": "", "url": "https://www.benzinga.com/node/6122498", "image": [], "channels": [{"name": "Long Ideas"}, {"name": "News"}, {"name": "Retail Sales"}, {"name": "Markets"}, {"name": "Trading Ideas"}], "stocks": [{"name": "AMZN"}, {"name": "BBY"}, {"name": "M"}, {"name": "TGT"}, {"name": "WMT"}], "tags": [{"name": "e-commerce"}]}, {"id": 6122500, "author": "Benzinga", "created": "Thu, 07 Jan 2016 09:53:50 -0400", "updated": "Thu, 07 Jan 2016 09:53:50 -0400", "title": "Can Fitbit's Blaze Compete?", "teaser": "", "body": "", "url": "https://www.benzinga.com/node/6122500", "image": [], "channels": [{"name": "Long Ideas"}, {"name": "News"}, {"name": "Events"}, {"name": "Markets"}, {"name": "Tech"}, {"name": "Trading Ideas"}], "stocks": [{"name": "AAPL"}, {"name": "FIT"}], "tags": [{"name": "Blaze"}, {"name": "CES 2016"}, {"name": "smartwatches"}, {"name": "wearables"}]}, {"id": 6123940, "author": "Benzinga", "created": "Thu, 07 Jan 2016 10:46:26 -0400", "updated": "Thu, 07 Jan 2016 10:46:27 -0400", "title": "Foxconn Vacation Rumors A Non-Story, But Apple 'Likely' To Continue Cutting Expectations: JPMorgan Analyst", "teaser": "", "body": "", "url": "https://www.benzinga.com/node/6123940", "image": [], "channels": [{"name": "Analyst Color"}, {"name": "News"}, {"name": "Short Ideas"}, {"name": "Analyst Ratings"}, {"name": "Movers"}, {"name": "Tech"}, {"name": "Trading Ideas"}], "stocks": [{"name": "AAPL"}], "tags": [{"name": "foxconn"}, {"name": "JPMorgan"}, {"name": "Rod Hall"}]}, {"id": 6123934, "author": "Benzinga", "created": "Thu, 07 Jan 2016 10:55:08 -0400", "updated": "Thu, 07 Jan 2016 10:55:08 -0400", "title": "Walgreens Boots Alliance Reports Solid Q1, Raises Lower End Of Guidance", "teaser": "", "body": "", "url": "https://www.benzinga.com/node/6123934", "image": [], "channels": [{"name": "Earnings"}, {"name": "News"}, {"name": "Health Care"}, {"name": "Movers"}, {"name": "General"}], "stocks": [{"name": "RAD"}, {"name": "WBA"}], "tags": [{"name": "Boots Alliance"}, {"name": "pharmacy"}, {"name": "Walgreens"}]}, {"id": 6124124, "author": "Benzinga", "created": "Thu, 07 Jan 2016 11:34:32 -0400", "updated": "Thu, 07 Jan 2016 11:34:32 -0400", "title": "Do Apple Risks Kill Skyworks Investors?", "teaser": "", "body": "", "url": "https://www.benzinga.com/node/6124124", "image": [], "channels": [{"name": "Analyst Color"}, {"name": "News"}, {"name": "Short Ideas"}, {"name": "Reiteration"}, {"name": "Analyst Ratings"}, {"name": "Movers"}, {"name": "Tech"}, {"name": "Trading Ideas"}], "stocks": [{"name": "AAPL"}, {"name": "SWKS"}], "tags": [{"name": "B. Riley & Co."}]}, {"id": 6122505, "author": "Benzinga", "created": "Thu, 07 Jan 2016 11:39:38 -0400", "updated": "Thu, 07 Jan 2016 11:39:38 -0400", "title": "CES Paints Worrying Picture For Telecoms", "teaser": "", "body": "", "url": "https://www.benzinga.com/node/6122505", "image": [], "channels": [{"name": "News"}, {"name": "Short Ideas"}, {"name": "Markets"}, {"name": "Tech"}, {"name": "Trading Ideas"}], "stocks": [{"name": "CMCSA"}, {"name": "DIS"}, {"name": "FOX"}, {"name": "NFLX"}], "tags": [{"name": "CES"}, {"name": "CES telecoms"}, {"name": "telecom"}]}, {"id": 6124206, "author": "Benzinga", "created": "Thu, 07 Jan 2016 11:50:48 -0400", "updated": "Thu, 07 Jan 2016 11:50:48 -0400", "title": "'Star Wars: The Force Awakens' Sets North American Records, Disney Stock Mixed", "teaser": "", "body": "", "url": "https://www.benzinga.com/node/6124206", "image": [], "channels": [{"name": "News"}, {"name": "Tech"}, {"name": "General"}], "stocks": [{"name": "DIS"}, {"name": "IMAX"}], "tags": [{"name": "disney"}, {"name": "Star Wars"}, {"name": "Star Wars Domestic Sales"}, {"name": "Star Wars Highest Grossing Film"}, {"name": "Star Wars Imax"}, {"name": "Star Wars: The Force Awakens"}]}, {"id": 6124250, "author": "Benzinga", "created": "Thu, 07 Jan 2016 11:59:25 -0400", "updated": "Thu, 07 Jan 2016 11:59:26 -0400", "title": "Report: Apple Could Buy GoPro", "teaser": "", "body": "", "url": "https://www.benzinga.com/node/6124250", "image": [], "channels": [{"name": "Analyst Color"}, {"name": "News"}, {"name": "Rumors"}, {"name": "Movers"}, {"name": "Tech"}], "stocks": [{"name": "AAPL"}, {"name": "GPRO"}], "tags": [{"name": "Dan Ives"}, {"name": "dealREPORTER"}, {"name": "FBR"}]}, {"id": 6119630, "author": "Benzinga", "created": "Thu, 07 Jan 2016 13:30:01 -0400", "updated": "Thu, 07 Jan 2016 13:30:02 -0400", "title": "Gene Munster: Apple Still Worth $179", "teaser": "", "body": "", "url": "https://www.benzinga.com/node/6119630", "image": [], "channels": [{"name": "Analyst Color"}, {"name": "Long Ideas"}, {"name": "News"}, {"name": "Price Target"}, {"name": "Reiteration"}, {"name": "Analyst Ratings"}, {"name": "Movers"}, {"name": "Tech"}, {"name": "Trading Ideas"}], "stocks": [{"name": "AAPL"}, {"name": "FIT"}], "tags": [{"name": "Apple"}, {"name": "Gene Munster"}]}, {"id": 6124866, "author": "Benzinga", "created": "Thu, 07 Jan 2016 14:33:51 -0400", "updated": "Thu, 07 Jan 2016 14:33:51 -0400", "title": "RBC: Apple Now Worth Just $130, We're Lowering March And June Estimates", "teaser": "", "body": "", "url": "https://www.benzinga.com/node/6124866", "image": [], "channels": [{"name": "Analyst Color"}, {"name": "News"}, {"name": "Price Target"}, {"name": "Reiteration"}, {"name": "Analyst Ratings"}, {"name": "Movers"}, {"name": "Tech"}, {"name": "Trading Ideas"}], "stocks": [{"name": "AAPL"}], "tags": [{"name": "Amit Daryanani"}, {"name": "Apple"}, {"name": "RBC"}]}, {"id": 6124898, "author": "Benzinga", "created": "Thu, 07 Jan 2016 14:43:17 -0400", "updated": "Thu, 07 Jan 2016 14:43:17 -0400", "title": "Apple Acquires A.I. Startup That Can Read Human Emotions", "teaser": "", "body": "", "url": "https://www.benzinga.com/node/6124898", "image": [], "channels": [{"name": "News"}, {"name": "Wall Street Journal"}, {"name": "M&A"}, {"name": "Tech"}, {"name": "Media"}], "stocks": [{"name": "AAPL"}], "tags": [{"name": "artificial intelligence"}, {"name": "Emotient"}]}]