[{"id": 7793584, "author": "Benzinga", "created": "Sun, 03 Apr 2016 16:39:36 -0400", "updated": "Sun, 03 Apr 2016 16:39:36 -0400", "title": "Pre-Merger Earnings Expectations For Rite Aid, Walgreens And Bed Bath & Beyond", "teaser": "", "body": "", "url": "https://www.benzinga.com/node/7793584", "image": [], "channels": [{"name": "Analyst Color"}, {"name": "Earnings"}, {"name": "News"}, {"name": "Previews"}, {"name": "Crowdsourcing"}, {"name": "Trading Ideas"}, {"name": "General"}], "stocks": [{"name": "BBBY"}, {"name": "RAD"}, {"name": "WBA"}], "tags": [{"name": "Alcoa"}, {"name": "Bank of America"}, {"name": "Carmax"}, {"name": "Citigroup"}, {"name": "ConAgra"}, {"name": "csx"}, {"name": "Darden Restaurants"}, {"name": "Earnings Expectations"}, {"name": "EstimizeBed Bath & Beyond"}, {"name": "JPMorgan"}, {"name": "Monsanto"}, {"name": "Rite Aid"}, {"name": "Walgreens"}, {"name": "Walgreens Boots Alliance"}, {"name": "Wells Fargo"}]}]