[{"id": 7942881, "author": "Benzinga", "created": "Fri, 06 May 2016 08:23:35 -0400", "updated": "Fri, 06 May 2016 08:27:52 -0400", "title": "Reuters: Tim Cook Will Meet With Top Chinese Officials In Beijing", "teaser": "", "body": "", "url": "https://www.benzinga.com/node/7942881", "image": [], "channels": [{"name": "News"}, {"name": "Emerging Markets"}, {"name": "Rumors"}, {"name": "Markets"}, {"name": "Tech"}, {"name": "Media"}], "stocks": [{"name": "AAPL"}], "tags": [{"name": "Apple China"}, {"name": "China"}, {"name": "Reuters"}, {"name": "Tim Cook China"}]}, {"id": 7939748, "author": "Benzinga", "created": "Fri, 06 May 2016 08:40:01 -0400", "updated": "Fri, 06 May 2016 08:40:01 -0400", "title": "What's M&A Like In The Biotech Sector Right Now?", "teaser": "", "body": "", "url": "https://www.benzinga.com/node/7939748", "image": [], "channels": [{"name": "Analyst Color"}, {"name": "Biotech"}, {"name": "CNBC"}, {"name": "News"}, {"name": "M&A"}, {"name": "Analyst Ratings"}, {"name": "Media"}, {"name": "Trading Ideas"}, {"name": "General"}], "stocks": [{"name": "IBB"}, {"name": "MDVN"}, {"name": "MRK"}, {"name": "SNY"}], "tags": [{"name": "CNBC"}, {"name": "E Squared Capital"}, {"name": "JMP Securities"}, {"name": "Les Funtleyder"}, {"name": "Michael King"}]}, {"id": 7943309, "author": "Benzinga", "created": "Fri, 06 May 2016 09:52:33 -0400", "updated": "Fri, 06 May 2016 09:52:34 -0400", "title": "The Market In 5 Minutes: The Most Exciting Two Minutes In Sports", "teaser": "", "body": "", "url": "https://www.benzinga.com/node/7943309", "image": [], "channels": [{"name": "News"}, {"name": "Global"}, {"name": "Top Stories"}, {"name": "Markets"}, {"name": "Analyst Ratings"}], "stocks": [{"name": "AAP"}, {"name": "AAPL"}, {"name": "APD"}, {"name": "BAB"}, {"name": "CHTR"}, {"name": "GM"}, {"name": "GPRO"}, {"name": "HLF"}, {"name": "ICE"}, {"name": "JCP"}, {"name": "JUNO"}, {"name": "MDVN"}, {"name": "MGM"}, {"name": "MIK"}, {"name": "NOK"}, {"name": "SGYP"}, {"name": "SPLK"}, {"name": "SPY"}, {"name": "TCEHY"}, {"name": "TWC"}, {"name": "URI"}, {"name": "USO"}, {"name": "VIP"}, {"name": "WMB"}, {"name": "YELP"}], "tags": [{"name": "the market in 5 minutes"}]}, {"id": 7943553, "author": "Benzinga", "created": "Fri, 06 May 2016 10:17:25 -0400", "updated": "Fri, 06 May 2016 10:17:25 -0400", "title": "DigiTimes: Taiwan Semiconductor Begins 'Tape Out' Of 10nm A11 Chips For Apple", "teaser": "", "body": "", "url": "https://www.benzinga.com/node/7943553", "image": [], "channels": [{"name": "News"}, {"name": "Emerging Markets"}, {"name": "Rumors"}, {"name": "Markets"}, {"name": "Tech"}, {"name": "Trading Ideas"}], "stocks": [{"name": "AAPL"}, {"name": "TSM"}], "tags": [{"name": "10nm Process"}, {"name": "A11 Processor"}, {"name": "Digitimes"}, {"name": "iPhone"}, {"name": "iPhone Rumors"}, {"name": "Taiwan Semiconductor"}]}, {"id": 7942155, "author": "Benzinga", "created": "Fri, 06 May 2016 11:11:41 -0400", "updated": "Fri, 06 May 2016 11:11:42 -0400", "title": "Don't LOL: Millennials Have Their Own ETF", "teaser": "", "body": "", "url": "https://www.benzinga.com/node/7942155", "image": [], "channels": [{"name": "Long Ideas"}, {"name": "News"}, {"name": "Specialty ETFs"}, {"name": "New ETFs"}, {"name": "Trading Ideas"}, {"name": "ETFs"}], "stocks": [{"name": "FB"}, {"name": "HD"}], "tags": [{"name": "Global X"}, {"name": "Indxx Millennials Thematic Index"}, {"name": "millennials"}]}, {"id": 7944543, "author": "Benzinga", "created": "Fri, 06 May 2016 11:58:04 -0400", "updated": "Fri, 06 May 2016 11:58:04 -0400", "title": "Worst Performing Industries For May 6, 2016", "teaser": "", "body": "", "url": "https://www.benzinga.com/node/7944543", "image": [], "channels": [{"name": "News"}, {"name": "Movers & Shakers"}, {"name": "Intraday Update"}, {"name": "Markets"}], "stocks": [{"name": "CPA"}, {"name": "ENDP"}, {"name": "PRGO"}, {"name": "WBA"}], "tags": [{"name": "Worst Performing Industries"}]}, {"id": 7945287, "author": "Benzinga", "created": "Fri, 06 May 2016 13:55:57 -0400", "updated": "Fri, 06 May 2016 13:55:57 -0400", "title": "Salesforce To Add 800 New Jobs In Indianapolis", "teaser": "", "body": "", "url": "https://www.benzinga.com/node/7945287", "image": [], "channels": [{"name": "News"}], "stocks": [{"name": "CRM"}], "tags": []}, {"id": 7944803, "author": "Benzinga", "created": "Fri, 06 May 2016 14:34:38 -0400", "updated": "Fri, 06 May 2016 14:34:38 -0400", "title": "Gabelli Makes Valuation Call On Universal Display, Downgrades To Hold", "teaser": "", "body": "", "url": "https://www.benzinga.com/node/7944803", "image": [], "channels": [{"name": "Analyst Color"}, {"name": "Earnings"}, {"name": "News"}, {"name": "Guidance"}, {"name": "Downgrades"}, {"name": "Analyst Ratings"}, {"name": "Movers"}, {"name": "Tech"}, {"name": "Trading Ideas"}], "stocks": [{"name": "AAPL"}, {"name": "OLED"}], "tags": [{"name": "Gabelli"}]}, {"id": 7945431, "author": "Benzinga", "created": "Fri, 06 May 2016 16:13:52 -0400", "updated": "Fri, 06 May 2016 16:13:52 -0400", "title": "Financials Had A Really Bad Week", "teaser": "", "body": "", "url": "https://www.benzinga.com/node/7945431", "image": [], "channels": [{"name": "News"}, {"name": "General"}], "stocks": [{"name": "BAC"}, {"name": "BRK-B"}, {"name": "JPM"}, {"name": "SPY"}, {"name": "WFC"}, {"name": "XLF"}], "tags": [{"name": "bank stocks"}, {"name": "banking industry"}, {"name": "banks"}, {"name": "financial stocks"}, {"name": "financials"}]}]