[{"id": 8727312, "author": "Benzinga", "created": "Tue, 22 Nov 2016 02:02:08 -0400", "updated": "Tue, 22 Nov 2016 02:02:09 -0400", "title": "Watch These 7 Huge Call Purchases In Tuesday Trade", "teaser": "", "body": "", "url": "https://www.benzinga.com/node/8727312", "image": [], "channels": [{"name": "News"}, {"name": "Options"}, {"name": "Markets"}], "stocks": [{"name": "ACAD"}, {"name": "AMBA"}, {"name": "CATM"}, {"name": "COP"}, {"name": "DOW"}, {"name": "FOLD"}, {"name": "GRPN"}], "tags": [{"name": "Huge Call Purchases"}]}, {"id": 8729318, "author": "Benzinga", "created": "Tue, 22 Nov 2016 12:35:51 -0400", "updated": "Tue, 22 Nov 2016 12:35:51 -0400", "title": "Why Stifel Says Palo Alto Long-Term Positive View Remains 'Very Much Intact'", "teaser": "", "body": "", "url": "https://www.benzinga.com/node/8729318", "image": [], "channels": [{"name": "Analyst Color"}, {"name": "Earnings"}, {"name": "Long Ideas"}, {"name": "News"}, {"name": "Guidance"}, {"name": "Price Target"}, {"name": "Reiteration"}, {"name": "Analyst Ratings"}, {"name": "Movers"}, {"name": "Tech"}, {"name": "Trading Ideas"}], "stocks": [{"name": "CSCO"}, {"name": "PANW"}], "tags": [{"name": "Cybersecurity"}, {"name": "Gur Talpaz"}, {"name": "Stifel"}]}, {"id": 8730984, "author": "Benzinga", "created": "Tue, 22 Nov 2016 16:28:33 -0400", "updated": "Tue, 22 Nov 2016 16:28:33 -0400", "title": "Apple Getting Flexible", "teaser": "", "body": "", "url": "https://www.benzinga.com/node/8730984", "image": [], "channels": [{"name": "News"}, {"name": "Legal"}, {"name": "Tech"}], "stocks": [{"name": "AAPL"}], "tags": [{"name": "iPhone"}, {"name": "iphone patent"}]}, {"id": 8730799, "author": "Benzinga", "created": "Tue, 22 Nov 2016 17:03:16 -0400", "updated": "Tue, 22 Nov 2016 17:03:17 -0400", "title": "Watch Stocks In Vogue", "teaser": "", "body": "", "url": "https://www.benzinga.com/node/8730799", "image": [], "channels": [{"name": "News"}, {"name": "Movers"}, {"name": "Trading Ideas"}], "stocks": [{"name": "AMZN"}, {"name": "DDS"}, {"name": "FOSL"}, {"name": "JCP"}, {"name": "JWN"}, {"name": "KSS"}, {"name": "M"}, {"name": "MOV"}, {"name": "SPY"}, {"name": "TGT"}, {"name": "WMT"}], "tags": [{"name": "fashion accessories"}, {"name": "fashion watches"}, {"name": "Helzberg Diamonds Corp"}, {"name": "holiday shopping season"}, {"name": "sterling"}, {"name": "Watches"}]}, {"id": 8731192, "author": "Benzinga", "created": "Tue, 22 Nov 2016 17:07:58 -0400", "updated": "Tue, 22 Nov 2016 17:07:59 -0400", "title": "Bad Boys Are Back In Town: Detroit Pistons Return Downtown After Four Decades In The Suburbs", "teaser": "", "body": "", "url": "https://www.benzinga.com/node/8731192", "image": [], "channels": [{"name": "News"}, {"name": "Sports"}, {"name": "Events"}, {"name": "General"}], "stocks": [{"name": "CMA"}, {"name": "F"}, {"name": "NKE"}, {"name": "UA"}], "tags": [{"name": "Arn Tellem"}, {"name": "Dan Gilbert"}, {"name": "Detroit"}, {"name": "Detroit Pistons"}, {"name": "NBA"}, {"name": "Tom Gores"}]}]