[{"id": 7743127, "author": "Benzinga", "created": "Tue, 22 Mar 2016 04:04:41 -0400", "updated": "Tue, 22 Mar 2016 04:04:41 -0400", "title": "Earnings Scheduled For March 22, 2016", "teaser": "", "body": "", "url": "https://www.benzinga.com/node/7743127", "image": [], "channels": [{"name": "Earnings"}, {"name": "News"}, {"name": "Pre-Market Outlook"}, {"name": "Markets"}], "stocks": [{"name": "AIR"}, {"name": "CTAS"}, {"name": "ESLT"}, {"name": "FIVE"}, {"name": "GIII"}, {"name": "GLMD"}, {"name": "HQY"}, {"name": "IDN"}, {"name": "INVE"}, {"name": "KKD"}, {"name": "LUNA"}, {"name": "NKE"}, {"name": "PIRS"}, {"name": "RHT"}, {"name": "SCS"}, {"name": "XONE"}], "tags": [{"name": "Biotechnology"}, {"name": "Earnings schedule"}, {"name": "Health Care"}]}, {"id": 7743167, "author": "Benzinga", "created": "Tue, 22 Mar 2016 04:31:07 -0400", "updated": "Tue, 22 Mar 2016 04:31:29 -0400", "title": "7 Stocks You Should Be Watching Today", "teaser": "", "body": "", "url": "https://www.benzinga.com/node/7743167", "image": [], "channels": [{"name": "Earnings"}, {"name": "News"}, {"name": "Guidance"}, {"name": "Pre-Market Outlook"}, {"name": "Markets"}, {"name": "Trading Ideas"}], "stocks": [{"name": "CAMP"}, {"name": "CTAS"}, {"name": "GIII"}, {"name": "KKD"}, {"name": "MFRM"}, {"name": "NKE"}, {"name": "RHT"}], "tags": [{"name": "Stocks To Watch"}, {"name": "Stocks to Watch"}]}, {"id": 7744039, "author": "Benzinga", "created": "Tue, 22 Mar 2016 08:19:30 -0400", "updated": "Tue, 22 Mar 2016 08:19:31 -0400", "title": "10 Stocks Moving In Tuesday's Pre-Market Session", "teaser": "", "body": "", "url": "https://www.benzinga.com/node/7744039", "image": [], "channels": [{"name": "News"}, {"name": "Movers & Shakers"}, {"name": "Pre-Market Outlook"}, {"name": "Markets"}, {"name": "Movers"}], "stocks": [{"name": "AGRO"}, {"name": "CAMP"}, {"name": "GIII"}, {"name": "INO"}, {"name": "NKE"}, {"name": "PETX"}, {"name": "RIG"}, {"name": "SRPT"}, {"name": "WYNN"}, {"name": "Z"}], "tags": [{"name": "#PreMarket Gainers"}, {"name": "#PreMarket Losers"}, {"name": "Top Gainers"}]}, {"id": 7743862, "author": "Benzinga", "created": "Tue, 22 Mar 2016 08:38:21 -0400", "updated": "Tue, 22 Mar 2016 08:38:21 -0400", "title": "150 Million New iPhone Users In 3 Years? Goldman Says SE Should Help Apple Expand In Emerging Markets", "teaser": "", "body": "", "url": "https://www.benzinga.com/node/7743862", "image": [], "channels": [{"name": "Analyst Color"}, {"name": "Long Ideas"}, {"name": "News"}, {"name": "Reiteration"}, {"name": "Events"}, {"name": "Analyst Ratings"}, {"name": "Tech"}, {"name": "Trading Ideas"}], "stocks": [{"name": "AAPL"}], "tags": [{"name": "Goldman Sachs"}, {"name": "iPhone SE"}, {"name": "Simona Jankowski"}]}, {"id": 7744181, "author": "Benzinga", "created": "Tue, 22 Mar 2016 09:12:46 -0400", "updated": "Tue, 22 Mar 2016 09:12:46 -0400", "title": "These 2 Firms Say iPhone SE And iPad Pro Won't Drive Significant Sales", "teaser": "", "body": "", "url": "https://www.benzinga.com/node/7744181", "image": [], "channels": [{"name": "Analyst Color"}, {"name": "News"}, {"name": "Analyst Ratings"}, {"name": "Tech"}], "stocks": [{"name": "AAPL"}], "tags": []}, {"id": 7744242, "author": "Benzinga", "created": "Tue, 22 Mar 2016 09:22:50 -0400", "updated": "Tue, 22 Mar 2016 09:22:50 -0400", "title": "JPMorgan Believes FBI 'Likely' Had Access Options To San Bernardino's iPhone That Would Bypass Its Security", "teaser": "", "body": "", "url": "https://www.benzinga.com/node/7744242", "image": [], "channels": [{"name": "Analyst Color"}, {"name": "Long Ideas"}, {"name": "News"}, {"name": "Legal"}, {"name": "Markets"}, {"name": "Analyst Ratings"}, {"name": "Trading Ideas"}], "stocks": [{"name": "AAPL"}], "tags": [{"name": "FBI"}, {"name": "FBI Probe"}, {"name": "JPMorgan"}, {"name": "Katie Benner"}, {"name": "New York Times"}, {"name": "Rod Hall"}, {"name": "San Bernardino"}, {"name": "San Bernardino Terror Attack"}]}, {"id": 7744585, "author": "Benzinga", "created": "Tue, 22 Mar 2016 10:06:03 -0400", "updated": "Tue, 22 Mar 2016 10:06:03 -0400", "title": "Here's Why 'Applewood' Is So Important", "teaser": "", "body": "", "url": "https://www.benzinga.com/node/7744585", "image": [], "channels": [{"name": "Analyst Color"}, {"name": "News"}, {"name": "Analyst Ratings"}, {"name": "Tech"}], "stocks": [{"name": "AAPL"}], "tags": []}, {"id": 7745085, "author": "Benzinga", "created": "Tue, 22 Mar 2016 11:15:12 -0400", "updated": "Tue, 22 Mar 2016 11:15:13 -0400", "title": "The Market In 5 Minutes: Tuesday, March 22, 2016", "teaser": "", "body": "", "url": "https://www.benzinga.com/node/7745085", "image": [], "channels": [{"name": "News"}, {"name": "Events"}, {"name": "Global"}, {"name": "Top Stories"}], "stocks": [{"name": "AAL"}, {"name": "AAPL"}, {"name": "ALLY"}, {"name": "AZN"}, {"name": "CUBA"}, {"name": "DAL"}, {"name": "FBRC"}, {"name": "INTC"}, {"name": "MDVN"}, {"name": "PBR"}, {"name": "PSEC"}, {"name": "RHHBY"}, {"name": "RRGB"}, {"name": "SNY"}, {"name": "UAL"}, {"name": "VRX"}, {"name": "WMT"}, {"name": "WYNN"}, {"name": "ZG"}], "tags": [{"name": "the market in 5 minutes"}]}, {"id": 7745462, "author": "Benzinga", "created": "Tue, 22 Mar 2016 12:14:12 -0400", "updated": "Tue, 22 Mar 2016 12:14:12 -0400", "title": "Is The Starwood-Marriott Merger Bad For American Express?", "teaser": "", "body": "", "url": "https://www.benzinga.com/node/7745462", "image": [], "channels": [{"name": "Analyst Color"}, {"name": "News"}, {"name": "Short Ideas"}, {"name": "Contracts"}, {"name": "M&A"}, {"name": "Top Stories"}, {"name": "Analyst Ratings"}, {"name": "Trading Ideas"}], "stocks": [{"name": "AXP"}, {"name": "HOT"}, {"name": "MAR"}], "tags": []}, {"id": 7745475, "author": "Benzinga", "created": "Tue, 22 Mar 2016 12:20:18 -0400", "updated": "Tue, 22 Mar 2016 12:20:18 -0400", "title": "BMO Cuts Caterpillar EPS Estimate 32%", "teaser": "", "body": "", "url": "https://www.benzinga.com/node/7745475", "image": [], "channels": [{"name": "Analyst Color"}, {"name": "Earnings"}, {"name": "News"}, {"name": "Guidance"}, {"name": "Analyst Ratings"}], "stocks": [{"name": "CAT"}], "tags": []}, {"id": 7745620, "author": "Benzinga", "created": "Tue, 22 Mar 2016 13:03:42 -0400", "updated": "Tue, 22 Mar 2016 13:03:42 -0400", "title": "'Do You Hear The People Sing?' The Street Was Surprised By The Apple iPhone SE's Price Tag", "teaser": "", "body": "", "url": "https://www.benzinga.com/node/7745620", "image": [], "channels": [{"name": "Analyst Color"}, {"name": "Long Ideas"}, {"name": "News"}, {"name": "Markets"}, {"name": "Movers"}, {"name": "Tech"}, {"name": "Trading Ideas"}], "stocks": [{"name": "AAPL"}], "tags": [{"name": "Andy Hargreaves"}, {"name": "Asiya Merchant"}, {"name": "Citi"}, {"name": "Connio Quian"}, {"name": "Credit Suisse"}, {"name": "Evan Wingren"}, {"name": "Gene Munster"}, {"name": "Goldman Sachs"}, {"name": "Jim Suva"}, {"name": "Katy Huberty"}, {"name": "Matthew Cabral"}, {"name": "Morgan Stanley"}, {"name": "Pacific Crest"}, {"name": "Piper Jaffray"}, {"name": "Simona Jankowski"}]}, {"id": 7747144, "author": "Benzinga", "created": "Tue, 22 Mar 2016 16:44:46 -0400", "updated": "Tue, 22 Mar 2016 16:44:46 -0400", "title": "Earnings Recap For March 22", "teaser": "", "body": "", "url": "https://www.benzinga.com/node/7747144", "image": [], "channels": [{"name": "Earnings"}, {"name": "News"}, {"name": "After-Hours Center"}], "stocks": [{"name": "CTAS"}, {"name": "GIII"}, {"name": "KKD"}, {"name": "NKE"}, {"name": "RHT"}, {"name": "SCS"}], "tags": []}, {"id": 7747299, "author": "Benzinga", "created": "Tue, 22 Mar 2016 17:01:29 -0400", "updated": "Tue, 22 Mar 2016 17:01:29 -0400", "title": "Nike, Red Hat And Five Below Tumble After Hours", "teaser": "", "body": "", "url": "https://www.benzinga.com/node/7747299", "image": [], "channels": [{"name": "Earnings"}, {"name": "News"}, {"name": "Guidance"}, {"name": "After-Hours Center"}, {"name": "Movers"}], "stocks": [{"name": "FIVE"}, {"name": "NKE"}, {"name": "RHT"}], "tags": []}]