[{"id": 8117354, "author": "Benzinga", "created": "Thu, 16 Jun 2016 02:47:47 -0400", "updated": "Thu, 16 Jun 2016 02:47:48 -0400", "title": "Watch These 7 Huge Put Purchases In Thursday Trade", "teaser": "", "body": "", "url": "https://www.benzinga.com/node/8117354", "image": [], "channels": [{"name": "News"}, {"name": "Options"}, {"name": "Markets"}], "stocks": [{"name": "AVGO"}, {"name": "KR"}, {"name": "NKE"}, {"name": "NXPI"}, {"name": "SHLD"}, {"name": "TWTR"}, {"name": "VIPS"}], "tags": [{"name": "Huge Put Purchases"}]}, {"id": 8116747, "author": "Benzinga", "created": "Thu, 16 Jun 2016 07:26:30 -0400", "updated": "Thu, 16 Jun 2016 07:26:31 -0400", "title": "Here's Where Gates, Musk And Other Tech Tycoons Cut Their Teeth", "teaser": "", "body": "", "url": "https://www.benzinga.com/node/8116747", "image": [], "channels": [{"name": "News"}, {"name": "Education"}, {"name": "Tech"}, {"name": "Media"}, {"name": "General"}], "stocks": [{"name": "AAPL"}, {"name": "MSFT"}, {"name": "PYPL"}, {"name": "TSLA"}, {"name": "TWTR"}], "tags": [{"name": "Bill Gates"}, {"name": "Elon Musk"}, {"name": "Evan Spiegel"}, {"name": "Instagram"}, {"name": "Kevin Systrom"}, {"name": "Max Levchin"}, {"name": "Periscope"}, {"name": "SnapChat"}, {"name": "Steve Jobs"}]}, {"id": 8118103, "author": "Benzinga", "created": "Thu, 16 Jun 2016 07:57:50 -0400", "updated": "Thu, 16 Jun 2016 07:57:51 -0400", "title": "Benzinga Breakdown: Rite Aid Q1 Earnings", "teaser": "", "body": "", "url": "https://www.benzinga.com/node/8118103", "image": [], "channels": [{"name": "Earnings"}, {"name": "News"}], "stocks": [{"name": "RAD"}, {"name": "WBA"}], "tags": []}, {"id": 8118139, "author": "Benzinga", "created": "Thu, 16 Jun 2016 08:45:19 -0400", "updated": "Thu, 16 Jun 2016 08:45:19 -0400", "title": "Associated Press Reports Philly Will Approve Sugar Tax On Sodas", "teaser": "", "body": "", "url": "https://www.benzinga.com/node/8118139", "image": [], "channels": [{"name": "News"}, {"name": "Legal"}, {"name": "Media"}, {"name": "Trading Ideas"}], "stocks": [{"name": "DPS"}, {"name": "KO"}, {"name": "MNST"}, {"name": "PEP"}], "tags": [{"name": "Associated Press"}, {"name": "Coke"}, {"name": "Cola"}, {"name": "Philadelphia"}, {"name": "Philadelphia City Council"}, {"name": "Pop"}, {"name": "SODA"}, {"name": "sugar"}, {"name": "Sugar tax"}, {"name": "sugary beverages"}]}, {"id": 8119924, "author": "Benzinga", "created": "Thu, 16 Jun 2016 10:51:47 -0400", "updated": "Thu, 16 Jun 2016 10:53:09 -0400", "title": "Is Brexit Breaking The Markets? Lots Of Fear Flood Global Markets", "teaser": "", "body": "", "url": "https://www.benzinga.com/node/8119924", "image": [], "channels": [{"name": "News"}, {"name": "Econ #s"}, {"name": "Economics"}, {"name": "Federal Reserve"}], "stocks": [{"name": "DIS"}, {"name": "GOOG"}, {"name": "SPY"}], "tags": []}, {"id": 8120377, "author": "Benzinga", "created": "Thu, 16 Jun 2016 11:55:32 -0400", "updated": "Thu, 16 Jun 2016 11:55:32 -0400", "title": "Wal-Mart Launches Walmart Pay In Alabama", "teaser": "", "body": "", "url": "https://www.benzinga.com/node/8120377", "image": [], "channels": [{"name": "News"}, {"name": "Tech"}], "stocks": [{"name": "WMT"}], "tags": []}, {"id": 8120665, "author": "Benzinga", "created": "Thu, 16 Jun 2016 13:05:10 -0400", "updated": "Thu, 16 Jun 2016 13:05:11 -0400", "title": "ASUS & Verizon Launch The ZenPad Z8 Tablet", "teaser": "", "body": "", "url": "https://www.benzinga.com/node/8120665", "image": [], "channels": [{"name": "News"}], "stocks": [{"name": "QCOM"}, {"name": "VZ"}], "tags": []}, {"id": 8120893, "author": "Benzinga", "created": "Thu, 16 Jun 2016 13:55:36 -0400", "updated": "Thu, 16 Jun 2016 13:55:36 -0400", "title": "Visa Supports Acceleration Of EMV Chip Migration", "teaser": "", "body": "", "url": "https://www.benzinga.com/node/8120893", "image": [], "channels": [{"name": "News"}], "stocks": [{"name": "V"}], "tags": []}, {"id": 8121070, "author": "Benzinga", "created": "Thu, 16 Jun 2016 14:56:38 -0400", "updated": "Thu, 16 Jun 2016 14:56:38 -0400", "title": "Reaction to Jabil Circuit's Earnings: Exposure To Apple Is A Risk", "teaser": "", "body": "", "url": "https://www.benzinga.com/node/8121070", "image": [], "channels": [{"name": "Analyst Color"}, {"name": "Earnings"}, {"name": "Long Ideas"}, {"name": "News"}, {"name": "Guidance"}, {"name": "Price Target"}, {"name": "Reiteration"}, {"name": "Analyst Ratings"}, {"name": "Tech"}, {"name": "Trading Ideas"}], "stocks": [{"name": "AAPL"}, {"name": "JBL"}], "tags": [{"name": "Deutsche Bank"}, {"name": "Sherri Scribner"}]}, {"id": 8121188, "author": "Benzinga", "created": "Thu, 16 Jun 2016 15:05:02 -0400", "updated": "Thu, 16 Jun 2016 15:05:02 -0400", "title": "Rod Hall Cuts Apple Target To $105, Lowers Apple Watch Estimates By 50%", "teaser": "", "body": "", "url": "https://www.benzinga.com/node/8121188", "image": [], "channels": [{"name": "Analyst Color"}, {"name": "News"}, {"name": "Price Target"}, {"name": "Reiteration"}, {"name": "Analyst Ratings"}], "stocks": [{"name": "AAPL"}], "tags": []}, {"id": 8117236, "author": "Benzinga", "created": "Thu, 16 Jun 2016 15:07:11 -0400", "updated": "Thu, 16 Jun 2016 15:07:11 -0400", "title": "ABC's New Summer Offerings Get Off To Solid Start", "teaser": "", "body": "", "url": "https://www.benzinga.com/node/8117236", "image": [], "channels": [{"name": "News"}, {"name": "Events"}, {"name": "Tech"}, {"name": "Trading Ideas"}, {"name": "General"}], "stocks": [{"name": "CMCSA"}, {"name": "DIS"}], "tags": [{"name": "ABC"}, {"name": "America's Got Talent"}, {"name": "Anthony Anderson"}, {"name": "John Candy"}, {"name": "NBC"}, {"name": "To Tell The Truth"}, {"name": "Uncle Buck"}]}, {"id": 8121347, "author": "Benzinga", "created": "Thu, 16 Jun 2016 15:52:56 -0400", "updated": "Thu, 16 Jun 2016 15:55:30 -0400", "title": "This Brokerage Is Beating Fintechs With A Mobile Investing App", "teaser": "", "body": "", "url": "https://www.benzinga.com/node/8121347", "image": [], "channels": [{"name": "Fintech"}, {"name": "News"}, {"name": "Exclusives"}, {"name": "Tech"}, {"name": "Interview"}], "stocks": [{"name": "AAPL"}, {"name": "AMTD"}], "tags": [{"name": "Nicole Sherrod"}, {"name": "thinkorswim"}]}]