[{"id": 7927368, "author": "Benzinga", "created": "Wed, 04 May 2016 08:11:32 -0400", "updated": "Wed, 04 May 2016 08:11:33 -0400", "title": "Target Will Now Fine Suppliers Up To $10K For Any Errors", "teaser": "", "body": "", "url": "https://www.benzinga.com/node/7927368", "image": [], "channels": [{"name": "News"}, {"name": "Media"}, {"name": "Trading Ideas"}], "stocks": [{"name": "TGT"}, {"name": "WMT"}], "tags": [{"name": "Brian Cornell"}, {"name": "John Mulligan"}, {"name": "retailers"}, {"name": "Reuters"}, {"name": "Target Suppliers"}]}, {"id": 7926008, "author": "Benzinga", "created": "Wed, 04 May 2016 08:25:16 -0400", "updated": "Wed, 04 May 2016 08:25:16 -0400", "title": "This Dividend ETF Has Been Winning For A Long Time", "teaser": "", "body": "", "url": "https://www.benzinga.com/node/7926008", "image": [], "channels": [{"name": "Long Ideas"}, {"name": "News"}, {"name": "Broad U.S. Equity ETFs"}, {"name": "Dividends"}, {"name": "Dividends"}, {"name": "Intraday Update"}, {"name": "Markets"}, {"name": "Trading Ideas"}, {"name": "ETFs"}], "stocks": [{"name": "DES"}, {"name": "DHS"}, {"name": "DON"}, {"name": "KO"}, {"name": "PG"}], "tags": []}, {"id": 7927286, "author": "Benzinga", "created": "Wed, 04 May 2016 08:34:58 -0400", "updated": "Wed, 04 May 2016 08:34:58 -0400", "title": "iPhone Handbags? Apple Loses Trademark Battle In China", "teaser": "", "body": "", "url": "https://www.benzinga.com/node/7927286", "image": [], "channels": [{"name": "News"}, {"name": "Emerging Markets"}, {"name": "Legal"}, {"name": "Markets"}, {"name": "Tech"}, {"name": "Media"}, {"name": "Trading Ideas"}], "stocks": [{"name": "AAPL"}], "tags": [{"name": "BBC"}, {"name": "iPhone"}, {"name": "iPhone China"}, {"name": "iPhone Trademark"}, {"name": "Xintong Tiandi Technology"}]}, {"id": 7927727, "author": "Benzinga", "created": "Wed, 04 May 2016 09:24:10 -0400", "updated": "Wed, 04 May 2016 09:24:10 -0400", "title": "The Market In 5 Minutes: May The Fourth", "teaser": "", "body": "", "url": "https://www.benzinga.com/node/7927727", "image": [], "channels": [{"name": "News"}, {"name": "Global"}, {"name": "Top Stories"}, {"name": "Markets"}, {"name": "Analyst Ratings"}], "stocks": [{"name": "BAX"}, {"name": "BHI"}, {"name": "COTY"}, {"name": "CVC"}, {"name": "DG"}, {"name": "DIS"}, {"name": "EL"}, {"name": "FCAU"}, {"name": "FDX"}, {"name": "GLUU"}, {"name": "GOOGL"}, {"name": "GRUB"}, {"name": "HA"}, {"name": "HAL"}, {"name": "HOT"}, {"name": "ICE"}, {"name": "JWN"}, {"name": "KBH"}, {"name": "KSS"}, {"name": "M"}, {"name": "PCLN"}, {"name": "SPY"}, {"name": "TREE"}, {"name": "TSLA"}, {"name": "TWX"}, {"name": "USO"}, {"name": "Z"}], "tags": [{"name": "the market in 5 minutes"}]}, {"id": 7927860, "author": "Benzinga", "created": "Wed, 04 May 2016 09:31:20 -0400", "updated": "Wed, 04 May 2016 09:31:20 -0400", "title": "Bloomberg: Apple Is Set To Introduce 'Sweeping Changes' To Its Music Streaming Service", "teaser": "", "body": "", "url": "https://www.benzinga.com/node/7927860", "image": [], "channels": [{"name": "News"}, {"name": "Rumors"}, {"name": "Tech"}, {"name": "Media"}, {"name": "Trading Ideas"}, {"name": "General"}], "stocks": [{"name": "AAPL"}], "tags": [{"name": "Apple Music"}, {"name": "Beats Electronic"}, {"name": "bgc partners"}, {"name": "Bloomberg"}, {"name": "Colin Gillis"}, {"name": "Jimmy Iovine"}, {"name": "Jony Ive"}, {"name": "Nine Inch Nails"}, {"name": "Robert Kondrk"}, {"name": "Streaming music"}, {"name": "Trent Reznor"}, {"name": "Worldwide Developers Conference"}]}, {"id": 7927938, "author": "Benzinga", "created": "Wed, 04 May 2016 09:51:41 -0400", "updated": "Wed, 04 May 2016 09:51:41 -0400", "title": "How Margaret Thatcher Started 'May The Fourth'", "teaser": "", "body": "", "url": "https://www.benzinga.com/node/7927938", "image": [], "channels": [{"name": "News"}, {"name": "Events"}], "stocks": [{"name": "DIS"}], "tags": [{"name": "Darth Maul"}, {"name": "David Filoni"}, {"name": "Indiana Jones"}, {"name": "Margaret Thatcher"}, {"name": "May The Fourth"}, {"name": "Sam Witwer"}, {"name": "Star Wars"}, {"name": "Star Wars Film"}, {"name": "Star Wars Rebels"}]}, {"id": 7928752, "author": "Benzinga", "created": "Wed, 04 May 2016 10:20:14 -0400", "updated": "Wed, 04 May 2016 10:20:15 -0400", "title": "7 Things Every Tesla Investor Should Know Today", "teaser": "", "body": "", "url": "https://www.benzinga.com/node/7928752", "image": [], "channels": [{"name": "Earnings"}, {"name": "News"}, {"name": "Short Sellers"}, {"name": "Previews"}, {"name": "Trading Ideas"}], "stocks": [{"name": "AAPL"}, {"name": "TSLA"}], "tags": [{"name": "Citron Research"}]}, {"id": 7926010, "author": "Benzinga", "created": "Wed, 04 May 2016 10:29:55 -0400", "updated": "Wed, 04 May 2016 10:29:55 -0400", "title": "Believe It: A Bullish Call On A Bank ETF", "teaser": "", "body": "", "url": "https://www.benzinga.com/node/7926010", "image": [], "channels": [{"name": "Analyst Color"}, {"name": "Long Ideas"}, {"name": "News"}, {"name": "Sector ETFs"}, {"name": "Intraday Update"}, {"name": "Markets"}, {"name": "Analyst Ratings"}, {"name": "Trading Ideas"}, {"name": "ETFs"}], "stocks": [{"name": "AXP"}, {"name": "BAC"}, {"name": "BRK-B"}, {"name": "GS"}, {"name": "JPM"}, {"name": "XLF"}, {"name": "XLFS"}], "tags": []}, {"id": 7928997, "author": "Benzinga", "created": "Wed, 04 May 2016 10:54:39 -0400", "updated": "Wed, 04 May 2016 10:54:41 -0400", "title": "Markets Struggle with China Issues, Job Numbers", "teaser": "", "body": "", "url": "https://www.benzinga.com/node/7928997", "image": [], "channels": [{"name": "Analyst Color"}, {"name": "Earnings"}, {"name": "News"}, {"name": "Global"}, {"name": "Econ #s"}, {"name": "Economics"}, {"name": "Analyst Ratings"}], "stocks": [{"name": "COST"}, {"name": "WMT"}], "tags": []}, {"id": 7929183, "author": "Benzinga", "created": "Wed, 04 May 2016 13:14:48 -0400", "updated": "Wed, 04 May 2016 13:14:48 -0400", "title": "How Millennials Preferences Could Change Beauty Industry", "teaser": "", "body": "", "url": "https://www.benzinga.com/node/7929183", "image": [], "channels": [{"name": "News"}, {"name": "Wall Street Journal"}, {"name": "Media"}, {"name": "General"}], "stocks": [{"name": "COTY"}, {"name": "EL"}, {"name": "PG"}], "tags": []}, {"id": 7930179, "author": "Benzinga", "created": "Wed, 04 May 2016 16:26:22 -0400", "updated": "Wed, 04 May 2016 16:26:22 -0400", "title": "The Future Of TV And Subscription Apps", "teaser": "", "body": "", "url": "https://www.benzinga.com/node/7930179", "image": [], "channels": [{"name": "CNBC"}, {"name": "News"}, {"name": "Tech"}, {"name": "Media"}], "stocks": [{"name": "AAPL"}, {"name": "CBS"}, {"name": "NFLX"}], "tags": []}, {"id": 7929417, "author": "Benzinga", "created": "Wed, 04 May 2016 11:52:54 -0400", "updated": "Wed, 04 May 2016 18:01:34 -0400", "title": "Ira Sohn Conference 2016: The Live Blog", "teaser": "", "body": "", "url": "https://www.benzinga.com/node/7929417", "image": [], "channels": [{"name": "News"}, {"name": "Short Sellers"}, {"name": "Events"}, {"name": "Trading Ideas"}], "stocks": [{"name": "AMZN"}, {"name": "ANTM"}, {"name": "BABA"}, {"name": "CAT"}, {"name": "DEPO"}, {"name": "DXCM"}, {"name": "GM"}, {"name": "H"}, {"name": "HZNP"}, {"name": "LNG"}, {"name": "MTNOY"}, {"name": "OZRK"}, {"name": "SCTY"}, {"name": "SUNE"}, {"name": "TMO"}, {"name": "TSLA"}, {"name": "VRX"}, {"name": "WRK"}], "tags": [{"name": "Carson Block"}, {"name": "Jim Chanos"}, {"name": "Kynikos Capital"}]}, {"id": 7933691, "author": "Benzinga", "created": "Wed, 04 May 2016 19:25:21 -0400", "updated": "Thu, 05 May 2016 07:10:59 -0400", "title": "A Quick-And-Easy Guide To All The Calls At Ira Sohn 2016", "teaser": "", "body": "", "url": "https://www.benzinga.com/node/7933691", "image": [], "channels": [{"name": "News"}, {"name": "Short Sellers"}, {"name": "Hedge Funds"}, {"name": "Events"}, {"name": "After-Hours Center"}, {"name": "Movers"}, {"name": "Trading Ideas"}, {"name": "General"}], "stocks": [{"name": "ABBV"}, {"name": "ANTM"}, {"name": "BABA"}, {"name": "BKD"}, {"name": "CAT"}, {"name": "CBS"}, {"name": "CI"}, {"name": "DEPO"}, {"name": "FLEX"}, {"name": "GM"}, {"name": "H"}, {"name": "LH"}, {"name": "LNG"}, {"name": "OZRK"}, {"name": "REM"}, {"name": "TMO"}, {"name": "WRK"}, {"name": "XLU"}], "tags": [{"name": "Carson Block"}, {"name": "Jim Chanos"}, {"name": "Kynikos Capital"}, {"name": "Muddy Waters"}]}]