[{"id": 8787764, "author": "Benzinga", "created": "Mon, 12 Dec 2016 08:00:11 -0400", "updated": "Mon, 12 Dec 2016 08:00:12 -0400", "title": "Donald Trump Vs. Robo-Advisors", "teaser": "", "body": "", "url": "https://www.benzinga.com/node/8787764", "image": [], "channels": [{"name": "Fintech"}, {"name": "News"}, {"name": "Politics"}, {"name": "General"}], "stocks": [{"name": "JPM"}], "tags": [{"name": "Betterment"}, {"name": "Donald Trump"}, {"name": "Jon Stein"}, {"name": "Joseph Ziemer"}]}, {"id": 8795318, "author": "Benzinga", "created": "Mon, 12 Dec 2016 08:12:29 -0400", "updated": "Mon, 12 Dec 2016 08:12:30 -0400", "title": "Wall Street's M&A Chatter From December 9-11", "teaser": "", "body": "", "url": "https://www.benzinga.com/node/8795318", "image": [], "channels": [{"name": "News"}, {"name": "Rumors"}, {"name": "M&A"}], "stocks": [{"name": "AAPL"}, {"name": "CQH"}, {"name": "FOXA"}, {"name": "INVN"}, {"name": "LNG"}, {"name": "NRE"}, {"name": "NSAM"}, {"name": "SKYAY"}, {"name": "SSNLF"}, {"name": "TTDKY"}], "tags": []}, {"id": 8795436, "author": "Benzinga", "created": "Mon, 12 Dec 2016 09:28:09 -0400", "updated": "Mon, 12 Dec 2016 09:28:09 -0400", "title": "Chardan Upgrades Regeneron; Cites Fovista Failure, Stock's Recent Underperformance", "teaser": "", "body": "", "url": "https://www.benzinga.com/node/8795436", "image": [], "channels": [{"name": "Analyst Color"}, {"name": "Biotech"}, {"name": "News"}, {"name": "Upgrades"}, {"name": "Health Care"}, {"name": "Price Target"}, {"name": "Analyst Ratings"}, {"name": "Movers"}, {"name": "General"}], "stocks": [{"name": "AMGN"}, {"name": "OPHT"}, {"name": "REGN"}, {"name": "SNY"}], "tags": [{"name": "Chardan Capital Markets"}, {"name": "Gbola Amusa"}]}, {"id": 8795430, "author": "Benzinga", "created": "Mon, 12 Dec 2016 09:59:57 -0400", "updated": "Mon, 12 Dec 2016 09:59:57 -0400", "title": "The Market In 5 Minutes: Oil Gushes Higher", "teaser": "", "body": "", "url": "https://www.benzinga.com/node/8795430", "image": [], "channels": [{"name": "News"}, {"name": "Global"}, {"name": "Top Stories"}, {"name": "Pre-Market Outlook"}, {"name": "Markets"}], "stocks": [{"name": "AAPL"}, {"name": "ADBE"}, {"name": "AIRG"}, {"name": "DEPO"}, {"name": "FINL"}, {"name": "FOXA"}, {"name": "INVN"}, {"name": "LULU"}, {"name": "MDXG"}, {"name": "OPHT"}, {"name": "ORCL"}, {"name": "REGN"}, {"name": "SKYAY"}, {"name": "SPY"}, {"name": "T"}, {"name": "TTDKY"}, {"name": "USO"}], "tags": [{"name": "the market in 5 minutes"}]}, {"id": 8796116, "author": "Benzinga", "created": "Mon, 12 Dec 2016 10:28:03 -0400", "updated": "Mon, 12 Dec 2016 10:28:04 -0400", "title": "Alexion Management Changes Overshadow Potentially Positive Audit Results", "teaser": "", "body": "", "url": "https://www.benzinga.com/node/8796116", "image": [], "channels": [{"name": "Biotech"}, {"name": "News"}, {"name": "Management"}, {"name": "Movers"}, {"name": "General"}], "stocks": [{"name": "ALXN"}, {"name": "AZN"}, {"name": "HON"}], "tags": [{"name": "David Anderson"}, {"name": "David Brenna"}, {"name": "David Hallal"}, {"name": "Vikas Sinha"}]}, {"id": 8796460, "author": "Benzinga", "created": "Mon, 12 Dec 2016 11:14:06 -0400", "updated": "Mon, 12 Dec 2016 11:14:06 -0400", "title": "Stocks Hitting 52-Week Highs", "teaser": "", "body": "", "url": "https://www.benzinga.com/node/8796460", "image": [], "channels": [{"name": "News"}, {"name": "Intraday Update"}, {"name": "Markets"}, {"name": "Movers"}], "stocks": [{"name": "AROC"}, {"name": "BA"}, {"name": "BBSI"}, {"name": "BMO"}], "tags": [{"name": "52 Week Highs"}, {"name": "52-Week Highs"}]}, {"id": 8797051, "author": "Benzinga", "created": "Mon, 12 Dec 2016 13:23:27 -0400", "updated": "Mon, 12 Dec 2016 13:23:27 -0400", "title": "Who's Next? 4 Other Stocks Open To Trump Tweet Risk", "teaser": "", "body": "", "url": "https://www.benzinga.com/node/8797051", "image": [], "channels": [{"name": "News"}, {"name": "Politics"}, {"name": "Topics"}, {"name": "Movers"}, {"name": "Media"}, {"name": "General"}], "stocks": [{"name": "APO"}, {"name": "BA"}, {"name": "BX"}, {"name": "F"}, {"name": "HRB"}, {"name": "LMT"}], "tags": [{"name": "Air Force One"}, {"name": "CBS Money Watch"}, {"name": "Donald Trump"}, {"name": "Donald Trump Boeing"}, {"name": "Donald Trump Lockheed Martin"}, {"name": "Donald Trump Tweets"}, {"name": "F-35 Fighter Jet"}]}, {"id": 8797293, "author": "Benzinga", "created": "Mon, 12 Dec 2016 14:25:38 -0400", "updated": "Mon, 12 Dec 2016 14:25:39 -0400", "title": "Is Now The Perfect Time To Buy U.S. Oil Stocks?", "teaser": "", "body": "", "url": "https://www.benzinga.com/node/8797293", "image": [], "channels": [{"name": "Long Ideas"}, {"name": "News"}, {"name": "Commodities"}, {"name": "Politics"}, {"name": "Markets"}, {"name": "Movers"}, {"name": "Trading Ideas"}, {"name": "General"}], "stocks": [{"name": "BHI"}, {"name": "COP"}, {"name": "CVRR"}, {"name": "CVX"}, {"name": "HAL"}, {"name": "HFC"}, {"name": "PBF"}, {"name": "XOM"}], "tags": [{"name": "Donald Trump"}, {"name": "Environmental Protection Agency"}, {"name": "EPA"}, {"name": "Non-OPEC"}, {"name": "oil prices"}, {"name": "oil production"}, {"name": "OPEC"}, {"name": "Rex Tillerson"}, {"name": "Scott Pruitt"}]}, {"id": 8797598, "author": "Benzinga", "created": "Mon, 12 Dec 2016 15:08:02 -0400", "updated": "Mon, 12 Dec 2016 15:08:02 -0400", "title": "What We Know About Trump's Potential Pick To Head The FDA", "teaser": "", "body": "", "url": "https://www.benzinga.com/node/8797598", "image": [], "channels": [{"name": "News"}, {"name": "Rumors"}, {"name": "Politics"}, {"name": "Management"}, {"name": "M&A"}, {"name": "Events"}, {"name": "Media"}, {"name": "General"}], "stocks": [{"name": "GSK"}, {"name": "IBB"}, {"name": "LLY"}, {"name": "PG"}, {"name": "RHHBY"}, {"name": "SNY"}], "tags": [{"name": "Donald Trump"}, {"name": "FDA"}, {"name": "Scott Gottlieb"}]}, {"id": 8797871, "author": "Benzinga", "created": "Mon, 12 Dec 2016 16:18:44 -0400", "updated": "Mon, 12 Dec 2016 16:18:45 -0400", "title": "What To Expect From The Trump Tech Summit", "teaser": "", "body": "", "url": "https://www.benzinga.com/node/8797871", "image": [], "channels": [{"name": "News"}, {"name": "Previews"}, {"name": "Politics"}, {"name": "Events"}, {"name": "Tech"}, {"name": "Trading Ideas"}, {"name": "General"}], "stocks": [{"name": "AAPL"}, {"name": "AMZN"}, {"name": "FB"}, {"name": "GOOG"}, {"name": "GOOGL"}, {"name": "INTC"}, {"name": "MSFT"}, {"name": "ORCL"}, {"name": "TSLA"}], "tags": [{"name": "Donald Trump"}, {"name": "Donald Trump Technology Summit"}, {"name": "technology companies"}, {"name": "Technology Stocks"}, {"name": "US Election"}]}]