[{"id": 6088089, "author": "Benzinga", "created": "Sat, 02 Jan 2016 21:29:48 -0400", "updated": "Sat, 02 Jan 2016 21:29:49 -0400", "title": "The Two Best Sector SPDR ETFs For January", "teaser": "", "body": "", "url": "https://www.benzinga.com/node/6088089", "image": [], "channels": [{"name": "Long Ideas"}, {"name": "News"}, {"name": "Sector ETFs"}, {"name": "Intraday Update"}, {"name": "Markets"}, {"name": "Trading Ideas"}, {"name": "ETFs"}], "stocks": [{"name": "AAPL"}, {"name": "FB"}, {"name": "GOOG"}, {"name": "GOOGL"}, {"name": "JNJ"}, {"name": "PFE"}, {"name": "UNH"}, {"name": "XLK"}, {"name": "XLV"}], "tags": [{"name": "CXO Advisory"}, {"name": "EquityClock.com"}, {"name": "FANG"}, {"name": "State Street"}]}]