[{"id": 6874201, "author": "Benzinga", "created": "Sun, 06 Mar 2016 16:49:34 -0400", "updated": "Sun, 06 Mar 2016 16:49:34 -0400", "title": "ABC's New President Switches Things Up With Early Renewals For Multiple Series", "teaser": "", "body": "", "url": "https://www.benzinga.com/node/6874201", "image": [], "channels": [{"name": "News"}, {"name": "Events"}, {"name": "Tech"}, {"name": "Media"}, {"name": "Trading Ideas"}], "stocks": [{"name": "DIS"}], "tags": [{"name": "ABC"}, {"name": "ABC Entertainment"}, {"name": "America's Funniest Home Videos"}, {"name": "Black-ish"}, {"name": "Castle"}, {"name": "Channing Dungey"}, {"name": "Dancing With The Stars"}, {"name": "Grey's Anatomy"}, {"name": "How To Get Away With Murder"}, {"name": "Modern Family"}, {"name": "Nashville"}, {"name": "Nathan Fillion"}, {"name": "Paul Lee"}, {"name": "Quantico"}, {"name": "scandal"}, {"name": "Shark Tank"}, {"name": "Shonda Rhimes"}, {"name": "The Bachelor"}, {"name": "The Goldbergs"}, {"name": "The Middle"}, {"name": "The Muppets"}]}]