[{"id": 8112427, "author": "Benzinga", "created": "Wed, 15 Jun 2016 03:30:45 -0400", "updated": "Wed, 15 Jun 2016 03:30:46 -0400", "title": "Watch These 10 Huge Call Purchases In Wednesday Trade", "teaser": "", "body": "", "url": "https://www.benzinga.com/node/8112427", "image": [], "channels": [{"name": "News"}, {"name": "Options"}, {"name": "Markets"}], "stocks": [{"name": "ANF"}, {"name": "CRC"}, {"name": "CTSH"}, {"name": "ETP"}, {"name": "IMGN"}, {"name": "JBLU"}, {"name": "KO"}, {"name": "MEET"}, {"name": "MRVL"}, {"name": "SFUN"}], "tags": [{"name": "Huge Call Purchases"}]}, {"id": 8113079, "author": "Benzinga", "created": "Wed, 15 Jun 2016 07:47:32 -0400", "updated": "Wed, 15 Jun 2016 07:48:30 -0400", "title": "A Peek Into The Markets: U.S. Stock Futures Rise; Fed Decision In Focus", "teaser": "", "body": "", "url": "https://www.benzinga.com/node/8113079", "image": [], "channels": [{"name": "News"}, {"name": "Eurozone"}, {"name": "Futures"}, {"name": "Global"}, {"name": "Pre-Market Outlook"}, {"name": "Markets"}], "stocks": [{"name": "AIT"}, {"name": "CSCO"}, {"name": "DYN"}, {"name": "MSCI"}, {"name": "VNDA"}], "tags": [{"name": "Goldman Sachs"}, {"name": "U.S. stock futures"}]}, {"id": 8113077, "author": "Benzinga", "created": "Wed, 15 Jun 2016 07:54:55 -0400", "updated": "Wed, 15 Jun 2016 07:54:56 -0400", "title": "At Disney World, An Alligator Dragged A 2-Year-Old Into Lagoon", "teaser": "", "body": "", "url": "https://www.benzinga.com/node/8113077", "image": [], "channels": [{"name": "News"}, {"name": "Travel"}, {"name": "General"}], "stocks": [{"name": "DIS"}], "tags": [{"name": "disney"}, {"name": "Disney Alligator"}, {"name": "Disney Orlando"}, {"name": "JAcquee Wahler"}, {"name": "Jerry Demings"}]}, {"id": 8112166, "author": "Benzinga", "created": "Wed, 15 Jun 2016 08:36:19 -0400", "updated": "Wed, 15 Jun 2016 08:36:20 -0400", "title": "CBS' New Series 'BrainDead' Gets Roughed Up By Basketball Finals In Debut", "teaser": "", "body": "", "url": "https://www.benzinga.com/node/8112166", "image": [], "channels": [{"name": "News"}, {"name": "Sports"}, {"name": "Events"}, {"name": "Tech"}, {"name": "Trading Ideas"}, {"name": "General"}], "stocks": [{"name": "CBS"}, {"name": "CMCSA"}, {"name": "DIS"}], "tags": [{"name": "ABC"}, {"name": "American Ninja Warrior"}, {"name": "BrainDead"}, {"name": "NBA"}, {"name": "NBA Finals"}, {"name": "NBC"}, {"name": "Scorpion"}, {"name": "Spartan: Ultimate Team Challenge"}, {"name": "The Good Wife"}, {"name": "Zoo"}]}, {"id": 8113479, "author": "Benzinga", "created": "Wed, 15 Jun 2016 09:03:24 -0400", "updated": "Wed, 15 Jun 2016 09:03:24 -0400", "title": "The Market In 5 Minutes: Janet Yellen, Exact Sciences, And Some Graduation Advice", "teaser": "", "body": "", "url": "https://www.benzinga.com/node/8113479", "image": [], "channels": [{"name": "News"}, {"name": "Global"}, {"name": "Top Stories"}, {"name": "Markets"}], "stocks": [{"name": "ANF"}, {"name": "BBY"}, {"name": "CBYL"}, {"name": "CSCO"}, {"name": "DIS"}, {"name": "EXAS"}, {"name": "PG"}, {"name": "PRGO"}, {"name": "SPY"}, {"name": "SQ"}, {"name": "USO"}, {"name": "X"}], "tags": [{"name": "the market in 5 minutes"}]}, {"id": 8114145, "author": "Benzinga", "created": "Wed, 15 Jun 2016 10:31:08 -0400", "updated": "Wed, 15 Jun 2016 10:31:08 -0400", "title": "Bob Iger On Shanghai: Greatest Opportunity For Disney Since Walt Bought Land In Florida", "teaser": "", "body": "", "url": "https://www.benzinga.com/node/8114145", "image": [], "channels": [{"name": "News"}, {"name": "Global"}, {"name": "Media"}], "stocks": [{"name": "DIS"}], "tags": [{"name": "Bob Iger"}, {"name": "China Communist Party"}, {"name": "disney"}, {"name": "Disney Shanghai"}, {"name": "Disney Theme Parks"}]}, {"id": 8113847, "author": "Benzinga", "created": "Wed, 15 Jun 2016 10:36:55 -0400", "updated": "Wed, 15 Jun 2016 10:36:55 -0400", "title": "Prepping For An All-Nighter: London Bankers Anticipate Volatility On Brexit Night", "teaser": "", "body": "", "url": "https://www.benzinga.com/node/8113847", "image": [], "channels": [{"name": "News"}, {"name": "Bonds"}, {"name": "Eurozone"}, {"name": "Politics"}, {"name": "Forex"}, {"name": "Treasuries"}, {"name": "Events"}, {"name": "Global"}, {"name": "Econ #s"}, {"name": "Markets"}, {"name": "Media"}, {"name": "Trading Ideas"}, {"name": "General"}], "stocks": [{"name": "BCS"}, {"name": "C"}, {"name": "DB"}, {"name": "GS"}, {"name": "HSBC"}, {"name": "JPM"}, {"name": "LYG"}, {"name": "RBS"}], "tags": [{"name": "Brexit"}, {"name": "Chris Huddleston"}, {"name": "EU"}, {"name": "European Union"}, {"name": "Janet Yellen"}, {"name": "Mark Carney"}, {"name": "Reuters"}, {"name": "sterling"}, {"name": "UK"}]}, {"id": 8114420, "author": "Benzinga", "created": "Wed, 15 Jun 2016 11:06:16 -0400", "updated": "Wed, 15 Jun 2016 11:06:17 -0400", "title": "MasterCard CFO Has Confident, Upbeat Tone During William Blair Growth Stock Conference Presentation", "teaser": "", "body": "", "url": "https://www.benzinga.com/node/8114420", "image": [], "channels": [{"name": "News"}, {"name": "Guidance"}, {"name": "M&A"}, {"name": "Events"}, {"name": "Exclusives"}], "stocks": [{"name": "MA"}, {"name": "PYPL"}, {"name": "V"}], "tags": [{"name": "William Blair Growth Stock Conference"}]}, {"id": 8114512, "author": "Benzinga", "created": "Wed, 15 Jun 2016 11:21:41 -0400", "updated": "Wed, 15 Jun 2016 11:21:41 -0400", "title": "Worst Performing Industries For June 15,  2016", "teaser": "", "body": "", "url": "https://www.benzinga.com/node/8114512", "image": [], "channels": [{"name": "News"}, {"name": "Movers & Shakers"}, {"name": "Intraday Update"}, {"name": "Markets"}], "stocks": [{"name": "CSCO"}, {"name": "LITB"}, {"name": "PRGO"}, {"name": "SAIA"}], "tags": [{"name": "Worst Performing Industries"}]}, {"id": 8114515, "author": "Benzinga", "created": "Wed, 15 Jun 2016 12:15:30 -0400", "updated": "Wed, 15 Jun 2016 12:15:30 -0400", "title": "No Confirmation From U.S. Officials Yet, But Iran Says Major Agreement With Boeing Has Been Made", "teaser": "", "body": "", "url": "https://www.benzinga.com/node/8114515", "image": [], "channels": [{"name": "News"}, {"name": "Emerging Markets"}, {"name": "Rumors"}, {"name": "Contracts"}, {"name": "Politics"}, {"name": "Travel"}, {"name": "Markets"}, {"name": "Media"}, {"name": "Trading Ideas"}, {"name": "General"}], "stocks": [{"name": "BA"}], "tags": [{"name": "Abbas Akhoundi"}, {"name": "FARS"}, {"name": "Iran"}, {"name": "Iran Airliners"}, {"name": "Iran Boeing"}, {"name": "Iran Sanctions"}, {"name": "IranAir"}, {"name": "usa today"}]}, {"id": 8114769, "author": "Benzinga", "created": "Wed, 15 Jun 2016 12:45:24 -0400", "updated": "Wed, 15 Jun 2016 12:45:25 -0400", "title": "Napster Is Back (By Name, At Least)", "teaser": "", "body": "", "url": "https://www.benzinga.com/node/8114769", "image": [], "channels": [{"name": "CNBC"}, {"name": "News"}, {"name": "Tech"}, {"name": "Media"}], "stocks": [{"name": "AAPL"}, {"name": "BBY"}, {"name": "P"}], "tags": [{"name": "Apple Music"}, {"name": "Napster"}, {"name": "Pandora"}, {"name": "Rhapsody"}, {"name": "Spotify"}, {"name": "Streaming music"}]}, {"id": 8114521, "author": "Benzinga", "created": "Wed, 15 Jun 2016 13:39:09 -0400", "updated": "Wed, 15 Jun 2016 13:40:13 -0400", "title": "How Many Hours Did Steve Jobs Sleep Per Night?", "teaser": "", "body": "", "url": "https://www.benzinga.com/node/8114521", "image": [], "channels": [{"name": "News"}, {"name": "Management"}, {"name": "Tech"}, {"name": "Media"}], "stocks": [{"name": "AAPL"}], "tags": [{"name": "Michael Murdock"}, {"name": "Pixar"}, {"name": "Quora"}, {"name": "Steve Jobs"}]}, {"id": 8114952, "author": "Benzinga", "created": "Wed, 15 Jun 2016 14:08:04 -0400", "updated": "Wed, 15 Jun 2016 14:08:04 -0400", "title": "A First Look Into E3 '16: 'Publishers Emerging As Winners'", "teaser": "", "body": "", "url": "https://www.benzinga.com/node/8114952", "image": [], "channels": [{"name": "Analyst Color"}, {"name": "Long Ideas"}, {"name": "News"}, {"name": "Events"}, {"name": "Analyst Ratings"}, {"name": "Tech"}, {"name": "Trading Ideas"}], "stocks": [{"name": "MSFT"}], "tags": [{"name": "Andrew Uerkwitz"}, {"name": "E3"}, {"name": "Electronic Entertainment Expo"}, {"name": "Microsoft Slim"}, {"name": "Oppenheimer"}, {"name": "Project Scorpio"}, {"name": "SLIM"}]}, {"id": 8115326, "author": "Benzinga", "created": "Wed, 15 Jun 2016 14:14:34 -0400", "updated": "Wed, 15 Jun 2016 14:14:34 -0400", "title": "IBM & Ponemon Institute Survey Indicate Costs On Data Breach Rising", "teaser": "", "body": "", "url": "https://www.benzinga.com/node/8115326", "image": [], "channels": [{"name": "News"}], "stocks": [{"name": "IBM"}], "tags": []}, {"id": 8115062, "author": "Benzinga", "created": "Wed, 15 Jun 2016 14:54:45 -0400", "updated": "Wed, 15 Jun 2016 14:54:45 -0400", "title": "A Better Entry Point For Pandora Is Almost Here, Victor Anthony Says", "teaser": "", "body": "", "url": "https://www.benzinga.com/node/8115062", "image": [], "channels": [{"name": "Analyst Color"}, {"name": "Long Ideas"}, {"name": "News"}, {"name": "Price Target"}, {"name": "Reiteration"}, {"name": "M&A"}, {"name": "Analyst Ratings"}, {"name": "Movers"}, {"name": "Tech"}, {"name": "Media"}, {"name": "Trading Ideas"}], "stocks": [{"name": "AAPL"}, {"name": "AMZN"}, {"name": "CMCSA"}, {"name": "GOOG"}, {"name": "GOOGL"}, {"name": "LNKD"}, {"name": "LYV"}, {"name": "MSFT"}, {"name": "P"}, {"name": "SIRI"}, {"name": "T"}, {"name": "TWTR"}, {"name": "VZ"}], "tags": [{"name": "axiom"}, {"name": "SoundCloud"}, {"name": "Victor Anthony"}]}, {"id": 8115434, "author": "Benzinga", "created": "Wed, 15 Jun 2016 15:33:57 -0400", "updated": "Wed, 15 Jun 2016 15:33:58 -0400", "title": "The Inside Story Of How Yahoo! Screwed Up Tumblr", "teaser": "", "body": "", "url": "https://www.benzinga.com/node/8115434", "image": [], "channels": [{"name": "News"}, {"name": "Education"}, {"name": "M&A"}, {"name": "Tech"}, {"name": "Media"}, {"name": "General"}], "stocks": [{"name": "AMZN"}, {"name": "VZ"}, {"name": "YHOO"}], "tags": [{"name": "BuzzFeed"}, {"name": "Lee Brown"}, {"name": "Lisa Utschneider"}, {"name": "Marissa Meyer"}, {"name": "Mashable"}, {"name": "Seth Fiegerman"}, {"name": "Tumblr"}]}, {"id": 8115573, "author": "Benzinga", "created": "Wed, 15 Jun 2016 15:59:43 -0400", "updated": "Wed, 15 Jun 2016 15:59:43 -0400", "title": "Trip Chowdhry Shares Insights Into Apple's Machine Learning & Deep Learning Initiatives", "teaser": "", "body": "", "url": "https://www.benzinga.com/node/8115573", "image": [], "channels": [{"name": "Analyst Color"}, {"name": "News"}, {"name": "Events"}, {"name": "Analyst Ratings"}, {"name": "Tech"}, {"name": "Trading Ideas"}], "stocks": [{"name": "AAPL"}, {"name": "AMZN"}, {"name": "NVDA"}], "tags": [{"name": "deep learning"}, {"name": "Global Equities Research"}, {"name": "machine learning"}, {"name": "Trip Chowdhry"}]}, {"id": 8116412, "author": "Benzinga", "created": "Wed, 15 Jun 2016 16:46:05 -0400", "updated": "Wed, 15 Jun 2016 16:46:09 -0400", "title": "No More M&Ms In Your McFlurry?", "teaser": "", "body": "", "url": "https://www.benzinga.com/node/8116412", "image": [], "channels": [{"name": "News"}, {"name": "Rumors"}, {"name": "Restaurants"}, {"name": "General"}], "stocks": [{"name": "MCD"}], "tags": [{"name": "Consumer Discretionary"}, {"name": "M&Ms"}, {"name": "Mars"}, {"name": "McFlurry"}, {"name": "Restaurants"}]}, {"id": 8116398, "author": "Benzinga", "created": "Wed, 15 Jun 2016 16:48:53 -0400", "updated": "Wed, 15 Jun 2016 16:48:53 -0400", "title": "Iowa Senator Calls For 'Close Review' Of Dow Chemical-Du Pont Merger", "teaser": "", "body": "", "url": "https://www.benzinga.com/node/8116398", "image": [], "channels": [{"name": "News"}, {"name": "Politics"}, {"name": "Legal"}, {"name": "M&A"}, {"name": "Media"}, {"name": "General"}], "stocks": [{"name": "DD"}, {"name": "DOW"}], "tags": [{"name": "Chuck Grassley"}, {"name": "Des Moines Register"}]}, {"id": 8116467, "author": "Benzinga", "created": "Wed, 15 Jun 2016 16:57:01 -0400", "updated": "Wed, 15 Jun 2016 16:57:02 -0400", "title": "Why Under Armour Shares Are 'Still Pricey'", "teaser": "", "body": "", "url": "https://www.benzinga.com/node/8116467", "image": [], "channels": [{"name": "Analyst Color"}, {"name": "News"}, {"name": "Analyst Ratings"}], "stocks": [{"name": "NKE"}, {"name": "UA"}], "tags": []}, {"id": 8116517, "author": "Benzinga", "created": "Wed, 15 Jun 2016 17:04:31 -0400", "updated": "Wed, 15 Jun 2016 17:05:17 -0400", "title": "5 Stocks Moving In After-Hours: Tech M&A, Earnings & Some Mystery", "teaser": "", "body": "", "url": "https://www.benzinga.com/node/8116517", "image": [], "channels": [{"name": "Earnings"}, {"name": "News"}, {"name": "Guidance"}, {"name": "M&A"}, {"name": "After-Hours Center"}, {"name": "Movers"}, {"name": "Tech"}], "stocks": [{"name": "CAVM"}, {"name": "IBM"}, {"name": "JBL"}, {"name": "KFY"}, {"name": "QLGC"}], "tags": []}, {"id": 8116600, "author": "Benzinga", "created": "Wed, 15 Jun 2016 17:49:02 -0400", "updated": "Wed, 15 Jun 2016 17:49:02 -0400", "title": "Court Releases Texts Between Former Goldman Employee And Prostitute For Potential Client", "teaser": "", "body": "", "url": "https://www.benzinga.com/node/8116600", "image": [], "channels": [{"name": "News"}, {"name": "Legal"}], "stocks": [{"name": "GS"}], "tags": [{"name": "Youssef Kabbaj"}]}]