[{"id": 8096554, "author": "Benzinga", "created": "Fri, 10 Jun 2016 02:45:15 -0400", "updated": "Fri, 10 Jun 2016 02:45:16 -0400", "title": "Watch These 7 Huge Put Purchases In Friday Trade", "teaser": "", "body": "", "url": "https://www.benzinga.com/node/8096554", "image": [], "channels": [{"name": "News"}, {"name": "Options"}, {"name": "Markets"}], "stocks": [{"name": "EMR"}, {"name": "FSLR"}, {"name": "GM"}, {"name": "MMM"}, {"name": "MYL"}, {"name": "NKE"}, {"name": "OAS"}], "tags": [{"name": "put options"}]}, {"id": 8096374, "author": "Benzinga", "created": "Fri, 10 Jun 2016 08:13:43 -0400", "updated": "Fri, 10 Jun 2016 08:13:44 -0400", "title": "Janus Unveils Big Thematic ETF Push", "teaser": "", "body": "", "url": "https://www.benzinga.com/node/8096374", "image": [], "channels": [{"name": "Long Ideas"}, {"name": "News"}, {"name": "Sector ETFs"}, {"name": "New ETFs"}, {"name": "Top Stories"}, {"name": "Trading Ideas"}, {"name": "ETFs"}], "stocks": [{"name": "HCN"}, {"name": "HLF"}, {"name": "JNS"}, {"name": "LULU"}, {"name": "NKE"}, {"name": "UA"}, {"name": "VTR"}, {"name": "WFM"}], "tags": [{"name": "FITS"}, {"name": "OLD"}, {"name": "ORG"}, {"name": "SLIM"}, {"name": "Solactive"}, {"name": "Solactive Health and Fitness Index"}, {"name": "Solactive Long-Term Care Index"}, {"name": "Solactive Obesity Index"}, {"name": "Solactive Organics Index"}, {"name": "Thematic ETFs"}]}, {"id": 8097382, "author": "Benzinga", "created": "Fri, 10 Jun 2016 08:58:49 -0400", "updated": "Fri, 10 Jun 2016 08:58:49 -0400", "title": "Ask Siri: How Will You Keep Up Amazon's Alexa?", "teaser": "", "body": "", "url": "https://www.benzinga.com/node/8097382", "image": [], "channels": [{"name": "News"}, {"name": "Rumors"}, {"name": "Tech"}, {"name": "Media"}, {"name": "Trading Ideas"}], "stocks": [{"name": "AAPL"}, {"name": "AMZN"}], "tags": [{"name": "Amazon Alexa"}, {"name": "Bloomberg"}, {"name": "Carolina Milanesi"}, {"name": "Digital Personal Assistant"}, {"name": "SIRI"}]}, {"id": 8097742, "author": "Benzinga", "created": "Fri, 10 Jun 2016 10:16:24 -0400", "updated": "Fri, 10 Jun 2016 10:16:25 -0400", "title": "12 Questions For Alibaba's First-Ever Analyst Day", "teaser": "", "body": "", "url": "https://www.benzinga.com/node/8097742", "image": [], "channels": [{"name": "Analyst Color"}, {"name": "News"}, {"name": "Price Target"}, {"name": "Previews"}, {"name": "Reiteration"}, {"name": "Events"}, {"name": "Analyst Ratings"}, {"name": "Trading Ideas"}], "stocks": [{"name": "AMZN"}, {"name": "BABA"}, {"name": "GOOG"}, {"name": "GOOGL"}, {"name": "MSFT"}], "tags": [{"name": "AGTech Holdings"}, {"name": "Ali Cloud"}, {"name": "Ant Financial"}, {"name": "Baidu"}, {"name": "China"}, {"name": "e-commerce"}, {"name": "JD.com"}, {"name": "Taobao"}, {"name": "tmall Youssef squali"}, {"name": "Xiami"}, {"name": "Youku Tudou"}]}, {"id": 8098492, "author": "Benzinga", "created": "Fri, 10 Jun 2016 11:20:49 -0400", "updated": "Fri, 10 Jun 2016 11:20:50 -0400", "title": "Top Performing Industries For June 10, 2016", "teaser": "", "body": "", "url": "https://www.benzinga.com/node/8098492", "image": [], "channels": [{"name": "News"}, {"name": "Intraday Update"}, {"name": "Markets"}, {"name": "Movers"}], "stocks": [{"name": "AZPN"}, {"name": "SLW"}, {"name": "VGZ"}, {"name": "WBA"}], "tags": [{"name": "Top Performing Industries"}]}, {"id": 8098264, "author": "Benzinga", "created": "Fri, 10 Jun 2016 11:29:27 -0400", "updated": "Fri, 10 Jun 2016 11:29:27 -0400", "title": "Have You Ever Wondered How Intel Chips Are Made?", "teaser": "", "body": "", "url": "https://www.benzinga.com/node/8098264", "image": [], "channels": [{"name": "News"}, {"name": "Tech"}, {"name": "Media"}], "stocks": [{"name": "AMZN"}, {"name": "INTC"}, {"name": "MSFT"}], "tags": [{"name": "Bloomberg"}, {"name": "Gartner"}, {"name": "IDC"}]}, {"id": 8098629, "author": "Benzinga", "created": "Fri, 10 Jun 2016 11:47:05 -0400", "updated": "Fri, 10 Jun 2016 11:47:05 -0400", "title": "Apple Chooses Intel Over Qualcomm As Main Component Supplier", "teaser": "", "body": "", "url": "https://www.benzinga.com/node/8098629", "image": [], "channels": [{"name": "Analyst Color"}, {"name": "News"}, {"name": "Tech"}], "stocks": [{"name": "AAPL"}, {"name": "INTC"}, {"name": "QCOM"}], "tags": [{"name": "Apple Components"}, {"name": "Bloomberg"}, {"name": "Intel"}, {"name": "iPhone Components"}, {"name": "Qualcomm"}, {"name": "Stacy Rasgon"}, {"name": "Steve Mollenkopf"}]}, {"id": 8096399, "author": "Benzinga", "created": "Fri, 10 Jun 2016 12:57:34 -0400", "updated": "Fri, 10 Jun 2016 12:57:35 -0400", "title": "ABC Joins Live Music Programming Trend With 'For The Record Live' Specials", "teaser": "", "body": "", "url": "https://www.benzinga.com/node/8096399", "image": [], "channels": [{"name": "News"}, {"name": "Media"}], "stocks": [{"name": "DIS"}], "tags": [{"name": "ABC"}, {"name": "Channing Dungey"}, {"name": "For The Record Live"}]}, {"id": 8098875, "author": "Benzinga", "created": "Fri, 10 Jun 2016 13:41:02 -0400", "updated": "Fri, 10 Jun 2016 13:41:02 -0400", "title": "What Assets Is Yahoo Looking To Sell?", "teaser": "", "body": "", "url": "https://www.benzinga.com/node/8098875", "image": [], "channels": [{"name": "News"}, {"name": "Rumors"}, {"name": "Asset Sales"}, {"name": "M&A"}, {"name": "Tech"}, {"name": "Media"}, {"name": "Trading Ideas"}], "stocks": [{"name": "VZ"}, {"name": "YHOO"}], "tags": [{"name": "Kara Swisher"}, {"name": "ReCode"}, {"name": "Yahoo"}, {"name": "Yahoo Asset Sale"}, {"name": "Yahoo Internet Properties"}]}, {"id": 8099246, "author": "Benzinga", "created": "Fri, 10 Jun 2016 14:27:53 -0400", "updated": "Fri, 10 Jun 2016 14:27:54 -0400", "title": "Google Chromecast Almost Doubles Apple TV Sales", "teaser": "", "body": "", "url": "https://www.benzinga.com/node/8099246", "image": [], "channels": [{"name": "Analyst Color"}, {"name": "News"}, {"name": "Analyst Ratings"}, {"name": "Tech"}, {"name": "Media"}, {"name": "Trading Ideas"}], "stocks": [{"name": "AAPL"}, {"name": "GOOG"}, {"name": "GOOGL"}, {"name": "IHS"}], "tags": [{"name": "Apple TV"}, {"name": "Chromecast"}]}, {"id": 8099685, "author": "Benzinga", "created": "Fri, 10 Jun 2016 14:57:39 -0400", "updated": "Fri, 10 Jun 2016 14:57:39 -0400", "title": "Lockheed Martin Could Move Work On F-35 Fighter Jet Away From Canada", "teaser": "", "body": "", "url": "https://www.benzinga.com/node/8099685", "image": [], "channels": [{"name": "News"}, {"name": "Rumors"}, {"name": "Politics"}, {"name": "Tech"}, {"name": "Trading Ideas"}, {"name": "General"}], "stocks": [{"name": "BA"}, {"name": "LMT"}], "tags": [{"name": "18E"}, {"name": "18F"}, {"name": "Canada"}, {"name": "Denmark"}, {"name": "F-35"}, {"name": "fighter jets"}, {"name": "Jack Crisler"}, {"name": "military jets"}, {"name": "Reuters"}]}, {"id": 8099903, "author": "Benzinga", "created": "Fri, 10 Jun 2016 16:03:00 -0400", "updated": "Fri, 10 Jun 2016 16:03:00 -0400", "title": "It's Early, But Wells Fargo Is Bullish On Shanghai Disney", "teaser": "", "body": "", "url": "https://www.benzinga.com/node/8099903", "image": [], "channels": [{"name": "Analyst Color"}, {"name": "Long Ideas"}, {"name": "News"}, {"name": "Emerging Markets"}, {"name": "Price Target"}, {"name": "Reiteration"}, {"name": "Travel"}, {"name": "Events"}, {"name": "Markets"}, {"name": "Analyst Ratings"}, {"name": "Trading Ideas"}, {"name": "General"}], "stocks": [{"name": "DIS"}], "tags": [{"name": "Disneyland"}, {"name": "Eric Katz"}, {"name": "Marci Ryvicker"}, {"name": "Shanghai Disneyland"}, {"name": "Wells Fargo"}]}]