[{"id": 8498343, "author": "Benzinga", "created": "Tue, 27 Sep 2016 04:07:58 -0400", "updated": "Tue, 27 Sep 2016 04:07:58 -0400", "title": "Earnings Scheduled For September 27, 2016", "teaser": "", "body": "", "url": "https://www.benzinga.com/node/8498343", "image": [], "channels": [{"name": "Earnings"}, {"name": "News"}, {"name": "Pre-Market Outlook"}, {"name": "Markets"}], "stocks": [{"name": "CTAS"}, {"name": "FDS"}, {"name": "INFO"}, {"name": "LNDC"}, {"name": "NEOG"}, {"name": "NKE"}, {"name": "SYMX"}], "tags": [{"name": "Earnings schedule"}, {"name": "Materials"}, {"name": "Specialty Chemicals"}]}, {"id": 8498397, "author": "Benzinga", "created": "Tue, 27 Sep 2016 05:01:47 -0400", "updated": "Tue, 27 Sep 2016 05:01:47 -0400", "title": "5 Stocks You Should Be Watching Today", "teaser": "", "body": "", "url": "https://www.benzinga.com/node/8498397", "image": [], "channels": [{"name": "Earnings"}, {"name": "News"}, {"name": "Guidance"}, {"name": "Pre-Market Outlook"}, {"name": "Markets"}, {"name": "Trading Ideas"}], "stocks": [{"name": "CTAS"}, {"name": "FDS"}, {"name": "NKE"}, {"name": "SNX"}, {"name": "THO"}], "tags": [{"name": "Stocks To Watch"}, {"name": "Stocks to Watch"}]}, {"id": 8498693, "author": "Benzinga", "created": "Tue, 27 Sep 2016 08:05:51 -0400", "updated": "Tue, 27 Sep 2016 08:05:51 -0400", "title": "Vladimir Putin Is Tired Of Relying On U.S. Technology", "teaser": "", "body": "", "url": "https://www.benzinga.com/node/8498693", "image": [], "channels": [{"name": "News"}, {"name": "Politics"}, {"name": "Events"}, {"name": "Global"}, {"name": "Tech"}, {"name": "Media"}, {"name": "General"}], "stocks": [{"name": "MSFT"}, {"name": "ORCL"}, {"name": "SAP"}], "tags": [{"name": "Microsoft Russia"}, {"name": "Russia"}, {"name": "Russia Sanctions"}, {"name": "Russia US Relations"}, {"name": "Vladimir Putin"}]}, {"id": 8499111, "author": "Benzinga", "created": "Tue, 27 Sep 2016 09:06:33 -0400", "updated": "Tue, 27 Sep 2016 09:06:33 -0400", "title": "The Market In 5 Minutes: Debates, Oil Keep Stocks Mixed", "teaser": "", "body": "", "url": "https://www.benzinga.com/node/8499111", "image": [], "channels": [{"name": "News"}, {"name": "Global"}, {"name": "Top Stories"}, {"name": "Pre-Market Outlook"}, {"name": "Markets"}], "stocks": [{"name": "AMZN"}, {"name": "AZO"}, {"name": "CRM"}, {"name": "DIS"}, {"name": "FB"}, {"name": "FDS"}, {"name": "FIT"}, {"name": "GILD"}, {"name": "GOOGL"}, {"name": "LLY"}, {"name": "LULU"}, {"name": "MSFT"}, {"name": "MSTX"}, {"name": "NKE"}, {"name": "SJM"}, {"name": "SNX"}, {"name": "SPY"}, {"name": "THO"}, {"name": "TWTR"}, {"name": "UA"}, {"name": "USO"}], "tags": [{"name": "the market in 5 minutes"}]}, {"id": 8499628, "author": "Benzinga", "created": "Tue, 27 Sep 2016 11:43:29 -0400", "updated": "Tue, 27 Sep 2016 11:43:29 -0400", "title": "BlackBerry CEO Praises Company's Turnaround Days Before Q2 Earnings Release", "teaser": "", "body": "", "url": "https://www.benzinga.com/node/8499628", "image": [], "channels": [{"name": "News"}, {"name": "Management"}, {"name": "Events"}, {"name": "Movers"}, {"name": "Tech"}, {"name": "Media"}], "stocks": [{"name": "AAPL"}, {"name": "BBRY"}], "tags": [{"name": "Fortune"}, {"name": "iPhone"}, {"name": "john chen"}]}, {"id": 8500678, "author": "Benzinga", "created": "Tue, 27 Sep 2016 12:36:42 -0400", "updated": "Tue, 27 Sep 2016 12:36:43 -0400", "title": "Xiaomi May Have Just Beaten Apple's iPhone 8 To The Punch With This Key Feature", "teaser": "", "body": "", "url": "https://www.benzinga.com/node/8500678", "image": [], "channels": [{"name": "News"}, {"name": "Rumors"}, {"name": "Tech"}], "stocks": [{"name": "AAPL"}], "tags": [{"name": "Apple Rumors"}, {"name": "BGR"}, {"name": "iPhone 8"}, {"name": "Xiaomi"}, {"name": "Xioami Mi 5"}]}, {"id": 8501410, "author": "Benzinga", "created": "Tue, 27 Sep 2016 14:03:20 -0400", "updated": "Tue, 27 Sep 2016 14:03:21 -0400", "title": "How Has Nike Performed Against Competitors In The Athletic Shoe Race?", "teaser": "", "body": "", "url": "https://www.benzinga.com/node/8501410", "image": [], "channels": [{"name": "Earnings"}, {"name": "News"}, {"name": "Previews"}, {"name": "Trading Ideas"}, {"name": "General"}], "stocks": [{"name": "ADDYY"}, {"name": "FL"}, {"name": "NKE"}, {"name": "UA"}], "tags": []}, {"id": 8498095, "author": "Benzinga", "created": "Tue, 27 Sep 2016 14:42:14 -0400", "updated": "Tue, 27 Sep 2016 14:42:14 -0400", "title": "Small Can Work With Tech ETFs", "teaser": "", "body": "", "url": "https://www.benzinga.com/node/8498095", "image": [], "channels": [{"name": "Long Ideas"}, {"name": "News"}, {"name": "Sector ETFs"}, {"name": "Small Cap"}, {"name": "Top Stories"}, {"name": "Tech"}, {"name": "Trading Ideas"}, {"name": "ETFs"}], "stocks": [{"name": "AAPL"}, {"name": "MSFT"}, {"name": "PSCT"}, {"name": "XLK"}], "tags": [{"name": "powershares"}, {"name": "Small caps"}, {"name": "technology ETFs"}]}, {"id": 8502437, "author": "Benzinga", "created": "Tue, 27 Sep 2016 16:47:43 -0400", "updated": "Tue, 27 Sep 2016 16:47:43 -0400", "title": "Nike Beats Big On Earnings And Revenue, But The Stock Is Crashing", "teaser": "", "body": "", "url": "https://www.benzinga.com/node/8502437", "image": [], "channels": [{"name": "News"}], "stocks": [{"name": "ADDYY"}, {"name": "DIS"}, {"name": "NKE"}, {"name": "UA"}], "tags": []}, {"id": 8502760, "author": "Benzinga", "created": "Tue, 27 Sep 2016 17:12:11 -0400", "updated": "Tue, 27 Sep 2016 17:12:11 -0400", "title": "3 Stocks Moving In After-Hours: Downgrades, Earnings & Future Orders", "teaser": "", "body": "", "url": "https://www.benzinga.com/node/8502760", "image": [], "channels": [{"name": "Earnings"}, {"name": "News"}, {"name": "Guidance"}, {"name": "After-Hours Center"}, {"name": "Movers"}], "stocks": [{"name": "CTAS"}, {"name": "GOOGL"}, {"name": "NKE"}], "tags": []}]