[{"id": 8408719, "author": "Benzinga", "created": "Wed, 31 Aug 2016 02:16:14 -0400", "updated": "Wed, 31 Aug 2016 02:16:14 -0400", "title": "Watch These 7 Huge Put Purchases In Wednesday Trade", "teaser": "", "body": "", "url": "https://www.benzinga.com/node/8408719", "image": [], "channels": [{"name": "News"}, {"name": "Options"}, {"name": "Markets"}], "stocks": [{"name": "CTRP"}, {"name": "DIS"}, {"name": "LVS"}, {"name": "MON"}, {"name": "MOS"}, {"name": "PRI"}, {"name": "WSM"}], "tags": [{"name": "Casinos & Gaming"}, {"name": "Consumer Discretionary"}, {"name": "Huge Put Purchases"}]}, {"id": 8408957, "author": "Benzinga", "created": "Wed, 31 Aug 2016 04:56:34 -0400", "updated": "Wed, 31 Aug 2016 04:56:34 -0400", "title": "Earnings Scheduled For August 31, 2016", "teaser": "", "body": "", "url": "https://www.benzinga.com/node/8408957", "image": [], "channels": [{"name": "Earnings"}, {"name": "News"}, {"name": "Pre-Market Outlook"}, {"name": "Markets"}], "stocks": [{"name": "ASND"}, {"name": "BFB"}, {"name": "BLOX"}, {"name": "BOBE"}, {"name": "BOX"}, {"name": "CHS"}, {"name": "CRM"}, {"name": "CTRP"}, {"name": "FIVE"}, {"name": "FRO"}, {"name": "GEF"}, {"name": "GLNG"}, {"name": "OLLI"}, {"name": "OXM"}, {"name": "PI"}, {"name": "QUNR"}, {"name": "SCVL"}, {"name": "SFL"}, {"name": "SMTC"}], "tags": [{"name": "Earnings schedule"}]}, {"id": 8409031, "author": "Benzinga", "created": "Wed, 31 Aug 2016 05:35:09 -0400", "updated": "Wed, 31 Aug 2016 05:35:09 -0400", "title": "Keep an Eye on These 10 Stocks for August 31, 2016", "teaser": "", "body": "", "url": "https://www.benzinga.com/node/8409031", "image": [], "channels": [{"name": "Earnings"}, {"name": "News"}, {"name": "Guidance"}, {"name": "Pre-Market Outlook"}, {"name": "Markets"}, {"name": "Trading Ideas"}], "stocks": [{"name": "AVAV"}, {"name": "BLOX"}, {"name": "BOBE"}, {"name": "CHS"}, {"name": "CRM"}, {"name": "FIVE"}, {"name": "HRB"}, {"name": "PANW"}, {"name": "SCVL"}, {"name": "VEEV"}], "tags": [{"name": "Stocks To Watch"}, {"name": "Stocks to Watch"}]}, {"id": 8410704, "author": "Benzinga", "created": "Wed, 31 Aug 2016 11:02:46 -0400", "updated": "Wed, 31 Aug 2016 11:02:46 -0400", "title": "Stocks That Are Affected By Hurricane Season", "teaser": "", "body": "", "url": "https://www.benzinga.com/node/8410704", "image": [], "channels": [{"name": "News"}, {"name": "Trading Ideas"}], "stocks": [{"name": "ACGL"}, {"name": "ENH"}, {"name": "GNRC"}, {"name": "GVA"}, {"name": "HD"}, {"name": "LOW"}, {"name": "XL"}], "tags": [{"name": "Benzinga PreMarket Prep"}, {"name": "Dennis Dick"}, {"name": "Hurricane Season"}, {"name": "Hurricanes"}, {"name": "Stocks To Buy Hurricane Season"}]}, {"id": 8410145, "author": "Benzinga", "created": "Wed, 31 Aug 2016 11:10:00 -0400", "updated": "Wed, 31 Aug 2016 11:10:00 -0400", "title": "Ritchie Bros.' IronPlanet Deal Has A Compelling Case To The Upside, According To Baird", "teaser": "", "body": "", "url": "https://www.benzinga.com/node/8410145", "image": [], "channels": [{"name": "Long Ideas"}, {"name": "News"}, {"name": "Price Target"}, {"name": "Reiteration"}, {"name": "M&A"}, {"name": "Analyst Ratings"}, {"name": "Movers"}, {"name": "Trading Ideas"}], "stocks": [{"name": "CAT"}, {"name": "RBA"}], "tags": [{"name": "Baird Equity Research"}, {"name": "IronPlanet"}]}, {"id": 8410485, "author": "Benzinga", "created": "Wed, 31 Aug 2016 11:49:36 -0400", "updated": "Wed, 31 Aug 2016 11:49:36 -0400", "title": "Investor Sentiment Remains Subdued Ahead Of Salesforce.com Earnings", "teaser": "", "body": "", "url": "https://www.benzinga.com/node/8410485", "image": [], "channels": [{"name": "Analyst Color"}, {"name": "Earnings"}, {"name": "Long Ideas"}, {"name": "News"}, {"name": "Guidance"}, {"name": "Downgrades"}, {"name": "Previews"}, {"name": "Reiteration"}, {"name": "Analyst Ratings"}, {"name": "Movers"}, {"name": "Tech"}, {"name": "Trading Ideas"}], "stocks": [{"name": "CRM"}], "tags": [{"name": "D.A. Davidson"}, {"name": "Macquarie"}]}, {"id": 8411149, "author": "Benzinga", "created": "Wed, 31 Aug 2016 11:52:57 -0400", "updated": "Wed, 31 Aug 2016 11:54:23 -0400", "title": "10 Notable Stocks Trading Ex-Dividend Thursday, September 1", "teaser": "", "body": "", "url": "https://www.benzinga.com/node/8411149", "image": [], "channels": [{"name": "News"}, {"name": "Dividends"}, {"name": "Markets"}, {"name": "Trading Ideas"}], "stocks": [{"name": "BOBE"}, {"name": "BRKR"}, {"name": "GBDC"}, {"name": "HBHC"}, {"name": "KRO"}, {"name": "MOV"}, {"name": "NKE"}, {"name": "SIX"}, {"name": "STBZ"}, {"name": "VHI"}], "tags": [{"name": "Ex-Dividend"}]}, {"id": 8411411, "author": "Benzinga", "created": "Wed, 31 Aug 2016 13:19:43 -0400", "updated": "Wed, 31 Aug 2016 13:19:44 -0400", "title": "Here Is Every Twitter Takeover Rumor Of 2016", "teaser": "", "body": "", "url": "https://www.benzinga.com/node/8411411", "image": [], "channels": [{"name": "News"}, {"name": "Rumors"}, {"name": "M&A"}, {"name": "Tech"}], "stocks": [{"name": "AAPL"}, {"name": "AMZN"}, {"name": "CMCSA"}, {"name": "FB"}, {"name": "FOXA"}, {"name": "GOOGL"}, {"name": "MSFT"}, {"name": "NWSA"}, {"name": "T"}, {"name": "TWTR"}, {"name": "TWX"}, {"name": "VZ"}, {"name": "YHOO"}], "tags": []}, {"id": 8412504, "author": "Benzinga", "created": "Wed, 31 Aug 2016 16:21:08 -0400", "updated": "Wed, 31 Aug 2016 16:21:08 -0400", "title": "Salesforce Tumbles After Disappointing Guidance", "teaser": "", "body": "", "url": "https://www.benzinga.com/node/8412504", "image": [], "channels": [{"name": "Earnings"}, {"name": "News"}, {"name": "Guidance"}, {"name": "After-Hours Center"}, {"name": "Movers"}, {"name": "Tech"}], "stocks": [{"name": "AMZN"}, {"name": "CRM"}, {"name": "MSFT"}], "tags": [{"name": "Marc Benioff"}]}, {"id": 8412866, "author": "Benzinga", "created": "Wed, 31 Aug 2016 19:13:44 -0400", "updated": "Wed, 31 Aug 2016 19:13:44 -0400", "title": "3 Tech Stocks & A Retailer Falling After-Hours", "teaser": "", "body": "", "url": "https://www.benzinga.com/node/8412866", "image": [], "channels": [{"name": "Earnings"}, {"name": "News"}, {"name": "Guidance"}, {"name": "After-Hours Center"}, {"name": "Movers"}], "stocks": [{"name": "BLOX"}, {"name": "BOX"}, {"name": "CRM"}, {"name": "FIVE"}], "tags": []}]