[{"id": 8246050, "author": "Benzinga", "created": "Fri, 22 Jul 2016 01:54:20 -0400", "updated": "Fri, 22 Jul 2016 01:54:20 -0400", "title": "Watch These 7 Huge Put Purchases In Friday Trade", "teaser": "", "body": "", "url": "https://www.benzinga.com/node/8246050", "image": [], "channels": [{"name": "News"}, {"name": "Options"}, {"name": "Markets"}], "stocks": [{"name": "AWI"}, {"name": "CAT"}, {"name": "EXPE"}, {"name": "GME"}, {"name": "INFN"}, {"name": "LLTC"}, {"name": "PEGI"}], "tags": [{"name": "Huge Put Purchases"}, {"name": "Information Technology"}, {"name": "Semiconductors"}]}, {"id": 8246209, "author": "Benzinga", "created": "Fri, 22 Jul 2016 04:24:52 -0400", "updated": "Fri, 22 Jul 2016 04:24:52 -0400", "title": "12 Stocks To Watch For July 22, 2016", "teaser": "", "body": "", "url": "https://www.benzinga.com/node/8246209", "image": [], "channels": [{"name": "Earnings"}, {"name": "News"}, {"name": "Guidance"}, {"name": "Pre-Market Outlook"}, {"name": "Markets"}, {"name": "Trading Ideas"}], "stocks": [{"name": "AAL"}, {"name": "AMD"}, {"name": "GE"}, {"name": "HON"}, {"name": "P"}, {"name": "PYPL"}, {"name": "SBUX"}, {"name": "SKX"}, {"name": "STI"}, {"name": "T"}, {"name": "V"}, {"name": "WHR"}], "tags": [{"name": "Stocks To Watch"}, {"name": "Stocks to Watch"}]}, {"id": 8246221, "author": "Benzinga", "created": "Fri, 22 Jul 2016 04:46:07 -0400", "updated": "Fri, 22 Jul 2016 04:46:07 -0400", "title": "Earnings Scheduled For July 22, 2016", "teaser": "", "body": "", "url": "https://www.benzinga.com/node/8246221", "image": [], "channels": [{"name": "Earnings"}, {"name": "News"}, {"name": "Pre-Market Outlook"}, {"name": "Markets"}], "stocks": [{"name": "AAL"}, {"name": "ABCB"}, {"name": "ACU"}, {"name": "ALV"}, {"name": "GE"}, {"name": "GNTX"}, {"name": "HON"}, {"name": "MCO"}, {"name": "NWE"}, {"name": "OFG"}, {"name": "SSB"}, {"name": "STI"}, {"name": "SWK"}, {"name": "SYF"}, {"name": "TCB"}, {"name": "TXT"}, {"name": "UBSH"}, {"name": "VFC"}, {"name": "VOD"}, {"name": "WHR"}, {"name": "WSO"}], "tags": [{"name": "Earnings schedule"}, {"name": "Financials"}, {"name": "Specialized Finance"}]}, {"id": 8244320, "author": "Benzinga", "created": "Fri, 22 Jul 2016 06:32:15 -0400", "updated": "Fri, 22 Jul 2016 06:32:15 -0400", "title": "Protecting Journalists: Edward Snowden Designed iPhone Add-On That Could Stop Eavesdroppers", "teaser": "", "body": "", "url": "https://www.benzinga.com/node/8244320", "image": [], "channels": [{"name": "News"}, {"name": "Legal"}, {"name": "Global"}, {"name": "Tech"}], "stocks": [{"name": "AAPL"}], "tags": [{"name": "Andrew Huang"}, {"name": "Bunnie Huan"}, {"name": "Chaim Gartenberg"}, {"name": "Edward Snowden"}, {"name": "iPhone"}, {"name": "The Verge"}]}, {"id": 8243994, "author": "Benzinga", "created": "Fri, 22 Jul 2016 06:33:53 -0400", "updated": "Fri, 22 Jul 2016 06:33:54 -0400", "title": "How Apple And Facebook Helped Take Down The Largest Torrent-Sharing Site In The World", "teaser": "", "body": "", "url": "https://www.benzinga.com/node/8243994", "image": [], "channels": [{"name": "News"}, {"name": "Legal"}, {"name": "Events"}, {"name": "Tech"}], "stocks": [{"name": "AAPL"}, {"name": "FB"}], "tags": [{"name": "Artem Vaulin"}, {"name": "Bitcoin"}, {"name": "Kickass Torrents"}, {"name": "Leslie Caldwell"}, {"name": "Tirm"}]}, {"id": 8246979, "author": "Benzinga", "created": "Fri, 22 Jul 2016 08:30:16 -0400", "updated": "Fri, 22 Jul 2016 08:31:24 -0400", "title": "15 Stocks Moving In Friday's Pre-Market Session", "teaser": "", "body": "", "url": "https://www.benzinga.com/node/8246979", "image": [], "channels": [{"name": "News"}, {"name": "Movers & Shakers"}, {"name": "Pre-Market Outlook"}, {"name": "Markets"}, {"name": "Movers"}], "stocks": [{"name": "AMD"}, {"name": "ATHN"}, {"name": "EYES"}, {"name": "FLEX"}, {"name": "GEL"}, {"name": "HTBX"}, {"name": "INSY"}, {"name": "MCF"}, {"name": "P"}, {"name": "PBYI"}, {"name": "PFPT"}, {"name": "PYPL"}, {"name": "SBUX"}, {"name": "SKX"}, {"name": "SWKS"}, {"name": "V"}], "tags": [{"name": "#PreMarket Gainers"}, {"name": "Losers"}, {"name": "Top Gainers"}]}, {"id": 8246763, "author": "Benzinga", "created": "Fri, 22 Jul 2016 08:55:30 -0400", "updated": "Fri, 22 Jul 2016 08:55:30 -0400", "title": "The Market In 5 Minutes: The Dow's Win Streak Comes To An End", "teaser": "", "body": "", "url": "https://www.benzinga.com/node/8246763", "image": [], "channels": [{"name": "Earnings"}, {"name": "News"}, {"name": "Global"}, {"name": "Top Stories"}, {"name": "Pre-Market Outlook"}, {"name": "Markets"}], "stocks": [{"name": "CMG"}, {"name": "FB"}, {"name": "GE"}, {"name": "HON"}, {"name": "IOC"}, {"name": "MDVN"}, {"name": "NVRO"}, {"name": "P"}, {"name": "PFE"}, {"name": "PYPL"}, {"name": "SBUX"}, {"name": "SHW"}, {"name": "SNY"}, {"name": "SPY"}, {"name": "TWTR"}, {"name": "USO"}, {"name": "V"}, {"name": "VIAB"}, {"name": "VZ"}, {"name": "XOM"}, {"name": "YHOO"}], "tags": [{"name": "the market in 5 minutes"}]}, {"id": 8247036, "author": "Benzinga", "created": "Fri, 22 Jul 2016 09:36:27 -0400", "updated": "Fri, 22 Jul 2016 09:36:27 -0400", "title": "Goldman Adds Cigna To Conviction Buy List, Expects DoJ Announcement To Refocus Investors On Standalone Merits", "teaser": "", "body": "", "url": "https://www.benzinga.com/node/8247036", "image": [], "channels": [{"name": "Analyst Color"}, {"name": "Long Ideas"}, {"name": "News"}, {"name": "Health Care"}, {"name": "Price Target"}, {"name": "Reiteration"}, {"name": "M&A"}, {"name": "Analyst Ratings"}, {"name": "Movers"}, {"name": "Trading Ideas"}, {"name": "General"}], "stocks": [{"name": "AET"}, {"name": "ANTM"}, {"name": "CI"}, {"name": "UNH"}], "tags": [{"name": "Goldman Sachs"}]}, {"id": 8247828, "author": "Benzinga", "created": "Fri, 22 Jul 2016 11:19:21 -0400", "updated": "Fri, 22 Jul 2016 11:19:35 -0400", "title": "Reports: Verizon Could Be Lead Bidder To Acquire Yahoo's Assets", "teaser": "", "body": "", "url": "https://www.benzinga.com/node/8247828", "image": [], "channels": [{"name": "CNBC"}, {"name": "News"}, {"name": "Rumors"}, {"name": "Asset Sales"}, {"name": "Tech"}, {"name": "Media"}], "stocks": [{"name": "VZ"}, {"name": "YHOO"}], "tags": [{"name": "Bloomberg"}, {"name": "CNBC"}, {"name": "Roger Entner"}, {"name": "Yahoo Asset Sale"}, {"name": "Yahoo Verizon"}]}, {"id": 8248007, "author": "Benzinga", "created": "Fri, 22 Jul 2016 11:29:03 -0400", "updated": "Fri, 22 Jul 2016 11:29:03 -0400", "title": "There's A New Fintech Index, And It's Projected To Have Massive Growth Next Year", "teaser": "", "body": "", "url": "https://www.benzinga.com/node/8248007", "image": [], "channels": [{"name": "Fintech"}, {"name": "News"}, {"name": "Markets"}, {"name": "Tech"}, {"name": "ETFs"}], "stocks": [{"name": "AXP"}, {"name": "ENV"}, {"name": "NDAQ"}, {"name": "SQ"}, {"name": "V"}], "tags": [{"name": "Keefe Bruyette & Woods"}]}, {"id": 8247649, "author": "Benzinga", "created": "Fri, 22 Jul 2016 11:42:04 -0400", "updated": "Fri, 22 Jul 2016 11:42:04 -0400", "title": "Digging Into Paypal's Q2 Earnings", "teaser": "", "body": "", "url": "https://www.benzinga.com/node/8247649", "image": [], "channels": [{"name": "Analyst Color"}, {"name": "Earnings"}, {"name": "News"}, {"name": "Guidance"}, {"name": "Price Target"}, {"name": "Reiteration"}, {"name": "Analyst Ratings"}], "stocks": [{"name": "AXP"}, {"name": "DFS"}, {"name": "MA"}, {"name": "PYPL"}, {"name": "V"}], "tags": [{"name": "Robert Napoli"}, {"name": "William Blair"}]}, {"id": 8248207, "author": "Benzinga", "created": "Fri, 22 Jul 2016 12:08:20 -0400", "updated": "Fri, 22 Jul 2016 12:08:20 -0400", "title": "Merck Presents Data On Its Investigational Once-Daily Formulation Of ISENTRESS", "teaser": "", "body": "", "url": "https://www.benzinga.com/node/8248207", "image": [], "channels": [{"name": "News"}, {"name": "FDA"}, {"name": "General"}], "stocks": [{"name": "MRK"}], "tags": []}, {"id": 8248304, "author": "Benzinga", "created": "Fri, 22 Jul 2016 12:12:14 -0400", "updated": "Fri, 22 Jul 2016 12:12:16 -0400", "title": "Earnings Momentum Continues To Support Stocks Despite Weak Oil", "teaser": "", "body": "", "url": "https://www.benzinga.com/node/8248304", "image": [], "channels": [{"name": "Analyst Color"}, {"name": "Earnings"}, {"name": "News"}, {"name": "Markets"}, {"name": "Analyst Ratings"}, {"name": "General"}], "stocks": [{"name": "AAL"}, {"name": "ADM"}, {"name": "BG"}, {"name": "CAT"}, {"name": "GE"}, {"name": "HON"}, {"name": "SBUX"}], "tags": []}, {"id": 8248481, "author": "Benzinga", "created": "Fri, 22 Jul 2016 13:11:21 -0400", "updated": "Fri, 22 Jul 2016 13:11:21 -0400", "title": "12 Biggest Mid-Day Losers For Friday", "teaser": "", "body": "", "url": "https://www.benzinga.com/node/8248481", "image": [], "channels": [{"name": "News"}, {"name": "Movers & Shakers"}, {"name": "Intraday Update"}, {"name": "Markets"}], "stocks": [{"name": "ABAX"}, {"name": "ATHN"}, {"name": "BAS"}, {"name": "CFRX"}, {"name": "HTBX"}, {"name": "MCF"}, {"name": "OLN"}, {"name": "PYPL"}, {"name": "QUMU"}, {"name": "SKX"}, {"name": "SWKS"}, {"name": "TESS"}, {"name": "V"}], "tags": [{"name": "Mid-Day Losers"}, {"name": "Top Losers"}]}, {"id": 8249110, "author": "Benzinga", "created": "Fri, 22 Jul 2016 16:08:50 -0400", "updated": "Fri, 22 Jul 2016 16:08:50 -0400", "title": "The 5 Stocks With The Most Bullish Sentiment Right Now", "teaser": "", "body": "", "url": "https://www.benzinga.com/node/8249110", "image": [], "channels": [{"name": "Earnings"}, {"name": "News"}, {"name": "Guidance"}, {"name": "Dividends"}, {"name": "Futures"}, {"name": "Economics"}, {"name": "Markets"}, {"name": "Tech"}, {"name": "Reviews"}, {"name": "General"}], "stocks": [{"name": "CRM"}, {"name": "DATA"}, {"name": "DIS"}, {"name": "NFLX"}, {"name": "QCOM"}, {"name": "WDAY"}], "tags": []}]