[{"id": 8417297, "author": "Benzinga", "created": "Sat, 03 Sep 2016 10:49:06 -0400", "updated": "Sat, 03 Sep 2016 10:49:06 -0400", "title": "9 Times Executives Were Poached", "teaser": "", "body": "", "url": "https://www.benzinga.com/node/8417297", "image": [], "channels": [{"name": "News"}, {"name": "Management"}], "stocks": [{"name": "AAL"}, {"name": "AAPL"}, {"name": "ADBE"}, {"name": "AMD"}, {"name": "BID"}, {"name": "CSCO"}, {"name": "FB"}, {"name": "GOOG"}, {"name": "GOOGL"}, {"name": "INTC"}, {"name": "SSNLF"}, {"name": "TSLA"}, {"name": "UAL"}], "tags": [{"name": "Angela Ahrendts"}, {"name": "Chris Porritt"}, {"name": "Fresenius"}, {"name": "Marc Porter"}, {"name": "Nestle"}, {"name": "Scott Hammond"}, {"name": "Scott Kirby"}, {"name": "Sheryl Sandberg"}, {"name": "Ulf Mark Scheider"}]}]