[{"id": 6225026, "author": "Benzinga", "created": "Mon, 08 Feb 2016 05:31:33 -0400", "updated": "Mon, 08 Feb 2016 05:31:33 -0400", "title": "Must Watch Stocks for February 8, 2016", "teaser": "", "body": "", "url": "https://www.benzinga.com/node/6225026", "image": [], "channels": [{"name": "Earnings"}, {"name": "News"}, {"name": "Pre-Market Outlook"}, {"name": "Markets"}, {"name": "Trading Ideas"}], "stocks": [{"name": "CTSH"}, {"name": "FOXA"}, {"name": "GPRO"}, {"name": "HAS"}, {"name": "L"}, {"name": "LII"}, {"name": "MSFT"}, {"name": "YELP"}], "tags": [{"name": "Building Products"}, {"name": "Industrials"}, {"name": "Stocks To Watch"}, {"name": "Stocks to Watch"}]}, {"id": 6225222, "author": "Benzinga", "created": "Mon, 08 Feb 2016 09:17:42 -0400", "updated": "Mon, 08 Feb 2016 09:17:42 -0400", "title": "Pharmaceuticals Turn To Politics To Protect Prices", "teaser": "", "body": "", "url": "https://www.benzinga.com/node/6225222", "image": [], "channels": [{"name": "Biotech"}, {"name": "News"}, {"name": "Health Care"}, {"name": "Politics"}, {"name": "Markets"}, {"name": "General"}], "stocks": [{"name": "AMGN"}, {"name": "PFE"}], "tags": [{"name": "Pharmaceutical Research and Manufacturers of America"}, {"name": "PhRMA"}]}, {"id": 6225908, "author": "Benzinga", "created": "Mon, 08 Feb 2016 09:20:39 -0400", "updated": "Mon, 08 Feb 2016 09:20:39 -0400", "title": "10 Stocks Moving In Monday's Pre-Market Session", "teaser": "", "body": "", "url": "https://www.benzinga.com/node/6225908", "image": [], "channels": [{"name": "News"}, {"name": "Movers & Shakers"}, {"name": "Pre-Market Outlook"}, {"name": "Markets"}, {"name": "Movers"}], "stocks": [{"name": "APOL"}, {"name": "ARMH"}, {"name": "BCRX"}, {"name": "CTSH"}, {"name": "GPRO"}, {"name": "HAS"}, {"name": "L"}, {"name": "MSFT"}, {"name": "SFM"}, {"name": "SGMO"}, {"name": "SWI"}, {"name": "TSLA"}], "tags": [{"name": "#PreMarket Gainers"}, {"name": "#PreMarket Losers"}, {"name": "Top Gainers"}]}, {"id": 6224694, "author": "Benzinga", "created": "Mon, 08 Feb 2016 09:54:31 -0400", "updated": "Mon, 08 Feb 2016 09:55:54 -0400", "title": "Many New ETFs Face NFL Syndrome", "teaser": "", "body": "", "url": "https://www.benzinga.com/node/6224694", "image": [], "channels": [{"name": "Long Ideas"}, {"name": "News"}, {"name": "Broad U.S. Equity ETFs"}, {"name": "Specialty ETFs"}, {"name": "New ETFs"}, {"name": "Topics"}, {"name": "Intraday Update"}, {"name": "Markets"}, {"name": "Trading Ideas"}, {"name": "ETFs"}, {"name": "General"}], "stocks": [{"name": "BLK"}, {"name": "GS"}, {"name": "TOTL"}, {"name": "VLUE"}], "tags": [{"name": "ETFGI"}, {"name": "Jeff Gundlach"}, {"name": "Markit"}, {"name": "nfl"}, {"name": "NFL Players Association"}, {"name": "SSgA"}, {"name": "State Street Global Advisors"}]}, {"id": 6224450, "author": "Benzinga", "created": "Mon, 08 Feb 2016 10:15:47 -0400", "updated": "Mon, 08 Feb 2016 10:15:47 -0400", "title": "Cisco, Alcatel And Nokia: Who Can Beat Earnings Expectations?", "teaser": "", "body": "", "url": "https://www.benzinga.com/node/6224450", "image": [], "channels": [{"name": "Analyst Color"}, {"name": "Earnings"}, {"name": "News"}, {"name": "Previews"}, {"name": "Crowdsourcing"}, {"name": "Trading Ideas"}, {"name": "General"}], "stocks": [{"name": "ALU"}, {"name": "CSCO"}, {"name": "NOK"}], "tags": [{"name": "Activision Blizzard"}, {"name": "akamai technologies"}, {"name": "Alcatel Lucent"}, {"name": "America Movil"}, {"name": "CenturyLink"}, {"name": "Cisco"}, {"name": "Cisco Systems"}, {"name": "Cognizant Technology Solutions"}, {"name": "CSC"}, {"name": "Earnings Expectations"}, {"name": "Estimize"}, {"name": "FireEye"}, {"name": "Groupon"}, {"name": "Nokia"}, {"name": "twitter"}, {"name": "yelp"}, {"name": "Zynga"}]}, {"id": 6226298, "author": "Benzinga", "created": "Mon, 08 Feb 2016 10:29:57 -0400", "updated": "Mon, 08 Feb 2016 10:29:57 -0400", "title": "Report: Apple On Track To Open First Retail Store In India, Company To Focus On iPhone Sales", "teaser": "", "body": "", "url": "https://www.benzinga.com/node/6226298", "image": [], "channels": [{"name": "News"}, {"name": "Rumors"}, {"name": "Global"}, {"name": "Tech"}, {"name": "Trading Ideas"}, {"name": "Real Estate"}], "stocks": [{"name": "AAPL"}], "tags": [{"name": "Apple"}, {"name": "Apple Emerging Market"}, {"name": "Apple India"}, {"name": "India"}, {"name": "iPhone India"}, {"name": "Live Mint"}, {"name": "Tarun Pathak"}]}, {"id": 6226688, "author": "Benzinga", "created": "Mon, 08 Feb 2016 11:10:58 -0400", "updated": "Mon, 08 Feb 2016 11:10:59 -0400", "title": "Stock Week Ahead: Consumer Health Up for Review", "teaser": "", "body": "", "url": "https://www.benzinga.com/node/6226688", "image": [], "channels": [{"name": "Analyst Color"}, {"name": "News"}, {"name": "Economics"}, {"name": "Markets"}, {"name": "Analyst Ratings"}], "stocks": [{"name": "DIS"}, {"name": "MGM"}], "tags": []}, {"id": 6226771, "author": "Benzinga", "created": "Mon, 08 Feb 2016 11:23:51 -0400", "updated": "Mon, 08 Feb 2016 11:24:30 -0400", "title": "Top Performing Industries For February 8, 2016", "teaser": "", "body": "", "url": "https://www.benzinga.com/node/6226771", "image": [], "channels": [{"name": "News"}, {"name": "Intraday Update"}, {"name": "Markets"}, {"name": "Movers"}], "stocks": [{"name": "AXU"}, {"name": "EXK"}, {"name": "GPRO"}, {"name": "GSS"}, {"name": "MSFT"}], "tags": [{"name": "Top Performing Industries"}]}, {"id": 6227196, "author": "Benzinga", "created": "Mon, 08 Feb 2016 12:18:08 -0400", "updated": "Mon, 08 Feb 2016 12:18:09 -0400", "title": "GoPro Strength Continues After Microsoft Agreement, M&A Optimism", "teaser": "", "body": "", "url": "https://www.benzinga.com/node/6227196", "image": [], "channels": [{"name": "News"}, {"name": "Intraday Update"}, {"name": "Movers"}, {"name": "Tech"}], "stocks": [{"name": "GPRO"}, {"name": "MSFT"}, {"name": "SNE"}, {"name": "UA"}], "tags": [{"name": "Barron's"}, {"name": "GoPro"}, {"name": "GoPro Acquisition"}, {"name": "GoPro Stock"}]}, {"id": 6225822, "author": "Benzinga", "created": "Mon, 08 Feb 2016 09:12:38 -0400", "updated": "Mon, 08 Feb 2016 12:18:57 -0400", "title": "GoPro Trading Higher; Barron's Mentioned Sony, Under Armour Could Be Interested In Acquisition", "teaser": "", "body": "", "url": "https://www.benzinga.com/node/6225822", "image": [], "channels": [{"name": "News"}, {"name": "Rumors"}, {"name": "M&A"}, {"name": "Pre-Market Outlook"}, {"name": "Movers"}, {"name": "Tech"}], "stocks": [{"name": "AAPL"}, {"name": "GPRO"}, {"name": "MSFT"}, {"name": "SNE"}, {"name": "UA"}], "tags": [{"name": "Barron's"}, {"name": "GoPro"}, {"name": "GoPro Acquisition"}]}, {"id": 6227306, "author": "Benzinga", "created": "Mon, 08 Feb 2016 13:06:04 -0400", "updated": "Mon, 08 Feb 2016 13:06:04 -0400", "title": "Tesla Customer Rents Out Model S At A Profit, Addresses 'Biggest Challenge' With Apple iPhone", "teaser": "", "body": "", "url": "https://www.benzinga.com/node/6227306", "image": [], "channels": [{"name": "News"}, {"name": "Rumors"}, {"name": "Movers"}, {"name": "Tech"}, {"name": "Media"}], "stocks": [{"name": "AAPL"}, {"name": "TSLA"}], "tags": [{"name": "Renting out your tesla"}, {"name": "Tesla"}]}, {"id": 6227377, "author": "Benzinga", "created": "Mon, 08 Feb 2016 13:22:56 -0400", "updated": "Mon, 08 Feb 2016 13:22:56 -0400", "title": "Dow Chemical Shares Unaffected Following Susquehanna Upgrade To Positive", "teaser": "", "body": "", "url": "https://www.benzinga.com/node/6227377", "image": [], "channels": [{"name": "Analyst Color"}, {"name": "Long Ideas"}, {"name": "News"}, {"name": "Upgrades"}, {"name": "Price Target"}, {"name": "Analyst Ratings"}, {"name": "Movers"}, {"name": "Trading Ideas"}], "stocks": [{"name": "DD"}, {"name": "DOW"}], "tags": [{"name": "Susquehanna Financial Group"}]}, {"id": 6227914, "author": "Benzinga", "created": "Mon, 08 Feb 2016 13:47:20 -0400", "updated": "Mon, 08 Feb 2016 13:49:24 -0400", "title": "Nomura: Mondelez's Margin Target At Risk, Sees Upside In Coke", "teaser": "", "body": "", "url": "https://www.benzinga.com/node/6227914", "image": [], "channels": [{"name": "Analyst Color"}, {"name": "Long Ideas"}, {"name": "News"}, {"name": "Previews"}, {"name": "Restaurants"}, {"name": "Analyst Ratings"}, {"name": "Trading Ideas"}, {"name": "General"}], "stocks": [{"name": "KO"}, {"name": "MDLZ"}], "tags": [{"name": "Coca-cola"}, {"name": "Modelez"}]}, {"id": 6227962, "author": "Benzinga", "created": "Mon, 08 Feb 2016 13:57:16 -0400", "updated": "Mon, 08 Feb 2016 13:59:37 -0400", "title": "New Report Reaffirms What Apple's Next Growth Engine Could Be", "teaser": "", "body": "", "url": "https://www.benzinga.com/node/6227962", "image": [], "channels": [{"name": "Analyst Color"}, {"name": "News"}, {"name": "Tech"}], "stocks": [{"name": "AAPL"}, {"name": "FIT"}, {"name": "GRMN"}], "tags": [{"name": "Apple Watch"}, {"name": "Canalys"}]}, {"id": 6224695, "author": "Benzinga", "created": "Mon, 08 Feb 2016 14:06:46 -0400", "updated": "Mon, 08 Feb 2016 14:07:21 -0400", "title": "An ETF That's A Good Value For Value Stocks", "teaser": "", "body": "", "url": "https://www.benzinga.com/node/6224695", "image": [], "channels": [{"name": "Long Ideas"}, {"name": "News"}, {"name": "Broad U.S. Equity ETFs"}, {"name": "Intraday Update"}, {"name": "Markets"}, {"name": "Trading Ideas"}, {"name": "ETFs"}], "stocks": [{"name": "MSFT"}, {"name": "VTV"}, {"name": "XOM"}], "tags": [{"name": "morningstar"}, {"name": "vanguard"}]}, {"id": 6225684, "author": "Benzinga", "created": "Mon, 08 Feb 2016 14:44:47 -0400", "updated": "Mon, 08 Feb 2016 14:44:47 -0400", "title": "Who Needs iPhones\u2014Apple Banks On iPad Growth", "teaser": "", "body": "", "url": "https://www.benzinga.com/node/6225684", "image": [], "channels": [{"name": "News"}, {"name": "Top Stories"}, {"name": "Markets"}, {"name": "Tech"}], "stocks": [{"name": "AAPL"}, {"name": "IBM"}], "tags": []}, {"id": 6228515, "author": "Benzinga", "created": "Mon, 08 Feb 2016 15:35:30 -0400", "updated": "Mon, 08 Feb 2016 15:35:30 -0400", "title": "Report: Verizon's Tim Amstrong Given 'Leading Role' In Evaluating Yahoo's Assets For A Potential Bid", "teaser": "", "body": "", "url": "https://www.benzinga.com/node/6228515", "image": [], "channels": [{"name": "News"}, {"name": "Rumors"}, {"name": "Movers"}, {"name": "Tech"}], "stocks": [{"name": "GOOG"}, {"name": "VZ"}, {"name": "YHOO"}], "tags": [{"name": "AOL"}, {"name": "Bloomberg"}, {"name": "Millenial Media"}, {"name": "Tim Armstrong"}, {"name": "Yahoo"}, {"name": "Yahoo Asset Sale"}]}, {"id": 6228705, "author": "Benzinga", "created": "Mon, 08 Feb 2016 16:21:03 -0400", "updated": "Mon, 08 Feb 2016 16:26:16 -0400", "title": "What's Happening With Apple's 'Error 53'?", "teaser": "", "body": "", "url": "https://www.benzinga.com/node/6228705", "image": [], "channels": [{"name": "News"}, {"name": "Global"}, {"name": "Tech"}], "stocks": [{"name": "AAPL"}], "tags": [{"name": "Error 53"}, {"name": "iPhone 6"}, {"name": "the Guardian"}]}, {"id": 6228841, "author": "Benzinga", "created": "Mon, 08 Feb 2016 16:27:09 -0400", "updated": "Mon, 08 Feb 2016 16:30:08 -0400", "title": "Schoenebaum: Biotech P/Es Show 'Buying Signal' With Caveat; Amgen, Biogen, Celgene & Gilead Have Catalysts", "teaser": "", "body": "", "url": "https://www.benzinga.com/node/6228841", "image": [], "channels": [{"name": "Analyst Color"}, {"name": "Biotech"}, {"name": "CNBC"}, {"name": "News"}, {"name": "Previews"}, {"name": "Analyst Ratings"}, {"name": "Movers"}, {"name": "Media"}, {"name": "Trading Ideas"}, {"name": "General"}], "stocks": [{"name": "ABBV"}, {"name": "AMGN"}, {"name": "BIIB"}, {"name": "BMRN"}, {"name": "CELG"}, {"name": "GILD"}, {"name": "IBB"}, {"name": "PFE"}], "tags": [{"name": "Evercore"}, {"name": "Mark Schoenebaum"}]}, {"id": 6228909, "author": "Benzinga", "created": "Mon, 08 Feb 2016 17:06:06 -0400", "updated": "Mon, 08 Feb 2016 17:06:06 -0400", "title": "7 Signs That Suggest VR Is Apple's 'Next Big Thing'", "teaser": "", "body": "", "url": "https://www.benzinga.com/node/6228909", "image": [], "channels": [{"name": "News"}, {"name": "Rumors"}, {"name": "Tech"}, {"name": "Media"}, {"name": "Trading Ideas"}], "stocks": [{"name": "AAPL"}, {"name": "MSFT"}], "tags": [{"name": "Augmented Reality"}, {"name": "Business Insider"}, {"name": "Doug Bowman"}, {"name": "FaceShift"}, {"name": "Flyby Media"}, {"name": "HoloLens"}, {"name": "Kif Leswing"}, {"name": "Metaio"}, {"name": "Nick Thompson"}, {"name": "PrimeSense"}, {"name": "virtual reality"}]}]