[{"id": 8047953, "author": "Benzinga", "created": "Tue, 31 May 2016 08:21:48 -0400", "updated": "Tue, 31 May 2016 08:21:49 -0400", "title": "10 Stocks Moving In Tuesday's Pre-Market Session", "teaser": "", "body": "", "url": "https://www.benzinga.com/node/8047953", "image": [], "channels": [{"name": "News"}, {"name": "Movers & Shakers"}, {"name": "Pre-Market Outlook"}, {"name": "Markets"}, {"name": "Movers"}], "stocks": [{"name": "AAPL"}, {"name": "CPXX"}, {"name": "DANG"}, {"name": "FOLD"}, {"name": "GXP"}, {"name": "ICPT"}, {"name": "JAZZ"}, {"name": "MKTO"}, {"name": "MU"}, {"name": "RLYP"}, {"name": "SODA"}, {"name": "WR"}], "tags": [{"name": "#PreMarket Gainers"}, {"name": "Losers"}, {"name": "Top Gainers"}]}, {"id": 8048056, "author": "Benzinga", "created": "Tue, 31 May 2016 08:53:56 -0400", "updated": "Tue, 31 May 2016 08:53:56 -0400", "title": "Nikkei Review Says Don't Expect Any Major Upgrades In Apple's Upcoming iPhone", "teaser": "", "body": "", "url": "https://www.benzinga.com/node/8048056", "image": [], "channels": [{"name": "News"}, {"name": "Rumors"}, {"name": "Tech"}], "stocks": [{"name": "AAPL"}], "tags": [{"name": "Asia Nikkei Review"}, {"name": "iPhone 2017"}, {"name": "iPhone 7"}, {"name": "iPhone Improvments"}]}, {"id": 8047898, "author": "Benzinga", "created": "Tue, 31 May 2016 09:01:13 -0400", "updated": "Tue, 31 May 2016 09:01:13 -0400", "title": "Following 3-Way Merger, Goldman Initiates Coca-Cola European Partners At Buy", "teaser": "", "body": "", "url": "https://www.benzinga.com/node/8047898", "image": [], "channels": [{"name": "Analyst Color"}, {"name": "News"}, {"name": "Price Target"}, {"name": "Initiation"}, {"name": "Analyst Ratings"}], "stocks": [{"name": "CCE"}, {"name": "KO"}], "tags": []}, {"id": 8048096, "author": "Benzinga", "created": "Tue, 31 May 2016 09:21:33 -0400", "updated": "Tue, 31 May 2016 09:21:33 -0400", "title": "Tech Giants Leading The Fight Against Hate Speech", "teaser": "", "body": "", "url": "https://www.benzinga.com/node/8048096", "image": [], "channels": [{"name": "News"}, {"name": "Politics"}, {"name": "Psychology"}, {"name": "Top Stories"}, {"name": "Tech"}, {"name": "General"}], "stocks": [{"name": "FB"}, {"name": "GOOG"}, {"name": "GOOGL"}, {"name": "MSFT"}, {"name": "TWTR"}], "tags": [{"name": "Bloomberg"}, {"name": "cyber bullying"}, {"name": "Hate Speech"}, {"name": "Monika Bickert"}, {"name": "social media"}, {"name": "Social Media Censoring"}, {"name": "tech companies"}]}, {"id": 8049100, "author": "Benzinga", "created": "Tue, 31 May 2016 13:26:28 -0400", "updated": "Tue, 31 May 2016 13:26:28 -0400", "title": "IC Insights: Texas Instruments Retains Analog Leadership, NXP Outperforms Market", "teaser": "", "body": "", "url": "https://www.benzinga.com/node/8049100", "image": [], "channels": [{"name": "News"}, {"name": "Tech"}], "stocks": [{"name": "AAPL"}, {"name": "ADI"}, {"name": "LLTC"}, {"name": "MXIM"}, {"name": "NXPI"}, {"name": "STM"}, {"name": "SWKS"}, {"name": "TXN"}], "tags": [{"name": "Information Technology"}, {"name": "Semiconductors"}]}, {"id": 8049940, "author": "Benzinga", "created": "Tue, 31 May 2016 13:35:18 -0400", "updated": "Tue, 31 May 2016 13:35:18 -0400", "title": "Did Disney Drop The Ball With 'Alice Through The Looking Glass'?", "teaser": "", "body": "", "url": "https://www.benzinga.com/node/8049940", "image": [], "channels": [{"name": "CNBC"}, {"name": "News"}, {"name": "Events"}, {"name": "Media"}], "stocks": [{"name": "DIS"}], "tags": [{"name": "Alice Through The Looking Glass"}, {"name": "disney"}, {"name": "Erik Davis"}, {"name": "Johnny Depp"}, {"name": "Squawk on the Street"}, {"name": "walt disney"}]}, {"id": 8046469, "author": "Benzinga", "created": "Tue, 31 May 2016 13:59:30 -0400", "updated": "Tue, 31 May 2016 13:59:30 -0400", "title": "Suddenly Super Semiconductor ETFs", "teaser": "", "body": "", "url": "https://www.benzinga.com/node/8046469", "image": [], "channels": [{"name": "Long Ideas"}, {"name": "News"}, {"name": "Sector ETFs"}, {"name": "Intraday Update"}, {"name": "Markets"}, {"name": "Tech"}, {"name": "Trading Ideas"}, {"name": "ETFs"}], "stocks": [{"name": "INTC"}, {"name": "QCOM"}, {"name": "SMH"}, {"name": "SOXL"}, {"name": "SOXX"}, {"name": "TXN"}], "tags": []}, {"id": 8050136, "author": "Benzinga", "created": "Tue, 31 May 2016 14:01:49 -0400", "updated": "Tue, 31 May 2016 14:01:49 -0400", "title": "IBM Selected To Help China's Fujian Rural Credit Manage New Financial Products", "teaser": "", "body": "", "url": "https://www.benzinga.com/node/8050136", "image": [], "channels": [{"name": "News"}], "stocks": [{"name": "IBM"}], "tags": []}, {"id": 8050174, "author": "Benzinga", "created": "Tue, 31 May 2016 14:14:53 -0400", "updated": "Tue, 31 May 2016 14:14:53 -0400", "title": "Did You Miss The 3-Way Coca-Cola Bottling Merger?", "teaser": "", "body": "", "url": "https://www.benzinga.com/node/8050174", "image": [], "channels": [{"name": "Analyst Color"}, {"name": "News"}, {"name": "Price Target"}, {"name": "M&A"}, {"name": "Analyst Ratings"}], "stocks": [{"name": "CCE"}, {"name": "KO"}], "tags": [{"name": "Goldman Sachs"}, {"name": "Judy Hong"}]}, {"id": 8049667, "author": "Benzinga", "created": "Tue, 31 May 2016 14:28:13 -0400", "updated": "Tue, 31 May 2016 14:28:13 -0400", "title": "Las Vegas Is The Most Searched Destination, Expedia Says", "teaser": "", "body": "", "url": "https://www.benzinga.com/node/8049667", "image": [], "channels": [{"name": "News"}, {"name": "Travel"}, {"name": "Movers"}, {"name": "Trading Ideas"}, {"name": "General"}], "stocks": [{"name": "EXPE"}, {"name": "MSFT"}], "tags": [{"name": "Cancun"}, {"name": "Chicago"}, {"name": "JFK"}, {"name": "Las Vegas"}, {"name": "LAX"}, {"name": "Los Angeles"}, {"name": "Mexico"}, {"name": "miami"}, {"name": "new york"}, {"name": "Orange County"}, {"name": "Orlando"}, {"name": "San Diego"}, {"name": "san francisco"}]}, {"id": 8050319, "author": "Benzinga", "created": "Tue, 31 May 2016 14:38:18 -0400", "updated": "Tue, 31 May 2016 14:38:18 -0400", "title": "GE's Capital Aviation Services Delivers First Of 2 New Leased Boeing 787-9s To Air Canada", "teaser": "", "body": "", "url": "https://www.benzinga.com/node/8050319", "image": [], "channels": [{"name": "News"}], "stocks": [{"name": "BA"}, {"name": "GE"}], "tags": [{"name": "Air Canada"}, {"name": "Alec Burger"}, {"name": "Michael Rousseau"}]}, {"id": 8050281, "author": "Benzinga", "created": "Tue, 31 May 2016 15:34:05 -0400", "updated": "Tue, 31 May 2016 15:34:05 -0400", "title": "Microsoft's Fundamentals Are 'Resilient' And Long-Term Strategy Is On Track", "teaser": "", "body": "", "url": "https://www.benzinga.com/node/8050281", "image": [], "channels": [{"name": "Analyst Color"}, {"name": "News"}, {"name": "Price Target"}, {"name": "Reiteration"}, {"name": "Analyst Ratings"}], "stocks": [{"name": "MSFT"}], "tags": []}, {"id": 8052222, "author": "Benzinga", "created": "Tue, 31 May 2016 17:25:05 -0400", "updated": "Tue, 31 May 2016 17:25:06 -0400", "title": "Uber's Sub-Prime Auto-Leasing Business Gets $1 Billion Credit Facility", "teaser": "", "body": "", "url": "https://www.benzinga.com/node/8052222", "image": [], "channels": [{"name": "News"}, {"name": "Rumors"}, {"name": "Financing"}, {"name": "Travel"}, {"name": "Tech"}, {"name": "General"}], "stocks": [{"name": "C"}, {"name": "DB"}, {"name": "GS"}, {"name": "JPM"}, {"name": "MS"}], "tags": [{"name": "SunTrust"}, {"name": "Uber"}]}]