[{"id": 7895849, "author": "Benzinga", "created": "Thu, 28 Apr 2016 05:00:13 -0400", "updated": "Thu, 28 Apr 2016 05:00:13 -0400", "title": "Earnings Scheduled For April 28, 2016", "teaser": "", "body": "", "url": "https://www.benzinga.com/node/7895849", "image": [], "channels": [{"name": "Earnings"}, {"name": "News"}, {"name": "Pre-Market Outlook"}, {"name": "Markets"}], "stocks": [{"name": "ABBV"}, {"name": "ADP"}, {"name": "AEP"}, {"name": "AET"}, {"name": "AJG"}, {"name": "AMGN"}, {"name": "AMZN"}, {"name": "APD"}, {"name": "BCE"}, {"name": "BG"}, {"name": "BIDU"}, {"name": "BMY"}, {"name": "BWA"}, {"name": "CAB"}, {"name": "CAH"}, {"name": "CCE"}, {"name": "CELG"}, {"name": "CL"}, {"name": "COP"}, {"name": "DNKN"}, {"name": "DOW"}, {"name": "DPZ"}, {"name": "EMN"}, {"name": "EPD"}, {"name": "EXPE"}, {"name": "F"}, {"name": "GILD"}, {"name": "GRPN"}, {"name": "HIG"}, {"name": "HUN"}, {"name": "JNPR"}, {"name": "LNKD"}, {"name": "MA"}, {"name": "MO"}, {"name": "MPC"}, {"name": "P"}, {"name": "POT"}, {"name": "RTN"}, {"name": "SIRI"}, {"name": "SNE"}, {"name": "SWKS"}, {"name": "TMO"}, {"name": "TWC"}, {"name": "UPS"}, {"name": "VA"}, {"name": "VIAB"}, {"name": "WDC"}, {"name": "YNDX"}], "tags": [{"name": "Data Processing & Outsourced Services"}, {"name": "Earnings schedule"}, {"name": "Information Technology"}]}, {"id": 7895900, "author": "Benzinga", "created": "Thu, 28 Apr 2016 05:38:49 -0400", "updated": "Thu, 28 Apr 2016 05:38:49 -0400", "title": "Must Watch Stocks for April 28, 2016", "teaser": "", "body": "", "url": "https://www.benzinga.com/node/7895900", "image": [], "channels": [{"name": "Earnings"}, {"name": "News"}, {"name": "M&A"}, {"name": "Pre-Market Outlook"}, {"name": "Markets"}, {"name": "Trading Ideas"}], "stocks": [{"name": "AMZN"}, {"name": "DOW"}, {"name": "EXPE"}, {"name": "F"}, {"name": "FB"}, {"name": "FSLR"}, {"name": "GRPN"}, {"name": "LNKD"}, {"name": "MA"}, {"name": "MDVN"}, {"name": "P"}, {"name": "PYPL"}, {"name": "SNDK"}, {"name": "SNY"}, {"name": "VIAB"}], "tags": [{"name": "Data Processing & Outsourced Services"}, {"name": "Information Technology"}, {"name": "Stocks To Watch"}, {"name": "Stocks to Watch"}]}, {"id": 7897431, "author": "Benzinga", "created": "Thu, 28 Apr 2016 09:02:30 -0400", "updated": "Thu, 28 Apr 2016 09:02:31 -0400", "title": "Volkswagen CEO: 'We Are Not In Talks With Apple Or Google'", "teaser": "", "body": "", "url": "https://www.benzinga.com/node/7897431", "image": [], "channels": [{"name": "News"}], "stocks": [{"name": "AAPL"}, {"name": "GOOG"}, {"name": "GOOGL"}, {"name": "VLKAY"}], "tags": [{"name": "Matthias Mueller"}, {"name": "Reuters"}, {"name": "Volkswagen"}]}, {"id": 7897693, "author": "Benzinga", "created": "Thu, 28 Apr 2016 09:33:25 -0400", "updated": "Thu, 28 Apr 2016 09:33:52 -0400", "title": "Jim Cramer: Apple Is A 'Total Victim Of Its Own Success'", "teaser": "", "body": "", "url": "https://www.benzinga.com/node/7897693", "image": [], "channels": [{"name": "Analyst Color"}, {"name": "Earnings"}, {"name": "Long Ideas"}, {"name": "News"}, {"name": "Jim Cramer"}, {"name": "Tech"}, {"name": "Media"}, {"name": "Trading Ideas"}], "stocks": [{"name": "AAPL"}], "tags": [{"name": "Apple China"}, {"name": "Apple Earnings"}, {"name": "Apple Services"}, {"name": "Apple stock"}, {"name": "iPhone 6"}]}, {"id": 7897992, "author": "Benzinga", "created": "Thu, 28 Apr 2016 09:58:16 -0400", "updated": "Thu, 28 Apr 2016 09:58:16 -0400", "title": "Boeing Gets 15 787-9 Dreamliners Orders From China Eastern Airlines", "teaser": "", "body": "", "url": "https://www.benzinga.com/node/7897992", "image": [], "channels": [{"name": "News"}, {"name": "Contracts"}], "stocks": [{"name": "BA"}], "tags": []}, {"id": 7898546, "author": "Benzinga", "created": "Thu, 28 Apr 2016 10:25:14 -0400", "updated": "Thu, 28 Apr 2016 10:34:49 -0400", "title": "BTIG's Greenfield: Comcast Buying DreamWorks Is A 'Mistake'", "teaser": "", "body": "", "url": "https://www.benzinga.com/node/7898546", "image": [], "channels": [{"name": "Analyst Color"}, {"name": "News"}, {"name": "M&A"}, {"name": "Top Stories"}], "stocks": [{"name": "CMCSA"}, {"name": "DIS"}, {"name": "DWA"}, {"name": "NFLX"}], "tags": [{"name": "btig"}, {"name": "Richard Greenfield"}]}, {"id": 7898554, "author": "Benzinga", "created": "Thu, 28 Apr 2016 10:36:28 -0400", "updated": "Thu, 28 Apr 2016 10:40:15 -0400", "title": "Verizon 'Just Got One Step Closer' To Acquiring Yahoo's Assets", "teaser": "", "body": "", "url": "https://www.benzinga.com/node/7898554", "image": [], "channels": [{"name": "Long Ideas"}, {"name": "News"}, {"name": "Rumors"}, {"name": "M&A"}, {"name": "Movers"}, {"name": "Tech"}, {"name": "Media"}, {"name": "Trading Ideas"}], "stocks": [{"name": "VZ"}, {"name": "YHOO"}], "tags": [{"name": "Jeffrey Smith"}, {"name": "New York Post"}, {"name": "Starboard Value"}, {"name": "Yahoo"}, {"name": "Yahoo Asset Sales"}]}, {"id": 7899520, "author": "Benzinga", "created": "Thu, 28 Apr 2016 12:23:07 -0400", "updated": "Thu, 28 Apr 2016 12:23:07 -0400", "title": "Johnson & Johnson Boosts Dividend By 6.7%", "teaser": "", "body": "", "url": "https://www.benzinga.com/node/7899520", "image": [], "channels": [{"name": "News"}, {"name": "Dividends"}], "stocks": [{"name": "JNJ"}], "tags": []}, {"id": 7899723, "author": "Benzinga", "created": "Thu, 28 Apr 2016 13:13:38 -0400", "updated": "Thu, 28 Apr 2016 13:13:39 -0400", "title": "Goldman Sees Potential Medivation Buyout Value Near $70/Share", "teaser": "", "body": "", "url": "https://www.benzinga.com/node/7899723", "image": [], "channels": [{"name": "Analyst Color"}, {"name": "Biotech"}, {"name": "News"}, {"name": "M&A"}, {"name": "Analyst Ratings"}, {"name": "General"}], "stocks": [{"name": "AMGN"}, {"name": "AZN"}, {"name": "GILD"}, {"name": "MDVN"}, {"name": "SNY"}], "tags": []}, {"id": 7900574, "author": "Benzinga", "created": "Thu, 28 Apr 2016 15:09:24 -0400", "updated": "Thu, 28 Apr 2016 15:09:24 -0400", "title": "Will Wall Street Single Out LinkedIn Again This Earnings Season?", "teaser": "", "body": "", "url": "https://www.benzinga.com/node/7900574", "image": [], "channels": [{"name": "Earnings"}, {"name": "News"}, {"name": "Analyst Ratings"}, {"name": "Tech"}, {"name": "General"}], "stocks": [{"name": "AAPL"}, {"name": "LNKD"}, {"name": "TWTR"}], "tags": []}, {"id": 7900572, "author": "Benzinga", "created": "Thu, 28 Apr 2016 15:15:18 -0400", "updated": "Thu, 28 Apr 2016 15:16:31 -0400", "title": "What You Should Know About Icahn Dropping Apple", "teaser": "", "body": "", "url": "https://www.benzinga.com/node/7900572", "image": [], "channels": [{"name": "Earnings"}, {"name": "News"}, {"name": "Hedge Funds"}, {"name": "Movers"}, {"name": "Tech"}, {"name": "Trading Ideas"}, {"name": "General"}], "stocks": [{"name": "AAPL"}], "tags": [{"name": "Carl Icahn"}, {"name": "China"}, {"name": "CNBC"}, {"name": "Icahn Capital"}, {"name": "Tim Cook"}]}, {"id": 7900750, "author": "Benzinga", "created": "Thu, 28 Apr 2016 16:37:08 -0400", "updated": "Thu, 28 Apr 2016 17:09:25 -0400", "title": "Why Medivation Will Likely Reject Sanofi's $52.50/Share Buyout Offer", "teaser": "", "body": "", "url": "https://www.benzinga.com/node/7900750", "image": [], "channels": [{"name": "Analyst Color"}, {"name": "Biotech"}, {"name": "Long Ideas"}, {"name": "News"}, {"name": "Health Care"}, {"name": "Rumors"}, {"name": "M&A"}, {"name": "Top Stories"}, {"name": "Market-Moving Exclusives"}, {"name": "Exclusives"}, {"name": "Hot"}, {"name": "Analyst Ratings"}, {"name": "Movers"}, {"name": "Trading Ideas"}, {"name": "General"}], "stocks": [{"name": "ABBV"}, {"name": "AMGN"}, {"name": "AZN"}, {"name": "MDVN"}, {"name": "SNY"}], "tags": []}, {"id": 7899411, "author": "Benzinga", "created": "Thu, 28 Apr 2016 12:00:32 -0400", "updated": "Fri, 29 Apr 2016 09:53:25 -0400", "title": "Biotech Boom May Continue Through Earnings Season", "teaser": "", "body": "", "url": "https://www.benzinga.com/node/7899411", "image": [], "channels": [{"name": "Biotech"}, {"name": "News"}, {"name": "Trading Ideas"}, {"name": "General"}], "stocks": [{"name": "AMGN"}, {"name": "BIIB"}, {"name": "CELG"}, {"name": "GILD"}, {"name": "JNJ"}], "tags": [{"name": "BZ Sponsored"}]}, {"id": 7899469, "author": "Benzinga", "created": "Thu, 28 Apr 2016 12:05:37 -0400", "updated": "Fri, 29 Apr 2016 09:56:24 -0400", "title": "Looking Ahead: Six Investing Ideas for 2016", "teaser": "", "body": "", "url": "https://www.benzinga.com/node/7899469", "image": [], "channels": [{"name": "News"}, {"name": "Trading Ideas"}], "stocks": [{"name": "AAPL"}, {"name": "GOOGL"}], "tags": [{"name": "BZ Sponsored"}]}]