[{"id": 8714844, "author": "Benzinga", "created": "Sat, 19 Nov 2016 20:13:44 -0400", "updated": "Sat, 19 Nov 2016 20:13:44 -0400", "title": "Exclusive: CanPay CEO Presents New Debit Payment Solution For Marijuana Industry", "teaser": "", "body": "", "url": "https://www.benzinga.com/node/8714844", "image": [], "channels": [{"name": "Fintech"}, {"name": "News"}, {"name": "Politics"}, {"name": "Topics"}, {"name": "Small Business"}, {"name": "Tech"}, {"name": "Interview"}, {"name": "General"}], "stocks": [{"name": "AAPL"}, {"name": "AXP"}, {"name": "DFS"}, {"name": "GOOG"}, {"name": "GOOGL"}, {"name": "MA"}, {"name": "V"}], "tags": [{"name": "California"}, {"name": "cannabis"}, {"name": "CanPay"}, {"name": "Colorado"}, {"name": "Dustin Eide"}, {"name": "Greenito"}, {"name": "marijuana"}, {"name": "Oregon"}, {"name": "PayQwick"}, {"name": "Tokken"}, {"name": "Washington"}, {"name": "weed"}]}]