[{"id": 7468664, "author": "Benzinga", "created": "Tue, 08 Mar 2016 09:22:15 -0400", "updated": "Tue, 08 Mar 2016 09:28:37 -0400", "title": "Paying Up To Play Defense With Staples ETFs", "teaser": "", "body": "", "url": "https://www.benzinga.com/node/7468664", "image": [], "channels": [{"name": "Long Ideas"}, {"name": "News"}, {"name": "Sector ETFs"}, {"name": "Intraday Update"}, {"name": "Markets"}, {"name": "Trading Ideas"}, {"name": "ETFs"}], "stocks": [{"name": "KO"}, {"name": "PG"}, {"name": "WMT"}, {"name": "XLP"}], "tags": []}, {"id": 7625283, "author": "Benzinga", "created": "Tue, 08 Mar 2016 09:52:25 -0400", "updated": "Tue, 08 Mar 2016 09:52:25 -0400", "title": "Apple Macs Face First-Ever Ransomware Attacks", "teaser": "", "body": "", "url": "https://www.benzinga.com/node/7625283", "image": [], "channels": [{"name": "News"}, {"name": "Tech"}], "stocks": [{"name": "AAPL"}, {"name": "PANW"}], "tags": [{"name": "Apple Macs"}, {"name": "Macs"}, {"name": "ransomware"}]}, {"id": 7625914, "author": "Benzinga", "created": "Tue, 08 Mar 2016 11:39:18 -0400", "updated": "Tue, 08 Mar 2016 11:39:18 -0400", "title": "Stifel Has 'Many Questions' About American Express", "teaser": "", "body": "", "url": "https://www.benzinga.com/node/7625914", "image": [], "channels": [{"name": "Analyst Color"}, {"name": "News"}, {"name": "Analyst Ratings"}], "stocks": [{"name": "ADS"}, {"name": "AXP"}, {"name": "PYPL"}], "tags": []}, {"id": 7627461, "author": "Benzinga", "created": "Tue, 08 Mar 2016 13:14:48 -0400", "updated": "Tue, 08 Mar 2016 13:14:48 -0400", "title": "Fitbit Spikes After Nike Buyout Rumor", "teaser": "", "body": "", "url": "https://www.benzinga.com/node/7627461", "image": [], "channels": [{"name": "News"}, {"name": "Rumors"}, {"name": "M&A"}, {"name": "Movers"}, {"name": "Tech"}, {"name": "Trading Ideas"}], "stocks": [{"name": "FIT"}, {"name": "NKE"}], "tags": []}, {"id": 7625736, "author": "Benzinga", "created": "Tue, 08 Mar 2016 14:11:21 -0400", "updated": "Tue, 08 Mar 2016 14:11:21 -0400", "title": "Bet On Gender Equality With This New ETF", "teaser": "", "body": "", "url": "https://www.benzinga.com/node/7625736", "image": [], "channels": [{"name": "Long Ideas"}, {"name": "News"}, {"name": "Broad U.S. Equity ETFs"}, {"name": "New ETFs"}, {"name": "Markets"}, {"name": "Trading Ideas"}, {"name": "ETFs"}], "stocks": [{"name": "AMGN"}, {"name": "BRK-B"}, {"name": "HD"}, {"name": "ORCL"}, {"name": "SHE"}], "tags": [{"name": "SPDR SSGA Gender Diversity Index ETF"}, {"name": "SSgA"}, {"name": "State Street Global Advisors"}]}, {"id": 7629060, "author": "Benzinga", "created": "Tue, 08 Mar 2016 14:11:20 -0400", "updated": "Tue, 08 Mar 2016 14:11:21 -0400", "title": "Qualcomm, Cisco Hurt By U.S. ZTE Trade Restrictions", "teaser": "", "body": "", "url": "https://www.benzinga.com/node/7629060", "image": [], "channels": [{"name": "Analyst Color"}, {"name": "News"}, {"name": "Short Ideas"}, {"name": "Legal"}, {"name": "Top Stories"}, {"name": "Markets"}, {"name": "Analyst Ratings"}, {"name": "Movers"}, {"name": "Tech"}, {"name": "Trading Ideas"}], "stocks": [{"name": "CSCO"}, {"name": "QCOM"}, {"name": "ZTCOF"}], "tags": [{"name": "Bloomberg"}, {"name": "China"}, {"name": "exports"}, {"name": "JPMorgan"}, {"name": "Rod Hall"}, {"name": "Trade restrictions"}, {"name": "Wall Street Journal"}, {"name": "ZTE Corporation"}]}, {"id": 7627156, "author": "Benzinga", "created": "Tue, 08 Mar 2016 14:24:12 -0400", "updated": "Tue, 08 Mar 2016 14:24:13 -0400", "title": "Snapchat Expects 7X Revenue Growth This Year", "teaser": "", "body": "", "url": "https://www.benzinga.com/node/7627156", "image": [], "channels": [{"name": "News"}, {"name": "Tech"}, {"name": "Media"}], "stocks": [{"name": "AAPL"}], "tags": []}, {"id": 7648184, "author": "Benzinga", "created": "Tue, 08 Mar 2016 20:42:35 -0400", "updated": "Tue, 08 Mar 2016 20:42:35 -0400", "title": "Benzinga's M&A Chatter for Tuesday March 8, 2016", "teaser": "", "body": "", "url": "https://www.benzinga.com/node/7648184", "image": [], "channels": [{"name": "News"}, {"name": "Rumors"}, {"name": "M&A"}, {"name": "Movers"}], "stocks": [{"name": "FIT"}, {"name": "NKE"}, {"name": "SUNE"}, {"name": "VSLR"}], "tags": []}, {"id": 7627914, "author": "Benzinga", "created": "Tue, 08 Mar 2016 13:26:54 -0400", "updated": "Wed, 09 Mar 2016 17:14:03 -0400", "title": "The Market In 5 Minutes: Tuesday, March 8, 2016", "teaser": "", "body": "", "url": "https://www.benzinga.com/node/7627914", "image": [], "channels": [{"name": "Analyst Color"}, {"name": "Long Ideas"}, {"name": "News"}, {"name": "Bonds"}, {"name": "Education"}, {"name": "Short Ideas"}, {"name": "Upgrades"}, {"name": "Downgrades"}, {"name": "Initiation"}, {"name": "Top Stories"}, {"name": "Economics"}, {"name": "Federal Reserve"}, {"name": "Markets"}, {"name": "Analyst Ratings"}, {"name": "Movers"}, {"name": "Tech"}, {"name": "Trading Ideas"}, {"name": "General"}], "stocks": [{"name": "AXP"}, {"name": "BCEI"}, {"name": "CHTR"}, {"name": "COST"}, {"name": "CP"}, {"name": "CSCO"}, {"name": "DD"}, {"name": "DOW"}, {"name": "EXC"}, {"name": "EXPE"}, {"name": "FIT"}, {"name": "GILD"}, {"name": "JBLU"}, {"name": "JNJ"}, {"name": "KSU"}, {"name": "NKE"}, {"name": "NTT"}, {"name": "NUVA"}, {"name": "P"}, {"name": "PBH"}, {"name": "PCLN"}, {"name": "PII"}, {"name": "POM"}, {"name": "PSG"}, {"name": "QCOM"}, {"name": "SAM"}, {"name": "SCOR"}, {"name": "SCTY"}, {"name": "SHAK"}, {"name": "SUNE"}, {"name": "TERP"}, {"name": "TRIP"}, {"name": "TWC"}, {"name": "UAL"}, {"name": "UNFI"}, {"name": "UNP"}, {"name": "URBN"}, {"name": "VALE"}, {"name": "VRX"}, {"name": "VSLR"}, {"name": "W"}], "tags": [{"name": "Market in 5 minutes"}, {"name": "market in five minutes"}]}]