[{"id": 8303588, "author": "Benzinga", "created": "Thu, 04 Aug 2016 01:56:07 -0400", "updated": "Thu, 04 Aug 2016 01:56:07 -0400", "title": "Watch These 7 Huge Call Purchases In Thursday Trade", "teaser": "", "body": "", "url": "https://www.benzinga.com/node/8303588", "image": [], "channels": [{"name": "News"}, {"name": "Options"}, {"name": "Markets"}], "stocks": [{"name": "AAPL"}, {"name": "DE"}, {"name": "DYN"}, {"name": "NE"}, {"name": "P"}, {"name": "SSRI"}, {"name": "VALE"}], "tags": [{"name": "Huge Call Purchases"}]}, {"id": 8302386, "author": "Benzinga", "created": "Thu, 04 Aug 2016 09:54:03 -0400", "updated": "Thu, 04 Aug 2016 10:03:27 -0400", "title": "3D Printing: The Next Biggest Trend In Shoes", "teaser": "", "body": "", "url": "https://www.benzinga.com/node/8302386", "image": [], "channels": [{"name": "News"}, {"name": "Sports"}, {"name": "Events"}, {"name": "Tech"}, {"name": "General"}], "stocks": [{"name": "ADDYY"}, {"name": "NKE"}, {"name": "UA"}], "tags": [{"name": "3D printers"}, {"name": "3D Printing"}, {"name": "3dshoes.com"}, {"name": "Allyson Felix"}, {"name": "Architect"}, {"name": "Magista 2"}, {"name": "New Balance"}, {"name": "shoes"}, {"name": "Speedfactory"}, {"name": "Zoom Superfly Flyknit"}]}, {"id": 8306291, "author": "Benzinga", "created": "Thu, 04 Aug 2016 10:32:08 -0400", "updated": "Thu, 04 Aug 2016 10:32:10 -0400", "title": "Earnings: How Might MSFT Purchase of LNKD Affect Membership?", "teaser": "", "body": "", "url": "https://www.benzinga.com/node/8306291", "image": [], "channels": [{"name": "Earnings"}, {"name": "News"}, {"name": "Previews"}, {"name": "M&A"}, {"name": "Tech"}, {"name": "Trading Ideas"}, {"name": "General"}], "stocks": [{"name": "CRM"}, {"name": "LNKD"}, {"name": "MSFT"}], "tags": []}, {"id": 8305417, "author": "Benzinga", "created": "Thu, 04 Aug 2016 10:44:18 -0400", "updated": "Thu, 04 Aug 2016 10:44:18 -0400", "title": "Western Digital Finally Clearing Regulatory Hurdles", "teaser": "", "body": "", "url": "https://www.benzinga.com/node/8305417", "image": [], "channels": [{"name": "Analyst Color"}, {"name": "News"}, {"name": "Analyst Ratings"}, {"name": "Tech"}], "stocks": [{"name": "INTC"}, {"name": "MU"}, {"name": "WDC"}], "tags": [{"name": "Bluefin"}, {"name": "John Donovan"}]}, {"id": 8306377, "author": "Benzinga", "created": "Thu, 04 Aug 2016 10:50:33 -0400", "updated": "Thu, 04 Aug 2016 10:50:35 -0400", "title": "Jobs Report, More Earnings Ahead, But British Rate Cut Provides Early Lift", "teaser": "", "body": "", "url": "https://www.benzinga.com/node/8306377", "image": [], "channels": [{"name": "Earnings"}, {"name": "News"}, {"name": "Retail Sales"}, {"name": "Global"}, {"name": "Econ #s"}, {"name": "Economics"}, {"name": "Markets"}, {"name": "Reviews"}, {"name": "General"}], "stocks": [{"name": "CHK"}, {"name": "JWN"}, {"name": "K"}, {"name": "KSS"}, {"name": "M"}, {"name": "NOK"}, {"name": "SPLS"}, {"name": "TSLA"}, {"name": "WMT"}], "tags": [{"name": "Consumer Discretionary"}, {"name": "Department Stores"}]}, {"id": 8306330, "author": "Benzinga", "created": "Thu, 04 Aug 2016 11:04:41 -0400", "updated": "Thu, 04 Aug 2016 11:08:49 -0400", "title": "Callaway Up Big After Nike Announces It Will Stop Making Golf Clubs", "teaser": "", "body": "", "url": "https://www.benzinga.com/node/8306330", "image": [], "channels": [{"name": "News"}, {"name": "Sports"}, {"name": "Movers"}, {"name": "General"}], "stocks": [{"name": "ADDYY"}, {"name": "ELY"}, {"name": "NKE"}, {"name": "UA"}], "tags": [{"name": "Golf"}, {"name": "Nike Golf"}, {"name": "Phil Mickelson"}, {"name": "Rory McIlroy"}, {"name": "Taylor Made"}, {"name": "Tiger Woods"}, {"name": "Titleist"}]}, {"id": 8306396, "author": "Benzinga", "created": "Thu, 04 Aug 2016 11:46:18 -0400", "updated": "Thu, 04 Aug 2016 11:47:53 -0400", "title": "Nike Drops Golf Equipment: Here's How You Can Take Advantage", "teaser": "", "body": "", "url": "https://www.benzinga.com/node/8306396", "image": [], "channels": [{"name": "Long Ideas"}, {"name": "News"}, {"name": "Sports"}, {"name": "Trading Ideas"}, {"name": "General"}], "stocks": [{"name": "ADDYY"}, {"name": "ELY"}, {"name": "NKE"}], "tags": []}, {"id": 8306294, "author": "Benzinga", "created": "Thu, 04 Aug 2016 13:12:01 -0400", "updated": "Thu, 04 Aug 2016 13:12:01 -0400", "title": "Channel Checks Suggest In-Line Quarter For Cisco Systems", "teaser": "", "body": "", "url": "https://www.benzinga.com/node/8306294", "image": [], "channels": [{"name": "Analyst Color"}, {"name": "Earnings"}, {"name": "Long Ideas"}, {"name": "News"}, {"name": "Price Target"}, {"name": "Previews"}, {"name": "Reiteration"}, {"name": "Analyst Ratings"}, {"name": "Tech"}, {"name": "Trading Ideas"}], "stocks": [{"name": "CSCO"}], "tags": [{"name": "Ittai Kidron"}, {"name": "Oppenheimer"}]}, {"id": 8307247, "author": "Benzinga", "created": "Thu, 04 Aug 2016 14:42:21 -0400", "updated": "Thu, 04 Aug 2016 14:42:21 -0400", "title": "Apple Shares Rallying Since Q2 Beat; UBS Sees Return To Sales Growth In 2017", "teaser": "", "body": "", "url": "https://www.benzinga.com/node/8307247", "image": [], "channels": [{"name": "Analyst Color"}, {"name": "Earnings"}, {"name": "Long Ideas"}, {"name": "News"}, {"name": "Analyst Ratings"}, {"name": "Movers"}, {"name": "Tech"}, {"name": "Trading Ideas"}], "stocks": [{"name": "AAPL"}], "tags": [{"name": "iPhone"}, {"name": "Steven Milunovich"}, {"name": "UBS"}]}, {"id": 8309008, "author": "Benzinga", "created": "Thu, 04 Aug 2016 16:24:03 -0400", "updated": "Thu, 04 Aug 2016 16:24:03 -0400", "title": "Linkedin Proves Itself To Microsoft, Beats Estimates", "teaser": "", "body": "", "url": "https://www.benzinga.com/node/8309008", "image": [], "channels": [{"name": "Earnings"}, {"name": "News"}, {"name": "After-Hours Center"}], "stocks": [{"name": "LNKD"}, {"name": "MSFT"}], "tags": []}, {"id": 8307288, "author": "Benzinga", "created": "Thu, 04 Aug 2016 17:06:34 -0400", "updated": "Thu, 04 Aug 2016 17:06:34 -0400", "title": "Human Extremities, Dead Jaguars And Other Things You Might Find Playing Pok\u00e9mon GO At The Rio Olympics", "teaser": "", "body": "", "url": "https://www.benzinga.com/node/8307288", "image": [], "channels": [{"name": "News"}, {"name": "Sports"}, {"name": "Events"}, {"name": "Media"}, {"name": "General"}], "stocks": [{"name": "MCD"}, {"name": "NTDOY"}], "tags": [{"name": "brazil"}, {"name": "Nintendo"}, {"name": "Olympics"}, {"name": "Olympics Pokemon"}, {"name": "Pokemon Go"}, {"name": "RIO"}]}, {"id": 8310832, "author": "Benzinga", "created": "Thu, 04 Aug 2016 21:11:34 -0400", "updated": "Thu, 04 Aug 2016 21:13:15 -0400", "title": "Benzinga's M&A Chatter for Thursday August 4, 2016", "teaser": "", "body": "", "url": "https://www.benzinga.com/node/8310832", "image": [], "channels": [{"name": "News"}, {"name": "Rumors"}, {"name": "M&A"}, {"name": "Movers"}], "stocks": [{"name": "AMZN"}, {"name": "AZN"}, {"name": "BAYRY"}, {"name": "BIIB"}, {"name": "CELG"}, {"name": "DD"}, {"name": "DOW"}, {"name": "MDVN"}, {"name": "MON"}], "tags": []}]