[{"id": 8040077, "author": "Benzinga", "created": "Fri, 27 May 2016 08:13:01 -0400", "updated": "Fri, 27 May 2016 08:13:01 -0400", "title": "It's Not Surprising That These Are 2016's Most Popular Smart Beta ETFs", "teaser": "", "body": "", "url": "https://www.benzinga.com/node/8040077", "image": [], "channels": [{"name": "Long Ideas"}, {"name": "News"}, {"name": "Broad U.S. Equity ETFs"}, {"name": "New ETFs"}, {"name": "Intraday Update"}, {"name": "Markets"}, {"name": "Trading Ideas"}, {"name": "ETFs"}], "stocks": [{"name": "BLK"}, {"name": "GS"}, {"name": "JPM"}, {"name": "SPLV"}, {"name": "USMV"}], "tags": []}, {"id": 8040933, "author": "Benzinga", "created": "Fri, 27 May 2016 08:38:56 -0400", "updated": "Fri, 27 May 2016 08:38:56 -0400", "title": "Merck Gets Favorable Opinion From CHMP For Its ZEPATIER", "teaser": "", "body": "", "url": "https://www.benzinga.com/node/8040933", "image": [], "channels": [{"name": "Biotech"}, {"name": "News"}, {"name": "FDA"}, {"name": "General"}], "stocks": [{"name": "MRK"}], "tags": []}, {"id": 8040979, "author": "Benzinga", "created": "Fri, 27 May 2016 09:06:21 -0400", "updated": "Fri, 27 May 2016 09:06:21 -0400", "title": "Verizon May Have Financial Backing From Bank Of America For Yahoo's Internet Assets", "teaser": "", "body": "", "url": "https://www.benzinga.com/node/8040979", "image": [], "channels": [{"name": "News"}, {"name": "Rumors"}, {"name": "Asset Sales"}, {"name": "M&A"}], "stocks": [{"name": "BABA"}, {"name": "BAC"}, {"name": "VZ"}, {"name": "YHOO"}], "tags": [{"name": "Reuters"}, {"name": "Verizon"}, {"name": "Yahoo"}, {"name": "Yahoo Advertising"}, {"name": "Yahoo Internet Asset Sales"}]}, {"id": 8040923, "author": "Benzinga", "created": "Fri, 27 May 2016 08:52:49 -0400", "updated": "Fri, 27 May 2016 09:16:50 -0400", "title": "The Market In 5 Minutes: Happy Memorial Day Weekend", "teaser": "", "body": "", "url": "https://www.benzinga.com/node/8040923", "image": [], "channels": [{"name": "News"}, {"name": "Global"}, {"name": "Markets"}], "stocks": [{"name": "BIG"}, {"name": "BXLT"}, {"name": "DECK"}, {"name": "DIS"}, {"name": "GME"}, {"name": "GMED"}, {"name": "MON"}, {"name": "NUVA"}, {"name": "PANW"}, {"name": "SHPG"}, {"name": "SNE"}, {"name": "SPLK"}, {"name": "SPY"}, {"name": "SYMC"}, {"name": "SYRG"}, {"name": "TGTX"}, {"name": "TSL"}, {"name": "ULTA"}, {"name": "USO"}, {"name": "VRX"}, {"name": "VSLR"}, {"name": "VZ"}, {"name": "YHOO"}], "tags": [{"name": "the market in 5 minutes"}]}, {"id": 8041270, "author": "Benzinga", "created": "Fri, 27 May 2016 10:30:14 -0400", "updated": "Fri, 27 May 2016 10:45:44 -0400", "title": "Benzinga Breakdown: Analysts Give Palo Alto More Mixed Reviews Than 'Batman V Superman'", "teaser": "", "body": "", "url": "https://www.benzinga.com/node/8041270", "image": [], "channels": [{"name": "Earnings"}, {"name": "News"}, {"name": "Guidance"}, {"name": "Downgrades"}, {"name": "Price Target"}, {"name": "Reiteration"}, {"name": "Analyst Ratings"}, {"name": "Movers"}, {"name": "Tech"}, {"name": "Trading Ideas"}], "stocks": [{"name": "BCS"}, {"name": "DB"}, {"name": "GS"}, {"name": "JPM"}, {"name": "PANW"}], "tags": [{"name": "Barclays"}, {"name": "Deutsche Bank"}, {"name": "Goldman Sachs"}, {"name": "Needham"}]}, {"id": 8042298, "author": "Benzinga", "created": "Fri, 27 May 2016 12:09:31 -0400", "updated": "Fri, 27 May 2016 12:09:31 -0400", "title": "Amgen Gets CHMP's Positive Opinion To Extend Indication Of Kyprolis For Relapsed Multiple Myeloma Treatment", "teaser": "", "body": "", "url": "https://www.benzinga.com/node/8042298", "image": [], "channels": [{"name": "Biotech"}, {"name": "News"}, {"name": "FDA"}, {"name": "General"}], "stocks": [{"name": "AMGN"}], "tags": []}, {"id": 8043548, "author": "Benzinga", "created": "Fri, 27 May 2016 15:51:36 -0400", "updated": "Fri, 27 May 2016 15:51:36 -0400", "title": "BMO Prefers Qorvo Over Skyworks Solutions", "teaser": "", "body": "", "url": "https://www.benzinga.com/node/8043548", "image": [], "channels": [{"name": "Analyst Color"}, {"name": "News"}, {"name": "Price Target"}, {"name": "Initiation"}, {"name": "Analyst Ratings"}], "stocks": [{"name": "AAPL"}, {"name": "QRVO"}, {"name": "SWKS"}], "tags": []}]