[{"id": 8460465, "author": "Benzinga", "created": "Thu, 15 Sep 2016 02:16:11 -0400", "updated": "Thu, 15 Sep 2016 02:16:11 -0400", "title": "Watch These 7 Huge Call Purchases In Thursday Trade", "teaser": "", "body": "", "url": "https://www.benzinga.com/node/8460465", "image": [], "channels": [{"name": "News"}, {"name": "Options"}, {"name": "Markets"}], "stocks": [{"name": "AAPL"}, {"name": "AZN"}, {"name": "FRED"}, {"name": "LULU"}, {"name": "NRG"}, {"name": "PENN"}, {"name": "WFC"}], "tags": [{"name": "Apparel, Accessories & Luxury Goods"}, {"name": "Consumer Discretionary"}, {"name": "Huge Call Purchases"}]}, {"id": 8460700, "author": "Benzinga", "created": "Thu, 15 Sep 2016 04:54:28 -0400", "updated": "Thu, 15 Sep 2016 04:54:29 -0400", "title": "Watch These 5 Huge Put Purchases In Thursday Trade", "teaser": "", "body": "", "url": "https://www.benzinga.com/node/8460700", "image": [], "channels": [{"name": "News"}, {"name": "Options"}, {"name": "Markets"}, {"name": "Trading Ideas"}], "stocks": [{"name": "CRM"}, {"name": "CTSH"}, {"name": "MEET"}, {"name": "SNY"}, {"name": "STAR"}], "tags": [{"name": "Communications Equipment"}, {"name": "Huge Put Purchases"}, {"name": "Information Technology"}]}, {"id": 8460110, "author": "Benzinga", "created": "Thu, 15 Sep 2016 08:25:07 -0400", "updated": "Thu, 15 Sep 2016 08:25:07 -0400", "title": "JPMorgan Enters Alternative Arena With New ETF", "teaser": "", "body": "", "url": "https://www.benzinga.com/node/8460110", "image": [], "channels": [{"name": "Long Ideas"}, {"name": "News"}, {"name": "Specialty ETFs"}, {"name": "New ETFs"}, {"name": "Trading Ideas"}, {"name": "ETFs"}], "stocks": [{"name": "JPEH"}, {"name": "JPIH"}, {"name": "JPM"}], "tags": [{"name": "ETF Trends"}, {"name": "JPHF"}, {"name": "JPMorgan Asset Management"}, {"name": "Robert Deutsch"}, {"name": "Rohami Lee"}, {"name": "Victor Lee"}]}, {"id": 8459448, "author": "Benzinga", "created": "Thu, 15 Sep 2016 08:49:47 -0400", "updated": "Thu, 15 Sep 2016 08:49:47 -0400", "title": "AdBlock Plus Introduces New Strategic Initiative", "teaser": "", "body": "", "url": "https://www.benzinga.com/node/8459448", "image": [], "channels": [{"name": "News"}, {"name": "Tech"}, {"name": "General"}], "stocks": [{"name": "GOOG"}, {"name": "GOOGL"}, {"name": "MSFT"}], "tags": [{"name": "Acceptable Ads Platform"}, {"name": "Adblock Plus"}, {"name": "Till Faida"}]}, {"id": 8461169, "author": "Benzinga", "created": "Thu, 15 Sep 2016 08:58:35 -0400", "updated": "Thu, 15 Sep 2016 08:58:35 -0400", "title": "The Market In 5 Minutes: Apple Helps Lead Stocks Higher", "teaser": "", "body": "", "url": "https://www.benzinga.com/node/8461169", "image": [], "channels": [{"name": "News"}, {"name": "Global"}, {"name": "Top Stories"}, {"name": "Pre-Market Outlook"}, {"name": "Markets"}], "stocks": [{"name": "AAPL"}, {"name": "AMZN"}, {"name": "APIC"}, {"name": "ASPU"}, {"name": "DKS"}, {"name": "FB"}, {"name": "GOOGL"}, {"name": "JNJ"}, {"name": "LM"}, {"name": "MCD"}, {"name": "ORCL"}, {"name": "PAG"}, {"name": "PFE"}, {"name": "PYPL"}, {"name": "SBLK"}, {"name": "SGEN"}, {"name": "SPY"}, {"name": "SYMC"}, {"name": "USO"}, {"name": "VFC"}], "tags": [{"name": "the market in 5 minutes"}]}, {"id": 8461239, "author": "Benzinga", "created": "Thu, 15 Sep 2016 09:39:29 -0400", "updated": "Thu, 15 Sep 2016 09:39:30 -0400", "title": "Investors Are Asking If There's Still Room To Run In Home Depot", "teaser": "", "body": "", "url": "https://www.benzinga.com/node/8461239", "image": [], "channels": [{"name": "Analyst Color"}, {"name": "Long Ideas"}, {"name": "News"}, {"name": "Analyst Ratings"}, {"name": "Movers"}, {"name": "Trading Ideas"}], "stocks": [{"name": "HD"}], "tags": [{"name": "Argus Research"}, {"name": "Chris Graja"}, {"name": "financial crisis"}, {"name": "home depot"}, {"name": "Housing Crisis"}, {"name": "Jim Kelleher"}, {"name": "Retail Stocks"}, {"name": "retailers"}]}, {"id": 8461384, "author": "Benzinga", "created": "Thu, 15 Sep 2016 09:48:12 -0400", "updated": "Thu, 15 Sep 2016 09:48:12 -0400", "title": "Seattle Genetics No Longer On Goldman Sachs' Sell List", "teaser": "", "body": "", "url": "https://www.benzinga.com/node/8461384", "image": [], "channels": [{"name": "Analyst Color"}, {"name": "Biotech"}, {"name": "News"}, {"name": "Upgrades"}, {"name": "Health Care"}, {"name": "Price Target"}, {"name": "Analyst Ratings"}, {"name": "Movers"}, {"name": "General"}], "stocks": [{"name": "BMY"}, {"name": "MRK"}, {"name": "SGEN"}], "tags": [{"name": "Adcetris"}, {"name": "Goldman Sachs"}, {"name": "Keytruda"}, {"name": "Opdivo"}, {"name": "Salveen Richter"}]}, {"id": 8461787, "author": "Benzinga", "created": "Thu, 15 Sep 2016 09:50:12 -0400", "updated": "Thu, 15 Sep 2016 09:50:13 -0400", "title": "Preorders Suggest Apple's iPhone 7 May Exceed The Street's Low Expectations", "teaser": "", "body": "", "url": "https://www.benzinga.com/node/8461787", "image": [], "channels": [{"name": "Analyst Color"}, {"name": "News"}, {"name": "Reiteration"}, {"name": "Analyst Ratings"}, {"name": "Tech"}], "stocks": [{"name": "AAPL"}, {"name": "S"}, {"name": "T"}, {"name": "TMUS"}, {"name": "VZ"}], "tags": [{"name": "iPhone 7"}, {"name": "Katy Huberty"}, {"name": "Morgan Stanley"}]}, {"id": 8461493, "author": "Benzinga", "created": "Thu, 15 Sep 2016 10:25:21 -0400", "updated": "Thu, 15 Sep 2016 10:25:21 -0400", "title": "Bernstein Explains Amazon's 'Prime Now' Service", "teaser": "", "body": "", "url": "https://www.benzinga.com/node/8461493", "image": [], "channels": [{"name": "Analyst Color"}, {"name": "Long Ideas"}, {"name": "News"}, {"name": "Price Target"}, {"name": "Reiteration"}, {"name": "Analyst Ratings"}, {"name": "Trading Ideas"}], "stocks": [{"name": "AMZN"}, {"name": "COST"}, {"name": "CVS"}, {"name": "KR"}, {"name": "SWY"}, {"name": "TGT"}, {"name": "WBA"}, {"name": "WMT"}], "tags": [{"name": "Amazon Prime Now"}, {"name": "Bernstein"}, {"name": "Carlos Kirjner"}]}, {"id": 8459068, "author": "Benzinga", "created": "Thu, 15 Sep 2016 11:56:37 -0400", "updated": "Thu, 15 Sep 2016 11:56:38 -0400", "title": "Argus' Top 5 Retail Stocks Heading Into The Holidays", "teaser": "", "body": "", "url": "https://www.benzinga.com/node/8459068", "image": [], "channels": [{"name": "Analyst Color"}, {"name": "Long Ideas"}, {"name": "News"}, {"name": "Price Target"}, {"name": "Analyst Ratings"}, {"name": "Movers"}, {"name": "Trading Ideas"}], "stocks": [{"name": "COST"}, {"name": "CVS"}, {"name": "HD"}, {"name": "KR"}, {"name": "LOW"}, {"name": "SHLD"}], "tags": [{"name": "Argus"}, {"name": "retail"}]}, {"id": 8461831, "author": "Benzinga", "created": "Thu, 15 Sep 2016 12:14:53 -0400", "updated": "Thu, 15 Sep 2016 12:14:53 -0400", "title": "Acacia Research Wins Patent Case Against Apple", "teaser": "", "body": "", "url": "https://www.benzinga.com/node/8461831", "image": [], "channels": [{"name": "News"}, {"name": "Legal"}, {"name": "Movers"}], "stocks": [{"name": "AAPL"}, {"name": "ACTG"}], "tags": [{"name": "Cellular Communications Equipment"}, {"name": "District Court for the Eastern District of Texas"}, {"name": "patent"}]}, {"id": 8462695, "author": "Benzinga", "created": "Thu, 15 Sep 2016 16:33:16 -0400", "updated": "Thu, 15 Sep 2016 16:33:53 -0400", "title": "Mobile Carriers Making The Most Of iPhone 7 Mania", "teaser": "", "body": "", "url": "https://www.benzinga.com/node/8462695", "image": [], "channels": [{"name": "Analyst Color"}, {"name": "News"}, {"name": "Reiteration"}, {"name": "Events"}, {"name": "Analyst Ratings"}, {"name": "Tech"}], "stocks": [{"name": "AAPL"}, {"name": "S"}, {"name": "T"}, {"name": "TMUS"}, {"name": "VZ"}], "tags": [{"name": "Amy Yong"}, {"name": "Macquarie"}]}, {"id": 8462763, "author": "Benzinga", "created": "Thu, 15 Sep 2016 16:35:22 -0400", "updated": "Thu, 15 Sep 2016 16:36:01 -0400", "title": "The Beverages Strike Back; Lawsuit Filed To Block Philly's Sugar Tax", "teaser": "", "body": "", "url": "https://www.benzinga.com/node/8462763", "image": [], "channels": [{"name": "News"}, {"name": "Health Care"}, {"name": "Politics"}, {"name": "Topics"}, {"name": "Legal"}, {"name": "Media"}, {"name": "General"}], "stocks": [{"name": "DPS"}, {"name": "KO"}, {"name": "MNST"}, {"name": "PEP"}, {"name": "STZ"}], "tags": [{"name": "Soda Tax"}, {"name": "Soda Tax Philadelphia"}, {"name": "sugar"}, {"name": "Sugar tax"}]}, {"id": 8463188, "author": "Benzinga", "created": "Thu, 15 Sep 2016 17:03:07 -0400", "updated": "Thu, 15 Sep 2016 17:03:07 -0400", "title": "GoPro's Karma Drone Is Coming September 19: This Year's Christmas Gift?", "teaser": "", "body": "", "url": "https://www.benzinga.com/node/8463188", "image": [], "channels": [{"name": "News"}, {"name": "Tech"}, {"name": "General"}], "stocks": [{"name": "AAPL"}, {"name": "GPRO"}], "tags": [{"name": "HERO5"}, {"name": "iPhone 7"}, {"name": "Karma Drone"}]}, {"id": 8463566, "author": "Benzinga", "created": "Thu, 15 Sep 2016 17:25:47 -0400", "updated": "Thu, 15 Sep 2016 17:25:48 -0400", "title": "Could Digital Shopping Acquire A New Meaning?", "teaser": "", "body": "", "url": "https://www.benzinga.com/node/8463566", "image": [], "channels": [{"name": "News"}, {"name": "Tech"}], "stocks": [{"name": "WMT"}], "tags": []}]