[{"id": 8443672, "author": "Benzinga", "created": "Sun, 11 Sep 2016 17:09:48 -0400", "updated": "Sun, 11 Sep 2016 17:09:48 -0400", "title": "Reads For The Weed-Kend: Marijuana Roadside Testing, Pregnancy And Depression", "teaser": "", "body": "", "url": "https://www.benzinga.com/node/8443672", "image": [], "channels": [{"name": "Biotech"}, {"name": "News"}, {"name": "Health Care"}, {"name": "Politics"}, {"name": "Psychology"}, {"name": "Topics"}, {"name": "Legal"}, {"name": "Events"}, {"name": "General"}], "stocks": [{"name": "ABT"}, {"name": "CARA"}, {"name": "CBIS"}, {"name": "COV"}, {"name": "ENDP"}, {"name": "GWPH"}, {"name": "INSY"}, {"name": "JNJ"}, {"name": "MSRT"}, {"name": "NVS"}, {"name": "OGRMF"}, {"name": "OXIS"}, {"name": "PFE"}, {"name": "PMCB"}, {"name": "PNPL"}, {"name": "TRTC"}, {"name": "TWMJF"}, {"name": "ZYNE"}], "tags": [{"name": "marijuana"}, {"name": "Shan Wang"}, {"name": "Stanford"}]}]