[{"id": 8553492, "author": "Benzinga", "created": "Wed, 12 Oct 2016 05:15:51 -0400", "updated": "Wed, 12 Oct 2016 05:15:51 -0400", "title": "Keep an Eye on These 5 Stocks for October 12, 2016", "teaser": "", "body": "", "url": "https://www.benzinga.com/node/8553492", "image": [], "channels": [{"name": "Earnings"}, {"name": "News"}, {"name": "Guidance"}, {"name": "Pre-Market Outlook"}, {"name": "Markets"}, {"name": "Trading Ideas"}], "stocks": [{"name": "CSX"}, {"name": "CUDA"}, {"name": "FTNT"}, {"name": "GS"}, {"name": "HAWK"}, {"name": "LPLA"}], "tags": [{"name": "Stocks To Watch"}, {"name": "Stocks to Watch"}]}, {"id": 8553840, "author": "Benzinga", "created": "Wed, 12 Oct 2016 08:29:47 -0400", "updated": "Wed, 12 Oct 2016 08:29:47 -0400", "title": "Credit Suisse's 'Below-Consensus' IBM Estimates", "teaser": "", "body": "", "url": "https://www.benzinga.com/node/8553840", "image": [], "channels": [{"name": "Analyst Color"}, {"name": "Earnings"}, {"name": "News"}, {"name": "Guidance"}, {"name": "Short Ideas"}, {"name": "Price Target"}, {"name": "Reiteration"}, {"name": "Analyst Ratings"}, {"name": "Movers"}, {"name": "Tech"}, {"name": "Trading Ideas"}], "stocks": [{"name": "IBM"}], "tags": [{"name": "Credit Suisse"}, {"name": "Kulbinder Garcha"}]}, {"id": 8553798, "author": "Benzinga", "created": "Wed, 12 Oct 2016 09:01:14 -0400", "updated": "Wed, 12 Oct 2016 09:01:14 -0400", "title": "The Market In 5 Minutes: Fed Focus, British Pound, More Earnings", "teaser": "", "body": "", "url": "https://www.benzinga.com/node/8553798", "image": [], "channels": [{"name": "News"}, {"name": "Global"}, {"name": "Top Stories"}, {"name": "Pre-Market Outlook"}, {"name": "Markets"}], "stocks": [{"name": "AMD"}, {"name": "CBRL"}, {"name": "CUDA"}, {"name": "FTNT"}, {"name": "GRUB"}, {"name": "HAWK"}, {"name": "HBI"}, {"name": "MDT"}, {"name": "MRVL"}, {"name": "MSI"}, {"name": "PG"}, {"name": "PII"}, {"name": "SPY"}, {"name": "SSNLF"}, {"name": "STJ"}, {"name": "TBPH"}, {"name": "TWTR"}, {"name": "USO"}], "tags": [{"name": "the market in 5 minutes"}]}, {"id": 8553993, "author": "Benzinga", "created": "Wed, 12 Oct 2016 09:05:39 -0400", "updated": "Wed, 12 Oct 2016 09:05:39 -0400", "title": "BTIG Bullish On Barracuda Networks, Sees Several Near-Term Catalysts", "teaser": "", "body": "", "url": "https://www.benzinga.com/node/8553993", "image": [], "channels": [{"name": "Analyst Color"}, {"name": "Earnings"}, {"name": "Long Ideas"}, {"name": "News"}, {"name": "Guidance"}, {"name": "Price Target"}, {"name": "Reiteration"}, {"name": "Analyst Ratings"}, {"name": "Movers"}, {"name": "Tech"}, {"name": "Trading Ideas"}], "stocks": [{"name": "CUDA"}, {"name": "MSFT"}], "tags": [{"name": "Barracuda Email Threat Scan"}, {"name": "btig"}, {"name": "Joel Fishbein"}, {"name": "Office 365"}]}, {"id": 8554364, "author": "Benzinga", "created": "Wed, 12 Oct 2016 10:04:07 -0400", "updated": "Wed, 12 Oct 2016 10:04:07 -0400", "title": "How Barracuda Networks Blew Away Its Q2 Earnings Guidance", "teaser": "", "body": "", "url": "https://www.benzinga.com/node/8554364", "image": [], "channels": [{"name": "Analyst Color"}, {"name": "Earnings"}, {"name": "News"}, {"name": "Guidance"}, {"name": "Short Ideas"}, {"name": "Price Target"}, {"name": "Reiteration"}, {"name": "Analyst Ratings"}, {"name": "Movers"}, {"name": "Tech"}, {"name": "Trading Ideas"}], "stocks": [{"name": "AMZN"}, {"name": "CUDA"}, {"name": "MSFT"}], "tags": [{"name": "D.A. Davidson"}, {"name": "Mark Kelleher"}, {"name": "Microsoft Office 365"}]}, {"id": 8553839, "author": "Benzinga", "created": "Wed, 12 Oct 2016 10:11:44 -0400", "updated": "Wed, 12 Oct 2016 10:11:44 -0400", "title": "How A 131-Year Old Case Involving Carpet Set The Stage For Today's Supreme Court Showdown Between Samsung And Apple", "teaser": "", "body": "", "url": "https://www.benzinga.com/node/8553839", "image": [], "channels": [{"name": "News"}, {"name": "Events"}, {"name": "Tech"}, {"name": "Media"}], "stocks": [{"name": "AAPL"}, {"name": "SSNLF"}], "tags": [{"name": "Apple Versus Samsung"}, {"name": "Orville Platt"}, {"name": "patent"}, {"name": "Patent Laws"}, {"name": "Samsung Patents"}]}, {"id": 8554380, "author": "Benzinga", "created": "Wed, 12 Oct 2016 10:24:11 -0400", "updated": "Wed, 12 Oct 2016 10:24:11 -0400", "title": "PC Market Isn't Out of the Woods; Apple's Sour Statistics", "teaser": "", "body": "", "url": "https://www.benzinga.com/node/8554380", "image": [], "channels": [{"name": "News"}, {"name": "Tech"}], "stocks": [{"name": "AAPL"}, {"name": "HPQ"}], "tags": [{"name": "Acer"}, {"name": "asus"}, {"name": "DELL"}, {"name": "Gartner"}, {"name": "Lenovo"}, {"name": "Mikako Kitagawa"}, {"name": "phablets"}, {"name": "smartphone"}, {"name": "tablet"}]}, {"id": 8553874, "author": "Benzinga", "created": "Wed, 12 Oct 2016 10:53:09 -0400", "updated": "Wed, 12 Oct 2016 10:53:10 -0400", "title": "How Do Galaxy Note 7 Issues Impact Other Companies?", "teaser": "", "body": "", "url": "https://www.benzinga.com/node/8553874", "image": [], "channels": [{"name": "Analyst Color"}, {"name": "News"}, {"name": "Analyst Ratings"}, {"name": "Movers"}, {"name": "Tech"}, {"name": "Trading Ideas"}], "stocks": [{"name": "AAPL"}, {"name": "GLW"}, {"name": "QCOM"}, {"name": "SSLNF"}, {"name": "SSNLF"}], "tags": [{"name": "Galaxy Note 7"}, {"name": "Goldman Sachs"}, {"name": "Samsung"}, {"name": "Samsung Galaxy Note 7"}, {"name": "Simona Jankowski"}]}, {"id": 8554729, "author": "Benzinga", "created": "Wed, 12 Oct 2016 11:03:06 -0400", "updated": "Wed, 12 Oct 2016 11:03:07 -0400", "title": "Twitter Won't Host Its Annual Mobile Developer Conference: Recode", "teaser": "", "body": "", "url": "https://www.benzinga.com/node/8554729", "image": [], "channels": [{"name": "News"}, {"name": "Events"}, {"name": "Tech"}, {"name": "Media"}], "stocks": [{"name": "AAPL"}, {"name": "FB"}, {"name": "GOOG"}, {"name": "GOOGL"}, {"name": "TWTR"}], "tags": [{"name": "Developer Conferences"}, {"name": "ReCode"}, {"name": "twitter"}, {"name": "Twitter Flight"}]}, {"id": 8554664, "author": "Benzinga", "created": "Wed, 12 Oct 2016 11:42:17 -0400", "updated": "Wed, 12 Oct 2016 11:42:17 -0400", "title": "Updates On Big M&A Deals", "teaser": "", "body": "", "url": "https://www.benzinga.com/node/8554664", "image": [], "channels": [{"name": "News"}, {"name": "Rumors"}, {"name": "M&A"}, {"name": "Top Stories"}], "stocks": [{"name": "ABT"}, {"name": "BUD"}, {"name": "GCI"}, {"name": "KLAC"}, {"name": "LRCX"}, {"name": "N"}, {"name": "NXPI"}, {"name": "ORCL"}, {"name": "QCOM"}, {"name": "RAD"}, {"name": "STJ"}, {"name": "TRNC"}, {"name": "WBA"}], "tags": [{"name": "SABMiller"}]}, {"id": 8555140, "author": "Benzinga", "created": "Wed, 12 Oct 2016 12:28:39 -0400", "updated": "Wed, 12 Oct 2016 12:28:39 -0400", "title": "Humana Investors Disappointed With Results Of Medicare Star Quality Ratings", "teaser": "", "body": "", "url": "https://www.benzinga.com/node/8555140", "image": [], "channels": [{"name": "News"}, {"name": "Guidance"}, {"name": "Health Care"}, {"name": "Movers"}, {"name": "Trading Ideas"}, {"name": "General"}], "stocks": [{"name": "AET"}, {"name": "ANTM"}, {"name": "CI"}, {"name": "HUM"}, {"name": "MOH"}, {"name": "UNH"}], "tags": []}, {"id": 8555147, "author": "Benzinga", "created": "Wed, 12 Oct 2016 14:01:24 -0400", "updated": "Wed, 12 Oct 2016 14:01:24 -0400", "title": "Analysts Took A Little Field Trip To The Gap's HQ; Here's What They Learned", "teaser": "", "body": "", "url": "https://www.benzinga.com/node/8555147", "image": [], "channels": [{"name": "Analyst Color"}, {"name": "Long Ideas"}, {"name": "News"}, {"name": "Price Target"}, {"name": "Reiteration"}, {"name": "Analyst Ratings"}, {"name": "Movers"}, {"name": "Trading Ideas"}], "stocks": [{"name": "DIS"}, {"name": "GPS"}], "tags": [{"name": "Banana Republic"}, {"name": "Jefferies"}, {"name": "Marvel"}, {"name": "Old Navy"}, {"name": "Randal Konik"}, {"name": "Star Wars"}, {"name": "The Gap"}]}, {"id": 8555413, "author": "Benzinga", "created": "Wed, 12 Oct 2016 14:14:06 -0400", "updated": "Wed, 12 Oct 2016 14:14:06 -0400", "title": "Investors Brace For A Q3 Hasbro/Mattel Showdown", "teaser": "", "body": "", "url": "https://www.benzinga.com/node/8555413", "image": [], "channels": [{"name": "Analyst Color"}, {"name": "Earnings"}, {"name": "Long Ideas"}, {"name": "News"}, {"name": "Price Target"}, {"name": "Previews"}, {"name": "Reiteration"}, {"name": "Analyst Ratings"}, {"name": "Movers"}, {"name": "Trading Ideas"}], "stocks": [{"name": "DIS"}, {"name": "HAS"}, {"name": "MAT"}], "tags": [{"name": "American Girl"}, {"name": "Barbie"}, {"name": "Eldritch Moon"}, {"name": "GM"}, {"name": "Jefferies"}, {"name": "MAGIC"}, {"name": "Magic's Eldritch Moon"}, {"name": "Trever Young"}]}, {"id": 8555859, "author": "Benzinga", "created": "Wed, 12 Oct 2016 16:06:45 -0400", "updated": "Wed, 12 Oct 2016 16:06:45 -0400", "title": "Earnings Season On Deck: How Has Q3 Guidance Looked So Far?", "teaser": "", "body": "", "url": "https://www.benzinga.com/node/8555859", "image": [], "channels": [{"name": "Earnings"}, {"name": "News"}, {"name": "Guidance"}, {"name": "Top Stories"}, {"name": "Trading Ideas"}], "stocks": [{"name": "AA"}, {"name": "AET"}, {"name": "CLDT"}, {"name": "DOV"}, {"name": "ERIC"}, {"name": "FTNT"}, {"name": "HUM"}, {"name": "HZNP"}, {"name": "ILMN"}, {"name": "MOBL"}, {"name": "NKE"}, {"name": "ONVO"}, {"name": "PEP"}, {"name": "PPL"}, {"name": "STX"}, {"name": "TWLO"}], "tags": [{"name": "Arconic"}]}]