[{"id": 8455529, "author": "Benzinga", "created": "Wed, 14 Sep 2016 06:42:12 -0400", "updated": "Wed, 14 Sep 2016 06:42:12 -0400", "title": "NBC And ESPN See Lower Ratings For NFL Debuts", "teaser": "", "body": "", "url": "https://www.benzinga.com/node/8455529", "image": [], "channels": [{"name": "News"}, {"name": "Sports"}, {"name": "Events"}, {"name": "General"}], "stocks": [{"name": "CMCSA"}, {"name": "DIS"}], "tags": [{"name": "ESPN"}, {"name": "Monday Night Football"}, {"name": "NBC"}, {"name": "nfl"}, {"name": "Thursday Night Football"}]}, {"id": 8454116, "author": "Benzinga", "created": "Wed, 14 Sep 2016 06:44:49 -0400", "updated": "Wed, 14 Sep 2016 06:44:49 -0400", "title": "Wall Street's Reaction To Apple's Event (In 2 Graphs)", "teaser": "", "body": "", "url": "https://www.benzinga.com/node/8454116", "image": [], "channels": [{"name": "News"}, {"name": "Crowdsourcing"}, {"name": "Tech"}, {"name": "General"}], "stocks": [{"name": "AAPL"}], "tags": [{"name": "Stockal"}]}, {"id": 8455528, "author": "Benzinga", "created": "Wed, 14 Sep 2016 08:39:25 -0400", "updated": "Wed, 14 Sep 2016 08:40:19 -0400", "title": "What Investors Need To Know About The CW's New 2016 Fall Season", "teaser": "", "body": "", "url": "https://www.benzinga.com/node/8455528", "image": [], "channels": [{"name": "News"}, {"name": "Events"}, {"name": "Tech"}, {"name": "Media"}, {"name": "Trading Ideas"}, {"name": "General"}], "stocks": [{"name": "CBS"}, {"name": "DIS"}, {"name": "FOX"}, {"name": "FOXA"}], "tags": [{"name": "90210"}, {"name": "Archie Comics"}, {"name": "Crazy Ex-Girlfriends"}, {"name": "Dennis Quaid"}, {"name": "Emmys"}, {"name": "Empire"}, {"name": "Frequency"}, {"name": "Jane The Virgin"}, {"name": "Jim Caviezel"}, {"name": "No Tomorrow"}, {"name": "Riverdale"}, {"name": "Supergirl"}, {"name": "Supernatural"}, {"name": "The CW"}, {"name": "The Flash"}]}, {"id": 8457870, "author": "Benzinga", "created": "Wed, 14 Sep 2016 11:06:20 -0400", "updated": "Wed, 14 Sep 2016 11:06:20 -0400", "title": "Top Performing Industries For September 14, 2016", "teaser": "", "body": "", "url": "https://www.benzinga.com/node/8457870", "image": [], "channels": [{"name": "News"}, {"name": "Intraday Update"}, {"name": "Markets"}, {"name": "Movers"}], "stocks": [{"name": "AAPL"}, {"name": "APRI"}, {"name": "GPRO"}, {"name": "NTES"}], "tags": [{"name": "Top Performing Industries"}]}, {"id": 8457745, "author": "Benzinga", "created": "Wed, 14 Sep 2016 11:39:46 -0400", "updated": "Wed, 14 Sep 2016 11:39:47 -0400", "title": "Improving Demand Trends Lead Deutsche To Raise Price Target On Cisco Systems", "teaser": "", "body": "", "url": "https://www.benzinga.com/node/8457745", "image": [], "channels": [{"name": "Analyst Color"}, {"name": "News"}, {"name": "Price Target"}, {"name": "Reiteration"}, {"name": "Analyst Ratings"}], "stocks": [{"name": "CSCO"}], "tags": [{"name": "Deutsche Bank"}, {"name": "Vijay Bhagavath"}]}, {"id": 8458227, "author": "Benzinga", "created": "Wed, 14 Sep 2016 12:19:58 -0400", "updated": "Wed, 14 Sep 2016 12:19:59 -0400", "title": "Perfect Storm Of iPhone News Sends Apple To New 2016 Highs", "teaser": "", "body": "", "url": "https://www.benzinga.com/node/8458227", "image": [], "channels": [{"name": "News"}, {"name": "Econ #s"}, {"name": "Tech"}], "stocks": [{"name": "AAPL"}, {"name": "S"}, {"name": "SSNLF"}, {"name": "TMUS"}], "tags": []}, {"id": 8458231, "author": "Benzinga", "created": "Wed, 14 Sep 2016 13:19:14 -0400", "updated": "Wed, 14 Sep 2016 13:19:14 -0400", "title": "Consumer Losing Their Appetite For Eating Out?", "teaser": "", "body": "", "url": "https://www.benzinga.com/node/8458231", "image": [], "channels": [{"name": "Earnings"}, {"name": "News"}, {"name": "Technicals"}, {"name": "Intraday Update"}, {"name": "Movers"}, {"name": "Trading Ideas"}], "stocks": [{"name": "BOBE"}, {"name": "CBRL"}, {"name": "MCD"}], "tags": []}, {"id": 8458084, "author": "Benzinga", "created": "Wed, 14 Sep 2016 13:48:29 -0400", "updated": "Wed, 14 Sep 2016 13:48:29 -0400", "title": "EU Chief Talks Brexit, Apple's Tax Bill", "teaser": "", "body": "", "url": "https://www.benzinga.com/node/8458084", "image": [], "channels": [{"name": "News"}, {"name": "Eurozone"}, {"name": "Legal"}, {"name": "Markets"}], "stocks": [{"name": "AAPL"}], "tags": [{"name": "Apple Back Taxes"}, {"name": "Apple Ireland"}, {"name": "Brexit"}, {"name": "European Union"}, {"name": "European Union Single Market"}, {"name": "Jean-Claude Junker"}]}, {"id": 8457934, "author": "Benzinga", "created": "Wed, 14 Sep 2016 13:59:51 -0400", "updated": "Wed, 14 Sep 2016 13:59:51 -0400", "title": "The Numbers Behind Every iPhone Pre-Order Weekend", "teaser": "", "body": "", "url": "https://www.benzinga.com/node/8457934", "image": [], "channels": [{"name": "News"}, {"name": "Events"}, {"name": "Tech"}, {"name": "Press Releases"}, {"name": "General"}], "stocks": [{"name": "AAPL"}, {"name": "S"}, {"name": "T"}, {"name": "TMUS"}, {"name": "VZ"}], "tags": [{"name": "iPhone 7"}, {"name": "iPhones"}]}, {"id": 8455108, "author": "Benzinga", "created": "Wed, 14 Sep 2016 14:22:39 -0400", "updated": "Wed, 14 Sep 2016 14:22:39 -0400", "title": "HP Inc Lands On A New Cloud, Partners With Microsoft", "teaser": "", "body": "", "url": "https://www.benzinga.com/node/8455108", "image": [], "channels": [{"name": "News"}, {"name": "Contracts"}, {"name": "Movers"}, {"name": "Tech"}, {"name": "General"}], "stocks": [{"name": "CRM"}, {"name": "HPQ"}, {"name": "MSFT"}, {"name": "ORCL"}], "tags": [{"name": "Azure"}, {"name": "cloud computing"}, {"name": "cloud technology"}, {"name": "HP"}, {"name": "microsoft dynamics"}, {"name": "Office 365"}, {"name": "Scott Guthrie"}, {"name": "the cloud"}]}, {"id": 8458850, "author": "Benzinga", "created": "Wed, 14 Sep 2016 15:50:17 -0400", "updated": "Wed, 14 Sep 2016 15:50:18 -0400", "title": "Voices From The Street On Oracle's Upcoming Q1; Marc Benioff Calls NetSuite Acquisition 'Desperation Move'", "teaser": "", "body": "", "url": "https://www.benzinga.com/node/8458850", "image": [], "channels": [{"name": "Analyst Color"}, {"name": "Long Ideas"}, {"name": "News"}, {"name": "Guidance"}, {"name": "Previews"}, {"name": "Reiteration"}, {"name": "M&A"}, {"name": "Analyst Ratings"}, {"name": "Movers"}, {"name": "Tech"}, {"name": "Trading Ideas"}], "stocks": [{"name": "CRM"}, {"name": "N"}, {"name": "ORCL"}], "tags": [{"name": "Bloomberg"}, {"name": "Bloomberg TV"}, {"name": "Drexel Hamilton"}, {"name": "JPMorgan"}, {"name": "Macquarie Research"}, {"name": "Marc Benioff"}, {"name": "UBS"}]}, {"id": 8459977, "author": "Benzinga", "created": "Wed, 14 Sep 2016 17:35:21 -0400", "updated": "Wed, 14 Sep 2016 17:35:21 -0400", "title": "4 Stocks Moving In After-Hours: Clinical Trials, Earnings & New Product Lines", "teaser": "", "body": "", "url": "https://www.benzinga.com/node/8459977", "image": [], "channels": [{"name": "Biotech"}, {"name": "Earnings"}, {"name": "News"}, {"name": "Guidance"}, {"name": "FDA"}, {"name": "After-Hours Center"}, {"name": "Movers"}, {"name": "General"}], "stocks": [{"name": "AAPL"}, {"name": "AERI"}, {"name": "APOG"}, {"name": "STB"}, {"name": "VMEM"}], "tags": []}]