[{"id": 7826412, "author": "Benzinga", "created": "Tue, 12 Apr 2016 06:55:41 -0400", "updated": "Tue, 12 Apr 2016 06:55:41 -0400", "title": "Citi's Q1 Earnings Cheat Sheet For US Banks", "teaser": "", "body": "", "url": "https://www.benzinga.com/node/7826412", "image": [], "channels": [{"name": "Analyst Color"}, {"name": "Earnings"}, {"name": "News"}, {"name": "Price Target"}, {"name": "Analyst Ratings"}], "stocks": [{"name": "BAC"}, {"name": "CFG"}, {"name": "CMA"}, {"name": "FITB"}, {"name": "GS"}, {"name": "JPM"}, {"name": "KEY"}, {"name": "MS"}, {"name": "RF"}, {"name": "STI"}], "tags": []}, {"id": 7829423, "author": "Benzinga", "created": "Tue, 12 Apr 2016 08:55:41 -0400", "updated": "Tue, 12 Apr 2016 08:55:41 -0400", "title": "Credit Suisse Highlights Important Discussion Points For JPMorgan's Q1 Earnings Call", "teaser": "", "body": "", "url": "https://www.benzinga.com/node/7829423", "image": [], "channels": [{"name": "Analyst Color"}, {"name": "Earnings"}, {"name": "Long Ideas"}, {"name": "News"}, {"name": "Previews"}, {"name": "Reiteration"}, {"name": "Analyst Ratings"}, {"name": "Trading Ideas"}], "stocks": [{"name": "JPM"}], "tags": [{"name": "banking"}, {"name": "banks"}, {"name": "Credit Suisse"}, {"name": "financials"}, {"name": "Susan Roth Katzke"}]}, {"id": 7829752, "author": "Benzinga", "created": "Tue, 12 Apr 2016 09:25:17 -0400", "updated": "Tue, 12 Apr 2016 09:25:17 -0400", "title": "Notable Imbalances Before Tuesday's Open Led By Under Armour, Boeing, Caterpillar", "teaser": "", "body": "", "url": "https://www.benzinga.com/node/7829752", "image": [], "channels": [{"name": "News"}, {"name": "Trading Ideas"}], "stocks": [{"name": "AA"}, {"name": "BA"}, {"name": "BAX"}, {"name": "CAT"}, {"name": "GE"}, {"name": "IBM"}, {"name": "KO"}, {"name": "MRK"}, {"name": "UA"}], "tags": [{"name": "Buy Imbalances"}, {"name": "Sell Imbalances"}, {"name": "Trade Imbalances"}]}, {"id": 7829867, "author": "Benzinga", "created": "Tue, 12 Apr 2016 10:06:39 -0400", "updated": "Tue, 12 Apr 2016 10:06:40 -0400", "title": "Baird: Gilead Set For Q1 EPS Miss, But Hep C Trends Still Good Long Term", "teaser": "", "body": "", "url": "https://www.benzinga.com/node/7829867", "image": [], "channels": [{"name": "Analyst Color"}, {"name": "Biotech"}, {"name": "Earnings"}, {"name": "News"}, {"name": "Health Care"}, {"name": "Previews"}, {"name": "Analyst Ratings"}, {"name": "Trading Ideas"}, {"name": "General"}], "stocks": [{"name": "GILD"}, {"name": "MRK"}], "tags": [{"name": "Baird"}, {"name": "Brian Skorney"}, {"name": "Genvoya"}, {"name": "Hep C"}, {"name": "Stribild"}, {"name": "ZEPATIER"}]}, {"id": 7830575, "author": "Benzinga", "created": "Tue, 12 Apr 2016 11:33:06 -0400", "updated": "Tue, 12 Apr 2016 11:33:08 -0400", "title": "So What's the Fed Thinking Now? Members to Speak, Markets Could React", "teaser": "", "body": "", "url": "https://www.benzinga.com/node/7830575", "image": [], "channels": [{"name": "Earnings"}, {"name": "News"}, {"name": "Analyst Ratings"}, {"name": "General"}], "stocks": [{"name": "AA"}, {"name": "BAC"}, {"name": "C"}, {"name": "GS"}, {"name": "JPM"}, {"name": "MS"}, {"name": "TSLA"}], "tags": []}, {"id": 7830594, "author": "Benzinga", "created": "Tue, 12 Apr 2016 11:38:28 -0400", "updated": "Tue, 12 Apr 2016 11:39:03 -0400", "title": "Earnings: JPM Results Paint First Brush of Banking Sector", "teaser": "", "body": "", "url": "https://www.benzinga.com/node/7830594", "image": [], "channels": [{"name": "Analyst Color"}, {"name": "Earnings"}, {"name": "News"}, {"name": "Analyst Ratings"}], "stocks": [{"name": "JPM"}], "tags": []}, {"id": 7830676, "author": "Benzinga", "created": "Tue, 12 Apr 2016 12:23:15 -0400", "updated": "Tue, 12 Apr 2016 12:23:15 -0400", "title": "Report: Taiwan Semiconductor Accelerating 7nm Process, May Offer Roadmap On Thursday", "teaser": "", "body": "", "url": "https://www.benzinga.com/node/7830676", "image": [], "channels": [{"name": "News"}, {"name": "Emerging Markets"}, {"name": "Rumors"}, {"name": "Markets"}, {"name": "Movers"}, {"name": "Tech"}, {"name": "Trading Ideas"}], "stocks": [{"name": "INTC"}, {"name": "SSNLF"}, {"name": "TSM"}], "tags": [{"name": "7nm Process Technology"}, {"name": "Digitimes"}, {"name": "Economic Daily News"}, {"name": "Samsung Electronics"}]}, {"id": 7830786, "author": "Benzinga", "created": "Tue, 12 Apr 2016 12:33:47 -0400", "updated": "Tue, 12 Apr 2016 12:33:47 -0400", "title": "The Numbers That Matter For Each Big Bank This Quarter", "teaser": "", "body": "", "url": "https://www.benzinga.com/node/7830786", "image": [], "channels": [{"name": "Analyst Color"}, {"name": "Earnings"}, {"name": "News"}, {"name": "Previews"}, {"name": "Analyst Ratings"}, {"name": "Trading Ideas"}], "stocks": [{"name": "BAC"}, {"name": "C"}, {"name": "CFG"}, {"name": "FMER"}, {"name": "FNFG"}, {"name": "GS"}, {"name": "HBAN"}, {"name": "JPM"}, {"name": "KEY"}, {"name": "MS"}, {"name": "RF"}, {"name": "STI"}, {"name": "USB"}, {"name": "WFC"}], "tags": [{"name": "banking"}, {"name": "banks"}, {"name": "Deutsche Bank"}, {"name": "financials"}, {"name": "Matt"}, {"name": "O'Conner"}]}, {"id": 7830864, "author": "Benzinga", "created": "Tue, 12 Apr 2016 12:48:03 -0400", "updated": "Tue, 12 Apr 2016 12:48:04 -0400", "title": "Watch Network Stocks Following Concern Outlook From Juniper", "teaser": "", "body": "", "url": "https://www.benzinga.com/node/7830864", "image": [], "channels": [{"name": "Earnings"}, {"name": "News"}, {"name": "Previews"}, {"name": "Movers"}, {"name": "Trading Ideas"}], "stocks": [{"name": "CSCO"}, {"name": "CUDA"}, {"name": "FFIV"}, {"name": "FTNT"}, {"name": "JNPR"}, {"name": "PANW"}], "tags": [{"name": "Juniper Networks"}, {"name": "Network Stocks"}, {"name": "networks"}]}, {"id": 7830887, "author": "Benzinga", "created": "Tue, 12 Apr 2016 13:13:55 -0400", "updated": "Tue, 12 Apr 2016 13:13:55 -0400", "title": "Implications For Caterpillar Amid Continued Strength In Chinese Excavator Industry", "teaser": "", "body": "", "url": "https://www.benzinga.com/node/7830887", "image": [], "channels": [{"name": "Analyst Color"}, {"name": "News"}, {"name": "Price Target"}, {"name": "Reiteration"}, {"name": "Analyst Ratings"}], "stocks": [{"name": "CAT"}], "tags": []}, {"id": 7830914, "author": "Benzinga", "created": "Tue, 12 Apr 2016 13:18:29 -0400", "updated": "Tue, 12 Apr 2016 13:19:00 -0400", "title": "Report: Chevron May Have Found A Buyer For Its $3 Billion Asian Geothermal Assets", "teaser": "", "body": "", "url": "https://www.benzinga.com/node/7830914", "image": [], "channels": [{"name": "News"}, {"name": "Emerging Markets"}, {"name": "Rumors"}, {"name": "Asset Sales"}, {"name": "Markets"}, {"name": "Movers"}, {"name": "Trading Ideas"}], "stocks": [{"name": "CVX"}], "tags": [{"name": "Bloomberg"}, {"name": "Chevron"}, {"name": "China Investment Corp"}, {"name": "geothermal power"}, {"name": "Malakoff"}, {"name": "ormat technologies"}]}, {"id": 7830621, "author": "Benzinga", "created": "Tue, 12 Apr 2016 12:18:29 -0400", "updated": "Tue, 12 Apr 2016 13:22:16 -0400", "title": "Another Lackluster Quarter For PC Sales, Says Gartner", "teaser": "", "body": "", "url": "https://www.benzinga.com/node/7830621", "image": [], "channels": [{"name": "Analyst Color"}, {"name": "News"}, {"name": "Retail Sales"}, {"name": "Analyst Ratings"}, {"name": "Tech"}, {"name": "Trading Ideas"}], "stocks": [{"name": "AAPL"}, {"name": "HPQ"}, {"name": "LNVGY"}], "tags": [{"name": "Apple"}, {"name": "asus"}, {"name": "DELL"}, {"name": "Gartner"}, {"name": "HP"}, {"name": "Lenovo"}, {"name": "Mikako Kitagawa"}, {"name": "PC Sales"}, {"name": "PC Shipments"}]}, {"id": 7830789, "author": "Benzinga", "created": "Tue, 12 Apr 2016 13:36:52 -0400", "updated": "Tue, 12 Apr 2016 13:36:52 -0400", "title": "International Business Machines To Demonstrate New Capabilities Of Aspera Files At NAB 2016", "teaser": "", "body": "", "url": "https://www.benzinga.com/node/7830789", "image": [], "channels": [{"name": "News"}, {"name": "Tech"}, {"name": "Press Releases"}], "stocks": [{"name": "IBM"}], "tags": []}, {"id": 7831459, "author": "Benzinga", "created": "Tue, 12 Apr 2016 15:02:11 -0400", "updated": "Tue, 12 Apr 2016 15:02:47 -0400", "title": "Sell-Side Reactions To Juniper's Q1 Warning", "teaser": "", "body": "", "url": "https://www.benzinga.com/node/7831459", "image": [], "channels": [{"name": "Analyst Color"}, {"name": "Earnings"}, {"name": "News"}, {"name": "Guidance"}, {"name": "Price Target"}, {"name": "Analyst Ratings"}, {"name": "Movers"}], "stocks": [{"name": "ANET"}, {"name": "BRCD"}, {"name": "CIEN"}, {"name": "CLS"}, {"name": "CSCO"}, {"name": "FFIV"}, {"name": "FTNT"}, {"name": "JNPR"}, {"name": "PANW"}], "tags": []}, {"id": 7831835, "author": "Benzinga", "created": "Tue, 12 Apr 2016 16:33:04 -0400", "updated": "Tue, 12 Apr 2016 16:33:04 -0400", "title": "Goldman Mortgage Settlement Is Much Less Than Meets the Eye", "teaser": "", "body": "", "url": "https://www.benzinga.com/node/7831835", "image": [], "channels": [{"name": "News"}, {"name": "Legal"}, {"name": "Econ #s"}], "stocks": [{"name": "GS"}, {"name": "JPM"}, {"name": "MS"}], "tags": [{"name": "DOJ"}, {"name": "New York Times"}]}, {"id": 7831674, "author": "Benzinga", "created": "Tue, 12 Apr 2016 16:43:09 -0400", "updated": "Tue, 12 Apr 2016 16:43:09 -0400", "title": "Bad Juniper Data Could Be An Omen For More Tech Layoffs", "teaser": "", "body": "", "url": "https://www.benzinga.com/node/7831674", "image": [], "channels": [{"name": "Analyst Color"}, {"name": "News"}, {"name": "Economics"}, {"name": "Analyst Ratings"}, {"name": "Tech"}], "stocks": [{"name": "CSCO"}, {"name": "EMC"}, {"name": "FFIV"}, {"name": "HPE"}, {"name": "HPQ"}, {"name": "IBM"}, {"name": "JNPR"}, {"name": "MSFT"}, {"name": "NTAP"}, {"name": "ORCL"}, {"name": "SYMC"}, {"name": "VMW"}, {"name": "YELP"}, {"name": "YHOO"}], "tags": [{"name": "Global Equities Research"}, {"name": "Trip Chowdhry"}]}, {"id": 7832588, "author": "Benzinga", "created": "Tue, 12 Apr 2016 17:17:51 -0400", "updated": "Tue, 12 Apr 2016 17:17:52 -0400", "title": "After-Hours Recap: Medivation, Valeant, CSX & More", "teaser": "", "body": "", "url": "https://www.benzinga.com/node/7832588", "image": [], "channels": [{"name": "Earnings"}, {"name": "News"}, {"name": "FDA"}, {"name": "M&A"}, {"name": "After-Hours Center"}, {"name": "Movers"}], "stocks": [{"name": "ALXN"}, {"name": "CHK"}, {"name": "CSX"}, {"name": "CVX"}, {"name": "DIA"}, {"name": "DK"}, {"name": "FAST"}, {"name": "JNPR"}, {"name": "LAYN"}, {"name": "MDVN"}, {"name": "NFLX"}, {"name": "OAS"}, {"name": "PERY"}, {"name": "PTIE"}, {"name": "QQQ"}, {"name": "SNY"}, {"name": "SPX"}, {"name": "SPY"}, {"name": "SWN"}, {"name": "TLRD"}, {"name": "VRX"}, {"name": "WMT"}], "tags": []}]