[{"id": 8491142, "author": "Benzinga", "created": "Sun, 25 Sep 2016 13:16:20 -0400", "updated": "Sun, 25 Sep 2016 13:16:20 -0400", "title": "Cloud IPO Apptio Soars In Market Debut", "teaser": "", "body": "", "url": "https://www.benzinga.com/node/8491142", "image": [], "channels": [{"name": "CNBC"}, {"name": "News"}, {"name": "IPOs"}, {"name": "Movers"}, {"name": "Tech"}, {"name": "Media"}], "stocks": [{"name": "APTI"}, {"name": "BA"}, {"name": "CSCO"}, {"name": "KO"}, {"name": "MSFT"}], "tags": [{"name": "Andreesen Horowitz"}, {"name": "Goldman Sachs"}, {"name": "Greylock Partners"}, {"name": "JPMorgan"}, {"name": "Seattle Times"}, {"name": "Sunny Gupta"}, {"name": "VC Funds"}]}, {"id": 8492739, "author": "Benzinga", "created": "Sun, 25 Sep 2016 14:08:26 -0400", "updated": "Sun, 25 Sep 2016 14:08:27 -0400", "title": "Can Nike Or Pepsi Beat Low Earnings Expectations?", "teaser": "", "body": "", "url": "https://www.benzinga.com/node/8492739", "image": [], "channels": [{"name": "Earnings"}, {"name": "News"}, {"name": "Previews"}, {"name": "Crowdsourcing"}, {"name": "Trading Ideas"}, {"name": "General"}], "stocks": [{"name": "NKE"}, {"name": "PEP"}], "tags": [{"name": "accenture"}, {"name": "Blackberry"}, {"name": "carnival"}, {"name": "conagra foods"}, {"name": "Constellation Brands"}, {"name": "Costco"}, {"name": "Darden Restaurants"}, {"name": "Earnings Expectations"}, {"name": "Estimize"}, {"name": "mccormick"}, {"name": "Micron"}, {"name": "Monsanto"}, {"name": "Paychex"}, {"name": "Pier 1 Imports"}, {"name": "YUM"}]}, {"id": 8493027, "author": "Benzinga", "created": "Sun, 25 Sep 2016 21:03:40 -0400", "updated": "Sun, 25 Sep 2016 21:03:41 -0400", "title": "Benzinga's Weekend M&A Chatter", "teaser": "", "body": "", "url": "https://www.benzinga.com/node/8493027", "image": [], "channels": [{"name": "News"}, {"name": "Rumors"}, {"name": "M&A"}, {"name": "Movers"}], "stocks": [{"name": "CHMT"}, {"name": "CRM"}, {"name": "GOOGL"}, {"name": "LNXSF"}, {"name": "ODP"}, {"name": "TWTR"}, {"name": "VZ"}], "tags": []}]