[{"id": 7934436, "author": "Benzinga", "created": "Thu, 05 May 2016 04:36:07 -0400", "updated": "Thu, 05 May 2016 04:36:07 -0400", "title": "Earnings Scheduled For May 5, 2016", "teaser": "", "body": "", "url": "https://www.benzinga.com/node/7934436", "image": [], "channels": [{"name": "Earnings"}, {"name": "News"}, {"name": "Pre-Market Outlook"}, {"name": "Markets"}], "stocks": [{"name": "ABC"}, {"name": "APA"}, {"name": "ATVI"}, {"name": "AVP"}, {"name": "BABA"}, {"name": "BDX"}, {"name": "CHD"}, {"name": "CHK"}, {"name": "CVC"}, {"name": "DDD"}, {"name": "DISCA"}, {"name": "DK"}, {"name": "DWA"}, {"name": "ED"}, {"name": "ENDP"}, {"name": "EOG"}, {"name": "FEYE"}, {"name": "FLR"}, {"name": "G"}, {"name": "GPRO"}, {"name": "HII"}, {"name": "HLF"}, {"name": "IEP"}, {"name": "IT"}, {"name": "JEC"}, {"name": "K"}, {"name": "LOCO"}, {"name": "MDR"}, {"name": "MFC"}, {"name": "MGM"}, {"name": "MHK"}, {"name": "MRK"}, {"name": "MSI"}, {"name": "NGVC"}, {"name": "NRG"}, {"name": "OXY"}, {"name": "REGN"}, {"name": "RYI"}, {"name": "SBH"}, {"name": "SFM"}, {"name": "SPWR"}, {"name": "TDC"}, {"name": "THS"}, {"name": "TIME"}, {"name": "TRUE"}, {"name": "WYNN"}, {"name": "YELP"}], "tags": [{"name": "Earnings schedule"}]}, {"id": 7934472, "author": "Benzinga", "created": "Thu, 05 May 2016 05:04:50 -0400", "updated": "Thu, 05 May 2016 05:04:50 -0400", "title": "12 Stocks To Watch For May 5, 2016", "teaser": "", "body": "", "url": "https://www.benzinga.com/node/7934472", "image": [], "channels": [{"name": "Earnings"}, {"name": "News"}, {"name": "Guidance"}, {"name": "Pre-Market Outlook"}, {"name": "Markets"}, {"name": "Trading Ideas"}], "stocks": [{"name": "ABC"}, {"name": "ATVI"}, {"name": "BABA"}, {"name": "DISCA"}, {"name": "FIT"}, {"name": "GPRO"}, {"name": "K"}, {"name": "MGM"}, {"name": "MRK"}, {"name": "TRIP"}, {"name": "TSLA"}, {"name": "WFM"}], "tags": [{"name": "Stocks To Watch"}, {"name": "Stocks to Watch"}]}, {"id": 7935288, "author": "Benzinga", "created": "Thu, 05 May 2016 07:41:36 -0400", "updated": "Thu, 05 May 2016 07:41:36 -0400", "title": "Merck's Q1 Adjusted Profit beats, But Revenue Miss, Narrows Adjusted EPS FY16 Forecast", "teaser": "", "body": "", "url": "https://www.benzinga.com/node/7935288", "image": [], "channels": [{"name": "Earnings"}, {"name": "News"}, {"name": "Guidance"}], "stocks": [{"name": "MRK"}], "tags": []}, {"id": 7936704, "author": "Benzinga", "created": "Thu, 05 May 2016 09:54:18 -0400", "updated": "Thu, 05 May 2016 09:54:18 -0400", "title": "Mid-Morning Market Update: Markets Edge Higher; Merck Profit Beats Views", "teaser": "", "body": "", "url": "https://www.benzinga.com/node/7936704", "image": [], "channels": [{"name": "Earnings"}, {"name": "News"}, {"name": "Guidance"}, {"name": "Eurozone"}, {"name": "Commodities"}, {"name": "Global"}, {"name": "Intraday Update"}, {"name": "Markets"}], "stocks": [{"name": "AAWW"}, {"name": "AMRC"}, {"name": "AMZN"}, {"name": "DNR"}, {"name": "FRSH"}, {"name": "LGCY"}, {"name": "MRK"}, {"name": "PTX"}, {"name": "RRTS"}, {"name": "SYNC"}, {"name": "T"}, {"name": "TPC"}, {"name": "TWI"}, {"name": "ZUMZ"}], "tags": [{"name": "Energy"}, {"name": "Mid-Morning Market Update"}, {"name": "Oil & Gas Exploration & Production"}]}, {"id": 7936348, "author": "Benzinga", "created": "Thu, 05 May 2016 09:56:45 -0400", "updated": "Thu, 05 May 2016 09:56:46 -0400", "title": "Lumentum's Optical Datapoint Momentum Grows, So JPMorgan Is Upgrading The Stock", "teaser": "", "body": "", "url": "https://www.benzinga.com/node/7936348", "image": [], "channels": [{"name": "Analyst Color"}, {"name": "Earnings"}, {"name": "Long Ideas"}, {"name": "News"}, {"name": "Upgrades"}, {"name": "Price Target"}, {"name": "Analyst Ratings"}, {"name": "Tech"}, {"name": "Trading Ideas"}], "stocks": [{"name": "LITE"}, {"name": "VZ"}], "tags": [{"name": "JPMorgan"}, {"name": "Rod Hall"}]}, {"id": 7937401, "author": "Benzinga", "created": "Thu, 05 May 2016 11:15:04 -0400", "updated": "Thu, 05 May 2016 11:15:05 -0400", "title": "Markets Look Ready to Snap Downward Trend", "teaser": "", "body": "", "url": "https://www.benzinga.com/node/7937401", "image": [], "channels": [{"name": "Earnings"}, {"name": "News"}, {"name": "Guidance"}, {"name": "Commodities"}, {"name": "Global"}, {"name": "Federal Reserve"}, {"name": "Markets"}, {"name": "Analyst Ratings"}], "stocks": [{"name": "MCD"}, {"name": "TSLA"}], "tags": [{"name": "Consumer Discretionary"}, {"name": "Restaurants"}]}, {"id": 7937880, "author": "Benzinga", "created": "Thu, 05 May 2016 12:16:04 -0400", "updated": "Thu, 05 May 2016 12:16:04 -0400", "title": "Mid-Day Market Update: Fitbit Slides  On Weak Outlook; Atlas Air Worldwide Shares Shares Spike Higher", "teaser": "", "body": "", "url": "https://www.benzinga.com/node/7937880", "image": [], "channels": [{"name": "Earnings"}, {"name": "News"}, {"name": "Guidance"}, {"name": "Eurozone"}, {"name": "Commodities"}, {"name": "Global"}, {"name": "Intraday Update"}, {"name": "Markets"}, {"name": "Movers"}], "stocks": [{"name": "AAWW"}, {"name": "AMRC"}, {"name": "AMZN"}, {"name": "DNR"}, {"name": "FIT"}, {"name": "FRSH"}, {"name": "KONA"}, {"name": "LGCY"}, {"name": "MRK"}, {"name": "RRTS"}, {"name": "SYNC"}, {"name": "T"}, {"name": "TPC"}, {"name": "ZUMZ"}], "tags": [{"name": "Energy"}, {"name": "Mid-Day Market Update"}, {"name": "Oil & Gas Exploration & Production"}]}, {"id": 7938275, "author": "Benzinga", "created": "Thu, 05 May 2016 13:34:52 -0400", "updated": "Thu, 05 May 2016 13:34:53 -0400", "title": "Verizon Communications Shareholders Elects All 13 Directors", "teaser": "", "body": "", "url": "https://www.benzinga.com/node/7938275", "image": [], "channels": [{"name": "News"}], "stocks": [{"name": "VZ"}], "tags": []}, {"id": 7936968, "author": "Benzinga", "created": "Thu, 05 May 2016 13:47:24 -0400", "updated": "Thu, 05 May 2016 13:47:24 -0400", "title": "Hulu Adds More Value With Skinny Bundles, Original Series And Documentary Division", "teaser": "", "body": "", "url": "https://www.benzinga.com/node/7936968", "image": [], "channels": [{"name": "News"}, {"name": "Events"}, {"name": "Tech"}, {"name": "Trading Ideas"}, {"name": "General"}], "stocks": [{"name": "AAPL"}, {"name": "AMZN"}, {"name": "CBS"}, {"name": "DIS"}, {"name": "FOXA"}], "tags": [{"name": "Elizabeth Moss"}, {"name": "House"}, {"name": "Hugh Laurie"}, {"name": "Hulu"}, {"name": "Les Moonves"}, {"name": "live streaming"}, {"name": "Mad Men"}, {"name": "Ron Howard"}, {"name": "streaming services"}, {"name": "Streaming TV"}, {"name": "The Beatles: Eight Days A Week"}, {"name": "The Mindy Project"}, {"name": "The Path"}]}, {"id": 7937572, "author": "Benzinga", "created": "Thu, 05 May 2016 13:57:38 -0400", "updated": "Thu, 05 May 2016 13:57:38 -0400", "title": "Sohn Strategy: Go Long The Shorts, Short The Longs", "teaser": "", "body": "", "url": "https://www.benzinga.com/node/7937572", "image": [], "channels": [{"name": "Long Ideas"}, {"name": "News"}, {"name": "Broad U.S. Equity ETFs"}, {"name": "Short Ideas"}, {"name": "Specialty ETFs"}, {"name": "Emerging Market ETFs"}, {"name": "Events"}, {"name": "Trading Ideas"}, {"name": "ETFs"}], "stocks": [{"name": "ABBV"}, {"name": "AMZN"}, {"name": "ANTM"}, {"name": "BKD"}, {"name": "CLR"}, {"name": "EWJ"}, {"name": "GM"}, {"name": "H"}, {"name": "HYG"}, {"name": "MSFT"}, {"name": "PXD"}, {"name": "SPY"}, {"name": "TMO"}, {"name": "VRX"}, {"name": "WRK"}, {"name": "YUM"}], "tags": [{"name": "Bill Ackman"}, {"name": "David Einhorn"}, {"name": "David Tepper"}, {"name": "Helen Meisler"}, {"name": "Ira Sohn Conference"}, {"name": "Jeff Gundlach"}, {"name": "Larry Robbins"}, {"name": "Leon Cooperman"}, {"name": "Mala Gaonkar"}, {"name": "RealMoney"}, {"name": "Sohn Conference"}]}, {"id": 7938610, "author": "Benzinga", "created": "Thu, 05 May 2016 14:31:18 -0400", "updated": "Thu, 05 May 2016 14:31:19 -0400", "title": "Mid-Afternoon Market Update: U.S. Stocks Turn Lower; Zynga Shares Rise Following Earnings Beat", "teaser": "", "body": "", "url": "https://www.benzinga.com/node/7938610", "image": [], "channels": [{"name": "Earnings"}, {"name": "News"}, {"name": "Guidance"}, {"name": "Eurozone"}, {"name": "Commodities"}, {"name": "Global"}, {"name": "Intraday Update"}, {"name": "Markets"}, {"name": "Movers"}], "stocks": [{"name": "AAWW"}, {"name": "AMRC"}, {"name": "AMZN"}, {"name": "CLR"}, {"name": "FIT"}, {"name": "FRSH"}, {"name": "KONA"}, {"name": "LGCY"}, {"name": "MRK"}, {"name": "RRTS"}, {"name": "SYNC"}, {"name": "T"}, {"name": "ZNGA"}, {"name": "ZUMZ"}], "tags": [{"name": "Energy"}, {"name": "Mid-Afternoon Market Update"}, {"name": "Oil & Gas Exploration & Production"}]}, {"id": 7941683, "author": "Benzinga", "created": "Thu, 05 May 2016 20:02:53 -0400", "updated": "Thu, 05 May 2016 20:02:53 -0400", "title": "Benzinga's M&A Chatter for Thursday May 5, 2016", "teaser": "", "body": "", "url": "https://www.benzinga.com/node/7941683", "image": [], "channels": [{"name": "News"}, {"name": "Rumors"}, {"name": "M&A"}, {"name": "Movers"}], "stocks": [{"name": "AMGN"}, {"name": "ETE"}, {"name": "MDVN"}, {"name": "NVS"}, {"name": "PFE"}, {"name": "SNY"}, {"name": "TWC"}, {"name": "VG"}, {"name": "WMB"}], "tags": []}, {"id": 7940888, "author": "Benzinga", "created": "Thu, 05 May 2016 17:41:24 -0400", "updated": "Fri, 06 May 2016 06:32:23 -0400", "title": "How Much Is 'Star Wars' Really Worth To Disney?", "teaser": "", "body": "", "url": "https://www.benzinga.com/node/7940888", "image": [], "channels": [{"name": "News"}, {"name": "Education"}, {"name": "General"}], "stocks": [{"name": "DIS"}], "tags": [{"name": "Aswath Damodaran"}, {"name": "Star Wars"}, {"name": "Star Wars: The Force Awakens"}]}]