[{"id": 8576268, "author": "Benzinga", "created": "Wed, 19 Oct 2016 04:18:35 -0400", "updated": "Wed, 19 Oct 2016 04:18:35 -0400", "title": "Earnings Scheduled For October 19, 2016", "teaser": "", "body": "", "url": "https://www.benzinga.com/node/8576268", "image": [], "channels": [{"name": "Earnings"}, {"name": "News"}, {"name": "Pre-Market Outlook"}, {"name": "Markets"}], "stocks": [{"name": "ABT"}, {"name": "APH"}, {"name": "ASML"}, {"name": "AXP"}, {"name": "BBT"}, {"name": "BJRI"}, {"name": "CCK"}, {"name": "CP"}, {"name": "CTXS"}, {"name": "DOV"}, {"name": "EBAY"}, {"name": "FTI"}, {"name": "GPC"}, {"name": "HAL"}, {"name": "HNI"}, {"name": "KMI"}, {"name": "LRCX"}, {"name": "MAT"}, {"name": "MS"}, {"name": "MTB"}, {"name": "PKG"}, {"name": "RAI"}, {"name": "SCSS"}, {"name": "STJ"}, {"name": "STLD"}, {"name": "STX"}, {"name": "SVU"}, {"name": "TSCO"}, {"name": "TUP"}, {"name": "URI"}, {"name": "USB"}, {"name": "VMI"}, {"name": "WDFC"}, {"name": "XLNX"}], "tags": [{"name": "Consumer Discretionary"}, {"name": "Earnings schedule"}, {"name": "Information Technology"}, {"name": "Leisure Products"}, {"name": "Semiconductor Equipment"}]}, {"id": 8576293, "author": "Benzinga", "created": "Wed, 19 Oct 2016 04:47:14 -0400", "updated": "Wed, 19 Oct 2016 04:47:14 -0400", "title": "Keep an Eye on These 10 Stocks for October 19, 2016", "teaser": "", "body": "", "url": "https://www.benzinga.com/node/8576293", "image": [], "channels": [{"name": "Earnings"}, {"name": "News"}, {"name": "Guidance"}, {"name": "Pre-Market Outlook"}, {"name": "Markets"}, {"name": "Trading Ideas"}], "stocks": [{"name": "AXP"}, {"name": "EBAY"}, {"name": "HAL"}, {"name": "INTC"}, {"name": "ISRG"}, {"name": "MAT"}, {"name": "MS"}, {"name": "STX"}, {"name": "USB"}, {"name": "YHOO"}], "tags": [{"name": "Consumer Discretionary"}, {"name": "Leisure Products"}, {"name": "Stocks To Watch"}, {"name": "Stocks to Watch"}]}, {"id": 8576695, "author": "Benzinga", "created": "Wed, 19 Oct 2016 07:24:18 -0400", "updated": "Wed, 19 Oct 2016 07:24:19 -0400", "title": "Walgreens-Rite Aid Merger Is In Some Trouble Thanks To Kroger", "teaser": "", "body": "", "url": "https://www.benzinga.com/node/8576695", "image": [], "channels": [{"name": "News"}, {"name": "Rumors"}, {"name": "M&A"}, {"name": "Media"}], "stocks": [{"name": "CVS"}, {"name": "KR"}, {"name": "RAD"}, {"name": "WBA"}], "tags": [{"name": "FTC"}, {"name": "Pharmacy Chains"}, {"name": "Reetailers"}, {"name": "The New York Post"}, {"name": "Walgreens Rite Aid Merger"}]}, {"id": 8576811, "author": "Benzinga", "created": "Wed, 19 Oct 2016 07:42:45 -0400", "updated": "Wed, 19 Oct 2016 07:42:46 -0400", "title": "A Peek Into The Markets: U.S. Stock Futures Mixed Ahead Of Earnings", "teaser": "", "body": "", "url": "https://www.benzinga.com/node/8576811", "image": [], "channels": [{"name": "Earnings"}, {"name": "News"}, {"name": "Eurozone"}, {"name": "Futures"}, {"name": "Global"}, {"name": "Pre-Market Outlook"}, {"name": "Markets"}], "stocks": [{"name": "INTC"}, {"name": "MS"}, {"name": "RAI"}, {"name": "WFC"}, {"name": "YHOO"}], "tags": [{"name": "A Peek Into The Markets"}, {"name": "FBR Capital"}, {"name": "U.S. stock futures"}]}, {"id": 8576796, "author": "Benzinga", "created": "Wed, 19 Oct 2016 08:12:50 -0400", "updated": "Wed, 19 Oct 2016 08:12:51 -0400", "title": "Intel's Q4 Guidance Is Conservative", "teaser": "", "body": "", "url": "https://www.benzinga.com/node/8576796", "image": [], "channels": [{"name": "Analyst Color"}, {"name": "Earnings"}, {"name": "News"}, {"name": "Guidance"}, {"name": "Price Target"}, {"name": "Reiteration"}, {"name": "Analyst Ratings"}, {"name": "Tech"}], "stocks": [{"name": "INTC"}], "tags": [{"name": "Brean Capital"}, {"name": "Mike Burton"}]}, {"id": 8577073, "author": "Benzinga", "created": "Wed, 19 Oct 2016 08:20:53 -0400", "updated": "Wed, 19 Oct 2016 08:20:54 -0400", "title": "15 Stocks Moving In Wednesday's Pre-Market Session", "teaser": "", "body": "", "url": "https://www.benzinga.com/node/8577073", "image": [], "channels": [{"name": "News"}, {"name": "Movers & Shakers"}, {"name": "Pre-Market Outlook"}, {"name": "Markets"}, {"name": "Movers"}], "stocks": [{"name": "ACHC"}, {"name": "AMRN"}, {"name": "ASND"}, {"name": "BANC"}, {"name": "CREE"}, {"name": "CRK"}, {"name": "GNC"}, {"name": "IMPV"}, {"name": "INTC"}, {"name": "NKTR"}, {"name": "OMER"}, {"name": "PBYI"}, {"name": "SGMO"}, {"name": "STX"}, {"name": "YHOO"}], "tags": [{"name": "#PreMarket Gainers"}, {"name": "Losers"}, {"name": "Top Gainers"}]}, {"id": 8576798, "author": "Benzinga", "created": "Wed, 19 Oct 2016 08:25:17 -0400", "updated": "Wed, 19 Oct 2016 08:25:17 -0400", "title": "Goldman Sachs Concerned About Intel's Lack Of Growth, PC Business", "teaser": "", "body": "", "url": "https://www.benzinga.com/node/8576798", "image": [], "channels": [{"name": "Analyst Color"}, {"name": "Earnings"}, {"name": "News"}, {"name": "Guidance"}, {"name": "Price Target"}, {"name": "Reiteration"}, {"name": "Analyst Ratings"}, {"name": "Tech"}], "stocks": [{"name": "INTC"}], "tags": [{"name": "Goldman Sachs"}, {"name": "Toshiya Hari"}]}, {"id": 8576726, "author": "Benzinga", "created": "Wed, 19 Oct 2016 09:03:50 -0400", "updated": "Wed, 19 Oct 2016 09:03:51 -0400", "title": "The Market In 5 Minutes: Oil Inventories, Earnings Beats And A Walgreens-Rite Aid Snag", "teaser": "", "body": "", "url": "https://www.benzinga.com/node/8576726", "image": [], "channels": [{"name": "News"}, {"name": "Global"}, {"name": "Top Stories"}, {"name": "Pre-Market Outlook"}, {"name": "Markets"}], "stocks": [{"name": "BX"}, {"name": "CHRS"}, {"name": "CPB"}, {"name": "GS"}, {"name": "HAL"}, {"name": "INTC"}, {"name": "ISRG"}, {"name": "KO"}, {"name": "KR"}, {"name": "MS"}, {"name": "NFLX"}, {"name": "Q"}, {"name": "RAD"}, {"name": "RAI"}, {"name": "SPY"}, {"name": "SQ"}, {"name": "STJ"}, {"name": "TMH"}, {"name": "TWTR"}, {"name": "USO"}, {"name": "WBA"}, {"name": "WFC"}, {"name": "YHOO"}, {"name": "YUM"}], "tags": [{"name": "the market in 5 minutes"}]}, {"id": 8577127, "author": "Benzinga", "created": "Wed, 19 Oct 2016 09:10:13 -0400", "updated": "Wed, 19 Oct 2016 09:10:13 -0400", "title": "10 Questions Yahoo Investors Need Answers To", "teaser": "", "body": "", "url": "https://www.benzinga.com/node/8577127", "image": [], "channels": [{"name": "Analyst Color"}, {"name": "Earnings"}, {"name": "News"}, {"name": "Reiteration"}, {"name": "Analyst Ratings"}, {"name": "Movers"}, {"name": "Tech"}], "stocks": [{"name": "BABA"}, {"name": "VZ"}, {"name": "YHOO"}], "tags": [{"name": "Bob Peck"}, {"name": "Robert S. Peck"}, {"name": "SunTrust Robinson Humphrey"}]}, {"id": 8577390, "author": "Benzinga", "created": "Wed, 19 Oct 2016 09:20:19 -0400", "updated": "Wed, 19 Oct 2016 09:20:20 -0400", "title": "Imperva Shares Plunge Below $40 Amid Sale Concerns", "teaser": "", "body": "", "url": "https://www.benzinga.com/node/8577390", "image": [], "channels": [{"name": "Analyst Color"}, {"name": "News"}, {"name": "M&A"}, {"name": "Analyst Ratings"}, {"name": "Movers"}, {"name": "Tech"}, {"name": "Media"}, {"name": "Trading Ideas"}], "stocks": [{"name": "CSCO"}, {"name": "IBM"}, {"name": "IMPV"}], "tags": [{"name": "Bloomberg"}, {"name": "btig"}, {"name": "Cybersecurity"}, {"name": "Elliott"}, {"name": "JPMorgan"}, {"name": "Sterling Auty"}]}, {"id": 8577385, "author": "Benzinga", "created": "Wed, 19 Oct 2016 09:24:27 -0400", "updated": "Wed, 19 Oct 2016 09:24:27 -0400", "title": "Intel Delivers A Better Q3 But Guides For A Soft Q4", "teaser": "", "body": "", "url": "https://www.benzinga.com/node/8577385", "image": [], "channels": [{"name": "Analyst Color"}, {"name": "Earnings"}, {"name": "Long Ideas"}, {"name": "News"}, {"name": "Guidance"}, {"name": "Price Target"}, {"name": "Reiteration"}, {"name": "Analyst Ratings"}, {"name": "Movers"}, {"name": "Tech"}, {"name": "Trading Ideas"}], "stocks": [{"name": "INTC"}], "tags": [{"name": "Barclays"}, {"name": "Blayne Curtis"}]}, {"id": 8577420, "author": "Benzinga", "created": "Wed, 19 Oct 2016 09:52:30 -0400", "updated": "Wed, 19 Oct 2016 09:52:31 -0400", "title": "Yahoo Still Trying To Get The Verizon Sale Done", "teaser": "", "body": "", "url": "https://www.benzinga.com/node/8577420", "image": [], "channels": [{"name": "Analyst Color"}, {"name": "Earnings"}, {"name": "Long Ideas"}, {"name": "News"}, {"name": "Guidance"}, {"name": "Price Target"}, {"name": "Reiteration"}, {"name": "Analyst Ratings"}, {"name": "Movers"}, {"name": "Tech"}, {"name": "Trading Ideas"}], "stocks": [{"name": "BABA"}, {"name": "VZ"}, {"name": "YHOO"}], "tags": [{"name": "Shyam Patil"}, {"name": "Susquehanna Financial"}]}, {"id": 8577455, "author": "Benzinga", "created": "Wed, 19 Oct 2016 09:57:42 -0400", "updated": "Wed, 19 Oct 2016 09:57:43 -0400", "title": "Why Lower Data Center Growth Targets Might Be In Intel's Best Interest", "teaser": "", "body": "", "url": "https://www.benzinga.com/node/8577455", "image": [], "channels": [{"name": "Analyst Color"}, {"name": "Earnings"}, {"name": "News"}, {"name": "Guidance"}, {"name": "Short Ideas"}, {"name": "Price Target"}, {"name": "Analyst Ratings"}, {"name": "Movers"}, {"name": "Tech"}, {"name": "Trading Ideas"}], "stocks": [{"name": "INTC"}], "tags": [{"name": "Joseph Moore"}, {"name": "Morgan Stanley"}]}, {"id": 8577691, "author": "Benzinga", "created": "Wed, 19 Oct 2016 10:18:43 -0400", "updated": "Wed, 19 Oct 2016 10:18:43 -0400", "title": "Apple Rumored To Be Unveiling New Macs", "teaser": "", "body": "", "url": "https://www.benzinga.com/node/8577691", "image": [], "channels": [{"name": "News"}, {"name": "Rumors"}, {"name": "Movers"}, {"name": "Tech"}, {"name": "Media"}, {"name": "Trading Ideas"}], "stocks": [{"name": "AAPL"}], "tags": [{"name": "macOS Sierra"}, {"name": "ReCode"}]}, {"id": 8577754, "author": "Benzinga", "created": "Wed, 19 Oct 2016 10:45:04 -0400", "updated": "Wed, 19 Oct 2016 10:45:04 -0400", "title": "Yahoo Reports Q3 Beat: Your Move, Verizon", "teaser": "", "body": "", "url": "https://www.benzinga.com/node/8577754", "image": [], "channels": [{"name": "Analyst Color"}, {"name": "Earnings"}, {"name": "News"}, {"name": "Guidance"}, {"name": "Price Target"}, {"name": "Reiteration"}, {"name": "Analyst Ratings"}, {"name": "Movers"}, {"name": "Tech"}], "stocks": [{"name": "VZ"}, {"name": "YHOO"}], "tags": [{"name": "BMO Capital Markets"}, {"name": "Daniel Salmon"}]}, {"id": 8578236, "author": "Benzinga", "created": "Wed, 19 Oct 2016 11:13:35 -0400", "updated": "Wed, 19 Oct 2016 11:13:35 -0400", "title": "Worst Performing Industries For October 19, 2016", "teaser": "", "body": "", "url": "https://www.benzinga.com/node/8578236", "image": [], "channels": [{"name": "News"}, {"name": "Movers & Shakers"}, {"name": "Intraday Update"}, {"name": "Markets"}], "stocks": [{"name": "AZO"}, {"name": "INTC"}, {"name": "LEDS"}, {"name": "RAI"}], "tags": [{"name": "Worst Performing Industries"}]}, {"id": 8577753, "author": "Benzinga", "created": "Wed, 19 Oct 2016 11:24:18 -0400", "updated": "Wed, 19 Oct 2016 11:24:18 -0400", "title": "Google's Pixel Phone Scores Highly In Pre-Release Reviews", "teaser": "", "body": "", "url": "https://www.benzinga.com/node/8577753", "image": [], "channels": [{"name": "Analyst Color"}, {"name": "News"}, {"name": "Events"}, {"name": "Movers"}, {"name": "Tech"}, {"name": "Media"}, {"name": "Trading Ideas"}], "stocks": [{"name": "AAPL"}, {"name": "GOOG"}, {"name": "GOOGL"}, {"name": "SSNLF"}], "tags": [{"name": "Allo"}, {"name": "CNET"}, {"name": "Duo"}, {"name": "Galaxy S7"}, {"name": "Galaxy S7 Edge"}, {"name": "Google Assistant"}, {"name": "Google Pixel"}, {"name": "Google Pixel XL"}, {"name": "Nougat"}, {"name": "Samsung"}, {"name": "Samsung Galaxy Note 7"}]}, {"id": 8578324, "author": "Benzinga", "created": "Wed, 19 Oct 2016 11:43:44 -0400", "updated": "Wed, 19 Oct 2016 11:43:44 -0400", "title": "Wal-Mart And Chill? Retailer Debuts New Streaming Service", "teaser": "", "body": "", "url": "https://www.benzinga.com/node/8578324", "image": [], "channels": [{"name": "News"}, {"name": "Tech"}], "stocks": [{"name": "NFLX"}, {"name": "WMT"}], "tags": [{"name": "Vudu"}, {"name": "Vudu Movies On Us"}]}, {"id": 8577908, "author": "Benzinga", "created": "Wed, 19 Oct 2016 12:07:28 -0400", "updated": "Wed, 19 Oct 2016 12:07:29 -0400", "title": "Johnson & Johnson's Robust Pipeline Supports Its Above-Average Valuation", "teaser": "", "body": "", "url": "https://www.benzinga.com/node/8577908", "image": [], "channels": [{"name": "Analyst Color"}, {"name": "Earnings"}, {"name": "Long Ideas"}, {"name": "News"}, {"name": "Guidance"}, {"name": "Health Care"}, {"name": "Price Target"}, {"name": "Reiteration"}, {"name": "Analyst Ratings"}, {"name": "Movers"}, {"name": "Trading Ideas"}, {"name": "General"}], "stocks": [{"name": "JNJ"}, {"name": "PFE"}], "tags": [{"name": "Argus"}, {"name": "David Toung"}, {"name": "Inflectra"}, {"name": "REMICADE"}]}, {"id": 8578672, "author": "Benzinga", "created": "Wed, 19 Oct 2016 12:36:40 -0400", "updated": "Wed, 19 Oct 2016 12:36:41 -0400", "title": "15 Biggest Mid-Day Losers For Wednesday", "teaser": "", "body": "", "url": "https://www.benzinga.com/node/8578672", "image": [], "channels": [{"name": "News"}, {"name": "Movers & Shakers"}, {"name": "Intraday Update"}, {"name": "Markets"}], "stocks": [{"name": "ACHC"}, {"name": "ASND"}, {"name": "CREE"}, {"name": "IMPV"}, {"name": "INTC"}, {"name": "MANH"}, {"name": "NKTR"}, {"name": "PBYI"}, {"name": "SGMO"}, {"name": "SVU"}, {"name": "UNF"}, {"name": "VDSI"}, {"name": "VIVO"}, {"name": "WSCI"}, {"name": "XOMA"}], "tags": [{"name": "Application Software"}, {"name": "Information Technology"}, {"name": "Mid-Day Losers"}, {"name": "Top Losers"}]}, {"id": 8578682, "author": "Benzinga", "created": "Wed, 19 Oct 2016 12:38:55 -0400", "updated": "Wed, 19 Oct 2016 12:38:57 -0400", "title": "Fed Speakers And Beige Book, Bank Earnings, Rising Crude Take Center Stage", "teaser": "", "body": "", "url": "https://www.benzinga.com/node/8578682", "image": [], "channels": [{"name": "Earnings"}, {"name": "News"}, {"name": "Events"}, {"name": "Global"}, {"name": "Econ #s"}, {"name": "Economics"}, {"name": "Markets"}, {"name": "ETFs"}, {"name": "General"}], "stocks": [{"name": "ABT"}, {"name": "AXP"}, {"name": "BAX"}, {"name": "EBAY"}, {"name": "GE"}, {"name": "JNJ"}, {"name": "MAT"}, {"name": "MCD"}, {"name": "MRK"}, {"name": "UNH"}], "tags": [{"name": "Consumer Discretionary"}, {"name": "Leisure Products"}, {"name": "Restaurants"}]}, {"id": 8578699, "author": "Benzinga", "created": "Wed, 19 Oct 2016 12:52:43 -0400", "updated": "Wed, 19 Oct 2016 12:52:43 -0400", "title": "This Apple Component Supplier Warned Of Sharply Lower Profits", "teaser": "", "body": "", "url": "https://www.benzinga.com/node/8578699", "image": [], "channels": [{"name": "News"}, {"name": "Guidance"}, {"name": "Tech"}], "stocks": [{"name": "AAPL"}], "tags": [{"name": "Apple Suppliers"}, {"name": "Apple Supply Chain"}, {"name": "electronics"}, {"name": "Laird"}]}, {"id": 8578304, "author": "Benzinga", "created": "Wed, 19 Oct 2016 13:23:20 -0400", "updated": "Wed, 19 Oct 2016 13:23:21 -0400", "title": "Goldman Sachs Delivers Q3 Beat, But BMO Still Prefers Citigroup And Morgan Stanley", "teaser": "", "body": "", "url": "https://www.benzinga.com/node/8578304", "image": [], "channels": [{"name": "Analyst Color"}, {"name": "Earnings"}, {"name": "News"}, {"name": "Price Target"}, {"name": "Reiteration"}, {"name": "Analyst Ratings"}, {"name": "Movers"}], "stocks": [{"name": "C"}, {"name": "GS"}, {"name": "MS"}], "tags": [{"name": "BMO Capital Markets"}, {"name": "James Fotheringham"}]}, {"id": 8578425, "author": "Benzinga", "created": "Wed, 19 Oct 2016 13:45:04 -0400", "updated": "Wed, 19 Oct 2016 13:45:04 -0400", "title": "How UnitedHealth Should Give A Boost To Walgreens' 2017 Guidance", "teaser": "", "body": "", "url": "https://www.benzinga.com/node/8578425", "image": [], "channels": [{"name": "Analyst Color"}, {"name": "Earnings"}, {"name": "Long Ideas"}, {"name": "News"}, {"name": "Guidance"}, {"name": "Price Target"}, {"name": "Previews"}, {"name": "Reiteration"}, {"name": "Analyst Ratings"}, {"name": "Trading Ideas"}], "stocks": [{"name": "ESRX"}, {"name": "RAD"}, {"name": "UNH"}, {"name": "WBA"}], "tags": [{"name": "Credit Suisse"}, {"name": "OptimumRX"}, {"name": "Robert Willoughby"}]}, {"id": 8578707, "author": "Benzinga", "created": "Wed, 19 Oct 2016 14:25:16 -0400", "updated": "Wed, 19 Oct 2016 14:25:16 -0400", "title": "Yahoo Discloses Traffic Stats To Smooth Over Investor's Data Breach Concerns", "teaser": "", "body": "", "url": "https://www.benzinga.com/node/8578707", "image": [], "channels": [{"name": "Analyst Color"}, {"name": "Earnings"}, {"name": "News"}, {"name": "Reiteration"}, {"name": "Analyst Ratings"}, {"name": "Movers"}, {"name": "Tech"}], "stocks": [{"name": "VZ"}, {"name": "YHOO"}], "tags": [{"name": "Credit Suisse"}, {"name": "Stephen Ju"}]}, {"id": 8578823, "author": "Benzinga", "created": "Wed, 19 Oct 2016 15:22:44 -0400", "updated": "Wed, 19 Oct 2016 15:22:45 -0400", "title": "Advanced Micro Devices' Q3 Earnings Preview: Mixed Voices From The Street", "teaser": "", "body": "", "url": "https://www.benzinga.com/node/8578823", "image": [], "channels": [{"name": "Analyst Color"}, {"name": "Earnings"}, {"name": "Long Ideas"}, {"name": "News"}, {"name": "Short Ideas"}, {"name": "Upgrades"}, {"name": "Initiation"}, {"name": "Previews"}, {"name": "Reiteration"}, {"name": "Analyst Ratings"}, {"name": "Movers"}, {"name": "Tech"}, {"name": "Trading Ideas"}], "stocks": [{"name": "AMD"}, {"name": "INTC"}], "tags": [{"name": "Barclays"}, {"name": "Bernstein"}, {"name": "Canaccord Genuity"}, {"name": "Credit Suisse"}, {"name": "Oppenheimer"}, {"name": "Susquehanna"}]}, {"id": 8579901, "author": "Benzinga", "created": "Wed, 19 Oct 2016 16:34:16 -0400", "updated": "Wed, 19 Oct 2016 16:34:17 -0400", "title": "American Express Up 5% After Big Earnings Beat", "teaser": "", "body": "", "url": "https://www.benzinga.com/node/8579901", "image": [], "channels": [{"name": "Earnings"}, {"name": "News"}, {"name": "Guidance"}, {"name": "After-Hours Center"}, {"name": "Movers"}], "stocks": [{"name": "AXP"}, {"name": "COST"}], "tags": []}, {"id": 8580790, "author": "Benzinga", "created": "Wed, 19 Oct 2016 22:16:31 -0400", "updated": "Wed, 19 Oct 2016 22:16:32 -0400", "title": "Benzinga's M&A Chatter for Wednesday, October 19, 2016", "teaser": "", "body": "", "url": "https://www.benzinga.com/node/8580790", "image": [], "channels": [{"name": "News"}, {"name": "Rumors"}, {"name": "M&A"}, {"name": "Movers"}], "stocks": [{"name": "AKAM"}, {"name": "CRM"}, {"name": "CSCO"}, {"name": "DATA"}, {"name": "FTNT"}, {"name": "IBM"}, {"name": "IMPV"}, {"name": "KORS"}, {"name": "KR"}, {"name": "RAD"}, {"name": "RTN"}, {"name": "WBA"}], "tags": []}]