[{"id": 8230259, "author": "Benzinga", "created": "Tue, 19 Jul 2016 04:09:38 -0400", "updated": "Tue, 19 Jul 2016 04:09:38 -0400", "title": "Earnings Scheduled For July 19, 2016", "teaser": "", "body": "", "url": "https://www.benzinga.com/node/8230259", "image": [], "channels": [{"name": "Earnings"}, {"name": "News"}, {"name": "Pre-Market Outlook"}, {"name": "Markets"}], "stocks": [{"name": "AMTD"}, {"name": "AWH"}, {"name": "CMA"}, {"name": "CTAS"}, {"name": "DFS"}, {"name": "ERIC"}, {"name": "GPC"}, {"name": "GS"}, {"name": "GWW"}, {"name": "HLX"}, {"name": "IBKR"}, {"name": "ISRG"}, {"name": "JNJ"}, {"name": "KSU"}, {"name": "LMT"}, {"name": "MANH"}, {"name": "MSFT"}, {"name": "MTG"}, {"name": "NVS"}, {"name": "PM"}, {"name": "RF"}, {"name": "SNV"}, {"name": "UAL"}, {"name": "UNH"}, {"name": "WIT"}, {"name": "WTFC"}], "tags": [{"name": "Aerospace & Defense"}, {"name": "Application Software"}, {"name": "Earnings schedule"}, {"name": "Industrials"}, {"name": "Information Technology"}]}, {"id": 8230345, "author": "Benzinga", "created": "Tue, 19 Jul 2016 05:02:27 -0400", "updated": "Tue, 19 Jul 2016 05:02:27 -0400", "title": "Keep an Eye on These 12 Stocks for July 19, 2016", "teaser": "", "body": "", "url": "https://www.benzinga.com/node/8230345", "image": [], "channels": [{"name": "Earnings"}, {"name": "News"}, {"name": "Pre-Market Outlook"}, {"name": "Markets"}, {"name": "Trading Ideas"}], "stocks": [{"name": "DFS"}, {"name": "GS"}, {"name": "IBM"}, {"name": "JNJ"}, {"name": "LMT"}, {"name": "MSFT"}, {"name": "NFLX"}, {"name": "PM"}, {"name": "UAL"}, {"name": "UNH"}, {"name": "VMW"}, {"name": "YHOO"}], "tags": [{"name": "Aerospace & Defense"}, {"name": "Industrials"}, {"name": "Stocks To Watch"}, {"name": "Stocks to Watch"}]}, {"id": 8230988, "author": "Benzinga", "created": "Tue, 19 Jul 2016 07:48:07 -0400", "updated": "Tue, 19 Jul 2016 07:48:07 -0400", "title": "Investors Cheer Johnson & Johnson's Q2 Results", "teaser": "", "body": "", "url": "https://www.benzinga.com/node/8230988", "image": [], "channels": [{"name": "Earnings"}, {"name": "News"}, {"name": "Guidance"}], "stocks": [{"name": "JNJ"}], "tags": []}, {"id": 8231057, "author": "Benzinga", "created": "Tue, 19 Jul 2016 07:55:14 -0400", "updated": "Tue, 19 Jul 2016 07:56:27 -0400", "title": "A Peek Into The Markets: U.S. Stock Futures Down Ahead Of Earnings", "teaser": "", "body": "", "url": "https://www.benzinga.com/node/8231057", "image": [], "channels": [{"name": "Earnings"}, {"name": "News"}, {"name": "Eurozone"}, {"name": "Futures"}, {"name": "Global"}, {"name": "Pre-Market Outlook"}, {"name": "Markets"}], "stocks": [{"name": "JNJ"}, {"name": "LMT"}, {"name": "NFLX"}, {"name": "STX"}, {"name": "YHOO"}], "tags": [{"name": "Citigroup"}, {"name": "U.S. stock futures"}]}, {"id": 8231323, "author": "Benzinga", "created": "Tue, 19 Jul 2016 08:20:52 -0400", "updated": "Tue, 19 Jul 2016 08:20:52 -0400", "title": "12 Stocks Moving In Tuesday's Pre-Market Session", "teaser": "", "body": "", "url": "https://www.benzinga.com/node/8231323", "image": [], "channels": [{"name": "News"}, {"name": "Movers & Shakers"}, {"name": "Pre-Market Outlook"}, {"name": "Markets"}, {"name": "Movers"}], "stocks": [{"name": "CPLP"}, {"name": "EBIO"}, {"name": "ERIC"}, {"name": "JNJ"}, {"name": "LMT"}, {"name": "NFLX"}, {"name": "RYI"}, {"name": "SMCI"}, {"name": "TSEM"}, {"name": "UNH"}, {"name": "VMW"}, {"name": "YHOO"}], "tags": [{"name": "#PreMarket Gainers"}, {"name": "Aerospace & Defense"}, {"name": "Industrials"}, {"name": "Losers"}, {"name": "Top Gainers"}]}, {"id": 8229855, "author": "Benzinga", "created": "Tue, 19 Jul 2016 08:21:04 -0400", "updated": "Tue, 19 Jul 2016 08:21:05 -0400", "title": "Earnings Avalanche Puts Emphasis On Leveraged Tech ETFs", "teaser": "", "body": "", "url": "https://www.benzinga.com/node/8229855", "image": [], "channels": [{"name": "Earnings"}, {"name": "Long Ideas"}, {"name": "News"}, {"name": "Sector ETFs"}, {"name": "Short Ideas"}, {"name": "Specialty ETFs"}, {"name": "Previews"}, {"name": "Top Stories"}, {"name": "Tech"}, {"name": "Trading Ideas"}, {"name": "ETFs"}], "stocks": [{"name": "AAPL"}, {"name": "FB"}, {"name": "GOOG"}, {"name": "GOOGL"}, {"name": "IBM"}, {"name": "INTC"}, {"name": "MSFT"}, {"name": "QCOM"}, {"name": "SOXL"}, {"name": "SOXS"}, {"name": "TECL"}, {"name": "TECS"}, {"name": "XLK"}], "tags": [{"name": "industry leveraged ETFs"}, {"name": "Leveraged ETFs"}, {"name": "leveraged tech ETFs"}]}, {"id": 8230849, "author": "Benzinga", "created": "Tue, 19 Jul 2016 08:30:42 -0400", "updated": "Tue, 19 Jul 2016 08:30:42 -0400", "title": "Here Are The 14 Stocks Morgan Stanley Wants You To Focus On During Q2 Earnings", "teaser": "", "body": "", "url": "https://www.benzinga.com/node/8230849", "image": [], "channels": [{"name": "Analyst Color"}, {"name": "Earnings"}, {"name": "News"}, {"name": "Previews"}, {"name": "Top Stories"}, {"name": "Analyst Ratings"}, {"name": "Trading Ideas"}], "stocks": [{"name": "BKU"}, {"name": "CXO"}, {"name": "GILD"}, {"name": "HRC"}, {"name": "JWN"}, {"name": "LULU"}, {"name": "MSFT"}, {"name": "NXPI"}, {"name": "PCLN"}, {"name": "PFE"}, {"name": "RAX"}, {"name": "RLYP"}, {"name": "SHW"}, {"name": "UNFI"}], "tags": [{"name": "Earnings"}, {"name": "Morgan Stanley"}, {"name": "Top Stock Picks"}]}, {"id": 8231017, "author": "Benzinga", "created": "Tue, 19 Jul 2016 08:48:10 -0400", "updated": "Tue, 19 Jul 2016 08:48:10 -0400", "title": "The Market In 5 Minutes: Netflix Earnings Disappoint, Goldman Sachs Has Big Beat", "teaser": "", "body": "", "url": "https://www.benzinga.com/node/8231017", "image": [], "channels": [{"name": "Earnings"}, {"name": "News"}, {"name": "Global"}, {"name": "Top Stories"}, {"name": "Pre-Market Outlook"}, {"name": "Markets"}], "stocks": [{"name": "AMZN"}, {"name": "GS"}, {"name": "HAL"}, {"name": "HAS"}, {"name": "IBM"}, {"name": "JNJ"}, {"name": "MBLY"}, {"name": "MIK"}, {"name": "MON"}, {"name": "NFLX"}, {"name": "ORCL"}, {"name": "PM"}, {"name": "SLB"}, {"name": "SPY"}, {"name": "STLD"}, {"name": "TROX"}, {"name": "TSRO"}, {"name": "USO"}, {"name": "V"}, {"name": "WMT"}, {"name": "YHOO"}], "tags": [{"name": "the market in 5 minutes"}]}, {"id": 8232042, "author": "Benzinga", "created": "Tue, 19 Jul 2016 09:56:53 -0400", "updated": "Tue, 19 Jul 2016 09:56:53 -0400", "title": "Mid-Morning Market Update: Markets Edge Lower; Goldman Sachs Profit Beats Estimates", "teaser": "", "body": "", "url": "https://www.benzinga.com/node/8232042", "image": [], "channels": [{"name": "Earnings"}, {"name": "News"}, {"name": "Guidance"}, {"name": "Eurozone"}, {"name": "Commodities"}, {"name": "Global"}, {"name": "Intraday Update"}, {"name": "Markets"}, {"name": "Movers"}], "stocks": [{"name": "BLIN"}, {"name": "CERS"}, {"name": "CERU"}, {"name": "DXCM"}, {"name": "GS"}, {"name": "HDSN"}, {"name": "NFLX"}, {"name": "RIO"}, {"name": "SCLN"}, {"name": "SMCI"}, {"name": "VALE"}], "tags": [{"name": "Mid-Morning Market Update"}]}, {"id": 8232146, "author": "Benzinga", "created": "Tue, 19 Jul 2016 10:09:42 -0400", "updated": "Tue, 19 Jul 2016 10:09:43 -0400", "title": "Stocks Hitting 52-Week Highs", "teaser": "", "body": "", "url": "https://www.benzinga.com/node/8232146", "image": [], "channels": [{"name": "News"}, {"name": "Intraday Update"}, {"name": "Markets"}, {"name": "Movers"}], "stocks": [{"name": "AUO"}, {"name": "HDSN"}, {"name": "JNJ"}, {"name": "LMT"}], "tags": [{"name": "52 Week Highs"}, {"name": "52-Week Highs"}, {"name": "Aerospace & Defense"}, {"name": "Industrials"}]}, {"id": 8232376, "author": "Benzinga", "created": "Tue, 19 Jul 2016 11:13:30 -0400", "updated": "Tue, 19 Jul 2016 11:14:27 -0400", "title": "New Product Aims To Combat Dangerous Artificial Blue Light Exposure", "teaser": "", "body": "", "url": "https://www.benzinga.com/node/8232376", "image": [], "channels": [{"name": "News"}, {"name": "Health Care"}, {"name": "Success Stories"}, {"name": "Tech"}, {"name": "General"}], "stocks": [{"name": "AAPL"}, {"name": "AMZN"}], "tags": [{"name": "blue light"}, {"name": "James Swanwick"}, {"name": "Swannies"}]}, {"id": 8232890, "author": "Benzinga", "created": "Tue, 19 Jul 2016 12:06:34 -0400", "updated": "Tue, 19 Jul 2016 12:15:43 -0400", "title": "Earnings: HAL's Tie to Oil Prices Could Set Stage for Quarterly Loss", "teaser": "", "body": "", "url": "https://www.benzinga.com/node/8232890", "image": [], "channels": [{"name": "Earnings"}, {"name": "News"}, {"name": "Guidance"}, {"name": "Commodities"}, {"name": "Markets"}, {"name": "Tech"}], "stocks": [{"name": "AMZN"}, {"name": "GE"}, {"name": "HAL"}, {"name": "IBM"}, {"name": "JNJ"}, {"name": "LNKD"}, {"name": "MSFT"}, {"name": "NFLX"}, {"name": "YHOO"}], "tags": []}, {"id": 8232920, "author": "Benzinga", "created": "Tue, 19 Jul 2016 12:15:57 -0400", "updated": "Tue, 19 Jul 2016 12:15:58 -0400", "title": "Mid-Day Market Update: Netflix Shares Decline Following Q2 Results; Hudson Technologies Shares Surge", "teaser": "", "body": "", "url": "https://www.benzinga.com/node/8232920", "image": [], "channels": [{"name": "Earnings"}, {"name": "News"}, {"name": "Guidance"}, {"name": "Eurozone"}, {"name": "Commodities"}, {"name": "M&A"}, {"name": "Global"}, {"name": "Economics"}, {"name": "Intraday Update"}, {"name": "Markets"}, {"name": "Movers"}], "stocks": [{"name": "CERU"}, {"name": "GLDC"}, {"name": "GS"}, {"name": "HDSN"}, {"name": "NFLX"}, {"name": "NL"}, {"name": "SBLK"}, {"name": "SCLN"}, {"name": "SMCI"}, {"name": "VALE"}, {"name": "ZEUS"}], "tags": [{"name": "Mid-Day Market Update"}]}, {"id": 8228676, "author": "Benzinga", "created": "Tue, 19 Jul 2016 12:40:17 -0400", "updated": "Tue, 19 Jul 2016 12:40:18 -0400", "title": "Confusion, Fear, Relief: My Emotional Night In Istanbul During The Turkey Coup Attempt", "teaser": "", "body": "", "url": "https://www.benzinga.com/node/8228676", "image": [], "channels": [{"name": "News"}, {"name": "Politics"}, {"name": "Psychology"}, {"name": "Events"}, {"name": "Global"}, {"name": "Opinion"}, {"name": "Top Stories"}, {"name": "Exclusives"}, {"name": "General"}], "stocks": [{"name": "AAPL"}, {"name": "CEE"}, {"name": "EIDO"}, {"name": "GUR"}, {"name": "RGRO"}, {"name": "TKF"}, {"name": "TUR"}, {"name": "TWX"}], "tags": [{"name": "Erdogan"}, {"name": "Euronews"}, {"name": "Istanbul"}, {"name": "Turkey"}, {"name": "Turkey coup"}]}, {"id": 8232337, "author": "Benzinga", "created": "Tue, 19 Jul 2016 12:51:14 -0400", "updated": "Tue, 19 Jul 2016 12:51:14 -0400", "title": "Drexel Hamilton Highlights Upcoming Roadshows From Boeing And Others", "teaser": "", "body": "", "url": "https://www.benzinga.com/node/8232337", "image": [], "channels": [{"name": "News"}, {"name": "Previews"}, {"name": "Events"}, {"name": "Trading Ideas"}, {"name": "General"}], "stocks": [{"name": "APIC"}, {"name": "ARRS"}, {"name": "BA"}, {"name": "DSPG"}, {"name": "FLIR"}, {"name": "GTT"}, {"name": "HLIT"}, {"name": "MYCC"}, {"name": "ROG"}, {"name": "SHEN"}, {"name": "SNCR"}, {"name": "SWM"}, {"name": "VEC"}], "tags": [{"name": "Drexel Hamilton"}, {"name": "non-deal roadshows"}]}, {"id": 8232822, "author": "Benzinga", "created": "Tue, 19 Jul 2016 13:15:02 -0400", "updated": "Tue, 19 Jul 2016 13:15:03 -0400", "title": "Goldman Gives IBM Congrats On The Quarter, But Sees No Inflection Point Yet", "teaser": "", "body": "", "url": "https://www.benzinga.com/node/8232822", "image": [], "channels": [{"name": "Analyst Color"}, {"name": "Earnings"}, {"name": "News"}, {"name": "Reiteration"}, {"name": "Analyst Ratings"}], "stocks": [{"name": "IBM"}], "tags": [{"name": "Goldman Sachs"}, {"name": "James Schneider"}]}, {"id": 8232901, "author": "Benzinga", "created": "Tue, 19 Jul 2016 14:02:45 -0400", "updated": "Tue, 19 Jul 2016 14:02:45 -0400", "title": "Could Netflix Be An Acquisition Target?", "teaser": "", "body": "", "url": "https://www.benzinga.com/node/8232901", "image": [], "channels": [{"name": "Analyst Color"}, {"name": "News"}, {"name": "Rumors"}, {"name": "Price Target"}, {"name": "Reiteration"}, {"name": "M&A"}, {"name": "Analyst Ratings"}, {"name": "Movers"}, {"name": "Tech"}], "stocks": [{"name": "AAPL"}, {"name": "NFLX"}], "tags": [{"name": "BMO"}, {"name": "Daniel Salmon"}]}, {"id": 8233557, "author": "Benzinga", "created": "Tue, 19 Jul 2016 14:49:31 -0400", "updated": "Tue, 19 Jul 2016 14:49:31 -0400", "title": "Mid-Afternoon Market Update: Crude Oil Down 1.3%; VMware Shares Gain Following Upbeat Q2 Results", "teaser": "", "body": "", "url": "https://www.benzinga.com/node/8233557", "image": [], "channels": [{"name": "Earnings"}, {"name": "News"}, {"name": "Guidance"}, {"name": "Eurozone"}, {"name": "Commodities"}, {"name": "M&A"}, {"name": "Global"}, {"name": "Intraday Update"}, {"name": "Markets"}, {"name": "Movers"}], "stocks": [{"name": "CENX"}, {"name": "GLDC"}, {"name": "GS"}, {"name": "HDSN"}, {"name": "NFLX"}, {"name": "SCLN"}, {"name": "SMCI"}, {"name": "VMW"}, {"name": "ZEUS"}], "tags": [{"name": "Mid-Afternoon Market Update"}]}, {"id": 8234614, "author": "Benzinga", "created": "Tue, 19 Jul 2016 17:22:03 -0400", "updated": "Tue, 19 Jul 2016 17:22:03 -0400", "title": "7 Stocks Moving In Tuesday's After-Hours Hours", "teaser": "", "body": "", "url": "https://www.benzinga.com/node/8234614", "image": [], "channels": [{"name": "Earnings"}, {"name": "News"}, {"name": "After-Hours Center"}, {"name": "Movers"}], "stocks": [{"name": "EXPO"}, {"name": "IBKR"}, {"name": "ISRG"}, {"name": "MANH"}, {"name": "MSFT"}, {"name": "SRPT"}, {"name": "UAL"}], "tags": []}, {"id": 8234417, "author": "Benzinga", "created": "Tue, 19 Jul 2016 17:39:20 -0400", "updated": "Tue, 19 Jul 2016 17:39:20 -0400", "title": "TD Ameritrade Clients Really Didn't Like Automakers Last Week", "teaser": "", "body": "", "url": "https://www.benzinga.com/node/8234417", "image": [], "channels": [{"name": "Earnings"}, {"name": "News"}, {"name": "Reviews"}], "stocks": [{"name": "AMZN"}, {"name": "BAC"}, {"name": "F"}, {"name": "GM"}, {"name": "GS"}, {"name": "NFLX"}, {"name": "NTDOY"}, {"name": "TSLA"}], "tags": [{"name": "Nicole Sherrod"}, {"name": "TD Ameritrade"}]}, {"id": 8234847, "author": "Benzinga", "created": "Tue, 19 Jul 2016 17:53:15 -0400", "updated": "Tue, 19 Jul 2016 17:53:16 -0400", "title": "Microsoft Jumps After Q2 Earnings Beat", "teaser": "", "body": "", "url": "https://www.benzinga.com/node/8234847", "image": [], "channels": [{"name": "Earnings"}, {"name": "News"}, {"name": "After-Hours Center"}, {"name": "Movers"}, {"name": "Tech"}], "stocks": [{"name": "LNKD"}, {"name": "MSFT"}], "tags": []}]