[{"id": 8440340, "author": "Benzinga", "created": "Fri, 09 Sep 2016 08:09:55 -0400", "updated": "Fri, 09 Sep 2016 08:09:55 -0400", "title": "The iPhone 7 Release: Here's What Everyone Thinks About Apple's Latest Upgrade", "teaser": "", "body": "", "url": "https://www.benzinga.com/node/8440340", "image": [], "channels": [{"name": "Analyst Color"}, {"name": "Long Ideas"}, {"name": "News"}, {"name": "Events"}, {"name": "Top Stories"}, {"name": "Analyst Ratings"}, {"name": "Tech"}, {"name": "Trading Ideas"}], "stocks": [{"name": "AAPL"}], "tags": [{"name": "iPhone 7"}, {"name": "iPhone 7 Launch"}, {"name": "iPhone 7 Sales"}]}, {"id": 8440369, "author": "Benzinga", "created": "Fri, 09 Sep 2016 09:01:51 -0400", "updated": "Fri, 09 Sep 2016 09:01:51 -0400", "title": "The Market In 5 Minutes: Apple And Oil Weighing Down Stocks", "teaser": "", "body": "", "url": "https://www.benzinga.com/node/8440369", "image": [], "channels": [{"name": "News"}, {"name": "Global"}, {"name": "Top Stories"}, {"name": "Pre-Market Outlook"}, {"name": "Markets"}], "stocks": [{"name": "AAPL"}, {"name": "CHK"}, {"name": "CYBR"}, {"name": "DD"}, {"name": "DLTH"}, {"name": "DOW"}, {"name": "F"}, {"name": "FDML"}, {"name": "FNSR"}, {"name": "GM"}, {"name": "HOG"}, {"name": "NAV"}, {"name": "NKE"}, {"name": "RH"}, {"name": "SIG"}, {"name": "SPY"}, {"name": "TTM"}, {"name": "TWTR"}, {"name": "USO"}, {"name": "WFC"}, {"name": "ZUMZ"}], "tags": [{"name": "the market in 5 minutes"}]}, {"id": 8440909, "author": "Benzinga", "created": "Fri, 09 Sep 2016 09:13:16 -0400", "updated": "Fri, 09 Sep 2016 09:16:31 -0400", "title": "Apple's Big Reveal Was A Bust, Say Analysts. Will Updated iPhones and Watches Spark Sales?", "teaser": "", "body": "", "url": "https://www.benzinga.com/node/8440909", "image": [], "channels": [{"name": "News"}, {"name": "Events"}, {"name": "Top Stories"}, {"name": "Tech"}], "stocks": [{"name": "AAPL"}, {"name": "NKE"}], "tags": []}, {"id": 8439268, "author": "Benzinga", "created": "Fri, 09 Sep 2016 09:36:54 -0400", "updated": "Fri, 09 Sep 2016 09:50:44 -0400", "title": "Michigan Votes Unanimously To Remove Drivers From Autonomous Test Vehicles", "teaser": "", "body": "", "url": "https://www.benzinga.com/node/8439268", "image": [], "channels": [{"name": "News"}, {"name": "Travel"}, {"name": "Legal"}, {"name": "Tech"}, {"name": "Media"}, {"name": "General"}], "stocks": [{"name": "BMWYY"}, {"name": "DLPH"}, {"name": "F"}, {"name": "FCAU"}, {"name": "GOOG"}, {"name": "GOOGL"}, {"name": "INTC"}, {"name": "NVDA"}, {"name": "TSLA"}], "tags": [{"name": "Associated Press"}, {"name": "Autonomous Driving"}, {"name": "autonomous test vehicles"}, {"name": "michigan"}, {"name": "Mike Kowall"}, {"name": "self-driving cars"}, {"name": "self-driving vehicles"}]}, {"id": 8440439, "author": "Benzinga", "created": "Fri, 09 Sep 2016 09:58:17 -0400", "updated": "Fri, 09 Sep 2016 10:00:09 -0400", "title": "The Week In Announcements: The Market Reacts To Sony, Amazon And Apple Product Revelations", "teaser": "", "body": "", "url": "https://www.benzinga.com/node/8440439", "image": [], "channels": [{"name": "News"}, {"name": "Technicals"}, {"name": "Events"}, {"name": "Top Stories"}, {"name": "Movers"}, {"name": "Tech"}, {"name": "Trading Ideas"}], "stocks": [{"name": "AAPL"}, {"name": "AMZN"}, {"name": "SNE"}], "tags": [{"name": "Amazon Tablet"}, {"name": "Apple"}, {"name": "Apple Event"}, {"name": "Fire HD Tablet"}, {"name": "iPhone 7"}, {"name": "PS4"}, {"name": "PS4 Pro"}]}, {"id": 8440558, "author": "Benzinga", "created": "Fri, 09 Sep 2016 10:23:31 -0400", "updated": "Fri, 09 Sep 2016 10:23:32 -0400", "title": "Why You Should Remain Long Google, Amazon And Microsoft Amid Business Flows Into Public Cloud", "teaser": "", "body": "", "url": "https://www.benzinga.com/node/8440558", "image": [], "channels": [{"name": "Analyst Color"}, {"name": "Long Ideas"}, {"name": "News"}, {"name": "Analyst Ratings"}, {"name": "Movers"}, {"name": "Tech"}, {"name": "Trading Ideas"}], "stocks": [{"name": "AMZN"}, {"name": "GOOG"}, {"name": "GOOGL"}, {"name": "MSFT"}], "tags": [{"name": "Amazon AWS"}, {"name": "Apigee"}, {"name": "cloud"}, {"name": "cloud computing"}, {"name": "cloud techology"}, {"name": "Deutsche Bank"}, {"name": "Diane Greene"}, {"name": "Google"}, {"name": "Google Cloud"}, {"name": "Google GCP"}, {"name": "Microsoft Azure"}, {"name": "Ross Sandler"}]}, {"id": 8441358, "author": "Benzinga", "created": "Fri, 09 Sep 2016 10:26:16 -0400", "updated": "Fri, 09 Sep 2016 10:26:17 -0400", "title": "Fed's Rosengren Makes Case for Rate Hike; Markets React Negatively", "teaser": "", "body": "", "url": "https://www.benzinga.com/node/8441358", "image": [], "channels": [{"name": "News"}, {"name": "Commodities"}, {"name": "Econ #s"}, {"name": "Economics"}, {"name": "Federal Reserve"}, {"name": "Markets"}, {"name": "General"}], "stocks": [{"name": "AAPL"}, {"name": "NKE"}], "tags": []}, {"id": 8441359, "author": "Benzinga", "created": "Fri, 09 Sep 2016 10:26:18 -0400", "updated": "Fri, 09 Sep 2016 10:26:20 -0400", "title": "Fed's Rosengren Makes Case for Rate Hike; Markets React Negatively", "teaser": "", "body": "", "url": "https://www.benzinga.com/node/8441359", "image": [], "channels": [{"name": "News"}, {"name": "Commodities"}, {"name": "Econ #s"}, {"name": "Economics"}, {"name": "Federal Reserve"}, {"name": "Markets"}, {"name": "General"}], "stocks": [{"name": "AAPL"}, {"name": "NKE"}], "tags": []}, {"id": 8441170, "author": "Benzinga", "created": "Fri, 09 Sep 2016 11:03:52 -0400", "updated": "Fri, 09 Sep 2016 11:03:52 -0400", "title": "Wells Fargo Downgrade Catches Apple Bulls Off Guard", "teaser": "", "body": "", "url": "https://www.benzinga.com/node/8441170", "image": [], "channels": [{"name": "Analyst Color"}, {"name": "News"}, {"name": "Downgrades"}, {"name": "Technicals"}, {"name": "Top Stories"}, {"name": "Analyst Ratings"}, {"name": "Movers"}, {"name": "Trading Ideas"}], "stocks": [{"name": "AAPL"}], "tags": [{"name": "Apple Watch 2"}, {"name": "BGC Financial"}, {"name": "Colin Gillis"}, {"name": "iPhone 7"}, {"name": "Maynard Um"}, {"name": "Wells Fargo"}]}, {"id": 8440796, "author": "Benzinga", "created": "Fri, 09 Sep 2016 12:04:14 -0400", "updated": "Fri, 09 Sep 2016 12:04:15 -0400", "title": "MasterCard Slammed With $19 Billion Suit Stemming From Allegations Of Excessive Fees", "teaser": "", "body": "", "url": "https://www.benzinga.com/node/8440796", "image": [], "channels": [{"name": "News"}, {"name": "Legal"}, {"name": "Global"}, {"name": "Media"}, {"name": "Trading Ideas"}], "stocks": [{"name": "AAPL"}, {"name": "MA"}], "tags": [{"name": "BBC"}, {"name": "credit cards"}, {"name": "mastercard"}, {"name": "Mastercard Excessive Fees"}, {"name": "Reuters"}, {"name": "Walter Merricks"}]}, {"id": 8441350, "author": "Benzinga", "created": "Fri, 09 Sep 2016 12:32:21 -0400", "updated": "Fri, 09 Sep 2016 12:32:21 -0400", "title": "William Blair Says 'Too Hard To Ignore' Finisar, Upgrades To Outperform", "teaser": "", "body": "", "url": "https://www.benzinga.com/node/8441350", "image": [], "channels": [{"name": "Analyst Color"}, {"name": "Earnings"}, {"name": "Long Ideas"}, {"name": "News"}, {"name": "Guidance"}, {"name": "Upgrades"}, {"name": "Price Target"}, {"name": "Analyst Ratings"}, {"name": "Movers"}, {"name": "Tech"}, {"name": "Trading Ideas"}], "stocks": [{"name": "FNSR"}, {"name": "VZ"}], "tags": [{"name": "Dmitry Netis"}, {"name": "William Blair"}]}, {"id": 8441450, "author": "Benzinga", "created": "Fri, 09 Sep 2016 13:55:43 -0400", "updated": "Fri, 09 Sep 2016 13:55:43 -0400", "title": "Recode: Procter & Gamble Or Unilever Could Be Interested In Buying Jessica Alba's Company", "teaser": "", "body": "", "url": "https://www.benzinga.com/node/8441450", "image": [], "channels": [{"name": "News"}, {"name": "Rumors"}, {"name": "Media"}], "stocks": [{"name": "PG"}, {"name": "UL"}], "tags": [{"name": "Brian Lee"}, {"name": "Jessica Alba"}, {"name": "Personal Care Companies"}, {"name": "ReCode"}, {"name": "The Honest Company"}, {"name": "The Honest Company Sale"}]}, {"id": 8441945, "author": "Benzinga", "created": "Fri, 09 Sep 2016 14:22:49 -0400", "updated": "Fri, 09 Sep 2016 14:22:51 -0400", "title": "Food Deflation Is 'Great' For Consumers But 'Terrible News' For Grocery Chains", "teaser": "", "body": "", "url": "https://www.benzinga.com/node/8441945", "image": [], "channels": [{"name": "Earnings"}, {"name": "News"}, {"name": "Guidance"}, {"name": "Commodities"}, {"name": "Top Stories"}, {"name": "Economics"}, {"name": "Markets"}, {"name": "Media"}, {"name": "General"}], "stocks": [{"name": "AMZN"}, {"name": "COST"}, {"name": "KR"}, {"name": "TGT"}, {"name": "WMT"}], "tags": [{"name": "cnn money"}, {"name": "Food Commodities"}, {"name": "Food Deflation"}, {"name": "Food Prices"}, {"name": "grocery stocks"}, {"name": "Grocery stores"}]}, {"id": 8442358, "author": "Benzinga", "created": "Fri, 09 Sep 2016 15:24:21 -0400", "updated": "Fri, 09 Sep 2016 15:24:21 -0400", "title": "Management At American Express Has A Plan To Tackle Its Competitive Pressures", "teaser": "", "body": "", "url": "https://www.benzinga.com/node/8442358", "image": [], "channels": [{"name": "Analyst Color"}, {"name": "News"}, {"name": "Price Target"}, {"name": "Reiteration"}, {"name": "Analyst Ratings"}, {"name": "Movers"}], "stocks": [{"name": "AXP"}], "tags": [{"name": "KBW"}, {"name": "Sanjay Sakhrani"}]}, {"id": 8442165, "author": "Benzinga", "created": "Fri, 09 Sep 2016 15:28:42 -0400", "updated": "Fri, 09 Sep 2016 15:28:42 -0400", "title": "Disney Shares Are On Track To Become The Largest Dow 30 Laggard", "teaser": "", "body": "", "url": "https://www.benzinga.com/node/8442165", "image": [], "channels": [{"name": "CNBC"}, {"name": "News"}, {"name": "Top Stories"}, {"name": "Movers"}, {"name": "Media"}, {"name": "Trading Ideas"}], "stocks": [{"name": "DIS"}], "tags": [{"name": "Ari Wald"}, {"name": "Barton Crockett"}, {"name": "CNBC"}, {"name": "disney"}, {"name": "Disney stock"}, {"name": "FBR Capital Marets"}, {"name": "Oppenheimer"}, {"name": "technical analysis"}]}]