[{"id": 6767210, "author": "Benzinga", "created": "Wed, 02 Mar 2016 09:27:47 -0400", "updated": "Wed, 02 Mar 2016 09:27:47 -0400", "title": "Is Apple Fixing Its Earbuds?", "teaser": "", "body": "", "url": "https://www.benzinga.com/node/6767210", "image": [], "channels": [{"name": "News"}, {"name": "Rumors"}, {"name": "Tech"}, {"name": "Trading Ideas"}, {"name": "General"}], "stocks": [{"name": "AAPL"}], "tags": [{"name": "Apple earbuds"}, {"name": "earbuds"}, {"name": "EarPods"}, {"name": "iPhone 7"}, {"name": "TechInsider"}]}, {"id": 6773214, "author": "Benzinga", "created": "Wed, 02 Mar 2016 09:33:32 -0400", "updated": "Wed, 02 Mar 2016 09:33:32 -0400", "title": "A Dividend ETF That Deserves More Love", "teaser": "", "body": "", "url": "https://www.benzinga.com/node/6773214", "image": [], "channels": [{"name": "Long Ideas"}, {"name": "News"}, {"name": "Broad U.S. Equity ETFs"}, {"name": "Dividends"}, {"name": "Dividends"}, {"name": "Specialty ETFs"}, {"name": "Intraday Update"}, {"name": "Markets"}, {"name": "Trading Ideas"}, {"name": "ETFs"}], "stocks": [{"name": "DTN"}, {"name": "LVS"}, {"name": "T"}, {"name": "VZ"}], "tags": [{"name": "Casinos & Gaming"}, {"name": "Consumer Discretionary"}]}, {"id": 6780781, "author": "Benzinga", "created": "Wed, 02 Mar 2016 10:19:29 -0400", "updated": "Wed, 02 Mar 2016 10:19:29 -0400", "title": "Report: Taiwan Semiconductor's Production Of 16nm Chips To Double In March", "teaser": "", "body": "", "url": "https://www.benzinga.com/node/6780781", "image": [], "channels": [{"name": "News"}, {"name": "Rumors"}, {"name": "Tech"}], "stocks": [{"name": "AAPL"}, {"name": "TSM"}], "tags": [{"name": "16nm Process Technology"}, {"name": "CC Wei"}, {"name": "Digitimes"}, {"name": "Taiwan Semiconductor"}]}, {"id": 6780901, "author": "Benzinga", "created": "Wed, 02 Mar 2016 10:43:26 -0400", "updated": "Wed, 02 Mar 2016 10:43:26 -0400", "title": "Report: IBM Looking To Unload Its Remaining Stake In Lenovo", "teaser": "", "body": "", "url": "https://www.benzinga.com/node/6780901", "image": [], "channels": [{"name": "News"}, {"name": "Rumors"}], "stocks": [{"name": "IBM"}], "tags": [{"name": "IBM"}, {"name": "IBM Lenovo"}, {"name": "IFR"}, {"name": "Lenovo"}]}, {"id": 6782349, "author": "Benzinga", "created": "Wed, 02 Mar 2016 11:45:15 -0400", "updated": "Wed, 02 Mar 2016 11:45:15 -0400", "title": "Honeywell Reaffirms 2016 Outlook, Offers 2017 Targets", "teaser": "", "body": "", "url": "https://www.benzinga.com/node/6782349", "image": [], "channels": [{"name": "News"}, {"name": "Guidance"}], "stocks": [{"name": "HON"}], "tags": [{"name": "Dave Cote"}, {"name": "honeywell"}, {"name": "Honeywell guidance"}]}, {"id": 6782717, "author": "Benzinga", "created": "Wed, 02 Mar 2016 12:43:02 -0400", "updated": "Wed, 02 Mar 2016 12:43:02 -0400", "title": "Report: Apple Expanding Electric Car Facilities", "teaser": "", "body": "", "url": "https://www.benzinga.com/node/6782717", "image": [], "channels": [{"name": "News"}, {"name": "Rumors"}, {"name": "Tech"}], "stocks": [{"name": "AAPL"}], "tags": [{"name": "Apple Car"}, {"name": "Apple Car Rumors"}, {"name": "Project Titan Apple Sunnyvale"}, {"name": "Tech Insider"}]}, {"id": 6784591, "author": "Benzinga", "created": "Wed, 02 Mar 2016 15:48:29 -0400", "updated": "Wed, 02 Mar 2016 15:48:29 -0400", "title": "Disney Parks May Have Even More Upside, Says JPMorgan", "teaser": "", "body": "", "url": "https://www.benzinga.com/node/6784591", "image": [], "channels": [{"name": "Analyst Color"}, {"name": "News"}, {"name": "Travel"}, {"name": "Analyst Ratings"}, {"name": "General"}], "stocks": [{"name": "DIS"}], "tags": [{"name": "Alexia Quadrani"}, {"name": "Disney World"}, {"name": "Disneyland"}, {"name": "JPMorgan"}]}, {"id": 6787349, "author": "Benzinga", "created": "Wed, 02 Mar 2016 17:22:22 -0400", "updated": "Wed, 02 Mar 2016 17:22:22 -0400", "title": "The Stocks That Moved The S&P, Dow And Nasdaq Today", "teaser": "", "body": "", "url": "https://www.benzinga.com/node/6787349", "image": [], "channels": [{"name": "News"}, {"name": "After-Hours Center"}, {"name": "Movers"}], "stocks": [{"name": "CF"}, {"name": "CHK"}, {"name": "DD"}, {"name": "DLTR"}, {"name": "FCX"}, {"name": "MON"}, {"name": "MU"}, {"name": "NKE"}, {"name": "PG"}, {"name": "SRCL"}, {"name": "VRTX"}, {"name": "XOM"}], "tags": []}, {"id": 6790057, "author": "Benzinga", "created": "Wed, 02 Mar 2016 19:33:46 -0400", "updated": "Wed, 02 Mar 2016 19:33:48 -0400", "title": "Street Down Slightly on Oil After Tuesday's Data-Fueled Climb to 7-Week Highs", "teaser": "", "body": "", "url": "https://www.benzinga.com/node/6790057", "image": [], "channels": [{"name": "News"}, {"name": "Trading Ideas"}], "stocks": [{"name": "AAPL"}, {"name": "C"}, {"name": "COST"}, {"name": "F"}, {"name": "GM"}, {"name": "PRU"}, {"name": "QRVO"}, {"name": "STX"}], "tags": []}, {"id": 6790645, "author": "Benzinga", "created": "Wed, 02 Mar 2016 20:26:25 -0400", "updated": "Wed, 02 Mar 2016 20:26:25 -0400", "title": "Benzinga's M&A Chatter for Wednesday March 2, 2016", "teaser": "", "body": "", "url": "https://www.benzinga.com/node/6790645", "image": [], "channels": [{"name": "News"}, {"name": "Rumors"}, {"name": "M&A"}, {"name": "Movers"}], "stocks": [{"name": "ARR"}, {"name": "AXP"}, {"name": "CKP"}, {"name": "DD"}, {"name": "JMI"}, {"name": "PYPL"}, {"name": "SYT"}], "tags": []}]