[{"id": 7672117, "author": "Benzinga", "created": "Sun, 13 Mar 2016 15:15:11 -0400", "updated": "Sun, 13 Mar 2016 15:31:41 -0400", "title": "Rumor Roundup: What To Expect From Apple's March 21 Event", "teaser": "", "body": "", "url": "https://www.benzinga.com/node/7672117", "image": [], "channels": [{"name": "Long Ideas"}, {"name": "News"}, {"name": "Rumors"}, {"name": "Events"}, {"name": "Markets"}, {"name": "Tech"}, {"name": "Trading Ideas"}], "stocks": [{"name": "AAPL"}], "tags": [{"name": "9TO5Mac"}]}, {"id": 7680476, "author": "Benzinga", "created": "Sun, 13 Mar 2016 15:32:50 -0400", "updated": "Sun, 13 Mar 2016 15:32:50 -0400", "title": "Are Investors Suspicious Of Apple's Next Product Launch?", "teaser": "", "body": "", "url": "https://www.benzinga.com/node/7680476", "image": [], "channels": [{"name": "Analyst Color"}, {"name": "Long Ideas"}, {"name": "News"}, {"name": "Events"}, {"name": "Analyst Ratings"}, {"name": "Tech"}, {"name": "Trading Ideas"}], "stocks": [{"name": "AAPL"}], "tags": [{"name": "9to5Mc"}, {"name": "Angela Ahrendts"}, {"name": "Apple Insider"}, {"name": "Apple Watch"}, {"name": "Burberry"}, {"name": "Global Equities Reserach"}, {"name": "iPad"}, {"name": "iPhone"}, {"name": "Luca Maestri"}, {"name": "MacRumors"}, {"name": "Microsoft"}, {"name": "Steve Ballmer"}, {"name": "Tim Cook"}, {"name": "Trip Chowdhry"}]}]