[{"id": 8317222, "author": "Benzinga", "created": "Mon, 08 Aug 2016 02:26:20 -0400", "updated": "Mon, 08 Aug 2016 02:26:20 -0400", "title": "Watch These 7 Huge Call Purchases In Monday Trade", "teaser": "", "body": "", "url": "https://www.benzinga.com/node/8317222", "image": [], "channels": [{"name": "News"}, {"name": "Options"}, {"name": "Markets"}], "stocks": [{"name": "AMRN"}, {"name": "ANF"}, {"name": "BABA"}, {"name": "BMY"}, {"name": "FRAN"}, {"name": "GRPN"}, {"name": "IBM"}], "tags": [{"name": "Huge Call Purchases"}]}, {"id": 8317232, "author": "Benzinga", "created": "Mon, 08 Aug 2016 02:50:12 -0400", "updated": "Mon, 08 Aug 2016 02:50:12 -0400", "title": "Watch These 5 Huge Put Purchases In Monday Trade", "teaser": "", "body": "", "url": "https://www.benzinga.com/node/8317232", "image": [], "channels": [{"name": "News"}, {"name": "Options"}, {"name": "Markets"}], "stocks": [{"name": "GPS"}, {"name": "MRK"}, {"name": "MX"}, {"name": "NVDA"}, {"name": "PLAY"}], "tags": [{"name": "Huge Put Purchases"}]}, {"id": 8318132, "author": "Benzinga", "created": "Mon, 08 Aug 2016 07:49:45 -0400", "updated": "Mon, 08 Aug 2016 07:49:45 -0400", "title": "A Peek Into The Markets: U.S. Stock Futures Signal Higher Start On Wall Street", "teaser": "", "body": "", "url": "https://www.benzinga.com/node/8318132", "image": [], "channels": [{"name": "Earnings"}, {"name": "News"}, {"name": "Eurozone"}, {"name": "Futures"}, {"name": "Global"}, {"name": "Pre-Market Outlook"}, {"name": "Markets"}], "stocks": [{"name": "AGN"}, {"name": "JPM"}, {"name": "MFRM"}, {"name": "PFNX"}, {"name": "TSN"}], "tags": [{"name": "Citigroup"}, {"name": "U.S. stock futures"}]}, {"id": 8318186, "author": "Benzinga", "created": "Mon, 08 Aug 2016 09:02:40 -0400", "updated": "Mon, 08 Aug 2016 09:15:44 -0400", "title": "The Market in 5 Minutes: Can The Momentum Continue?", "teaser": "", "body": "", "url": "https://www.benzinga.com/node/8318186", "image": [], "channels": [{"name": "News"}, {"name": "Previews"}, {"name": "Trading Ideas"}, {"name": "Reviews"}, {"name": "General"}], "stocks": [{"name": "AMZN"}, {"name": "BABA"}, {"name": "BLK"}, {"name": "DAL"}, {"name": "DF"}, {"name": "DIS"}, {"name": "ENI"}, {"name": "HTZ"}, {"name": "JCP"}, {"name": "JPM"}, {"name": "JWN"}, {"name": "KSS"}, {"name": "LOCK"}, {"name": "M"}, {"name": "MRK"}, {"name": "MSFT"}, {"name": "MTN"}, {"name": "NWSA"}, {"name": "TSN"}, {"name": "TWLO"}, {"name": "XOM"}], "tags": []}, {"id": 8318694, "author": "Benzinga", "created": "Mon, 08 Aug 2016 10:06:02 -0400", "updated": "Mon, 08 Aug 2016 10:06:02 -0400", "title": "Wal-Mart Confirms $3 Billion Deal For Jet.com", "teaser": "", "body": "", "url": "https://www.benzinga.com/node/8318694", "image": [], "channels": [{"name": "News"}, {"name": "M&A"}], "stocks": [{"name": "AMZN"}, {"name": "WMT"}], "tags": [{"name": "Doug McMillon"}, {"name": "Jet.com"}, {"name": "Marc Lore"}, {"name": "Mike Harahan"}, {"name": "Nate Fause"}]}, {"id": 8318550, "author": "Benzinga", "created": "Mon, 08 Aug 2016 10:39:44 -0400", "updated": "Mon, 08 Aug 2016 10:39:44 -0400", "title": "Did Apple Just Add To Its Stable Of AI Startups With Turi Acquisition?", "teaser": "", "body": "", "url": "https://www.benzinga.com/node/8318550", "image": [], "channels": [{"name": "News"}, {"name": "Rumors"}, {"name": "Contracts"}, {"name": "M&A"}, {"name": "Tech"}, {"name": "Media"}], "stocks": [{"name": "AAPL"}], "tags": [{"name": "a.i."}, {"name": "GeekWire"}, {"name": "Perceptio"}, {"name": "SIRI"}, {"name": "Turi"}, {"name": "VocalIQ"}]}, {"id": 8319366, "author": "Benzinga", "created": "Mon, 08 Aug 2016 10:42:39 -0400", "updated": "Mon, 08 Aug 2016 10:42:41 -0400", "title": "After Roaring To New Highs on Jobs Data, Market Faces Retail Sales, Job Openings", "teaser": "", "body": "", "url": "https://www.benzinga.com/node/8319366", "image": [], "channels": [{"name": "News"}, {"name": "Commodities"}, {"name": "Global"}, {"name": "Econ #s"}, {"name": "Economics"}, {"name": "Markets"}, {"name": "General"}], "stocks": [{"name": "BMY"}, {"name": "MRK"}], "tags": []}, {"id": 8318647, "author": "Benzinga", "created": "Mon, 08 Aug 2016 11:03:43 -0400", "updated": "Mon, 08 Aug 2016 11:11:42 -0400", "title": "Harry Potter And The NBC TV Rights Deal", "teaser": "", "body": "", "url": "https://www.benzinga.com/node/8318647", "image": [], "channels": [{"name": "News"}, {"name": "Contracts"}, {"name": "Top Stories"}, {"name": "Media"}], "stocks": [{"name": "CMCSA"}, {"name": "DIS"}, {"name": "TWX"}], "tags": [{"name": "Chris McCumber"}, {"name": "Harry Potter"}, {"name": "Harry Potter Movies"}, {"name": "Harry Potter Rights"}, {"name": "NBC"}, {"name": "NBC Universal"}, {"name": "nbcuniversal"}, {"name": "Warner Bros. J.K. Rowling"}]}, {"id": 8318956, "author": "Benzinga", "created": "Mon, 08 Aug 2016 11:37:21 -0400", "updated": "Mon, 08 Aug 2016 11:37:22 -0400", "title": "7 Questions Facing Disney Heading Into Earnings Release", "teaser": "", "body": "", "url": "https://www.benzinga.com/node/8318956", "image": [], "channels": [{"name": "Analyst Color"}, {"name": "Earnings"}, {"name": "News"}, {"name": "Health Care"}, {"name": "Previews"}, {"name": "Travel"}, {"name": "Top Stories"}, {"name": "Analyst Ratings"}, {"name": "Trading Ideas"}, {"name": "General"}], "stocks": [{"name": "DIS"}, {"name": "DISH"}], "tags": [{"name": "btig"}, {"name": "ESPN"}, {"name": "Hulu"}, {"name": "Richard Greenfield"}]}, {"id": 8320333, "author": "Benzinga", "created": "Mon, 08 Aug 2016 14:28:43 -0400", "updated": "Mon, 08 Aug 2016 14:28:45 -0400", "title": "Investors Pulled A Lot Of Money Out Of Apple And Facebook In July", "teaser": "", "body": "", "url": "https://www.benzinga.com/node/8320333", "image": [], "channels": [{"name": "News"}, {"name": "Insider Trades"}, {"name": "Econ #s"}, {"name": "Markets"}, {"name": "Reviews"}], "stocks": [{"name": "AAPL"}, {"name": "BAC"}, {"name": "FB"}], "tags": []}, {"id": 8319576, "author": "Benzinga", "created": "Mon, 08 Aug 2016 14:40:16 -0400", "updated": "Mon, 08 Aug 2016 14:40:16 -0400", "title": "9 To 5 Mac: Here's What To Expect For The Apple Watch 2", "teaser": "", "body": "", "url": "https://www.benzinga.com/node/8319576", "image": [], "channels": [{"name": "News"}, {"name": "Rumors"}, {"name": "Tech"}, {"name": "Media"}], "stocks": [{"name": "AAPL"}], "tags": [{"name": "9 to 5 Mac"}, {"name": "Apple Rumors"}, {"name": "Apple Watch"}, {"name": "Apple Watch 2"}, {"name": "Apple Watch 3"}, {"name": "iPhone 7"}, {"name": "KGI Securities"}]}, {"id": 8319862, "author": "Benzinga", "created": "Mon, 08 Aug 2016 14:52:32 -0400", "updated": "Mon, 08 Aug 2016 14:52:32 -0400", "title": "The Man Behind Jet.Com; The Wall Street Journal Profiles Marc Lore", "teaser": "", "body": "", "url": "https://www.benzinga.com/node/8319862", "image": [], "channels": [{"name": "News"}, {"name": "Wall Street Journal"}, {"name": "Management"}, {"name": "M&A"}, {"name": "Media"}], "stocks": [{"name": "AMZN"}, {"name": "WMT"}], "tags": [{"name": "Bessemer Venture Partners"}, {"name": "Jeremy Levin"}, {"name": "jet.com ecommerce"}, {"name": "Marc Lore"}, {"name": "online sales"}, {"name": "Quidsi"}, {"name": "retail"}]}, {"id": 8320639, "author": "Benzinga", "created": "Mon, 08 Aug 2016 16:59:34 -0400", "updated": "Mon, 08 Aug 2016 16:59:35 -0400", "title": "Canada's Plan To Fight Opioid Addiction Might Hurt Its Weakest Patients", "teaser": "", "body": "", "url": "https://www.benzinga.com/node/8320639", "image": [], "channels": [{"name": "News"}, {"name": "Health Care"}, {"name": "Politics"}, {"name": "Opinion"}, {"name": "General"}], "stocks": [{"name": "ABBV"}, {"name": "ABT"}, {"name": "ENDP"}, {"name": "INSY"}, {"name": "JNJ"}, {"name": "NVS"}, {"name": "PFE"}], "tags": [{"name": "Canada"}, {"name": "heroin"}, {"name": "Opioid"}, {"name": "Vicodin"}]}, {"id": 8319761, "author": "Benzinga", "created": "Mon, 08 Aug 2016 17:00:25 -0400", "updated": "Mon, 08 Aug 2016 17:00:25 -0400", "title": "Takeaways From Deutsche Bank's Athletic Sector Debate", "teaser": "", "body": "", "url": "https://www.benzinga.com/node/8319761", "image": [], "channels": [{"name": "Analyst Color"}, {"name": "News"}, {"name": "Reiteration"}, {"name": "Analyst Ratings"}], "stocks": [{"name": "FL"}, {"name": "NKE"}, {"name": "UA"}], "tags": [{"name": "Deutsche Bank"}, {"name": "Paul Trussell"}]}, {"id": 8321339, "author": "Benzinga", "created": "Mon, 08 Aug 2016 17:04:15 -0400", "updated": "Mon, 08 Aug 2016 17:05:03 -0400", "title": "Why The iPhone 7 Release Benefits T Mobile & Sprint", "teaser": "", "body": "", "url": "https://www.benzinga.com/node/8321339", "image": [], "channels": [{"name": "News"}], "stocks": [{"name": "AAPL"}, {"name": "S"}, {"name": "T"}, {"name": "TMUS"}], "tags": []}, {"id": 8319728, "author": "Benzinga", "created": "Mon, 08 Aug 2016 18:53:58 -0400", "updated": "Mon, 08 Aug 2016 18:54:29 -0400", "title": "Drinking And Driving Takes On New Meaning As Coffee May Be The Next Target For Driving Bans", "teaser": "", "body": "", "url": "https://www.benzinga.com/node/8319728", "image": [], "channels": [{"name": "News"}, {"name": "Restaurants"}, {"name": "Media"}, {"name": "Trading Ideas"}, {"name": "Reviews"}, {"name": "General"}], "stocks": [{"name": "DNKN"}, {"name": "KO"}, {"name": "MCD"}, {"name": "SBUX"}, {"name": "THI"}], "tags": []}]