[{"id": 7871327, "author": "Benzinga", "created": "Fri, 22 Apr 2016 04:10:26 -0400", "updated": "Fri, 22 Apr 2016 04:10:26 -0400", "title": "Earnings Scheduled For April 22, 2016", "teaser": "", "body": "", "url": "https://www.benzinga.com/node/7871327", "image": [], "channels": [{"name": "Earnings"}, {"name": "News"}, {"name": "Pre-Market Outlook"}, {"name": "Markets"}], "stocks": [{"name": "AAL"}, {"name": "ABCB"}, {"name": "AN"}, {"name": "BOCH"}, {"name": "CAT"}, {"name": "CBF"}, {"name": "DDAIF"}, {"name": "FNB"}, {"name": "GE"}, {"name": "GNTX"}, {"name": "HON"}, {"name": "IPG"}, {"name": "KMB"}, {"name": "LYB"}, {"name": "MCD"}, {"name": "NWBI"}, {"name": "OFG"}, {"name": "PRK"}, {"name": "SHOO"}, {"name": "SSB"}, {"name": "STI"}, {"name": "SXE"}, {"name": "SYF"}, {"name": "WBC"}], "tags": [{"name": "Consumer Discretionary"}, {"name": "Earnings schedule"}, {"name": "Restaurants"}]}, {"id": 7871386, "author": "Benzinga", "created": "Fri, 22 Apr 2016 05:23:28 -0400", "updated": "Fri, 22 Apr 2016 05:23:29 -0400", "title": "10 Stocks To Watch For April 22, 2016", "teaser": "", "body": "", "url": "https://www.benzinga.com/node/7871386", "image": [], "channels": [{"name": "Earnings"}, {"name": "News"}, {"name": "Guidance"}, {"name": "Pre-Market Outlook"}, {"name": "Markets"}, {"name": "Trading Ideas"}], "stocks": [{"name": "AAL"}, {"name": "AMD"}, {"name": "CAT"}, {"name": "GE"}, {"name": "GOOGL"}, {"name": "HON"}, {"name": "MCD"}, {"name": "MSFT"}, {"name": "SBUX"}, {"name": "V"}], "tags": [{"name": "Consumer Discretionary"}, {"name": "Restaurants"}, {"name": "Stocks To Watch"}, {"name": "Stocks to Watch"}]}, {"id": 7869652, "author": "Benzinga", "created": "Fri, 22 Apr 2016 07:37:50 -0400", "updated": "Fri, 22 Apr 2016 07:37:50 -0400", "title": "Time Magazine's 100 Most Influential People Of 2016: The Famous And The Unknown", "teaser": "", "body": "", "url": "https://www.benzinga.com/node/7869652", "image": [], "channels": [{"name": "News"}, {"name": "Politics"}, {"name": "Topics"}, {"name": "Sports"}, {"name": "Events"}, {"name": "Global"}, {"name": "Tech"}, {"name": "General"}], "stocks": [{"name": "AAPL"}, {"name": "BABA"}, {"name": "DIS"}, {"name": "FB"}, {"name": "GOOG"}, {"name": "GOOGL"}, {"name": "JD"}, {"name": "TWTR"}, {"name": "UA"}], "tags": [{"name": "TIME"}]}, {"id": 7871722, "author": "Benzinga", "created": "Fri, 22 Apr 2016 07:47:24 -0400", "updated": "Fri, 22 Apr 2016 07:47:24 -0400", "title": "Honeywell Q1 Results Beat, Raises Full Year Low-End of EPS Forecast", "teaser": "", "body": "", "url": "https://www.benzinga.com/node/7871722", "image": [], "channels": [{"name": "Earnings"}, {"name": "News"}, {"name": "Guidance"}], "stocks": [{"name": "HON"}], "tags": []}, {"id": 7872143, "author": "Benzinga", "created": "Fri, 22 Apr 2016 08:22:35 -0400", "updated": "Fri, 22 Apr 2016 08:25:08 -0400", "title": "12 Stocks Moving In Friday's Pre-Market Session", "teaser": "", "body": "", "url": "https://www.benzinga.com/node/7872143", "image": [], "channels": [{"name": "News"}, {"name": "Movers & Shakers"}, {"name": "Pre-Market Outlook"}, {"name": "Markets"}, {"name": "Movers"}], "stocks": [{"name": "AMD"}, {"name": "AN"}, {"name": "BX"}, {"name": "CAT"}, {"name": "CXRX"}, {"name": "GOOGL"}, {"name": "MSFT"}, {"name": "NSC"}, {"name": "SBUX"}, {"name": "SKX"}, {"name": "SWN"}, {"name": "V"}, {"name": "VRX"}], "tags": [{"name": "#PreMarket Gainers"}, {"name": "#PreMarket Losers"}, {"name": "Top Gainers"}]}, {"id": 7870983, "author": "Benzinga", "created": "Fri, 22 Apr 2016 09:05:22 -0400", "updated": "Fri, 22 Apr 2016 09:05:22 -0400", "title": "ABC Makes Reality Push With Summer Schedule", "teaser": "", "body": "", "url": "https://www.benzinga.com/node/7870983", "image": [], "channels": [{"name": "News"}, {"name": "Events"}, {"name": "Trading Ideas"}, {"name": "General"}], "stocks": [{"name": "DIS"}], "tags": [{"name": "$100"}, {"name": "000 Pyramid"}, {"name": "500 Questions"}, {"name": "ABC"}, {"name": "Anthony Anderson"}, {"name": "Bachelor In Paradise"}, {"name": "Battlebots"}, {"name": "Black-ish"}, {"name": "Celebrity Family Feud"}, {"name": "Family Feud"}, {"name": "games shows"}, {"name": "Michael Strahan"}, {"name": "Mistresses"}, {"name": "NBC"}, {"name": "Secrets and Lies"}, {"name": "Steve Harvey"}, {"name": "To Tell The Truth"}, {"name": "Uncle Buck"}]}, {"id": 7872312, "author": "Benzinga", "created": "Fri, 22 Apr 2016 09:19:06 -0400", "updated": "Fri, 22 Apr 2016 09:19:06 -0400", "title": "McDonald's Q1 Results Top Expectations", "teaser": "", "body": "", "url": "https://www.benzinga.com/node/7872312", "image": [], "channels": [{"name": "Earnings"}, {"name": "News"}, {"name": "Restaurants"}, {"name": "General"}], "stocks": [{"name": "MCD"}], "tags": []}, {"id": 7872244, "author": "Benzinga", "created": "Fri, 22 Apr 2016 09:29:19 -0400", "updated": "Fri, 22 Apr 2016 09:29:20 -0400", "title": "Citi Raises Target On PayPal Ahead Of Wednesday's Q1 Results", "teaser": "", "body": "", "url": "https://www.benzinga.com/node/7872244", "image": [], "channels": [{"name": "Analyst Color"}, {"name": "Earnings"}, {"name": "Long Ideas"}, {"name": "News"}, {"name": "Price Target"}, {"name": "Previews"}, {"name": "Analyst Ratings"}, {"name": "Trading Ideas"}], "stocks": [{"name": "PYPL"}, {"name": "V"}], "tags": [{"name": "Ashwin Shirvaikar"}, {"name": "Citi"}]}, {"id": 7872279, "author": "Benzinga", "created": "Fri, 22 Apr 2016 09:32:59 -0400", "updated": "Fri, 22 Apr 2016 09:32:59 -0400", "title": "Caterpillar Reports Q1 Beat But Cuts 2016 Guidance, Shares Dip 2%", "teaser": "", "body": "", "url": "https://www.benzinga.com/node/7872279", "image": [], "channels": [{"name": "Earnings"}, {"name": "News"}, {"name": "Movers"}, {"name": "Trading Ideas"}], "stocks": [{"name": "CAT"}], "tags": [{"name": "Caterpillar"}, {"name": "Caterpillar Earnings"}, {"name": "Kent Adams"}]}, {"id": 7872282, "author": "Benzinga", "created": "Fri, 22 Apr 2016 09:41:01 -0400", "updated": "Fri, 22 Apr 2016 09:41:02 -0400", "title": "Why You Should Buy Any Weakness After Visa's Q1 Report", "teaser": "", "body": "", "url": "https://www.benzinga.com/node/7872282", "image": [], "channels": [{"name": "Analyst Color"}, {"name": "Earnings"}, {"name": "News"}, {"name": "Guidance"}, {"name": "Price Target"}, {"name": "Reiteration"}, {"name": "Analyst Ratings"}, {"name": "Trading Ideas"}], "stocks": [{"name": "V"}], "tags": [{"name": "Charles Scharf"}, {"name": "Costco"}, {"name": "Fidelity"}, {"name": "Goldman Sachs"}, {"name": "TipRanks"}, {"name": "USAA"}]}, {"id": 7872743, "author": "Benzinga", "created": "Fri, 22 Apr 2016 10:05:05 -0400", "updated": "Fri, 22 Apr 2016 10:05:06 -0400", "title": "Mid-Morning Market Update: Markets Mostly Lower; McDonald's Beats Q1 Estimates", "teaser": "", "body": "", "url": "https://www.benzinga.com/node/7872743", "image": [], "channels": [{"name": "Earnings"}, {"name": "News"}, {"name": "Guidance"}, {"name": "Eurozone"}, {"name": "Commodities"}, {"name": "Global"}, {"name": "Intraday Update"}, {"name": "Markets"}, {"name": "Movers"}], "stocks": [{"name": "AMD"}, {"name": "GOOGL"}, {"name": "LAKE"}, {"name": "MCD"}, {"name": "MSFT"}, {"name": "NGL"}, {"name": "PARN"}, {"name": "RCKY"}, {"name": "SAM"}, {"name": "SWN"}], "tags": [{"name": "Consumer Discretionary"}, {"name": "Mid-Morning Market Update"}, {"name": "Restaurants"}]}, {"id": 7872410, "author": "Benzinga", "created": "Fri, 22 Apr 2016 10:07:56 -0400", "updated": "Fri, 22 Apr 2016 10:07:56 -0400", "title": "The Market In 5 Minutes: Sometimes It Snows In April", "teaser": "", "body": "", "url": "https://www.benzinga.com/node/7872410", "image": [], "channels": [{"name": "News"}, {"name": "Events"}, {"name": "Global"}, {"name": "Top Stories"}], "stocks": [{"name": "AGN"}, {"name": "AMD"}, {"name": "AXP"}, {"name": "BYD"}, {"name": "CAT"}, {"name": "CCL"}, {"name": "CLR"}, {"name": "CPXX"}, {"name": "DHI"}, {"name": "GE"}, {"name": "GOOGL"}, {"name": "JWN"}, {"name": "KSU"}, {"name": "MCD"}, {"name": "MSFT"}, {"name": "NSC"}, {"name": "NVS"}, {"name": "ORAN"}, {"name": "SBUX"}], "tags": [{"name": "the market in 5 minutes"}]}, {"id": 7873488, "author": "Benzinga", "created": "Fri, 22 Apr 2016 12:01:28 -0400", "updated": "Fri, 22 Apr 2016 12:01:28 -0400", "title": "Mid-Day Market Update: Microsoft Drops On Earnings Miss; NGL Energy Partners Shares Surge", "teaser": "", "body": "", "url": "https://www.benzinga.com/node/7873488", "image": [], "channels": [{"name": "Earnings"}, {"name": "News"}, {"name": "Guidance"}, {"name": "Eurozone"}, {"name": "Commodities"}, {"name": "Global"}, {"name": "Intraday Update"}, {"name": "Markets"}, {"name": "Movers"}], "stocks": [{"name": "AMD"}, {"name": "GLF"}, {"name": "GOOGL"}, {"name": "MCD"}, {"name": "MSFT"}, {"name": "NGL"}, {"name": "RCKY"}, {"name": "SAM"}, {"name": "SWN"}], "tags": [{"name": "Consumer Discretionary"}, {"name": "Mid-Day Market Update"}, {"name": "Restaurants"}]}, {"id": 7873356, "author": "Benzinga", "created": "Fri, 22 Apr 2016 14:07:09 -0400", "updated": "Fri, 22 Apr 2016 14:07:10 -0400", "title": "Cramer: What To Know About Perrigo", "teaser": "", "body": "", "url": "https://www.benzinga.com/node/7873356", "image": [], "channels": [{"name": "Biotech"}, {"name": "CNBC"}, {"name": "News"}, {"name": "Jim Cramer"}, {"name": "Health Care"}, {"name": "Rumors"}, {"name": "Management"}, {"name": "Media"}, {"name": "Trading Ideas"}, {"name": "General"}], "stocks": [{"name": "CAH"}, {"name": "JNJ"}, {"name": "PRGO"}, {"name": "VRX"}], "tags": [{"name": "Joseph Papa"}, {"name": "Mike Pearson"}, {"name": "Wall Street Journal"}]}, {"id": 7874123, "author": "Benzinga", "created": "Fri, 22 Apr 2016 14:31:08 -0400", "updated": "Fri, 22 Apr 2016 14:31:08 -0400", "title": "Mid-Afternoon Market Update: AMD Jumps On Strong Results; Boston Beer Shares Slide", "teaser": "", "body": "", "url": "https://www.benzinga.com/node/7874123", "image": [], "channels": [{"name": "Earnings"}, {"name": "News"}, {"name": "Eurozone"}, {"name": "Commodities"}, {"name": "Global"}, {"name": "Intraday Update"}, {"name": "Markets"}, {"name": "Movers"}], "stocks": [{"name": "AMD"}, {"name": "GOOGL"}, {"name": "LGCY"}, {"name": "MCD"}, {"name": "MSFT"}, {"name": "NGL"}, {"name": "RCKY"}, {"name": "SAM"}, {"name": "SWN"}], "tags": [{"name": "Consumer Discretionary"}, {"name": "Energy"}, {"name": "Mid-Afternoon Market Update"}, {"name": "Oil & Gas Exploration & Production"}, {"name": "Restaurants"}]}, {"id": 7872993, "author": "Benzinga", "created": "Fri, 22 Apr 2016 14:50:39 -0400", "updated": "Fri, 22 Apr 2016 14:51:08 -0400", "title": "Anheuser-Busch InBev: Future M&A Potential?", "teaser": "", "body": "", "url": "https://www.benzinga.com/node/7872993", "image": [], "channels": [{"name": "Analyst Color"}, {"name": "Long Ideas"}, {"name": "News"}, {"name": "Price Target"}, {"name": "M&A"}, {"name": "Analyst Ratings"}, {"name": "Movers"}, {"name": "Trading Ideas"}], "stocks": [{"name": "AEBMY"}, {"name": "BUD"}, {"name": "DEO"}, {"name": "KO"}, {"name": "SBMRF"}, {"name": "SBMRY"}], "tags": [{"name": "Beijing Yanjing"}, {"name": "Bernstein"}, {"name": "MegaBrew"}, {"name": "SABMiller"}, {"name": "Snow"}, {"name": "TipRanks"}, {"name": "Trevor Stirling"}, {"name": "Tsingtao"}]}, {"id": 7873758, "author": "Benzinga", "created": "Fri, 22 Apr 2016 15:29:06 -0400", "updated": "Fri, 22 Apr 2016 15:29:07 -0400", "title": "Caterpillar CEO: We're Near Bottom", "teaser": "", "body": "", "url": "https://www.benzinga.com/node/7873758", "image": [], "channels": [{"name": "Analyst Color"}, {"name": "CNBC"}, {"name": "Earnings"}, {"name": "News"}, {"name": "Guidance"}, {"name": "Media"}, {"name": "Trading Ideas"}], "stocks": [{"name": "CAT"}], "tags": [{"name": "CNBC's Squawk Box"}, {"name": "Doug Oberhelman"}, {"name": "Squawk Box"}]}]