[{"id": 8616034, "author": "Benzinga", "created": "Fri, 28 Oct 2016 04:02:12 -0400", "updated": "Fri, 28 Oct 2016 04:02:12 -0400", "title": "Earnings Scheduled For October 28, 2016", "teaser": "", "body": "", "url": "https://www.benzinga.com/node/8616034", "image": [], "channels": [{"name": "Earnings"}, {"name": "News"}, {"name": "Pre-Market Outlook"}, {"name": "Markets"}], "stocks": [{"name": "AAN"}, {"name": "ABBV"}, {"name": "AN"}, {"name": "AON"}, {"name": "APO"}, {"name": "BLMN"}, {"name": "BUD"}, {"name": "COG"}, {"name": "CPN"}, {"name": "CVX"}, {"name": "GT"}, {"name": "HSY"}, {"name": "HUN"}, {"name": "IMO"}, {"name": "LM"}, {"name": "LPNT"}, {"name": "MA"}, {"name": "NVO"}, {"name": "NWL"}, {"name": "POR"}, {"name": "PSX"}, {"name": "RCL"}, {"name": "SNY"}, {"name": "TEN"}, {"name": "UBS"}, {"name": "VTR"}, {"name": "XOM"}, {"name": "XRX"}], "tags": [{"name": "Asset Management & Custody Banks"}, {"name": "Data Processing & Outsourced Services"}, {"name": "Earnings schedule"}, {"name": "Financials"}, {"name": "Health Care"}, {"name": "Health Care Facilities"}, {"name": "Information Technology"}]}, {"id": 8616065, "author": "Benzinga", "created": "Fri, 28 Oct 2016 04:26:50 -0400", "updated": "Fri, 28 Oct 2016 04:26:51 -0400", "title": "12 Stocks To Watch For October 28, 2016", "teaser": "", "body": "", "url": "https://www.benzinga.com/node/8616065", "image": [], "channels": [{"name": "Earnings"}, {"name": "News"}, {"name": "Guidance"}, {"name": "Pre-Market Outlook"}, {"name": "Markets"}, {"name": "Trading Ideas"}], "stocks": [{"name": "AMGN"}, {"name": "AMZN"}, {"name": "CVX"}, {"name": "EXPE"}, {"name": "GOOGL"}, {"name": "HSY"}, {"name": "LNKD"}, {"name": "MA"}, {"name": "MCK"}, {"name": "PSX"}, {"name": "RCL"}, {"name": "XOM"}], "tags": [{"name": "Data Processing & Outsourced Services"}, {"name": "Health Care"}, {"name": "Health Care Distributors"}, {"name": "Information Technology"}, {"name": "Stocks To Watch"}, {"name": "Stocks to Watch"}]}, {"id": 8616695, "author": "Benzinga", "created": "Fri, 28 Oct 2016 07:58:11 -0400", "updated": "Fri, 28 Oct 2016 07:58:11 -0400", "title": "A Peek Into The Markets: U.S. Stock Futures Edge Higher; Alphabet Posts Upbeat Results", "teaser": "", "body": "", "url": "https://www.benzinga.com/node/8616695", "image": [], "channels": [{"name": "Earnings"}, {"name": "News"}, {"name": "Eurozone"}, {"name": "Futures"}, {"name": "Global"}, {"name": "Pre-Market Outlook"}, {"name": "Markets"}], "stocks": [{"name": "AMZN"}, {"name": "CVX"}, {"name": "GOOG"}, {"name": "GOOGL"}, {"name": "HSY"}, {"name": "MA"}, {"name": "TWTR"}, {"name": "XOM"}, {"name": "XRX"}], "tags": [{"name": "A Peek Into The Markets"}, {"name": "Data Processing & Outsourced Services"}, {"name": "Information Technology"}, {"name": "Oppenheimer"}, {"name": "U.S. stock futures"}]}, {"id": 8616478, "author": "Benzinga", "created": "Fri, 28 Oct 2016 08:56:56 -0400", "updated": "Fri, 28 Oct 2016 08:56:57 -0400", "title": "The Market In 5 Minutes: Busy Earnings Week Comes To A Close", "teaser": "", "body": "", "url": "https://www.benzinga.com/node/8616478", "image": [], "channels": [{"name": "News"}, {"name": "Global"}, {"name": "Top Stories"}, {"name": "Pre-Market Outlook"}, {"name": "Markets"}], "stocks": [{"name": "AAPL"}, {"name": "AKS"}, {"name": "AMGN"}, {"name": "AMZN"}, {"name": "BCO"}, {"name": "BHI"}, {"name": "BIDU"}, {"name": "BUD"}, {"name": "CAH"}, {"name": "CTL"}, {"name": "GE"}, {"name": "GOOGL"}, {"name": "HAL"}, {"name": "HSY"}, {"name": "JPM"}, {"name": "LC"}, {"name": "LVLT"}, {"name": "MA"}, {"name": "PSX"}, {"name": "SPY"}, {"name": "USO"}, {"name": "WW"}, {"name": "XOM"}, {"name": "XRX"}], "tags": [{"name": "the market in 5 minutes"}]}, {"id": 8617927, "author": "Benzinga", "created": "Fri, 28 Oct 2016 10:45:59 -0400", "updated": "Fri, 28 Oct 2016 10:46:01 -0400", "title": "Focus Shifts to Energy Sector, GDP, After Mixed Tech Earnings; Rates Eyed", "teaser": "", "body": "", "url": "https://www.benzinga.com/node/8617927", "image": [], "channels": [{"name": "Analyst Color"}, {"name": "Earnings"}, {"name": "News"}, {"name": "Events"}, {"name": "Global"}, {"name": "Econ #s"}, {"name": "Economics"}, {"name": "Federal Reserve"}, {"name": "Markets"}, {"name": "Reviews"}, {"name": "ETFs"}, {"name": "General"}], "stocks": [{"name": "AMZN"}, {"name": "COP"}, {"name": "CVX"}, {"name": "GOOG"}, {"name": "GOOGL"}, {"name": "XOM"}], "tags": []}, {"id": 8617276, "author": "Benzinga", "created": "Fri, 28 Oct 2016 11:10:33 -0400", "updated": "Fri, 28 Oct 2016 11:10:33 -0400", "title": "Why ZTO Express' IPO Has Failed To Sparkle", "teaser": "", "body": "", "url": "https://www.benzinga.com/node/8617276", "image": [], "channels": [{"name": "News"}, {"name": "Education"}, {"name": "IPOs"}, {"name": "General"}], "stocks": [{"name": "BABA"}, {"name": "BOX"}, {"name": "GS"}, {"name": "MS"}, {"name": "ZTO"}], "tags": [{"name": "Aaron Levie"}]}, {"id": 8618806, "author": "Benzinga", "created": "Fri, 28 Oct 2016 13:54:14 -0400", "updated": "Fri, 28 Oct 2016 13:54:15 -0400", "title": "As Acushnet Celebrates Its IPO Day, Take A Look At Competitor Callaway's Recent Sales Power", "teaser": "", "body": "", "url": "https://www.benzinga.com/node/8618806", "image": [], "channels": [{"name": "News"}, {"name": "Sports"}, {"name": "IPOs"}, {"name": "Trading Ideas"}, {"name": "General"}], "stocks": [{"name": "ELY"}, {"name": "GOLF"}, {"name": "NKE"}], "tags": [{"name": "Acushnet"}, {"name": "Chip Brewer"}, {"name": "Golf"}]}, {"id": 8618576, "author": "Benzinga", "created": "Fri, 28 Oct 2016 14:34:58 -0400", "updated": "Fri, 28 Oct 2016 14:34:59 -0400", "title": "Stocktober Surprises: 147 Years In Review", "teaser": "", "body": "", "url": "https://www.benzinga.com/node/8618576", "image": [], "channels": [{"name": "News"}, {"name": "Education"}, {"name": "Events"}, {"name": "Markets"}, {"name": "Trading Ideas"}, {"name": "General"}], "stocks": [{"name": "AMZN"}, {"name": "CVX"}, {"name": "GOOG"}, {"name": "GOOGL"}, {"name": "SPY"}, {"name": "XOM"}], "tags": [{"name": "1929 Stock Market Crash"}, {"name": "2016 presidential election"}, {"name": "Argus"}, {"name": "Black Friday"}, {"name": "Black Friday 1869"}, {"name": "Black Tuesday"}, {"name": "Black Wednesday"}, {"name": "George Soros"}, {"name": "Panic Of 1907"}]}, {"id": 8618967, "author": "Benzinga", "created": "Fri, 28 Oct 2016 16:06:09 -0400", "updated": "Fri, 28 Oct 2016 16:06:11 -0400", "title": "Titleist Hits The Green On Its First Day Of Trading", "teaser": "", "body": "", "url": "https://www.benzinga.com/node/8618967", "image": [], "channels": [{"name": "News"}, {"name": "Sports"}, {"name": "IPOs"}, {"name": "Movers"}, {"name": "Interview"}, {"name": "General"}], "stocks": [{"name": "ADDYY"}, {"name": "ELY"}, {"name": "GOLF"}, {"name": "NKE"}], "tags": [{"name": "Acushnet"}, {"name": "Fila Korea"}, {"name": "Golf"}, {"name": "Robert Julian"}, {"name": "Taylor-Made"}, {"name": "Tiger Woods"}, {"name": "Titleist"}]}]