[{"id": 8197536, "author": "Benzinga", "created": "Fri, 08 Jul 2016 07:40:34 -0400", "updated": "Fri, 08 Jul 2016 07:40:34 -0400", "title": "A Peek Into The Markets: U.S. Stock Futures Gain; All Eyes On Jobs Data", "teaser": "", "body": "", "url": "https://www.benzinga.com/node/8197536", "image": [], "channels": [{"name": "Earnings"}, {"name": "News"}, {"name": "Eurozone"}, {"name": "Futures"}, {"name": "M&A"}, {"name": "Global"}, {"name": "Pre-Market Outlook"}, {"name": "Markets"}], "stocks": [{"name": "GPS"}, {"name": "HELE"}, {"name": "INTC"}, {"name": "PLCM"}, {"name": "PSMT"}], "tags": [{"name": "Bernstein"}, {"name": "U.S. stock futures"}]}, {"id": 8197655, "author": "Benzinga", "created": "Fri, 08 Jul 2016 08:46:40 -0400", "updated": "Fri, 08 Jul 2016 08:46:40 -0400", "title": "American Express' Q2 Expected To Beat Street Estimates At D.A. Davidson", "teaser": "", "body": "", "url": "https://www.benzinga.com/node/8197655", "image": [], "channels": [{"name": "Analyst Color"}, {"name": "Earnings"}, {"name": "News"}, {"name": "Previews"}, {"name": "Reiteration"}, {"name": "Analyst Ratings"}, {"name": "Trading Ideas"}], "stocks": [{"name": "AXP"}, {"name": "COST"}], "tags": [{"name": "Arren Cyganovich"}, {"name": "D.A. Davidson & Co."}]}, {"id": 8197749, "author": "Benzinga", "created": "Fri, 08 Jul 2016 08:48:54 -0400", "updated": "Fri, 08 Jul 2016 08:48:54 -0400", "title": "The Market In 5 Minutes: Huge Beat For June's U.S. Jobs Numbers", "teaser": "", "body": "", "url": "https://www.benzinga.com/node/8197749", "image": [], "channels": [{"name": "News"}, {"name": "Global"}, {"name": "Top Stories"}, {"name": "Pre-Market Outlook"}, {"name": "Markets"}], "stocks": [{"name": "AET"}, {"name": "COE"}, {"name": "CUDA"}, {"name": "GFI"}, {"name": "GLD"}, {"name": "HELE"}, {"name": "HUM"}, {"name": "INTC"}, {"name": "JUNO"}, {"name": "MITL"}, {"name": "PLCM"}, {"name": "SPY"}, {"name": "SWHC"}, {"name": "T"}, {"name": "TASR"}, {"name": "TTOO"}, {"name": "USO"}, {"name": "WDFC"}, {"name": "WWAV"}], "tags": [{"name": "the market in 5 minutes"}]}, {"id": 8197783, "author": "Benzinga", "created": "Fri, 08 Jul 2016 09:04:11 -0400", "updated": "Fri, 08 Jul 2016 09:04:42 -0400", "title": "Every Day Is Prime Day For Long-Term Amazon Holders; Stock Hits Another All-Time High", "teaser": "", "body": "", "url": "https://www.benzinga.com/node/8197783", "image": [], "channels": [{"name": "News"}, {"name": "Management"}, {"name": "Media"}, {"name": "General"}], "stocks": [{"name": "AAPL"}, {"name": "AMZN"}, {"name": "AXP"}, {"name": "WMT"}], "tags": [{"name": "cnn money"}, {"name": "Jeff Bezos"}, {"name": "Jeff Bezos Net Worth"}, {"name": "Warren Buffett"}, {"name": "Warren Buffett Net Worth"}, {"name": "Wealthiest People"}]}, {"id": 8198025, "author": "Benzinga", "created": "Fri, 08 Jul 2016 09:51:38 -0400", "updated": "Fri, 08 Jul 2016 09:51:38 -0400", "title": "U.S. House Of Representatives Passes Measures To Block Boeing Aircraft Sale To Iran", "teaser": "", "body": "", "url": "https://www.benzinga.com/node/8198025", "image": [], "channels": [{"name": "News"}, {"name": "Emerging Markets"}, {"name": "Contracts"}, {"name": "Politics"}, {"name": "Travel"}, {"name": "Legal"}, {"name": "Markets"}, {"name": "Media"}, {"name": "General"}], "stocks": [{"name": "BA"}], "tags": [{"name": "Boeing Iran Deal"}, {"name": "House of Representatives"}, {"name": "Iran"}, {"name": "Iran nuclear deal"}]}, {"id": 8198311, "author": "Benzinga", "created": "Fri, 08 Jul 2016 10:30:19 -0400", "updated": "Fri, 08 Jul 2016 10:30:21 -0400", "title": "Get a Job: Big Employment Number A Huge Turn-Around After May Miss", "teaser": "", "body": "", "url": "https://www.benzinga.com/node/8198311", "image": [], "channels": [{"name": "Analyst Color"}, {"name": "News"}, {"name": "Eurozone"}, {"name": "Commodities"}, {"name": "Events"}, {"name": "Econ #s"}, {"name": "Economics"}, {"name": "Markets"}, {"name": "Analyst Ratings"}, {"name": "General"}], "stocks": [{"name": "DHI"}, {"name": "HD"}, {"name": "LOW"}], "tags": [{"name": "Consumer Discretionary"}, {"name": "Home Improvement Retail"}]}, {"id": 8198445, "author": "Benzinga", "created": "Fri, 08 Jul 2016 11:13:15 -0400", "updated": "Fri, 08 Jul 2016 11:13:15 -0400", "title": "Google Buys Video Processing Firm Anvato Amid OTT Push", "teaser": "", "body": "", "url": "https://www.benzinga.com/node/8198445", "image": [], "channels": [{"name": "News"}, {"name": "M&A"}, {"name": "Tech"}, {"name": "Media"}], "stocks": [{"name": "AMZN"}, {"name": "FB"}, {"name": "GOOG"}, {"name": "GOOGL"}, {"name": "IBM"}, {"name": "MSFT"}, {"name": "NFLX"}], "tags": [{"name": "advertising"}, {"name": "Amazon Web Services"}, {"name": "Anvato"}, {"name": "AWS"}, {"name": "Azure"}, {"name": "Belwadi Srikanth"}, {"name": "Clearleap"}, {"name": "Masquerade"}, {"name": "media"}, {"name": "Microsoft Azure"}, {"name": "Ustream"}, {"name": "video advertising"}, {"name": "YouTube"}]}, {"id": 8198838, "author": "Benzinga", "created": "Fri, 08 Jul 2016 12:56:19 -0400", "updated": "Fri, 08 Jul 2016 12:56:19 -0400", "title": "Your Passwords Can Be Stolen Through Wearables", "teaser": "", "body": "", "url": "https://www.benzinga.com/node/8198838", "image": [], "channels": [{"name": "News"}, {"name": "Tech"}, {"name": "Media"}], "stocks": [{"name": "AAPL"}, {"name": "FIT"}], "tags": [{"name": "Stevens"}, {"name": "Yingying Chen"}]}]