[{"id": 8804125, "author": "Benzinga", "created": "Wed, 14 Dec 2016 08:04:54 -0400", "updated": "Wed, 14 Dec 2016 08:04:56 -0400", "title": "Wall Street's M&A Chatter From December 13", "teaser": "", "body": "", "url": "https://www.benzinga.com/node/8804125", "image": [], "channels": [{"name": "News"}, {"name": "Rumors"}, {"name": "M&A"}], "stocks": [{"name": "ALIOF"}, {"name": "HTZ"}, {"name": "JNJ"}, {"name": "SPAR"}], "tags": []}, {"id": 8802496, "author": "Benzinga", "created": "Wed, 14 Dec 2016 09:27:24 -0400", "updated": "Wed, 14 Dec 2016 09:27:24 -0400", "title": "What Is The Read On Tech, And What Does Trump Have To Do With It?", "teaser": "", "body": "", "url": "https://www.benzinga.com/node/8802496", "image": [], "channels": [{"name": "News"}, {"name": "Previews"}, {"name": "Politics"}, {"name": "Events"}, {"name": "Movers"}, {"name": "Tech"}, {"name": "Trading Ideas"}, {"name": "Interview"}, {"name": "General"}], "stocks": [{"name": "AAPL"}, {"name": "AMZN"}, {"name": "FB"}, {"name": "MSFT"}, {"name": "SGYP"}], "tags": [{"name": "PreMarket Prep"}, {"name": "Scott Redler"}, {"name": "tech"}]}, {"id": 8804339, "author": "Benzinga", "created": "Wed, 14 Dec 2016 10:02:49 -0400", "updated": "Wed, 14 Dec 2016 10:02:49 -0400", "title": "The Market In 5 Minutes: All Eyes On The Fed", "teaser": "", "body": "", "url": "https://www.benzinga.com/node/8804339", "image": [], "channels": [{"name": "News"}, {"name": "Global"}, {"name": "Top Stories"}, {"name": "Markets"}], "stocks": [{"name": "ABM"}, {"name": "HTZ"}, {"name": "JNJ"}, {"name": "JOY"}, {"name": "KR"}, {"name": "MRO"}, {"name": "NDSN"}, {"name": "NVDA"}, {"name": "QCOM"}, {"name": "RLJ"}, {"name": "SNY"}, {"name": "SPY"}, {"name": "TREE"}, {"name": "USO"}, {"name": "VRX"}, {"name": "WFC"}, {"name": "XHR"}], "tags": []}, {"id": 8804748, "author": "Benzinga", "created": "Wed, 14 Dec 2016 10:46:13 -0400", "updated": "Wed, 14 Dec 2016 10:46:13 -0400", "title": "Advanced Micro Devices' Price Target Raised To 2007 Level At Canaccord", "teaser": "", "body": "", "url": "https://www.benzinga.com/node/8804748", "image": [], "channels": [{"name": "Analyst Color"}, {"name": "Long Ideas"}, {"name": "News"}, {"name": "Price Target"}, {"name": "Reiteration"}, {"name": "Analyst Ratings"}, {"name": "Movers"}, {"name": "Tech"}, {"name": "Trading Ideas"}], "stocks": [{"name": "AMD"}, {"name": "INTC"}, {"name": "MSFT"}, {"name": "NVDA"}, {"name": "SNE"}], "tags": [{"name": "Canaccord Genuity"}, {"name": "Matthew D. Ramsay"}]}, {"id": 8805147, "author": "Benzinga", "created": "Wed, 14 Dec 2016 11:42:22 -0400", "updated": "Wed, 14 Dec 2016 11:42:23 -0400", "title": "Boeing Target Price Reaches Altitude Of $185 At Argus", "teaser": "", "body": "", "url": "https://www.benzinga.com/node/8805147", "image": [], "channels": [{"name": "Analyst Color"}, {"name": "News"}, {"name": "Price Target"}, {"name": "Politics"}, {"name": "Reiteration"}, {"name": "Travel"}, {"name": "Analyst Ratings"}, {"name": "Movers"}, {"name": "General"}], "stocks": [{"name": "BA"}], "tags": [{"name": "Air Force One"}, {"name": "Argus"}, {"name": "Donald Trump"}, {"name": "John Eade"}]}, {"id": 8805327, "author": "Benzinga", "created": "Wed, 14 Dec 2016 12:13:58 -0400", "updated": "Wed, 14 Dec 2016 12:13:58 -0400", "title": "One Analyst's View Of Nintendo's 'Super Mario Run' Release", "teaser": "", "body": "", "url": "https://www.benzinga.com/node/8805327", "image": [], "channels": [{"name": "Analyst Color"}, {"name": "News"}, {"name": "Emerging Markets"}, {"name": "Markets"}, {"name": "Analyst Ratings"}, {"name": "Tech"}, {"name": "Trading Ideas"}], "stocks": [{"name": "AAPL"}, {"name": "NTDOY"}], "tags": [{"name": "Atul Goyal"}, {"name": "Japanese stocks"}, {"name": "Nintendo"}, {"name": "Super Mario RUn"}, {"name": "Tim Cook"}]}, {"id": 8805662, "author": "Benzinga", "created": "Wed, 14 Dec 2016 12:38:31 -0400", "updated": "Wed, 14 Dec 2016 12:38:31 -0400", "title": "Microsoft Cloud Confidence Warrants A Price Target Boost At Deutsche Bank", "teaser": "", "body": "", "url": "https://www.benzinga.com/node/8805662", "image": [], "channels": [{"name": "Analyst Color"}, {"name": "Long Ideas"}, {"name": "News"}, {"name": "Guidance"}, {"name": "Price Target"}, {"name": "Reiteration"}, {"name": "Analyst Ratings"}, {"name": "Movers"}, {"name": "Tech"}, {"name": "Trading Ideas"}], "stocks": [{"name": "MSFT"}], "tags": [{"name": "Azure"}, {"name": "cloud"}, {"name": "cloud computing"}, {"name": "cloud technology"}, {"name": "Deutsche Bank"}, {"name": "Dynamics Online"}, {"name": "Karl Keirstead"}, {"name": "Office 365"}, {"name": "Windows"}]}, {"id": 8806179, "author": "Benzinga", "created": "Wed, 14 Dec 2016 14:46:34 -0400", "updated": "Wed, 14 Dec 2016 14:46:35 -0400", "title": "Oppenheimer Thinks Akamai Would Make A Good Takeout Target", "teaser": "", "body": "", "url": "https://www.benzinga.com/node/8806179", "image": [], "channels": [{"name": "Long Ideas"}, {"name": "News"}, {"name": "Upgrades"}, {"name": "Price Target"}, {"name": "Analyst Ratings"}, {"name": "Movers"}, {"name": "Tech"}, {"name": "Trading Ideas"}], "stocks": [{"name": "AKAM"}, {"name": "CSCO"}, {"name": "MSFT"}, {"name": "ORCL"}], "tags": [{"name": "cloud"}, {"name": "cloud computing"}, {"name": "cloud technology"}, {"name": "Oppenheimer"}]}, {"id": 8806280, "author": "Benzinga", "created": "Wed, 14 Dec 2016 14:56:17 -0400", "updated": "Wed, 14 Dec 2016 14:56:17 -0400", "title": "Who Else Might Johnson & Johnson Seek To Acquire With Actelion Now Out Of Its Crosshairs?", "teaser": "", "body": "", "url": "https://www.benzinga.com/node/8806280", "image": [], "channels": [{"name": "Biotech"}, {"name": "Long Ideas"}, {"name": "News"}, {"name": "Rumors"}, {"name": "M&A"}, {"name": "Movers"}, {"name": "Trading Ideas"}, {"name": "General"}], "stocks": [{"name": "ALIOF"}, {"name": "BLPH"}, {"name": "EIGR"}, {"name": "JNJ"}, {"name": "RETA"}, {"name": "SNY"}], "tags": [{"name": "MORPHOGEN-IX"}, {"name": "Reviva Pharmaceuticals"}]}, {"id": 8808056, "author": "Benzinga", "created": "Wed, 14 Dec 2016 18:55:36 -0400", "updated": "Wed, 14 Dec 2016 18:55:36 -0400", "title": "Another Yahoo Hack: 1 Billion Accounts May Have Been Comprised", "teaser": "", "body": "", "url": "https://www.benzinga.com/node/8808056", "image": [], "channels": [{"name": "News"}, {"name": "Legal"}, {"name": "Tech"}], "stocks": [{"name": "VZ"}, {"name": "YHOO"}], "tags": []}]