[{"id": 8348141, "author": "Benzinga", "created": "Mon, 15 Aug 2016 06:53:04 -0400", "updated": "Mon, 15 Aug 2016 06:53:04 -0400", "title": "Disney Hits Unwanted Hat Trick As 'Pete's Dragon' Becomes Studio's Third Straight Live-Action Flop", "teaser": "", "body": "", "url": "https://www.benzinga.com/node/8348141", "image": [], "channels": [{"name": "News"}, {"name": "Events"}], "stocks": [{"name": "DIS"}], "tags": [{"name": "Alice Through The Looking Glass"}, {"name": "Pete's Dragon"}, {"name": "The BFG"}]}, {"id": 8348093, "author": "Benzinga", "created": "Mon, 15 Aug 2016 07:01:08 -0400", "updated": "Mon, 15 Aug 2016 07:01:09 -0400", "title": "Old Reliable Among Emerging Markets ETFs", "teaser": "", "body": "", "url": "https://www.benzinga.com/node/8348093", "image": [], "channels": [{"name": "Long Ideas"}, {"name": "News"}, {"name": "Emerging Markets"}, {"name": "Emerging Market ETFs"}, {"name": "Markets"}, {"name": "Trading Ideas"}, {"name": "ETFs"}], "stocks": [{"name": "AAPL"}, {"name": "EWY"}], "tags": []}, {"id": 8349124, "author": "Benzinga", "created": "Mon, 15 Aug 2016 07:34:25 -0400", "updated": "Mon, 15 Aug 2016 07:34:25 -0400", "title": "Twitter Could Be Coming To Your Apple TV This Football Season", "teaser": "", "body": "", "url": "https://www.benzinga.com/node/8349124", "image": [], "channels": [{"name": "News"}, {"name": "Rumors"}, {"name": "Sports"}, {"name": "Tech"}, {"name": "General"}], "stocks": [{"name": "AAPL"}, {"name": "FB"}, {"name": "TWTR"}], "tags": [{"name": "Apple TV"}, {"name": "Apple TV Twitter"}, {"name": "twitter"}, {"name": "Twitter NFL"}, {"name": "Twitter Streaming Video"}]}, {"id": 8349375, "author": "Benzinga", "created": "Mon, 15 Aug 2016 07:58:45 -0400", "updated": "Mon, 15 Aug 2016 07:58:45 -0400", "title": "A Peek Into The Markets: U.S. Stock Futures Rise Ahead Of Empire State Manufacturing Index", "teaser": "", "body": "", "url": "https://www.benzinga.com/node/8349375", "image": [], "channels": [{"name": "News"}, {"name": "Eurozone"}, {"name": "Futures"}, {"name": "M&A"}, {"name": "Global"}, {"name": "Pre-Market Outlook"}, {"name": "Markets"}], "stocks": [{"name": "AVEO"}, {"name": "EBAY"}, {"name": "MAA"}, {"name": "PG"}, {"name": "PPS"}, {"name": "XYL"}], "tags": [{"name": "B. Riley"}, {"name": "Financials"}, {"name": "Residential REIT's"}, {"name": "U.S. stock futures"}]}, {"id": 8349165, "author": "Benzinga", "created": "Mon, 15 Aug 2016 08:55:06 -0400", "updated": "Mon, 15 Aug 2016 08:55:06 -0400", "title": "The Market In 5 Minutes: Stock Futures Follow Usain Bolt's Lead", "teaser": "", "body": "", "url": "https://www.benzinga.com/node/8349165", "image": [], "channels": [{"name": "News"}, {"name": "Global"}, {"name": "Top Stories"}, {"name": "Pre-Market Outlook"}, {"name": "Markets"}], "stocks": [{"name": "AAPL"}, {"name": "BBY"}, {"name": "BOLD"}, {"name": "GM"}, {"name": "HD"}, {"name": "MCD"}, {"name": "PG"}, {"name": "PPS"}, {"name": "PTHN"}, {"name": "SPLS"}, {"name": "SPY"}, {"name": "SYY"}, {"name": "TGT"}, {"name": "TWTR"}, {"name": "VRX"}, {"name": "WMT"}], "tags": [{"name": "the market in 5 minutes"}]}, {"id": 8350311, "author": "Benzinga", "created": "Mon, 15 Aug 2016 09:46:00 -0400", "updated": "Mon, 15 Aug 2016 09:46:02 -0400", "title": "More Insight Into Consumer Ahead with Lowe's, Home Depot", "teaser": "", "body": "", "url": "https://www.benzinga.com/node/8350311", "image": [], "channels": [{"name": "Earnings"}, {"name": "News"}, {"name": "Guidance"}, {"name": "Upgrades"}, {"name": "Markets"}, {"name": "Analyst Ratings"}, {"name": "Reviews"}, {"name": "General"}], "stocks": [{"name": "BABA"}, {"name": "HD"}, {"name": "JWN"}, {"name": "KSS"}, {"name": "LOW"}, {"name": "M"}], "tags": [{"name": "Consumer Discretionary"}, {"name": "Department Stores"}, {"name": "Home Improvement Retail"}]}, {"id": 8351756, "author": "Benzinga", "created": "Mon, 15 Aug 2016 14:11:44 -0400", "updated": "Mon, 15 Aug 2016 14:11:44 -0400", "title": "Report: New iPad Pro Coming In 2017, 'Revolutionary' OLED iPad To Follow In 2018", "teaser": "", "body": "", "url": "https://www.benzinga.com/node/8351756", "image": [], "channels": [{"name": "News"}, {"name": "Rumors"}, {"name": "Tech"}, {"name": "Media"}], "stocks": [{"name": "AAPL"}, {"name": "TSM"}], "tags": [{"name": "Apple A10X Processor"}, {"name": "Apple Rumors"}, {"name": "iPad 2"}, {"name": "iPad Pro"}, {"name": "iPad Rumors"}, {"name": "Mac Rumors"}, {"name": "Ming-Chi Kuo"}]}, {"id": 8352517, "author": "Benzinga", "created": "Mon, 15 Aug 2016 14:42:01 -0400", "updated": "Mon, 15 Aug 2016 14:42:01 -0400", "title": "Twitter Set To Close Above $20 For First Time In 7 Months", "teaser": "", "body": "", "url": "https://www.benzinga.com/node/8352517", "image": [], "channels": [{"name": "News"}, {"name": "Movers"}], "stocks": [{"name": "AAPL"}, {"name": "TWTR"}], "tags": []}, {"id": 8353044, "author": "Benzinga", "created": "Mon, 15 Aug 2016 17:16:36 -0400", "updated": "Mon, 15 Aug 2016 17:16:36 -0400", "title": "How Twilio's Performance Ranks Among Some Of The Most High-Profile IPOs", "teaser": "", "body": "", "url": "https://www.benzinga.com/node/8353044", "image": [], "channels": [{"name": "Long Ideas"}, {"name": "News"}, {"name": "IPOs"}, {"name": "Movers"}, {"name": "Tech"}, {"name": "Trading Ideas"}], "stocks": [{"name": "BABA"}, {"name": "FB"}, {"name": "MA"}, {"name": "PYPL"}, {"name": "SQ"}, {"name": "TWLO"}, {"name": "TWTR"}, {"name": "V"}], "tags": []}, {"id": 8353268, "author": "Benzinga", "created": "Mon, 15 Aug 2016 17:19:59 -0400", "updated": "Mon, 15 Aug 2016 17:19:59 -0400", "title": "China's Quantum Leap Toward Unhackable Communications", "teaser": "", "body": "", "url": "https://www.benzinga.com/node/8353268", "image": [], "channels": [{"name": "News"}, {"name": "Emerging Markets"}, {"name": "Wall Street Journal"}, {"name": "Markets"}, {"name": "Tech"}, {"name": "Media"}, {"name": "General"}], "stocks": [{"name": "CHKP"}, {"name": "CSCO"}, {"name": "CYBR"}, {"name": "FEYE"}, {"name": "FTNT"}, {"name": "GIMO"}, {"name": "HACK"}, {"name": "IGV"}, {"name": "IMPV"}, {"name": "PANW"}, {"name": "PFPT"}, {"name": "SYMC"}], "tags": [{"name": "China"}, {"name": "quantum"}]}]