[{"id": 8465014, "author": "Benzinga", "created": "Fri, 16 Sep 2016 08:58:33 -0400", "updated": "Fri, 16 Sep 2016 08:58:33 -0400", "title": "The Market In 5 Minutes: A Down Week Comes To A Close", "teaser": "", "body": "", "url": "https://www.benzinga.com/node/8465014", "image": [], "channels": [{"name": "News"}, {"name": "Global"}, {"name": "Top Stories"}, {"name": "Pre-Market Outlook"}, {"name": "Markets"}], "stocks": [{"name": "BAC"}, {"name": "BHE"}, {"name": "C"}, {"name": "CBR"}, {"name": "CMA"}, {"name": "DB"}, {"name": "DEPO"}, {"name": "FOXA"}, {"name": "GPRO"}, {"name": "JPM"}, {"name": "NVAX"}, {"name": "ORCL"}, {"name": "SAM"}, {"name": "SANW"}, {"name": "SPY"}, {"name": "STO"}, {"name": "TWTR"}, {"name": "USO"}, {"name": "WFC"}, {"name": "XOM"}], "tags": [{"name": "the market in 5 minutes"}]}, {"id": 8463138, "author": "Benzinga", "created": "Fri, 16 Sep 2016 08:59:37 -0400", "updated": "Fri, 16 Sep 2016 09:07:03 -0400", "title": "The Stars Align For Turner And 'Star Wars'", "teaser": "", "body": "", "url": "https://www.benzinga.com/node/8463138", "image": [], "channels": [{"name": "News"}, {"name": "Contracts"}, {"name": "Events"}, {"name": "Tech"}, {"name": "Media"}, {"name": "General"}], "stocks": [{"name": "DIS"}, {"name": "TWX"}], "tags": [{"name": "Marvel"}, {"name": "Star Wars"}, {"name": "TBS"}, {"name": "TNT"}, {"name": "Turner"}]}, {"id": 8464314, "author": "Benzinga", "created": "Fri, 16 Sep 2016 09:36:28 -0400", "updated": "Fri, 16 Sep 2016 09:36:28 -0400", "title": "JPMorgan Adds A Junk Bond ETF", "teaser": "", "body": "", "url": "https://www.benzinga.com/node/8464314", "image": [], "channels": [{"name": "Long Ideas"}, {"name": "News"}, {"name": "Bonds"}, {"name": "Specialty ETFs"}, {"name": "New ETFs"}, {"name": "Top Stories"}, {"name": "Markets"}, {"name": "Trading Ideas"}, {"name": "ETFs"}], "stocks": [{"name": "JPM"}], "tags": [{"name": "Fixed Income"}, {"name": "fixed income ETFs"}, {"name": "JPHY"}, {"name": "junk bond ETFs"}, {"name": "junk bonds"}]}, {"id": 8465365, "author": "Benzinga", "created": "Fri, 16 Sep 2016 09:42:42 -0400", "updated": "Fri, 16 Sep 2016 09:45:27 -0400", "title": "Eurobank Stocks Under Pressure Amid Deutsche Bank's $14 Billion Probe", "teaser": "", "body": "", "url": "https://www.benzinga.com/node/8465365", "image": [], "channels": [{"name": "News"}, {"name": "Eurozone"}, {"name": "Technicals"}, {"name": "Global"}, {"name": "Markets"}, {"name": "Movers"}, {"name": "Media"}, {"name": "Trading Ideas"}], "stocks": [{"name": "BCS"}, {"name": "C"}, {"name": "CS"}, {"name": "DB"}, {"name": "GS"}, {"name": "LYG"}, {"name": "RBS"}, {"name": "UBS"}], "tags": [{"name": "Deutsche Bank"}, {"name": "Deutsche Bank Fee"}, {"name": "European banks"}, {"name": "Justice Department"}, {"name": "Morgage Security Probes"}]}, {"id": 8464990, "author": "Benzinga", "created": "Fri, 16 Sep 2016 09:51:40 -0400", "updated": "Fri, 16 Sep 2016 09:52:19 -0400", "title": "Motorola Goes After Apple With New 'Skip The 7s' Campaign", "teaser": "", "body": "", "url": "https://www.benzinga.com/node/8464990", "image": [], "channels": [{"name": "News"}, {"name": "Tech"}, {"name": "Media"}], "stocks": [{"name": "AAPL"}], "tags": [{"name": "iPhone"}, {"name": "iPhone Competition"}, {"name": "iPhone History"}, {"name": "Moto Mods"}, {"name": "Moto Z"}, {"name": "Motorola"}]}, {"id": 8465707, "author": "Benzinga", "created": "Fri, 16 Sep 2016 10:05:06 -0400", "updated": "Fri, 16 Sep 2016 10:05:06 -0400", "title": "Mid-Morning Market Update: Markets Open Lower; Intel Lifts Q3 Revenue Outlook", "teaser": "", "body": "", "url": "https://www.benzinga.com/node/8465707", "image": [], "channels": [{"name": "News"}, {"name": "Guidance"}, {"name": "Eurozone"}, {"name": "Commodities"}, {"name": "Global"}, {"name": "Intraday Update"}, {"name": "Markets"}, {"name": "Movers"}], "stocks": [{"name": "ACRX"}, {"name": "DEPO"}, {"name": "DQ"}, {"name": "E"}, {"name": "GNMK"}, {"name": "INTC"}, {"name": "NVAX"}, {"name": "ROKA"}, {"name": "TWER"}], "tags": [{"name": "Mid-Morning Market Update"}]}, {"id": 8465083, "author": "Benzinga", "created": "Fri, 16 Sep 2016 10:07:02 -0400", "updated": "Fri, 16 Sep 2016 10:07:03 -0400", "title": "3 Pharma Companies Receive Positive EU Opinions", "teaser": "", "body": "", "url": "https://www.benzinga.com/node/8465083", "image": [], "channels": [{"name": "Biotech"}, {"name": "News"}, {"name": "Eurozone"}, {"name": "Health Care"}, {"name": "Markets"}, {"name": "Movers"}, {"name": "General"}], "stocks": [{"name": "AMGN"}, {"name": "LLY"}, {"name": "PFE"}], "tags": [{"name": "CHMP"}, {"name": "Committee for Medicinal Products for Human Use"}, {"name": "EMA"}, {"name": "etelcalcetide"}, {"name": "European Medicines Agency"}, {"name": "ibrance"}, {"name": "Olaratumab"}, {"name": "Palbociclib"}, {"name": "Parsabiv\u2122"}]}, {"id": 8465757, "author": "Benzinga", "created": "Fri, 16 Sep 2016 10:12:53 -0400", "updated": "Fri, 16 Sep 2016 10:12:54 -0400", "title": "Stocks Hitting 52-Week Highs", "teaser": "", "body": "", "url": "https://www.benzinga.com/node/8465757", "image": [], "channels": [{"name": "News"}, {"name": "Intraday Update"}, {"name": "Markets"}, {"name": "Movers"}], "stocks": [{"name": "AWRE"}, {"name": "CYOU"}, {"name": "INTC"}, {"name": "TLYS"}], "tags": [{"name": "52 Week Highs"}, {"name": "52-Week Highs"}]}, {"id": 8465811, "author": "Benzinga", "created": "Fri, 16 Sep 2016 10:27:52 -0400", "updated": "Fri, 16 Sep 2016 10:27:52 -0400", "title": "Benzinga's Volume Movers", "teaser": "", "body": "", "url": "https://www.benzinga.com/node/8465811", "image": [], "channels": [{"name": "News"}, {"name": "Intraday Update"}, {"name": "Markets"}, {"name": "Movers"}], "stocks": [{"name": "AERI"}, {"name": "DEPO"}, {"name": "GNMK"}, {"name": "INTC"}], "tags": [{"name": "volume movers"}]}, {"id": 8466147, "author": "Benzinga", "created": "Fri, 16 Sep 2016 11:19:23 -0400", "updated": "Fri, 16 Sep 2016 11:19:24 -0400", "title": "Consumer In Focus: Two More Data Points Friday Could Offer Insight", "teaser": "", "body": "", "url": "https://www.benzinga.com/node/8466147", "image": [], "channels": [{"name": "News"}, {"name": "Previews"}, {"name": "Events"}, {"name": "Econ #s"}, {"name": "Economics"}, {"name": "Markets"}, {"name": "Trading Ideas"}, {"name": "Reviews"}, {"name": "General"}], "stocks": [{"name": "AAPL"}, {"name": "ORCL"}], "tags": []}, {"id": 8465777, "author": "Benzinga", "created": "Fri, 16 Sep 2016 11:41:44 -0400", "updated": "Fri, 16 Sep 2016 11:41:45 -0400", "title": "Exxon Says, 'We Don't Do Write-Downs'; NY Attorney General Investigating Whether Or Not They Should", "teaser": "", "body": "", "url": "https://www.benzinga.com/node/8465777", "image": [], "channels": [{"name": "News"}, {"name": "Wall Street Journal"}, {"name": "Commodities"}, {"name": "Legal"}, {"name": "Markets"}, {"name": "Media"}], "stocks": [{"name": "BP"}, {"name": "CVX"}, {"name": "RDS-A"}, {"name": "RDS-B"}, {"name": "TOT"}, {"name": "XOM"}], "tags": [{"name": "Energy Intelligence"}, {"name": "Eric Schneiderman"}, {"name": "Exxon"}, {"name": "Exxon Accounting"}, {"name": "Exxon Write Downs"}, {"name": "New York Attorney General"}, {"name": "Paul Sankey"}, {"name": "Rex Tillerson"}, {"name": "Wall Street Journal"}, {"name": "Wolfe Research"}]}, {"id": 8465636, "author": "Benzinga", "created": "Fri, 16 Sep 2016 12:11:50 -0400", "updated": "Fri, 16 Sep 2016 12:11:50 -0400", "title": "Chip Stocks Mostly Soar As Intel Raises Q3 Guidance", "teaser": "", "body": "", "url": "https://www.benzinga.com/node/8465636", "image": [], "channels": [{"name": "News"}, {"name": "Guidance"}, {"name": "Movers"}, {"name": "Tech"}], "stocks": [{"name": "AMD"}, {"name": "INTC"}, {"name": "MU"}, {"name": "NVDA"}, {"name": "TXN"}], "tags": [{"name": "chips"}]}, {"id": 8466440, "author": "Benzinga", "created": "Fri, 16 Sep 2016 12:19:04 -0400", "updated": "Fri, 16 Sep 2016 12:19:05 -0400", "title": "Mid-Day Market Update: Novavax Tumbles Following Failed Trial; Depomed Shares Surge", "teaser": "", "body": "", "url": "https://www.benzinga.com/node/8466440", "image": [], "channels": [{"name": "News"}, {"name": "Guidance"}, {"name": "Eurozone"}, {"name": "Commodities"}, {"name": "Global"}, {"name": "Intraday Update"}, {"name": "Markets"}, {"name": "Movers"}], "stocks": [{"name": "ARTNA"}, {"name": "AT"}, {"name": "DEPO"}, {"name": "FTR"}, {"name": "GNMK"}, {"name": "INTC"}, {"name": "LOGI"}, {"name": "MCZ"}, {"name": "NVAX"}, {"name": "PHI"}, {"name": "ROKA"}, {"name": "TWER"}], "tags": [{"name": "Computer Storage & Peripherals"}, {"name": "Consumer Discretionary"}, {"name": "Consumer Electronics"}, {"name": "Information Technology"}, {"name": "Mid-Day Market Update"}]}, {"id": 8466072, "author": "Benzinga", "created": "Fri, 16 Sep 2016 13:15:20 -0400", "updated": "Fri, 16 Sep 2016 13:15:20 -0400", "title": "Here's How Costco Customers Can Still Use Their American Express Card", "teaser": "", "body": "", "url": "https://www.benzinga.com/node/8466072", "image": [], "channels": [{"name": "News"}, {"name": "Contracts"}, {"name": "General"}], "stocks": [{"name": "AXP"}, {"name": "COST"}, {"name": "GOOG"}, {"name": "GOOGL"}, {"name": "V"}], "tags": [{"name": "Costco Credit Card"}, {"name": "Costco Google Payments"}, {"name": "Costco Visa"}]}, {"id": 8466540, "author": "Benzinga", "created": "Fri, 16 Sep 2016 13:17:03 -0400", "updated": "Fri, 16 Sep 2016 13:17:03 -0400", "title": "Shorter iPhone 7 Lines Send Mixed Signals About Market Enthusiasm", "teaser": "", "body": "", "url": "https://www.benzinga.com/node/8466540", "image": [], "channels": [{"name": "News"}], "stocks": [{"name": "AAPL"}, {"name": "S"}, {"name": "SSNLF"}, {"name": "TMUS"}], "tags": [{"name": "iPhone 6S"}, {"name": "iPhone 6s Plus"}, {"name": "iPhone 7"}, {"name": "iPhone 7 Plus"}]}, {"id": 8466182, "author": "Benzinga", "created": "Fri, 16 Sep 2016 13:19:35 -0400", "updated": "Fri, 16 Sep 2016 13:32:18 -0400", "title": "The Federal Reserve's Stress Tests May Be Illegal", "teaser": "", "body": "", "url": "https://www.benzinga.com/node/8466182", "image": [], "channels": [{"name": "News"}, {"name": "Legal"}, {"name": "Federal Reserve"}], "stocks": [{"name": "C"}, {"name": "GS"}, {"name": "JPM"}, {"name": "STT"}, {"name": "WFC"}], "tags": [{"name": "Administrative Procedure Act"}, {"name": "CCAR"}, {"name": "CCMR"}, {"name": "Committee on Capital Markets Regulations"}]}, {"id": 8466497, "author": "Benzinga", "created": "Fri, 16 Sep 2016 14:28:32 -0400", "updated": "Fri, 16 Sep 2016 14:28:32 -0400", "title": "Credit Suisse Bullish To Neutral On Beverage/Spirit Names", "teaser": "", "body": "", "url": "https://www.benzinga.com/node/8466497", "image": [], "channels": [{"name": "Analyst Color"}, {"name": "Long Ideas"}, {"name": "News"}, {"name": "Price Target"}, {"name": "Initiation"}, {"name": "Analyst Ratings"}, {"name": "Movers"}, {"name": "Trading Ideas"}], "stocks": [{"name": "DPS"}, {"name": "FIZZ"}, {"name": "KO"}, {"name": "MNST"}, {"name": "PEP"}, {"name": "STZ"}], "tags": [{"name": "beverages"}, {"name": "BF-B"}, {"name": "Credit Suisse"}]}, {"id": 8466905, "author": "Benzinga", "created": "Fri, 16 Sep 2016 14:33:34 -0400", "updated": "Fri, 16 Sep 2016 14:33:34 -0400", "title": "Mid-Afternoon Market Update: Dow Falls 100 Points; Crude Oil Down 2.3%", "teaser": "", "body": "", "url": "https://www.benzinga.com/node/8466905", "image": [], "channels": [{"name": "News"}, {"name": "Guidance"}, {"name": "Eurozone"}, {"name": "Commodities"}, {"name": "Global"}, {"name": "Intraday Update"}, {"name": "Markets"}, {"name": "Movers"}], "stocks": [{"name": "ARTNA"}, {"name": "CTWS"}, {"name": "DB"}, {"name": "DEPO"}, {"name": "GNMK"}, {"name": "HMY"}, {"name": "INTC"}, {"name": "LOGI"}, {"name": "MCZ"}, {"name": "MUX"}, {"name": "NVAX"}, {"name": "ROKA"}], "tags": [{"name": "Computer Storage & Peripherals"}, {"name": "Consumer Discretionary"}, {"name": "Consumer Electronics"}, {"name": "Information Technology"}, {"name": "Mid-Afternoon Market Update"}]}, {"id": 8466480, "author": "Benzinga", "created": "Fri, 16 Sep 2016 14:34:38 -0400", "updated": "Fri, 16 Sep 2016 14:34:38 -0400", "title": "Traders Talking Bazaarvoice Takeout; Potential Suitors Decline To Comment", "teaser": "", "body": "", "url": "https://www.benzinga.com/node/8466480", "image": [], "channels": [{"name": "Analyst Color"}, {"name": "News"}, {"name": "Rumors"}, {"name": "M&A"}, {"name": "Analyst Ratings"}, {"name": "Movers"}, {"name": "Tech"}], "stocks": [{"name": "ADBE"}, {"name": "BV"}, {"name": "CRM"}, {"name": "GOOG"}, {"name": "GOOGL"}, {"name": "ORCL"}, {"name": "SAP"}], "tags": [{"name": "Acquisition Rumors"}, {"name": "Bazaarvoice"}, {"name": "Bazaarvoice Rumors"}, {"name": "Bhavan Suri"}, {"name": "SAAS"}, {"name": "William Blair"}]}, {"id": 8467001, "author": "Benzinga", "created": "Fri, 16 Sep 2016 15:08:04 -0400", "updated": "Fri, 16 Sep 2016 15:08:05 -0400", "title": "McDonald's In Talks To Sell Point Of Sale System", "teaser": "", "body": "", "url": "https://www.benzinga.com/node/8467001", "image": [], "channels": [{"name": "News"}, {"name": "Rumors"}, {"name": "M&A"}, {"name": "Exclusives"}, {"name": "Tech"}], "stocks": [{"name": "MCD"}, {"name": "SVU"}], "tags": [{"name": "Consumer Discretionary"}, {"name": "Restaurants"}]}]