[{"id": 6163452, "author": "Benzinga", "created": "Sun, 24 Jan 2016 17:28:58 -0400", "updated": "Sun, 24 Jan 2016 17:28:58 -0400", "title": "Gene Munster To Appear On Benzinga's PreMarket Prep After Apple Earnings", "teaser": "", "body": "", "url": "https://www.benzinga.com/node/6163452", "image": [], "channels": [{"name": "Earnings"}, {"name": "News"}, {"name": "Previews"}, {"name": "Media"}, {"name": "Trading Ideas"}], "stocks": [{"name": "AAPL"}], "tags": [{"name": "Benzinga"}, {"name": "PreMarket Prep"}]}, {"id": 6164430, "author": "Benzinga", "created": "Sun, 24 Jan 2016 17:53:51 -0400", "updated": "Sun, 24 Jan 2016 17:53:51 -0400", "title": "High Hopes For Ford, McDonald's And Procter & Gamble Earnings?", "teaser": "", "body": "", "url": "https://www.benzinga.com/node/6164430", "image": [], "channels": [{"name": "Earnings"}, {"name": "News"}, {"name": "Previews"}, {"name": "Trading Ideas"}], "stocks": [{"name": "F"}, {"name": "MCD"}, {"name": "PG"}], "tags": [{"name": "Earnings Expectations"}, {"name": "Ford"}, {"name": "McDonald's"}, {"name": "procter & gamble"}]}, {"id": 6164434, "author": "Benzinga", "created": "Sun, 24 Jan 2016 17:55:27 -0400", "updated": "Sun, 24 Jan 2016 17:55:28 -0400", "title": "Big Earnings Expectations For Big Biotech", "teaser": "", "body": "", "url": "https://www.benzinga.com/node/6164434", "image": [], "channels": [{"name": "Biotech"}, {"name": "Earnings"}, {"name": "News"}, {"name": "Previews"}, {"name": "Trading Ideas"}, {"name": "General"}], "stocks": [{"name": "AMGN"}, {"name": "BIIB"}, {"name": "CELG"}], "tags": [{"name": "amgen"}, {"name": "Biogen"}, {"name": "Celgene"}, {"name": "Earnings Expectations"}]}, {"id": 6164431, "author": "Benzinga", "created": "Sun, 24 Jan 2016 17:59:02 -0400", "updated": "Sun, 24 Jan 2016 17:59:02 -0400", "title": "Apple And Microsoft Earnings: Mac Vs. PC All Over Again?", "teaser": "", "body": "", "url": "https://www.benzinga.com/node/6164431", "image": [], "channels": [{"name": "Earnings"}, {"name": "News"}, {"name": "Previews"}, {"name": "Top Stories"}, {"name": "Tech"}, {"name": "Trading Ideas"}, {"name": "General"}], "stocks": [{"name": "AAPL"}, {"name": "MSFT"}], "tags": [{"name": "Apple"}, {"name": "Earnings Expectations"}, {"name": "Microsoft"}]}, {"id": 6164744, "author": "Benzinga", "created": "Sun, 24 Jan 2016 18:56:45 -0400", "updated": "Sun, 24 Jan 2016 18:56:46 -0400", "title": "Fox's 'The Revenant' Takes Over Top Position With $49.8M Globally this Weekend", "teaser": "", "body": "", "url": "https://www.benzinga.com/node/6164744", "image": [], "channels": [{"name": "News"}, {"name": "Press Releases"}], "stocks": [{"name": "DIS"}, {"name": "FOXA"}, {"name": "RENT"}], "tags": []}]