[{"id": 8201110, "author": "Benzinga", "created": "Sun, 10 Jul 2016 17:23:57 -0400", "updated": "Sun, 10 Jul 2016 17:23:57 -0400", "title": "Big Banks In The Earnings Spotlight: Citigroup, JPMorgan, Wells Fargo", "teaser": "", "body": "", "url": "https://www.benzinga.com/node/8201110", "image": [], "channels": [{"name": "Analyst Color"}, {"name": "Earnings"}, {"name": "News"}, {"name": "Previews"}, {"name": "Crowdsourcing"}, {"name": "Analyst Ratings"}, {"name": "Trading Ideas"}, {"name": "General"}], "stocks": [{"name": "C"}, {"name": "JPM"}, {"name": "WFC"}], "tags": [{"name": "Alacoa"}, {"name": "AT&T"}, {"name": "Bank of America"}, {"name": "csx"}, {"name": "Earnings Expectations"}, {"name": "Estimize"}, {"name": "Fastenal"}, {"name": "General Electric"}, {"name": "General Motors"}, {"name": "Goldman Sachs"}, {"name": "IBM"}, {"name": "infosys"}, {"name": "Johnson & Johnson"}, {"name": "Microsoft"}, {"name": "Morgan Stanley"}, {"name": "Netflix"}, {"name": "philip morris"}, {"name": "PNC Financial"}, {"name": "Poregressive"}, {"name": "Regeneron Pharmaceuticals"}, {"name": "Starbucks"}, {"name": "USBancorp"}, {"name": "visa"}, {"name": "YUM! Brands"}]}]