[{"id": 7666244, "author": "Benzinga", "created": "Fri, 11 Mar 2016 09:04:02 -0400", "updated": "Fri, 11 Mar 2016 09:17:15 -0400", "title": "Apple Is Making A Rare Move With Its March 21 Event", "teaser": "", "body": "", "url": "https://www.benzinga.com/node/7666244", "image": [], "channels": [{"name": "Analyst Color"}, {"name": "Long Ideas"}, {"name": "News"}, {"name": "Reiteration"}, {"name": "Events"}, {"name": "Analyst Ratings"}, {"name": "Tech"}, {"name": "Trading Ideas"}], "stocks": [{"name": "AAPL"}], "tags": [{"name": "Apple Event"}, {"name": "iPhone"}, {"name": "JPMorgan"}, {"name": "Rod Hall"}]}, {"id": 7666601, "author": "Benzinga", "created": "Fri, 11 Mar 2016 11:31:11 -0400", "updated": "Fri, 11 Mar 2016 11:31:12 -0400", "title": "The Market In 5 Minutes: Friday, March 11, 2016", "teaser": "", "body": "", "url": "https://www.benzinga.com/node/7666601", "image": [], "channels": [{"name": "News"}, {"name": "Events"}, {"name": "Global"}, {"name": "Top Stories"}], "stocks": [{"name": "AAPL"}, {"name": "AMZN"}, {"name": "AXP"}, {"name": "DO"}, {"name": "HTZ"}, {"name": "MRVL"}, {"name": "RDS-A"}, {"name": "TOT"}, {"name": "WNS"}, {"name": "WYNN"}, {"name": "ZUMZ"}], "tags": [{"name": "Market in 5 minutes"}]}, {"id": 7667649, "author": "Benzinga", "created": "Fri, 11 Mar 2016 13:28:44 -0400", "updated": "Fri, 11 Mar 2016 13:28:45 -0400", "title": "Fitbit On The Rise As Citron Comes Out Positive", "teaser": "", "body": "", "url": "https://www.benzinga.com/node/7667649", "image": [], "channels": [{"name": "News"}, {"name": "Tech"}], "stocks": [{"name": "AAPL"}, {"name": "FIT"}], "tags": []}, {"id": 7665428, "author": "Benzinga", "created": "Fri, 11 Mar 2016 14:06:02 -0400", "updated": "Fri, 11 Mar 2016 14:06:02 -0400", "title": "This Low Volatility ETF Is On Fire", "teaser": "", "body": "", "url": "https://www.benzinga.com/node/7665428", "image": [], "channels": [{"name": "Long Ideas"}, {"name": "News"}, {"name": "Broad U.S. Equity ETFs"}, {"name": "Intraday Update"}, {"name": "Markets"}, {"name": "Trading Ideas"}, {"name": "ETFs"}], "stocks": [{"name": "GIS"}, {"name": "GLD"}, {"name": "PG"}, {"name": "USMV"}], "tags": []}, {"id": 7680459, "author": "Benzinga", "created": "Fri, 11 Mar 2016 17:19:53 -0400", "updated": "Fri, 11 Mar 2016 17:19:53 -0400", "title": "The Stocks That Moved The S&P, Dow And Nasdaq Today", "teaser": "", "body": "", "url": "https://www.benzinga.com/node/7680459", "image": [], "channels": [{"name": "News"}, {"name": "After-Hours Center"}, {"name": "Movers"}], "stocks": [{"name": "BMRN"}, {"name": "DD"}, {"name": "DVN"}, {"name": "FAST"}, {"name": "JD"}, {"name": "MAT"}, {"name": "NEM"}, {"name": "PFE"}, {"name": "PG"}, {"name": "POM"}, {"name": "SWN"}, {"name": "WMT"}], "tags": [{"name": "Dow Jones"}, {"name": "Nasadq 100"}, {"name": "S&P 500"}]}]