[{"id": 8390632, "author": "Benzinga", "created": "Thu, 25 Aug 2016 10:08:04 -0400", "updated": "Thu, 25 Aug 2016 10:08:04 -0400", "title": "The Industry Implications Of A Possible All-Glass Apple '360 Degree' iPhone", "teaser": "", "body": "", "url": "https://www.benzinga.com/node/8390632", "image": [], "channels": [{"name": "Analyst Color"}, {"name": "Long Ideas"}, {"name": "News"}, {"name": "Rumors"}, {"name": "Analyst Ratings"}, {"name": "Tech"}, {"name": "Trading Ideas"}], "stocks": [{"name": "AAPL"}, {"name": "GLW"}], "tags": [{"name": "360 degree iPhone"}, {"name": "Apple 360"}, {"name": "Biel Crystal"}, {"name": "Catcher"}, {"name": "iPhone"}, {"name": "Lens Technology"}]}, {"id": 8382948, "author": "Benzinga", "created": "Thu, 25 Aug 2016 11:06:55 -0400", "updated": "Thu, 25 Aug 2016 11:06:56 -0400", "title": "4 Flashy Forms Of Financing", "teaser": "", "body": "", "url": "https://www.benzinga.com/node/8382948", "image": [], "channels": [{"name": "Financial Advisors"}, {"name": "Fintech"}, {"name": "News"}, {"name": "Financing"}, {"name": "Tech"}, {"name": "Personal Finance"}], "stocks": [{"name": "IBM"}, {"name": "SQ"}, {"name": "SYF"}], "tags": [{"name": "BoostUp"}, {"name": "CareCredit Direct"}, {"name": "Highlights"}, {"name": "IBM Global Financing"}, {"name": "Square Capital"}]}, {"id": 8391224, "author": "Benzinga", "created": "Thu, 25 Aug 2016 11:50:23 -0400", "updated": "Thu, 25 Aug 2016 11:51:47 -0400", "title": "Worst Performing Industries For August 25, 2016", "teaser": "", "body": "", "url": "https://www.benzinga.com/node/8391224", "image": [], "channels": [{"name": "News"}, {"name": "Movers & Shakers"}, {"name": "Intraday Update"}, {"name": "Markets"}], "stocks": [{"name": "HPQ"}, {"name": "MCK"}, {"name": "TRUE"}, {"name": "WBA"}], "tags": [{"name": "Worst Performing Industries"}]}, {"id": 8391243, "author": "Benzinga", "created": "Thu, 25 Aug 2016 11:55:35 -0400", "updated": "Thu, 25 Aug 2016 11:55:36 -0400", "title": "The Hardest Part? Waiting For Yellen's Speech As Slow Market Action Continues", "teaser": "", "body": "", "url": "https://www.benzinga.com/node/8391243", "image": [], "channels": [{"name": "Earnings"}, {"name": "News"}, {"name": "Events"}, {"name": "Global"}, {"name": "Economics"}, {"name": "Federal Reserve"}, {"name": "Markets"}, {"name": "Tech"}, {"name": "General"}], "stocks": [{"name": "AAPL"}, {"name": "GOOG"}, {"name": "MYL"}, {"name": "QCOM"}], "tags": []}, {"id": 8390953, "author": "Benzinga", "created": "Thu, 25 Aug 2016 13:10:21 -0400", "updated": "Thu, 25 Aug 2016 13:10:21 -0400", "title": "What To Expect When You're Expecting Apple Watch 2", "teaser": "", "body": "", "url": "https://www.benzinga.com/node/8390953", "image": [], "channels": [{"name": "News"}, {"name": "Rumors"}, {"name": "Tech"}], "stocks": [{"name": "AAPL"}], "tags": [{"name": "9 to 5 Mac"}, {"name": "Apple Watch 2"}, {"name": "Gene Munster"}, {"name": "Piper Jaffray"}, {"name": "PreMarket Prep"}]}, {"id": 8391110, "author": "Benzinga", "created": "Thu, 25 Aug 2016 13:26:01 -0400", "updated": "Thu, 25 Aug 2016 13:26:01 -0400", "title": "Workday's Q2 Nothing To Complain About; Canaccord's Price Target Raised To $98", "teaser": "", "body": "", "url": "https://www.benzinga.com/node/8391110", "image": [], "channels": [{"name": "Analyst Color"}, {"name": "Earnings"}, {"name": "Long Ideas"}, {"name": "News"}, {"name": "Guidance"}, {"name": "Price Target"}, {"name": "Reiteration"}, {"name": "Analyst Ratings"}, {"name": "Movers"}, {"name": "Tech"}, {"name": "Trading Ideas"}], "stocks": [{"name": "CRM"}, {"name": "ORCL"}, {"name": "WDAY"}], "tags": [{"name": "Canaccord Genuity"}, {"name": "Richard Davis"}]}, {"id": 8391219, "author": "Benzinga", "created": "Thu, 25 Aug 2016 15:15:22 -0400", "updated": "Thu, 25 Aug 2016 15:15:22 -0400", "title": "Intuit Earnings Just A Bump In The Road During A Strong Year For 'Old Tech'", "teaser": "", "body": "", "url": "https://www.benzinga.com/node/8391219", "image": [], "channels": [{"name": "Earnings"}, {"name": "News"}, {"name": "Guidance"}, {"name": "Movers"}, {"name": "Tech"}], "stocks": [{"name": "AMAT"}, {"name": "CSCO"}, {"name": "INTC"}, {"name": "INTU"}, {"name": "MSFT"}, {"name": "SPY"}], "tags": []}, {"id": 8391544, "author": "Benzinga", "created": "Thu, 25 Aug 2016 15:54:53 -0400", "updated": "Thu, 25 Aug 2016 15:54:53 -0400", "title": "Healthways Up 100% In The Last Month, But UBS Says Sell", "teaser": "", "body": "", "url": "https://www.benzinga.com/node/8391544", "image": [], "channels": [{"name": "Analyst Color"}, {"name": "News"}, {"name": "Short Ideas"}, {"name": "Downgrades"}, {"name": "Health Care"}, {"name": "Price Target"}, {"name": "Analyst Ratings"}, {"name": "Movers"}, {"name": "Trading Ideas"}, {"name": "General"}], "stocks": [{"name": "HUM"}, {"name": "HWAY"}, {"name": "UNH"}], "tags": [{"name": "UBS"}]}, {"id": 8393481, "author": "Benzinga", "created": "Thu, 25 Aug 2016 22:44:41 -0400", "updated": "Thu, 25 Aug 2016 22:44:42 -0400", "title": "Benzinga's M&A Chatter for Thursday August 25, 2016", "teaser": "", "body": "", "url": "https://www.benzinga.com/node/8393481", "image": [], "channels": [{"name": "News"}], "stocks": [{"name": "CRM"}, {"name": "LFUS"}, {"name": "MSFT"}, {"name": "SQM"}], "tags": [{"name": "Electronic Equipment Manufacturers"}, {"name": "Information Technology"}]}]