[{"id": 8581150, "author": "Benzinga", "created": "Thu, 20 Oct 2016 04:07:10 -0400", "updated": "Thu, 20 Oct 2016 04:07:10 -0400", "title": "Earnings Scheduled For October 20, 2016", "teaser": "", "body": "", "url": "https://www.benzinga.com/node/8581150", "image": [], "channels": [{"name": "Earnings"}, {"name": "News"}, {"name": "Pre-Market Outlook"}, {"name": "Markets"}], "stocks": [{"name": "AAL"}, {"name": "ADS"}, {"name": "ALK"}, {"name": "AMD"}, {"name": "APOL"}, {"name": "BK"}, {"name": "BRO"}, {"name": "CLS"}, {"name": "DGX"}, {"name": "DHR"}, {"name": "ETFC"}, {"name": "FITB"}, {"name": "GPI"}, {"name": "ITW"}, {"name": "KLAC"}, {"name": "MSFT"}, {"name": "NUE"}, {"name": "PPG"}, {"name": "PYPL"}, {"name": "RS"}, {"name": "SLB"}, {"name": "SON"}, {"name": "TRV"}, {"name": "TXT"}, {"name": "UNP"}, {"name": "VZ"}, {"name": "WBA"}, {"name": "WBC"}], "tags": [{"name": "Earnings schedule"}]}, {"id": 8581193, "author": "Benzinga", "created": "Thu, 20 Oct 2016 04:45:53 -0400", "updated": "Thu, 20 Oct 2016 04:45:54 -0400", "title": "10 Must Watch Stocks for Today", "teaser": "", "body": "", "url": "https://www.benzinga.com/node/8581193", "image": [], "channels": [{"name": "Earnings"}, {"name": "News"}, {"name": "Guidance"}, {"name": "Pre-Market Outlook"}, {"name": "Markets"}, {"name": "Trading Ideas"}], "stocks": [{"name": "AAL"}, {"name": "AMD"}, {"name": "AXP"}, {"name": "EBAY"}, {"name": "MAT"}, {"name": "MSFT"}, {"name": "SLB"}, {"name": "UNP"}, {"name": "VZ"}, {"name": "WBA"}], "tags": [{"name": "Consumer Discretionary"}, {"name": "Leisure Products"}, {"name": "Stocks To Watch"}, {"name": "Stocks to Watch"}]}, {"id": 8581802, "author": "Benzinga", "created": "Thu, 20 Oct 2016 07:36:04 -0400", "updated": "Thu, 20 Oct 2016 07:36:05 -0400", "title": "Walgreens Boots Alliances Reports Mixed Q4 Results", "teaser": "", "body": "", "url": "https://www.benzinga.com/node/8581802", "image": [], "channels": [{"name": "Earnings"}, {"name": "News"}, {"name": "Guidance"}], "stocks": [{"name": "WBA"}], "tags": []}, {"id": 8581916, "author": "Benzinga", "created": "Thu, 20 Oct 2016 07:46:39 -0400", "updated": "Thu, 20 Oct 2016 07:46:39 -0400", "title": "A Peek Into The Markets: U.S. Stock Futures Up Ahead Of Earnings, Economic Data", "teaser": "", "body": "", "url": "https://www.benzinga.com/node/8581916", "image": [], "channels": [{"name": "Earnings"}, {"name": "News"}, {"name": "Guidance"}, {"name": "Eurozone"}, {"name": "Futures"}, {"name": "Global"}, {"name": "Pre-Market Outlook"}, {"name": "Markets"}], "stocks": [{"name": "AXP"}, {"name": "EBAY"}, {"name": "GS"}, {"name": "PHM"}, {"name": "WBA"}], "tags": [{"name": "A Peek Into The Markets"}, {"name": "Guggenheim"}, {"name": "U.S. stock futures"}]}, {"id": 8582124, "author": "Benzinga", "created": "Thu, 20 Oct 2016 08:10:12 -0400", "updated": "Thu, 20 Oct 2016 08:10:12 -0400", "title": "Verizon Shares Dip Following Mixed Q3 Results", "teaser": "", "body": "", "url": "https://www.benzinga.com/node/8582124", "image": [], "channels": [{"name": "Earnings"}, {"name": "News"}, {"name": "Guidance"}, {"name": "Movers"}], "stocks": [{"name": "VZ"}], "tags": []}, {"id": 8582213, "author": "Benzinga", "created": "Thu, 20 Oct 2016 08:24:53 -0400", "updated": "Thu, 20 Oct 2016 08:24:53 -0400", "title": "18 Stocks Moving In Thursday's Pre-Market Session", "teaser": "", "body": "", "url": "https://www.benzinga.com/node/8582213", "image": [], "channels": [{"name": "News"}, {"name": "Movers & Shakers"}, {"name": "Pre-Market Outlook"}, {"name": "Markets"}, {"name": "Movers"}], "stocks": [{"name": "AXP"}, {"name": "CASC"}, {"name": "CTXS"}, {"name": "DRWI"}, {"name": "EBAY"}, {"name": "FSM"}, {"name": "HTGM"}, {"name": "IPCI"}, {"name": "KMI"}, {"name": "MAT"}, {"name": "ONVO"}, {"name": "PBYI"}, {"name": "RIGL"}, {"name": "SCSS"}, {"name": "TBI"}, {"name": "TSLA"}, {"name": "URI"}, {"name": "VZ"}], "tags": [{"name": "#PreMarket Gainers"}, {"name": "Consumer Discretionary"}, {"name": "Leisure Products"}, {"name": "Losers"}, {"name": "Top Gainers"}]}, {"id": 8581725, "author": "Benzinga", "created": "Thu, 20 Oct 2016 09:02:16 -0400", "updated": "Thu, 20 Oct 2016 09:02:17 -0400", "title": "The Market In 5 Minutes: Tesla's Announcement, Major Earnings And Jobless Claims", "teaser": "", "body": "", "url": "https://www.benzinga.com/node/8581725", "image": [], "channels": [{"name": "News"}, {"name": "Global"}, {"name": "Top Stories"}, {"name": "Pre-Market Outlook"}, {"name": "Markets"}], "stocks": [{"name": "AAL"}, {"name": "AMCX"}, {"name": "AXP"}, {"name": "BUD"}, {"name": "CRM"}, {"name": "DATA"}, {"name": "EBAY"}, {"name": "EXPE"}, {"name": "KMI"}, {"name": "KORS"}, {"name": "MAT"}, {"name": "MS"}, {"name": "NTNX"}, {"name": "PBYI"}, {"name": "PHM"}, {"name": "SPY"}, {"name": "TSLA"}, {"name": "USO"}, {"name": "VZ"}, {"name": "WBA"}], "tags": [{"name": "the market in 5 minutes"}]}, {"id": 8582412, "author": "Benzinga", "created": "Thu, 20 Oct 2016 09:47:29 -0400", "updated": "Thu, 20 Oct 2016 09:47:29 -0400", "title": "A Timeline Of The Walgreens Boots Alliance/Rite Aid Merger", "teaser": "", "body": "", "url": "https://www.benzinga.com/node/8582412", "image": [], "channels": [{"name": "News"}, {"name": "M&A"}, {"name": "Movers"}, {"name": "Trading Ideas"}, {"name": "Press Releases"}, {"name": "General"}], "stocks": [{"name": "KR"}, {"name": "RAD"}, {"name": "WBA"}], "tags": []}, {"id": 8583061, "author": "Benzinga", "created": "Thu, 20 Oct 2016 10:05:55 -0400", "updated": "Thu, 20 Oct 2016 10:05:56 -0400", "title": "Mid-Morning Market Update: Markets Mostly Higher; Verizon Posts Mixed Q3 Results", "teaser": "", "body": "", "url": "https://www.benzinga.com/node/8583061", "image": [], "channels": [{"name": "Earnings"}, {"name": "News"}, {"name": "Guidance"}, {"name": "Eurozone"}, {"name": "Commodities"}, {"name": "Global"}, {"name": "Intraday Update"}, {"name": "Markets"}, {"name": "Movers"}], "stocks": [{"name": "BCRX"}, {"name": "CNSL"}, {"name": "DRWI"}, {"name": "FLML"}, {"name": "IIIN"}, {"name": "ONVO"}, {"name": "RIGL"}, {"name": "SPU"}, {"name": "SXC"}, {"name": "VZ"}], "tags": [{"name": "Mid-Morning Market Update"}]}, {"id": 8583310, "author": "Benzinga", "created": "Thu, 20 Oct 2016 10:51:58 -0400", "updated": "Thu, 20 Oct 2016 10:51:58 -0400", "title": "Benzinga's Volume Movers", "teaser": "", "body": "", "url": "https://www.benzinga.com/node/8583310", "image": [], "channels": [{"name": "News"}, {"name": "Intraday Update"}, {"name": "Markets"}, {"name": "Movers"}], "stocks": [{"name": "AXP"}, {"name": "BANC"}, {"name": "LSTR"}, {"name": "SNA"}], "tags": [{"name": "Industrials"}, {"name": "Trucking"}, {"name": "volume movers"}]}, {"id": 8583410, "author": "Benzinga", "created": "Thu, 20 Oct 2016 11:03:17 -0400", "updated": "Thu, 20 Oct 2016 11:03:17 -0400", "title": "Top Performing Industries For October 20, 2016", "teaser": "", "body": "", "url": "https://www.benzinga.com/node/8583410", "image": [], "channels": [{"name": "News"}, {"name": "Intraday Update"}, {"name": "Markets"}, {"name": "Movers"}], "stocks": [{"name": "JTPY"}, {"name": "MAT"}, {"name": "RAD"}, {"name": "SNA"}, {"name": "WBA"}], "tags": [{"name": "Consumer Discretionary"}, {"name": "Leisure Products"}, {"name": "Top Performing Industries"}]}, {"id": 8583439, "author": "Benzinga", "created": "Thu, 20 Oct 2016 11:12:52 -0400", "updated": "Thu, 20 Oct 2016 11:12:56 -0400", "title": "Oil And Equities: Recent Correlation Worth Watching To See If It Lasts", "teaser": "", "body": "", "url": "https://www.benzinga.com/node/8583439", "image": [], "channels": [{"name": "Earnings"}, {"name": "News"}, {"name": "Commodities"}, {"name": "Previews"}, {"name": "Events"}, {"name": "Econ #s"}, {"name": "Economics"}, {"name": "Federal Reserve"}, {"name": "Markets"}, {"name": "Trading Ideas"}, {"name": "ETFs"}, {"name": "General"}], "stocks": [{"name": "AAL"}, {"name": "EBAY"}, {"name": "GE"}, {"name": "HAL"}, {"name": "MCD"}, {"name": "MSFT"}, {"name": "SLB"}, {"name": "VZ"}], "tags": [{"name": "Consumer Discretionary"}, {"name": "Restaurants"}]}, {"id": 8583502, "author": "Benzinga", "created": "Thu, 20 Oct 2016 11:21:49 -0400", "updated": "Thu, 20 Oct 2016 11:21:51 -0400", "title": "Here's How Microsoft, GE and McDonald's Are Contributing To The U.S. GDP", "teaser": "", "body": "", "url": "https://www.benzinga.com/node/8583502", "image": [], "channels": [{"name": "Analyst Color"}, {"name": "Earnings"}, {"name": "News"}, {"name": "Econ #s"}, {"name": "Economics"}, {"name": "Markets"}, {"name": "Analyst Ratings"}, {"name": "Reviews"}, {"name": "ETFs"}, {"name": "General"}], "stocks": [{"name": "GE"}, {"name": "MCD"}, {"name": "MSFT"}], "tags": [{"name": "Consumer Discretionary"}, {"name": "Restaurants"}]}, {"id": 8583792, "author": "Benzinga", "created": "Thu, 20 Oct 2016 12:15:51 -0400", "updated": "Thu, 20 Oct 2016 12:15:52 -0400", "title": "Mid-Day Market Update: Insteel Industries Drops Following Q4 Results; DragonWave Shares Spike Higher", "teaser": "", "body": "", "url": "https://www.benzinga.com/node/8583792", "image": [], "channels": [{"name": "News"}, {"name": "Eurozone"}, {"name": "Commodities"}, {"name": "Global"}, {"name": "Intraday Update"}, {"name": "Markets"}, {"name": "Movers"}], "stocks": [{"name": "CNSL"}, {"name": "DRWI"}, {"name": "IIIN"}, {"name": "INSY"}, {"name": "IRTC"}, {"name": "OMER"}, {"name": "RIGL"}, {"name": "SXC"}, {"name": "SYNT"}, {"name": "VZ"}], "tags": [{"name": "Mid-Day Market Update"}]}, {"id": 8583922, "author": "Benzinga", "created": "Thu, 20 Oct 2016 12:46:24 -0400", "updated": "Thu, 20 Oct 2016 12:46:25 -0400", "title": "18 Biggest Mid-Day Gainers For Thursday", "teaser": "", "body": "", "url": "https://www.benzinga.com/node/8583922", "image": [], "channels": [{"name": "News"}, {"name": "Intraday Update"}, {"name": "Markets"}, {"name": "Movers"}], "stocks": [{"name": "ABEO"}, {"name": "AXP"}, {"name": "BANC"}, {"name": "DRWI"}, {"name": "HNI"}, {"name": "ICLR"}, {"name": "IRTC"}, {"name": "KMI"}, {"name": "LAWS"}, {"name": "LSTR"}, {"name": "MAT"}, {"name": "RAD"}, {"name": "SNA"}, {"name": "SPU"}, {"name": "SXC"}, {"name": "TOPS"}, {"name": "UFPI"}, {"name": "URI"}, {"name": "WBA"}], "tags": [{"name": "Consumer Discretionary"}, {"name": "Industrials"}, {"name": "Leisure Products"}, {"name": "Mid-Day Gainers"}, {"name": "Top Gainers"}, {"name": "Trucking"}]}, {"id": 8584016, "author": "Benzinga", "created": "Thu, 20 Oct 2016 13:07:50 -0400", "updated": "Thu, 20 Oct 2016 13:07:50 -0400", "title": "18 Biggest Mid-Day Losers For Thursday", "teaser": "", "body": "", "url": "https://www.benzinga.com/node/8584016", "image": [], "channels": [{"name": "News"}, {"name": "Movers & Shakers"}, {"name": "Intraday Update"}, {"name": "Markets"}], "stocks": [{"name": "BJRI"}, {"name": "CNSL"}, {"name": "DXPE"}, {"name": "DYN"}, {"name": "EBAY"}, {"name": "FLXS"}, {"name": "IIIN"}, {"name": "ONVO"}, {"name": "RIGL"}, {"name": "RLI"}, {"name": "SCSS"}, {"name": "SYNT"}, {"name": "TBI"}, {"name": "TSCO"}, {"name": "TSLA"}, {"name": "UNP"}, {"name": "VZ"}, {"name": "YECO"}], "tags": [{"name": "Mid-Day Losers"}, {"name": "Top Losers"}]}, {"id": 8583865, "author": "Benzinga", "created": "Thu, 20 Oct 2016 13:31:44 -0400", "updated": "Thu, 20 Oct 2016 13:31:44 -0400", "title": "Rite Aid Investors Are Much Happier Today", "teaser": "", "body": "", "url": "https://www.benzinga.com/node/8583865", "image": [], "channels": [{"name": "News"}, {"name": "M&A"}, {"name": "Movers"}], "stocks": [{"name": "KR"}, {"name": "RAD"}, {"name": "WBA"}], "tags": []}, {"id": 8584571, "author": "Benzinga", "created": "Thu, 20 Oct 2016 15:08:29 -0400", "updated": "Thu, 20 Oct 2016 15:08:29 -0400", "title": "Mid-Afternoon Market Update: Crude Oil Down Over 2.5%; American Express Shares Gain On Earnings Beat", "teaser": "", "body": "", "url": "https://www.benzinga.com/node/8584571", "image": [], "channels": [{"name": "Earnings"}, {"name": "News"}, {"name": "Guidance"}, {"name": "Eurozone"}, {"name": "Commodities"}, {"name": "Global"}, {"name": "Intraday Update"}, {"name": "Markets"}, {"name": "Movers"}], "stocks": [{"name": "AXP"}, {"name": "CNSL"}, {"name": "DRWI"}, {"name": "DXPE"}, {"name": "FLDM"}, {"name": "IGLD"}, {"name": "RIGL"}, {"name": "S"}, {"name": "SXC"}, {"name": "SYNT"}, {"name": "VZ"}, {"name": "ZIOP"}], "tags": [{"name": "Mid-Afternoon Market Update"}]}, {"id": 8585242, "author": "Benzinga", "created": "Thu, 20 Oct 2016 16:31:31 -0400", "updated": "Thu, 20 Oct 2016 16:31:31 -0400", "title": "Microsoft At All-Time Highs After Trumping Earnings, Revenue Estimates", "teaser": "", "body": "", "url": "https://www.benzinga.com/node/8585242", "image": [], "channels": [{"name": "Earnings"}, {"name": "News"}, {"name": "After-Hours Center"}, {"name": "Movers"}], "stocks": [{"name": "MSFT"}], "tags": []}, {"id": 8586054, "author": "Benzinga", "created": "Thu, 20 Oct 2016 19:12:52 -0400", "updated": "Thu, 20 Oct 2016 19:12:52 -0400", "title": "Benzinga's M&A Chatter for Thursday, October 20, 2016", "teaser": "", "body": "", "url": "https://www.benzinga.com/node/8586054", "image": [], "channels": [{"name": "News"}, {"name": "Rumors"}, {"name": "M&A"}, {"name": "Movers"}], "stocks": [{"name": "DISH"}, {"name": "GE"}, {"name": "KR"}, {"name": "NXPI"}, {"name": "QCOM"}, {"name": "RAD"}, {"name": "T"}, {"name": "TWX"}, {"name": "VAR"}, {"name": "VZ"}, {"name": "WBA"}, {"name": "WIT"}, {"name": "YHOO"}], "tags": []}]