[{"id": 7911449, "author": "Benzinga", "created": "Sun, 01 May 2016 20:36:06 -0400", "updated": "Sun, 01 May 2016 20:36:06 -0400", "title": "Benzinga's Weekend M&A Chatter", "teaser": "", "body": "", "url": "https://www.benzinga.com/node/7911449", "image": [], "channels": [{"name": "News"}, {"name": "Rumors"}, {"name": "M&A"}, {"name": "Movers"}], "stocks": [{"name": "AZN"}, {"name": "BHI"}, {"name": "CUZ"}, {"name": "HAL"}, {"name": "MDVN"}, {"name": "NVS"}, {"name": "PFE"}, {"name": "PKY"}, {"name": "ROVI"}, {"name": "SNY"}, {"name": "TIVO"}, {"name": "VZ"}, {"name": "YHOO"}], "tags": []}]