[{"id": 8655881, "author": "Benzinga", "created": "Sun, 06 Nov 2016 20:43:45 -0400", "updated": "Sun, 06 Nov 2016 20:43:45 -0400", "title": "Reads For The Weed-Kend: Steve Jobs, Legalization And Changing Cities", "teaser": "", "body": "", "url": "https://www.benzinga.com/node/8655881", "image": [], "channels": [{"name": "Long Ideas"}, {"name": "News"}, {"name": "Politics"}, {"name": "Topics"}, {"name": "Events"}, {"name": "Tech"}, {"name": "Trading Ideas"}, {"name": "General"}], "stocks": [{"name": "AAPL"}, {"name": "FB"}], "tags": [{"name": "California"}, {"name": "Colorado"}, {"name": "Evan Ross Katz"}, {"name": "Fortune"}, {"name": "marijuana"}, {"name": "Mic"}, {"name": "Privateer"}, {"name": "Privateer Holdings"}, {"name": "Proposition 64"}, {"name": "Steve Jobs"}, {"name": "weed"}]}]