[{"id": 6338467, "author": "Benzinga", "created": "Wed, 17 Feb 2016 05:18:32 -0400", "updated": "Wed, 17 Feb 2016 05:18:32 -0400", "title": "Boeing, Okay Airways Announce Commitment for 12 737s Valued at $1.3B at Current Prices", "teaser": "", "body": "", "url": "https://www.benzinga.com/node/6338467", "image": [], "channels": [{"name": "News"}, {"name": "Contracts"}, {"name": "Press Releases"}], "stocks": [{"name": "BA"}], "tags": []}, {"id": 6338763, "author": "Benzinga", "created": "Wed, 17 Feb 2016 05:28:47 -0400", "updated": "Wed, 17 Feb 2016 08:05:46 -0400", "title": "10 Stocks To Watch For February 17, 2016", "teaser": "", "body": "", "url": "https://www.benzinga.com/node/6338763", "image": [], "channels": [{"name": "Earnings"}, {"name": "News"}, {"name": "Guidance"}, {"name": "Pre-Market Outlook"}, {"name": "Markets"}, {"name": "Trading Ideas"}], "stocks": [{"name": "AAPL"}, {"name": "ADI"}, {"name": "BRCD"}, {"name": "DPS"}, {"name": "FOSL"}, {"name": "NTAP"}, {"name": "NVDA"}, {"name": "PCLN"}, {"name": "RAX"}, {"name": "TMUS"}], "tags": [{"name": "Stocks To Watch"}, {"name": "Stocks to Watch"}]}, {"id": 6344144, "author": "Benzinga", "created": "Wed, 17 Feb 2016 08:43:42 -0400", "updated": "Wed, 17 Feb 2016 08:43:42 -0400", "title": "Cybersecurity Stocks To Watch In The Wake Of Tim Cook's Letter", "teaser": "", "body": "", "url": "https://www.benzinga.com/node/6344144", "image": [], "channels": [{"name": "Long Ideas"}, {"name": "News"}, {"name": "Legal"}, {"name": "Pre-Market Outlook"}, {"name": "Tech"}, {"name": "Trading Ideas"}], "stocks": [{"name": "AAPL"}, {"name": "CHKP"}, {"name": "CYBR"}, {"name": "FEYE"}, {"name": "HACK"}, {"name": "SYMC"}], "tags": [{"name": "Cybersecurity"}, {"name": "FBI"}, {"name": "iPhone Back Door"}, {"name": "iPhone Security"}, {"name": "Tim Cook"}]}, {"id": 6315390, "author": "Benzinga", "created": "Wed, 17 Feb 2016 10:53:35 -0400", "updated": "Wed, 17 Feb 2016 10:53:35 -0400", "title": "3 CEOs Making Large Insider Purchases", "teaser": "", "body": "", "url": "https://www.benzinga.com/node/6315390", "image": [], "channels": [{"name": "Long Ideas"}, {"name": "News"}, {"name": "Insider Trades"}, {"name": "Trading Ideas"}, {"name": "General"}], "stocks": [{"name": "CIT"}, {"name": "JPM"}, {"name": "PAA"}, {"name": "PAGP"}, {"name": "POST"}, {"name": "TPX"}, {"name": "WYN"}, {"name": "WYNN"}], "tags": [{"name": "JPMorgan"}, {"name": "Plains All American Pipeline"}, {"name": "Plains GP Holdings"}, {"name": "Wynn Resorts"}]}, {"id": 6348368, "author": "Benzinga", "created": "Wed, 17 Feb 2016 10:56:01 -0400", "updated": "Wed, 17 Feb 2016 10:56:01 -0400", "title": "Report: Apple Will See 'Record Low' iPad Shipments In Q1", "teaser": "", "body": "", "url": "https://www.benzinga.com/node/6348368", "image": [], "channels": [{"name": "News"}, {"name": "Tech"}], "stocks": [{"name": "AAPL"}, {"name": "AMZN"}], "tags": [{"name": "Digitimes"}, {"name": "iPad"}, {"name": "iPad Shipments"}, {"name": "Tablet Shipments"}, {"name": "tablets"}]}, {"id": 6350005, "author": "Benzinga", "created": "Wed, 17 Feb 2016 12:19:57 -0400", "updated": "Wed, 17 Feb 2016 12:19:57 -0400", "title": "Rackspace Cut By Analysts On Poor Outlook, Strong Competition", "teaser": "", "body": "", "url": "https://www.benzinga.com/node/6350005", "image": [], "channels": [{"name": "Analyst Color"}, {"name": "Earnings"}, {"name": "Long Ideas"}, {"name": "News"}, {"name": "Guidance"}, {"name": "Downgrades"}, {"name": "Price Target"}, {"name": "Top Stories"}, {"name": "Analyst Ratings"}, {"name": "Movers"}, {"name": "Tech"}, {"name": "Trading Ideas"}], "stocks": [{"name": "AMZN"}, {"name": "MSFT"}, {"name": "RAX"}], "tags": [{"name": "Barclays"}, {"name": "Michael Bowen"}, {"name": "Morgan Stanley"}, {"name": "OpenStack"}, {"name": "Pacific Crest"}, {"name": "Simon Flannery"}, {"name": "Top Losers"}]}, {"id": 6351263, "author": "Benzinga", "created": "Wed, 17 Feb 2016 12:25:18 -0400", "updated": "Wed, 17 Feb 2016 12:25:19 -0400", "title": "China, Currencies Could Factor in Wal-Mart, MGM Earnings", "teaser": "", "body": "", "url": "https://www.benzinga.com/node/6351263", "image": [], "channels": [{"name": "Earnings"}, {"name": "News"}], "stocks": [{"name": "AMZN"}, {"name": "MGM"}, {"name": "WMT"}, {"name": "WYNN"}], "tags": []}, {"id": 6352076, "author": "Benzinga", "created": "Wed, 17 Feb 2016 13:00:55 -0400", "updated": "Wed, 17 Feb 2016 13:00:55 -0400", "title": "Energous Spikes 17% After BGR Calls Co. An iPhone Game-Changer", "teaser": "", "body": "", "url": "https://www.benzinga.com/node/6352076", "image": [], "channels": [{"name": "News"}, {"name": "Rumors"}, {"name": "Intraday Update"}, {"name": "Movers"}, {"name": "Tech"}], "stocks": [{"name": "AAPL"}, {"name": "HPQ"}, {"name": "MSFT"}, {"name": "TSM"}, {"name": "WATT"}], "tags": [{"name": "BGR"}, {"name": "Disruptive Tech Research"}, {"name": "Energous Cop"}, {"name": "iPhone"}, {"name": "iPhone 7 Rumors"}, {"name": "iPhone Wireless Charging"}, {"name": "Louis Basenese"}, {"name": "Mac Rumors"}, {"name": "Wireless Charging"}, {"name": "Zach Epstein"}]}, {"id": 6342721, "author": "Benzinga", "created": "Wed, 17 Feb 2016 07:56:33 -0400", "updated": "Wed, 17 Feb 2016 13:31:44 -0400", "title": "Tim Cook: FBI Is Asking Apple For Something Too Dangerous To Create", "teaser": "", "body": "", "url": "https://www.benzinga.com/node/6342721", "image": [], "channels": [{"name": "News"}, {"name": "Legal"}, {"name": "Top Stories"}, {"name": "Tech"}], "stocks": [{"name": "AAPL"}], "tags": [{"name": "FBI"}, {"name": "iPhone"}, {"name": "New York Times"}, {"name": "San Bernardino"}, {"name": "Tim Cook"}]}, {"id": 6342925, "author": "Benzinga", "created": "Wed, 17 Feb 2016 08:34:26 -0400", "updated": "Wed, 17 Feb 2016 13:35:47 -0400", "title": "Apple Pushback iPhone Linked To Terror Attack Represents Larger Battle Between Tech Companies & Lawmakers", "teaser": "", "body": "", "url": "https://www.benzinga.com/node/6342925", "image": [], "channels": [{"name": "News"}, {"name": "Wall Street Journal"}, {"name": "Politics"}, {"name": "Legal"}, {"name": "Tech"}, {"name": "Media"}, {"name": "General"}], "stocks": [{"name": "AAPL"}], "tags": [{"name": "FBI"}, {"name": "San Bernardino"}, {"name": "Tim Cook"}]}, {"id": 6342990, "author": "Benzinga", "created": "Wed, 17 Feb 2016 14:40:30 -0400", "updated": "Wed, 17 Feb 2016 14:40:30 -0400", "title": "Is It Time To Give Up On InvenSense?", "teaser": "", "body": "", "url": "https://www.benzinga.com/node/6342990", "image": [], "channels": [{"name": "News"}, {"name": "Top Stories"}, {"name": "Markets"}, {"name": "Tech"}, {"name": "Trading Ideas"}], "stocks": [{"name": "AAPL"}, {"name": "INVN"}], "tags": []}, {"id": 6354799, "author": "Benzinga", "created": "Wed, 17 Feb 2016 14:48:26 -0400", "updated": "Wed, 17 Feb 2016 14:48:26 -0400", "title": "Avnet Gains After Inking New Collaboration With IBM", "teaser": "", "body": "", "url": "https://www.benzinga.com/node/6354799", "image": [], "channels": [{"name": "News"}, {"name": "Tech"}], "stocks": [{"name": "AVT"}, {"name": "IBM"}], "tags": [{"name": "Avnet"}, {"name": "Harriet Green"}, {"name": "IBM"}, {"name": "IBM Watson"}, {"name": "Internet of Things"}, {"name": "IoT"}, {"name": "Patrick Zammit"}]}, {"id": 6355147, "author": "Benzinga", "created": "Wed, 17 Feb 2016 15:39:26 -0400", "updated": "Wed, 17 Feb 2016 15:39:26 -0400", "title": "Fitbit's Q4 Conference Call: 10 Questions Management Needs To Answer", "teaser": "", "body": "", "url": "https://www.benzinga.com/node/6355147", "image": [], "channels": [{"name": "Analyst Color"}, {"name": "Earnings"}, {"name": "News"}, {"name": "Previews"}, {"name": "Analyst Ratings"}, {"name": "Tech"}, {"name": "Trading Ideas"}], "stocks": [{"name": "AAPL"}, {"name": "FIT"}], "tags": [{"name": "Bob Peck"}, {"name": "SunTrust Robinson Humphrey"}]}, {"id": 6359672, "author": "Benzinga", "created": "Wed, 17 Feb 2016 17:32:05 -0400", "updated": "Wed, 17 Feb 2016 17:32:05 -0400", "title": "The Stocks That Moved The S&P, Dow And Nasdaq Today", "teaser": "", "body": "", "url": "https://www.benzinga.com/node/6359672", "image": [], "channels": [{"name": "News"}, {"name": "After-Hours Center"}, {"name": "Markets"}, {"name": "Movers"}], "stocks": [{"name": "BA"}, {"name": "CERN"}, {"name": "CNX"}, {"name": "CVX"}, {"name": "DVN"}, {"name": "GILD"}, {"name": "GRMN"}, {"name": "MCD"}, {"name": "PCLN"}, {"name": "PFE"}, {"name": "TSLA"}], "tags": []}, {"id": 6358353, "author": "Benzinga", "created": "Wed, 17 Feb 2016 16:58:17 -0400", "updated": "Wed, 17 Feb 2016 17:34:57 -0400", "title": "Everything You Might Have Missed This 13F Season: Part 2", "teaser": "", "body": "", "url": "https://www.benzinga.com/node/6358353", "image": [], "channels": [{"name": "Long Ideas"}, {"name": "News"}, {"name": "Hedge Funds"}, {"name": "Legal"}, {"name": "Top Stories"}, {"name": "Movers"}, {"name": "Trading Ideas"}, {"name": "General"}], "stocks": [{"name": "AAPL"}, {"name": "AMZN"}, {"name": "FLT"}, {"name": "GOOG"}, {"name": "GOOGL"}, {"name": "JD"}, {"name": "JNJ"}, {"name": "M"}, {"name": "MSFT"}, {"name": "PFE"}], "tags": [{"name": "Carl Icahn"}, {"name": "JP Morgan Chase & Co."}, {"name": "Tiger Global Management"}]}, {"id": 6363146, "author": "Benzinga", "created": "Wed, 17 Feb 2016 19:07:09 -0400", "updated": "Wed, 17 Feb 2016 20:09:56 -0400", "title": "Apple Vs. The FBI: Whose Side Are You On?", "teaser": "", "body": "", "url": "https://www.benzinga.com/node/6363146", "image": [], "channels": [{"name": "News"}, {"name": "Politics"}, {"name": "Crowdsourcing"}, {"name": "Legal"}, {"name": "Top Stories"}, {"name": "Tech"}, {"name": "General"}], "stocks": [{"name": "AAPL"}, {"name": "GOOG"}], "tags": [{"name": "Edward Snowden"}, {"name": "FBI"}, {"name": "iPhone"}, {"name": "San Bernardino"}, {"name": "Sundar Pichai"}, {"name": "techcrunch"}, {"name": "Tim Cook"}]}]