[{"id": 6118778, "author": "Benzinga", "created": "Wed, 06 Jan 2016 07:57:56 -0400", "updated": "Wed, 06 Jan 2016 07:57:57 -0400", "title": "Facebook's WhatsApp To Take On FaceTime And Skype", "teaser": "", "body": "", "url": "https://www.benzinga.com/node/6118778", "image": [], "channels": [{"name": "News"}, {"name": "Tech"}], "stocks": [{"name": "AAPL"}, {"name": "FB"}, {"name": "MSFT"}], "tags": [{"name": "FaceTime"}, {"name": "Mark Zuckerberg"}, {"name": "Skype"}, {"name": "WhatsApp"}]}, {"id": 6119273, "author": "Benzinga", "created": "Wed, 06 Jan 2016 08:53:43 -0400", "updated": "Wed, 06 Jan 2016 08:53:43 -0400", "title": "Washington University Initiates Clinical Study of Verastem's VS-6063 in Combination with Merck's Pembrolizumab and Gemcitabine in Pancreatic Cancer", "teaser": "", "body": "", "url": "https://www.benzinga.com/node/6119273", "image": [], "channels": [{"name": "News"}, {"name": "Press Releases"}], "stocks": [{"name": "MRK"}, {"name": "VSTM"}], "tags": []}, {"id": 6118773, "author": "Benzinga", "created": "Wed, 06 Jan 2016 09:32:25 -0400", "updated": "Wed, 06 Jan 2016 09:32:25 -0400", "title": "'Star Wars' May Not Save Disney", "teaser": "", "body": "", "url": "https://www.benzinga.com/node/6118773", "image": [], "channels": [{"name": "Analyst Color"}, {"name": "Long Ideas"}, {"name": "News"}, {"name": "Markets"}, {"name": "Trading Ideas"}, {"name": "General"}], "stocks": [{"name": "DIS"}], "tags": [{"name": "cord-cutting"}, {"name": "ESPN"}, {"name": "National Football League"}, {"name": "nfl"}, {"name": "Star Wars"}, {"name": "Star Wars: The Force Awakens"}]}, {"id": 6116617, "author": "Benzinga", "created": "Wed, 06 Jan 2016 10:22:35 -0400", "updated": "Wed, 06 Jan 2016 10:22:36 -0400", "title": "Legg Mason Enters ETF Arena With Four Funds", "teaser": "", "body": "", "url": "https://www.benzinga.com/node/6116617", "image": [], "channels": [{"name": "Long Ideas"}, {"name": "News"}, {"name": "Broad U.S. Equity ETFs"}, {"name": "Specialty ETFs"}, {"name": "New ETFs"}, {"name": "Emerging Market ETFs"}, {"name": "Intraday Update"}, {"name": "Markets"}, {"name": "Trading Ideas"}, {"name": "ETFs"}], "stocks": [{"name": "AAPL"}, {"name": "AMZN"}, {"name": "DDBI"}, {"name": "EDBI"}, {"name": "GIS"}, {"name": "KO"}, {"name": "LM"}, {"name": "LVHD"}, {"name": "TEVA"}, {"name": "UDBI"}, {"name": "VRX"}, {"name": "WMT"}], "tags": [{"name": "Legg Mason"}, {"name": "Legg Mason ETFs"}, {"name": "QS Investors"}]}, {"id": 6120062, "author": "Benzinga", "created": "Wed, 06 Jan 2016 10:43:58 -0400", "updated": "Wed, 06 Jan 2016 10:44:00 -0400", "title": "'Bozo Culture At Apple' Author Responds To Reader Questions", "teaser": "", "body": "", "url": "https://www.benzinga.com/node/6120062", "image": [], "channels": [{"name": "Analyst Color"}, {"name": "News"}, {"name": "Top Stories"}, {"name": "Tech"}], "stocks": [{"name": "AAPL"}, {"name": "SBUX"}, {"name": "TSLA"}], "tags": [{"name": "Angela Ahrendts"}, {"name": "Apple Store"}, {"name": "Apple Watch"}, {"name": "Global Equities Research"}, {"name": "Steve Jobs"}, {"name": "Tim Cook"}, {"name": "Trip Chowdhry"}]}, {"id": 6120057, "author": "Benzinga", "created": "Wed, 06 Jan 2016 11:00:40 -0400", "updated": "Wed, 06 Jan 2016 11:00:41 -0400", "title": "EXCLUSIVE: Detwiler Fenton Analyst Says Apple Situation Is Deteriorating", "teaser": "", "body": "", "url": "https://www.benzinga.com/node/6120057", "image": [], "channels": [{"name": "Analyst Color"}, {"name": "News"}, {"name": "Top Stories"}, {"name": "Exclusives"}, {"name": "Hot"}, {"name": "Analyst Ratings"}, {"name": "Movers"}, {"name": "Tech"}, {"name": "Trading Ideas"}, {"name": "Interview"}], "stocks": [{"name": "AAPL"}], "tags": [{"name": "Detwiler Fenton"}, {"name": "Jeff Johnston"}, {"name": "Rosenblatt Securities"}]}, {"id": 6120515, "author": "Benzinga", "created": "Wed, 06 Jan 2016 12:26:18 -0400", "updated": "Wed, 06 Jan 2016 12:26:18 -0400", "title": "Sonic Starts The Quick-Service Earnings Season Off With A...Fizzle", "teaser": "", "body": "", "url": "https://www.benzinga.com/node/6120515", "image": [], "channels": [{"name": "Earnings"}, {"name": "News"}, {"name": "Short Ideas"}, {"name": "Restaurants"}, {"name": "Movers"}, {"name": "Trading Ideas"}, {"name": "General"}], "stocks": [{"name": "DNKN"}, {"name": "JACK"}, {"name": "MCD"}, {"name": "SONC"}, {"name": "WEN"}, {"name": "YUM"}], "tags": [{"name": "Large Cap Restaurants"}, {"name": "Restaurant Earnings"}, {"name": "restaurants"}, {"name": "sonic"}, {"name": "Sonic Earnings"}]}, {"id": 6120335, "author": "Benzinga", "created": "Wed, 06 Jan 2016 12:28:20 -0400", "updated": "Wed, 06 Jan 2016 12:28:20 -0400", "title": "Apple, Fitbit Weakness Drive Down Suppliers", "teaser": "", "body": "", "url": "https://www.benzinga.com/node/6120335", "image": [], "channels": [{"name": "News"}, {"name": "Intraday Update"}, {"name": "Markets"}, {"name": "Movers"}, {"name": "Tech"}], "stocks": [{"name": "AAPL"}, {"name": "ARMH"}, {"name": "AVGO"}, {"name": "CRUS"}, {"name": "FIT"}, {"name": "FLEX"}, {"name": "MU"}, {"name": "NXPI"}, {"name": "SMH"}, {"name": "SWKS"}], "tags": []}, {"id": 6120417, "author": "Benzinga", "created": "Wed, 06 Jan 2016 12:47:57 -0400", "updated": "Wed, 06 Jan 2016 12:48:51 -0400", "title": "RBC Likes Microsoft: Says Stock Now Worth $65", "teaser": "", "body": "", "url": "https://www.benzinga.com/node/6120417", "image": [], "channels": [{"name": "News"}, {"name": "Price Target"}, {"name": "Analyst Ratings"}, {"name": "Movers"}, {"name": "Tech"}, {"name": "Trading Ideas"}], "stocks": [{"name": "MSFT"}], "tags": []}, {"id": 6120569, "author": "Benzinga", "created": "Wed, 06 Jan 2016 12:55:19 -0400", "updated": "Wed, 06 Jan 2016 12:55:19 -0400", "title": "Why Does Macquarie Hate Caterpillar Stock?", "teaser": "", "body": "", "url": "https://www.benzinga.com/node/6120569", "image": [], "channels": [{"name": "News"}, {"name": "Price Target"}, {"name": "Analyst Ratings"}, {"name": "Trading Ideas"}], "stocks": [{"name": "CAT"}], "tags": []}, {"id": 6120754, "author": "Benzinga", "created": "Wed, 06 Jan 2016 13:03:24 -0400", "updated": "Wed, 06 Jan 2016 13:03:25 -0400", "title": "Stocks Point Sharply Lower as N. Korea, Oil Drop, Fed Aggressiveness in Play", "teaser": "", "body": "", "url": "https://www.benzinga.com/node/6120754", "image": [], "channels": [{"name": "News"}, {"name": "Events"}, {"name": "Economics"}, {"name": "Federal Reserve"}], "stocks": [{"name": "AAPL"}], "tags": []}, {"id": 6120640, "author": "Benzinga", "created": "Wed, 06 Jan 2016 14:34:37 -0400", "updated": "Wed, 06 Jan 2016 14:34:37 -0400", "title": "Which Tech Giants Might Buy Applied Micro?", "teaser": "", "body": "", "url": "https://www.benzinga.com/node/6120640", "image": [], "channels": [{"name": "Analyst Color"}, {"name": "Long Ideas"}, {"name": "News"}, {"name": "M&A"}, {"name": "Analyst Ratings"}, {"name": "Tech"}, {"name": "Trading Ideas"}], "stocks": [{"name": "AAPL"}, {"name": "AMCC"}, {"name": "AMZN"}, {"name": "ARMH"}, {"name": "CAVM"}, {"name": "GOOG"}, {"name": "GOOGL"}, {"name": "MSFT"}, {"name": "QCOM"}], "tags": [{"name": "ARM"}, {"name": "ARM server"}, {"name": "Detwiler Fenton"}, {"name": "Jeff Johnson"}]}, {"id": 6121188, "author": "Benzinga", "created": "Wed, 06 Jan 2016 15:38:04 -0400", "updated": "Wed, 06 Jan 2016 15:41:09 -0400", "title": "Tech's Decade Of Innovation At An End? New Data Is 'Sobering'", "teaser": "", "body": "", "url": "https://www.benzinga.com/node/6121188", "image": [], "channels": [{"name": "Analyst Color"}, {"name": "Long Ideas"}, {"name": "News"}, {"name": "Short Ideas"}, {"name": "Specialty ETFs"}, {"name": "Top Stories"}, {"name": "Markets"}, {"name": "Analyst Ratings"}, {"name": "Movers"}, {"name": "Tech"}, {"name": "Trading Ideas"}, {"name": "ETFs"}, {"name": "General"}], "stocks": [{"name": "AAPL"}, {"name": "AMBA"}, {"name": "AMZN"}, {"name": "CTRL"}, {"name": "DGLY"}, {"name": "FB"}, {"name": "FIT"}, {"name": "GOOG"}, {"name": "GPRO"}, {"name": "NFLX"}, {"name": "QCOM"}, {"name": "TASR"}, {"name": "XLK"}], "tags": [{"name": "Felix Richter"}, {"name": "Statista"}, {"name": "tech bull market"}]}, {"id": 6121376, "author": "Benzinga", "created": "Wed, 06 Jan 2016 16:57:28 -0400", "updated": "Wed, 06 Jan 2016 16:57:28 -0400", "title": "2 Apple Stories Flying Under The Radar This Week", "teaser": "", "body": "", "url": "https://www.benzinga.com/node/6121376", "image": [], "channels": [{"name": "Analyst Color"}, {"name": "News"}, {"name": "Global"}, {"name": "Analyst Ratings"}, {"name": "Tech"}], "stocks": [{"name": "AAPL"}], "tags": [{"name": "JP Morgan"}, {"name": "Rod Hall"}, {"name": "Valencell"}]}, {"id": 6122099, "author": "Benzinga", "created": "Wed, 06 Jan 2016 20:29:06 -0400", "updated": "Wed, 06 Jan 2016 20:29:06 -0400", "title": "Benzinga's M&A Chatter for Wednesday January 6, 2016", "teaser": "", "body": "", "url": "https://www.benzinga.com/node/6122099", "image": [], "channels": [{"name": "News"}, {"name": "Rumors"}, {"name": "M&A"}, {"name": "Movers"}], "stocks": [{"name": "AAPL"}, {"name": "AMCC"}, {"name": "AMZN"}, {"name": "BAX"}, {"name": "BXLT"}, {"name": "CAVM"}, {"name": "CCO"}, {"name": "GOOGL"}, {"name": "LAMR"}, {"name": "MSFT"}, {"name": "QCOM"}, {"name": "SHPG"}], "tags": []}]