[{"id": 8677490, "author": "Benzinga", "created": "Thu, 10 Nov 2016 05:16:35 -0400", "updated": "Thu, 10 Nov 2016 05:16:36 -0400", "title": "Earnings Scheduled For November 10, 2016", "teaser": "", "body": "", "url": "https://www.benzinga.com/node/8677490", "image": [], "channels": [{"name": "Earnings"}, {"name": "News"}, {"name": "Pre-Market Outlook"}, {"name": "Markets"}], "stocks": [{"name": "ACIA"}, {"name": "AZN"}, {"name": "BUFF"}, {"name": "CAE"}, {"name": "COT"}, {"name": "CVC"}, {"name": "DAR"}, {"name": "DIS"}, {"name": "ESL"}, {"name": "HIMX"}, {"name": "JWN"}, {"name": "KORS"}, {"name": "KSS"}, {"name": "M"}, {"name": "MFC"}, {"name": "MMS"}, {"name": "MSCC"}, {"name": "NVDA"}, {"name": "PNK"}, {"name": "PRGO"}, {"name": "PRTY"}, {"name": "RL"}, {"name": "RUN"}, {"name": "SODA"}], "tags": [{"name": "Consumer Discretionary"}, {"name": "Department Stores"}, {"name": "Earnings schedule"}]}, {"id": 8677700, "author": "Benzinga", "created": "Thu, 10 Nov 2016 07:04:51 -0400", "updated": "Thu, 10 Nov 2016 07:04:51 -0400", "title": "12 Stocks You Should Be Watching Today", "teaser": "", "body": "", "url": "https://www.benzinga.com/node/8677700", "image": [], "channels": [{"name": "Earnings"}, {"name": "News"}, {"name": "Guidance"}, {"name": "Management"}, {"name": "Pre-Market Outlook"}, {"name": "Markets"}, {"name": "Trading Ideas"}], "stocks": [{"name": "DIS"}, {"name": "JWN"}, {"name": "KORS"}, {"name": "KSS"}, {"name": "M"}, {"name": "MYL"}, {"name": "NVAX"}, {"name": "NVDA"}, {"name": "RL"}, {"name": "SHAK"}, {"name": "TASR"}, {"name": "TWTR"}], "tags": [{"name": "Consumer Discretionary"}, {"name": "Department Stores"}, {"name": "Stocks To Watch"}, {"name": "Stocks to Watch"}]}, {"id": 8673567, "author": "Benzinga", "created": "Thu, 10 Nov 2016 07:48:32 -0400", "updated": "Thu, 10 Nov 2016 07:48:32 -0400", "title": "Retail Earnings On The Docket: All The Important Dates You Need To Know", "teaser": "", "body": "", "url": "https://www.benzinga.com/node/8673567", "image": [], "channels": [{"name": "News"}, {"name": "Previews"}, {"name": "Trading Ideas"}], "stocks": [{"name": "ANF"}, {"name": "BBY"}, {"name": "DKS"}, {"name": "GPS"}, {"name": "HD"}, {"name": "JCP"}, {"name": "JWN"}, {"name": "KSS"}, {"name": "LOW"}, {"name": "M"}, {"name": "TGT"}, {"name": "TJX"}, {"name": "WMT"}, {"name": "WSM"}], "tags": []}, {"id": 8678424, "author": "Benzinga", "created": "Thu, 10 Nov 2016 08:57:42 -0400", "updated": "Thu, 10 Nov 2016 08:57:43 -0400", "title": "A Peek Into The Markets: U.S. Stock Futures Rise Ahead Of Jobless Claims", "teaser": "", "body": "", "url": "https://www.benzinga.com/node/8678424", "image": [], "channels": [{"name": "Earnings"}, {"name": "News"}, {"name": "Eurozone"}, {"name": "Futures"}, {"name": "Global"}, {"name": "Pre-Market Outlook"}, {"name": "Markets"}], "stocks": [{"name": "IBM"}, {"name": "NVAX"}, {"name": "SHAK"}, {"name": "SODA"}, {"name": "TWTR"}], "tags": [{"name": "A Peek Into The Markets"}, {"name": "U.S. Stock Future"}]}, {"id": 8678266, "author": "Benzinga", "created": "Thu, 10 Nov 2016 10:01:08 -0400", "updated": "Thu, 10 Nov 2016 10:01:09 -0400", "title": "The Market In 5 Minutes: Retail Earnings Come Into Focus", "teaser": "", "body": "", "url": "https://www.benzinga.com/node/8678266", "image": [], "channels": [{"name": "News"}, {"name": "Global"}, {"name": "Top Stories"}, {"name": "Pre-Market Outlook"}, {"name": "Markets"}], "stocks": [{"name": "ABBV"}, {"name": "CALM"}, {"name": "HUM"}, {"name": "IBM"}, {"name": "KSS"}, {"name": "L"}, {"name": "LMT"}, {"name": "M"}, {"name": "MACK"}, {"name": "MDCA"}, {"name": "MYL"}, {"name": "NOC"}, {"name": "PFE"}, {"name": "QCOM"}, {"name": "SHAK"}, {"name": "SPY"}, {"name": "TASR"}, {"name": "USO"}, {"name": "VRX"}], "tags": [{"name": "the market in 5 minutes"}]}, {"id": 8678945, "author": "Benzinga", "created": "Thu, 10 Nov 2016 10:34:57 -0400", "updated": "Thu, 10 Nov 2016 10:34:57 -0400", "title": "IBM Upgraded To Buy; Bank Of America Sees Multiple Levers To Drive Growth", "teaser": "", "body": "", "url": "https://www.benzinga.com/node/8678945", "image": [], "channels": [{"name": "Analyst Color"}, {"name": "Long Ideas"}, {"name": "News"}, {"name": "Upgrades"}, {"name": "Price Target"}, {"name": "Analyst Ratings"}, {"name": "Movers"}, {"name": "Tech"}, {"name": "Trading Ideas"}], "stocks": [{"name": "IBM"}], "tags": [{"name": "BofA Merrill Lynch"}, {"name": "Wamsi Mohan"}]}, {"id": 8680496, "author": "Benzinga", "created": "Thu, 10 Nov 2016 12:38:05 -0400", "updated": "Thu, 10 Nov 2016 12:38:09 -0400", "title": "Can Disney Earnings Be The Hit Doctor Strange Is? And What's Up With ESPN?", "teaser": "", "body": "", "url": "https://www.benzinga.com/node/8680496", "image": [], "channels": [{"name": "Earnings"}, {"name": "News"}, {"name": "Previews"}, {"name": "Trading Ideas"}], "stocks": [{"name": "DIS"}], "tags": []}, {"id": 8683364, "author": "Benzinga", "created": "Thu, 10 Nov 2016 17:37:56 -0400", "updated": "Thu, 10 Nov 2016 17:37:56 -0400", "title": "Disney's Q4 Misses Estimates, ESPN Woes Continue", "teaser": "", "body": "", "url": "https://www.benzinga.com/node/8683364", "image": [], "channels": [{"name": "Earnings"}, {"name": "News"}, {"name": "After-Hours Center"}, {"name": "Movers"}], "stocks": [{"name": "DIS"}], "tags": [{"name": "disney"}, {"name": "Disney Earnings"}, {"name": "ESPN"}]}]