[{"id": 7847919, "author": "Benzinga", "created": "Sat, 16 Apr 2016 20:05:47 -0400", "updated": "Mon, 18 Apr 2016 06:37:10 -0400", "title": "After-Hours Recap: Active Rigs Count, Top Index Movers & More", "teaser": "", "body": "", "url": "https://www.benzinga.com/node/7847919", "image": [], "channels": [{"name": "Earnings"}, {"name": "News"}, {"name": "Dividends"}, {"name": "Commodities"}, {"name": "M&A"}, {"name": "After-Hours Center"}, {"name": "Markets"}, {"name": "Movers"}, {"name": "Trading Ideas"}, {"name": "ETFs"}], "stocks": [{"name": "AAPL"}, {"name": "AON"}, {"name": "BHI"}, {"name": "C"}, {"name": "CARA"}, {"name": "ESV"}, {"name": "FOXF"}, {"name": "GRPN"}, {"name": "GS"}, {"name": "MHFI"}, {"name": "SCHW"}, {"name": "SPY"}, {"name": "STX"}, {"name": "UEPS"}, {"name": "VRTX"}, {"name": "WDC"}], "tags": [{"name": "J.D. Power"}, {"name": "Oil"}, {"name": "oil prices"}, {"name": "XIO Group"}]}]