[{"id": 7948917, "author": "Benzinga", "created": "Mon, 09 May 2016 09:14:38 -0400", "updated": "Mon, 09 May 2016 09:14:38 -0400", "title": "Differences Make All The Difference For This Dividend ETF", "teaser": "", "body": "", "url": "https://www.benzinga.com/node/7948917", "image": [], "channels": [{"name": "Long Ideas"}, {"name": "News"}, {"name": "Broad U.S. Equity ETFs"}, {"name": "Dividends"}, {"name": "Dividends"}, {"name": "Intraday Update"}, {"name": "Markets"}, {"name": "Trading Ideas"}, {"name": "ETFs"}], "stocks": [{"name": "AAPL"}, {"name": "DGRW"}], "tags": []}, {"id": 7950653, "author": "Benzinga", "created": "Mon, 09 May 2016 09:44:19 -0400", "updated": "Mon, 09 May 2016 09:44:20 -0400", "title": "The Market In 5 Minutes: Monday, May 9, 2016", "teaser": "", "body": "", "url": "https://www.benzinga.com/node/7950653", "image": [], "channels": [{"name": "News"}, {"name": "Global"}, {"name": "Top Stories"}], "stocks": [{"name": "BHI"}, {"name": "CLNY"}, {"name": "DEPO"}, {"name": "DIS"}, {"name": "FISV"}, {"name": "HAL"}, {"name": "JCP"}, {"name": "JWN"}, {"name": "KKD"}, {"name": "KSS"}, {"name": "M"}, {"name": "NRF"}, {"name": "NSAM"}, {"name": "OXY"}, {"name": "PCAR"}, {"name": "SPY"}, {"name": "TWTR"}, {"name": "UPS"}, {"name": "USO"}, {"name": "WYNN"}], "tags": [{"name": "the market in 5 minutes"}]}, {"id": 7950944, "author": "Benzinga", "created": "Mon, 09 May 2016 10:28:46 -0400", "updated": "Mon, 09 May 2016 10:28:46 -0400", "title": "IMAX Touts Success Of Marvel's 'Captain America' Opening In China", "teaser": "", "body": "", "url": "https://www.benzinga.com/node/7950944", "image": [], "channels": [{"name": "News"}, {"name": "Emerging Markets"}, {"name": "Markets"}, {"name": "Tech"}], "stocks": [{"name": "DIS"}, {"name": "IMAX"}], "tags": [{"name": "Anthony Russo"}, {"name": "Captain America"}, {"name": "Captain America: Civil War"}, {"name": "China"}, {"name": "Greg Foster"}, {"name": "imax"}, {"name": "Imax China"}, {"name": "IMAX Films"}, {"name": "Joe Russo"}, {"name": "Marvel"}, {"name": "Marvel Comics"}, {"name": "Transformers"}, {"name": "Transformers: Age of Extinction"}]}, {"id": 7952308, "author": "Benzinga", "created": "Mon, 09 May 2016 14:42:59 -0400", "updated": "Mon, 09 May 2016 14:43:27 -0400", "title": "'Facebook' Beverages In China? Not Anymore", "teaser": "", "body": "", "url": "https://www.benzinga.com/node/7952308", "image": [], "channels": [{"name": "News"}, {"name": "Emerging Markets"}, {"name": "Legal"}, {"name": "Markets"}, {"name": "Tech"}], "stocks": [{"name": "AAPL"}, {"name": "FB"}, {"name": "TWTR"}], "tags": [{"name": "Beijing Higher People's Court"}, {"name": "China"}, {"name": "face book"}, {"name": "face book drink"}, {"name": "lian shu"}, {"name": "Liu Hongqun"}, {"name": "Zhujiang Beverage Factory"}]}, {"id": 7953002, "author": "Benzinga", "created": "Mon, 09 May 2016 15:51:39 -0400", "updated": "Mon, 09 May 2016 15:55:19 -0400", "title": "Dealogic: 2016 Saw Failed U.S. Deals Worth $378 Bln", "teaser": "", "body": "", "url": "https://www.benzinga.com/node/7953002", "image": [], "channels": [{"name": "News"}, {"name": "M&A"}], "stocks": [{"name": "AGN"}, {"name": "BHI"}, {"name": "CP"}, {"name": "HAL"}, {"name": "HON"}, {"name": "HOT"}, {"name": "NSC"}, {"name": "PFE"}, {"name": "UTX"}], "tags": []}, {"id": 7953352, "author": "Benzinga", "created": "Mon, 09 May 2016 16:18:50 -0400", "updated": "Mon, 09 May 2016 16:18:50 -0400", "title": "Are Disney Investors Over-reacting?", "teaser": "", "body": "", "url": "https://www.benzinga.com/node/7953352", "image": [], "channels": [{"name": "CNBC"}, {"name": "News"}, {"name": "Media"}, {"name": "Trading Ideas"}], "stocks": [{"name": "DIS"}, {"name": "DWA"}], "tags": []}, {"id": 7955718, "author": "Benzinga", "created": "Mon, 09 May 2016 20:40:20 -0400", "updated": "Mon, 09 May 2016 20:40:20 -0400", "title": "Benzinga's M&A Chatter for Monday May 9, 2016", "teaser": "", "body": "", "url": "https://www.benzinga.com/node/7955718", "image": [], "channels": [{"name": "News"}, {"name": "Rumors"}, {"name": "M&A"}, {"name": "Movers"}], "stocks": [{"name": "AMGN"}, {"name": "APO"}, {"name": "FOE"}, {"name": "KKD"}, {"name": "MDVN"}, {"name": "MHGC"}, {"name": "PFE"}, {"name": "SNY"}], "tags": []}]