[{"id": 8123186, "author": "Benzinga", "created": "Fri, 17 Jun 2016 02:41:26 -0400", "updated": "Fri, 17 Jun 2016 02:41:27 -0400", "title": "Watch These 7 Huge Put Purchases In Friday Trade", "teaser": "", "body": "", "url": "https://www.benzinga.com/node/8123186", "image": [], "channels": [{"name": "News"}, {"name": "Options"}, {"name": "Markets"}], "stocks": [{"name": "C"}, {"name": "ED"}, {"name": "F"}, {"name": "IDTI"}, {"name": "KO"}, {"name": "UAL"}, {"name": "VOD"}], "tags": [{"name": "Huge Put Purchases"}]}, {"id": 8123706, "author": "Benzinga", "created": "Fri, 17 Jun 2016 08:16:14 -0400", "updated": "Fri, 17 Jun 2016 08:17:04 -0400", "title": "American Beverage Association Calls Philly 'Sugar Tax' Regressive", "teaser": "", "body": "", "url": "https://www.benzinga.com/node/8123706", "image": [], "channels": [{"name": "News"}, {"name": "Politics"}, {"name": "Legal"}, {"name": "Media"}, {"name": "Trading Ideas"}, {"name": "General"}], "stocks": [{"name": "DPS"}, {"name": "KO"}, {"name": "PEP"}], "tags": [{"name": "ABA"}, {"name": "American Beverage Association"}, {"name": "cnn money"}, {"name": "Coke"}, {"name": "Philadelphia"}, {"name": "Pop"}, {"name": "SODA"}, {"name": "Sugar tax"}]}, {"id": 8124000, "author": "Benzinga", "created": "Fri, 17 Jun 2016 08:51:06 -0400", "updated": "Fri, 17 Jun 2016 08:51:06 -0400", "title": "The Market In 5 Minutes: Quiet Friday Ahead Of Father's Day", "teaser": "", "body": "", "url": "https://www.benzinga.com/node/8124000", "image": [], "channels": [{"name": "News"}, {"name": "Global"}, {"name": "Top Stories"}, {"name": "Markets"}], "stocks": [{"name": "DHI"}, {"name": "DIS"}, {"name": "ERIC"}, {"name": "FNSR"}, {"name": "OKE"}, {"name": "ORCL"}, {"name": "PM"}, {"name": "PSX"}, {"name": "PXD"}, {"name": "PYPL"}, {"name": "RDEN"}, {"name": "REV"}, {"name": "SKYS"}, {"name": "SPY"}, {"name": "STRZA"}, {"name": "SWHC"}, {"name": "TA"}, {"name": "USO"}, {"name": "VIAB"}], "tags": [{"name": "the market in 5 minutes"}]}, {"id": 8124186, "author": "Benzinga", "created": "Fri, 17 Jun 2016 09:24:40 -0400", "updated": "Fri, 17 Jun 2016 09:39:57 -0400", "title": "Beijing Orders Apple To Halt Sales Of iPhone 6, iPhone 6 Plus Devices In The City", "teaser": "", "body": "", "url": "https://www.benzinga.com/node/8124186", "image": [], "channels": [{"name": "News"}, {"name": "Legal"}, {"name": "Global"}, {"name": "Tech"}], "stocks": [{"name": "AAPL"}], "tags": [{"name": "100C Smartphone"}, {"name": "Apple"}, {"name": "Apple China"}, {"name": "Apple stock"}, {"name": "Carl Icahn"}, {"name": "iPhone China"}, {"name": "Shenzhen Baili"}, {"name": "The Wall Street Journal"}]}, {"id": 8124783, "author": "Benzinga", "created": "Fri, 17 Jun 2016 10:44:46 -0400", "updated": "Fri, 17 Jun 2016 10:44:50 -0400", "title": "Is There Anything Besides Brexit That Will Move the Markets?", "teaser": "", "body": "", "url": "https://www.benzinga.com/node/8124783", "image": [], "channels": [{"name": "News"}, {"name": "Eurozone"}, {"name": "Markets"}], "stocks": [{"name": "MSFT"}, {"name": "SPX"}, {"name": "SPY"}, {"name": "VIAB"}], "tags": [{"name": "Brexit"}]}, {"id": 8124802, "author": "Benzinga", "created": "Fri, 17 Jun 2016 11:27:48 -0400", "updated": "Fri, 17 Jun 2016 11:27:48 -0400", "title": "Twitter May Not Have As Many Suitors As The Market Thinks", "teaser": "", "body": "", "url": "https://www.benzinga.com/node/8124802", "image": [], "channels": [{"name": "News"}, {"name": "Rumors"}, {"name": "M&A"}, {"name": "Tech"}], "stocks": [{"name": "AAPL"}, {"name": "FB"}, {"name": "GOOGL"}, {"name": "LNKD"}, {"name": "MSFT"}, {"name": "TSLA"}, {"name": "TWTR"}], "tags": [{"name": "Nick Bilton"}, {"name": "Vanity Fair"}]}, {"id": 8125032, "author": "Benzinga", "created": "Fri, 17 Jun 2016 11:35:26 -0400", "updated": "Fri, 17 Jun 2016 11:35:26 -0400", "title": "Worst Performing Industries For June 17, 2016", "teaser": "", "body": "", "url": "https://www.benzinga.com/node/8125032", "image": [], "channels": [{"name": "News"}, {"name": "Movers & Shakers"}, {"name": "Intraday Update"}, {"name": "Markets"}], "stocks": [{"name": "AAPL"}, {"name": "GNCMA"}, {"name": "SPDC"}, {"name": "VIPS"}], "tags": [{"name": "Worst Performing Industries"}]}, {"id": 8124700, "author": "Benzinga", "created": "Fri, 17 Jun 2016 11:37:12 -0400", "updated": "Fri, 17 Jun 2016 11:37:12 -0400", "title": "Following Jabil's Q3 Earnings, Argus is Cautious Short Term But Confident Long Term", "teaser": "", "body": "", "url": "https://www.benzinga.com/node/8124700", "image": [], "channels": [{"name": "Analyst Color"}, {"name": "Earnings"}, {"name": "Long Ideas"}, {"name": "News"}, {"name": "Reiteration"}, {"name": "Analyst Ratings"}, {"name": "Tech"}, {"name": "Trading Ideas"}], "stocks": [{"name": "AAPL"}, {"name": "JBL"}], "tags": [{"name": "Argus"}, {"name": "Green Point"}, {"name": "iPhone"}, {"name": "Jim Kelleher"}]}, {"id": 8124636, "author": "Benzinga", "created": "Fri, 17 Jun 2016 11:52:18 -0400", "updated": "Fri, 17 Jun 2016 11:52:18 -0400", "title": "Disney's New Park Is Now Open In Shanghai, But How Chinese Is It Really?", "teaser": "", "body": "", "url": "https://www.benzinga.com/node/8124636", "image": [], "channels": [{"name": "Analyst Color"}, {"name": "News"}, {"name": "Emerging Markets"}, {"name": "Travel"}, {"name": "Events"}, {"name": "Markets"}, {"name": "Analyst Ratings"}, {"name": "Media"}, {"name": "Trading Ideas"}, {"name": "General"}], "stocks": [{"name": "DIS"}], "tags": [{"name": "Bloomberg"}, {"name": "Bob Iger"}, {"name": "disney"}, {"name": "Disney China"}, {"name": "Disney Resort Parks"}, {"name": "Disney Shanghai"}, {"name": "Mulan"}]}, {"id": 8124816, "author": "Benzinga", "created": "Fri, 17 Jun 2016 12:00:13 -0400", "updated": "Fri, 17 Jun 2016 12:00:13 -0400", "title": "Microsoft Lights Up New Partnership With Marijuana Tech Firm KIND Financial", "teaser": "", "body": "", "url": "https://www.benzinga.com/node/8124816", "image": [], "channels": [{"name": "News"}, {"name": "Contracts"}, {"name": "Politics"}, {"name": "Topics"}, {"name": "Legal"}, {"name": "Tech"}, {"name": "Trading Ideas"}, {"name": "General"}], "stocks": [{"name": "MSFT"}], "tags": [{"name": "Agrisoft Seed to Sale for Government"}, {"name": "Azure"}, {"name": "Azure Government"}, {"name": "cannabis"}, {"name": "David Dinenberg"}, {"name": "FIND Financial"}, {"name": "marijuana"}, {"name": "Microsoft Health and Human Services"}, {"name": "pot"}]}, {"id": 8125150, "author": "Benzinga", "created": "Fri, 17 Jun 2016 12:02:33 -0400", "updated": "Fri, 17 Jun 2016 12:02:34 -0400", "title": "Munster On Apple: Beijing's iPhone Ruling Irrelevant To Numbers", "teaser": "", "body": "", "url": "https://www.benzinga.com/node/8125150", "image": [], "channels": [{"name": "Analyst Color"}, {"name": "Fintech"}, {"name": "News"}, {"name": "Top Stories"}, {"name": "Analyst Ratings"}, {"name": "Tech"}], "stocks": [{"name": "AAPL"}], "tags": [{"name": "Gene Munster"}, {"name": "iPhone"}, {"name": "iPhone 6"}, {"name": "iPhone 6 Plus"}, {"name": "Piper Jaffray"}]}, {"id": 8125649, "author": "Benzinga", "created": "Fri, 17 Jun 2016 14:00:06 -0400", "updated": "Fri, 17 Jun 2016 14:00:06 -0400", "title": "Lobster Rolls Back On The Menu At Northeast McDonald's", "teaser": "", "body": "", "url": "https://www.benzinga.com/node/8125649", "image": [], "channels": [{"name": "News"}, {"name": "Restaurants"}, {"name": "General"}], "stocks": [{"name": "MCD"}], "tags": [{"name": "McDonald's lobster roll"}]}, {"id": 8125546, "author": "Benzinga", "created": "Fri, 17 Jun 2016 14:10:47 -0400", "updated": "Fri, 17 Jun 2016 14:10:47 -0400", "title": "Get A Better Deal Than Warren Buffett On Apple Stock Right Now", "teaser": "", "body": "", "url": "https://www.benzinga.com/node/8125546", "image": [], "channels": [{"name": "News"}, {"name": "Legal"}, {"name": "Trading Ideas"}], "stocks": [{"name": "AAPL"}, {"name": "BRK-A"}], "tags": [{"name": "Warren Buffett"}]}, {"id": 8125223, "author": "Benzinga", "created": "Fri, 17 Jun 2016 14:23:40 -0400", "updated": "Fri, 17 Jun 2016 14:23:40 -0400", "title": "The Chan Zuckerberg Initiative Just Invested $24 Million In This African Startup Company", "teaser": "", "body": "", "url": "https://www.benzinga.com/node/8125223", "image": [], "channels": [{"name": "News"}, {"name": "Financing"}, {"name": "Startups"}, {"name": "Tech"}, {"name": "Media"}], "stocks": [{"name": "FB"}, {"name": "IBM"}, {"name": "MSFT"}], "tags": [{"name": "Andela"}, {"name": "Chan Zuckerberg Initiative"}, {"name": "cnn money"}, {"name": "Google Ventures"}, {"name": "GV"}, {"name": "Jeremy Johnson"}, {"name": "Kenya"}, {"name": "Nigeria"}]}, {"id": 8125313, "author": "Benzinga", "created": "Fri, 17 Jun 2016 14:29:54 -0400", "updated": "Fri, 17 Jun 2016 14:29:55 -0400", "title": "Things Deteriorated Quickly At Yahoo! Following Marissa Mayer's Secret 2015 Truce With Investor", "teaser": "", "body": "", "url": "https://www.benzinga.com/node/8125313", "image": [], "channels": [{"name": "News"}, {"name": "Management"}, {"name": "Tech"}, {"name": "Trading Ideas"}], "stocks": [{"name": "AAPL"}, {"name": "GOOG"}, {"name": "GOOGL"}, {"name": "VZ"}, {"name": "YHOO"}], "tags": [{"name": "Douglas MacMillan"}, {"name": "Google Now"}, {"name": "Jeffrey Smith"}, {"name": "Marissa Mayer"}, {"name": "nfl"}, {"name": "Polyvore Inc."}, {"name": "SIRI"}, {"name": "Starboard Value"}, {"name": "Wall Street Journal"}]}, {"id": 8125577, "author": "Benzinga", "created": "Fri, 17 Jun 2016 14:51:03 -0400", "updated": "Fri, 17 Jun 2016 14:51:03 -0400", "title": "Citi: Oracle's Earnings Stabilizing, Yet Prefers SAP On Lower Cloud Risk", "teaser": "", "body": "", "url": "https://www.benzinga.com/node/8125577", "image": [], "channels": [{"name": "Analyst Color"}, {"name": "Long Ideas"}, {"name": "News"}, {"name": "Price Target"}, {"name": "Reiteration"}, {"name": "Analyst Ratings"}, {"name": "Movers"}, {"name": "Tech"}, {"name": "Trading Ideas"}], "stocks": [{"name": "MSFT"}, {"name": "ORCL"}, {"name": "SAP"}], "tags": [{"name": "Citi"}, {"name": "Opower"}, {"name": "Textura"}, {"name": "Walter Pritchard"}]}, {"id": 8125808, "author": "Benzinga", "created": "Fri, 17 Jun 2016 15:18:20 -0400", "updated": "Fri, 17 Jun 2016 15:18:20 -0400", "title": "Discover The Value In Discover Financial", "teaser": "", "body": "", "url": "https://www.benzinga.com/node/8125808", "image": [], "channels": [{"name": "Analyst Color"}, {"name": "Long Ideas"}, {"name": "News"}, {"name": "Analyst Ratings"}, {"name": "Movers"}, {"name": "Trading Ideas"}], "stocks": [{"name": "AXP"}, {"name": "DFS"}, {"name": "MA"}, {"name": "V"}], "tags": [{"name": "Yahoo! Finance"}]}, {"id": 8126774, "author": "Benzinga", "created": "Fri, 17 Jun 2016 17:13:34 -0400", "updated": "Fri, 17 Jun 2016 17:13:35 -0400", "title": "4 Stocks Moving In Friday's After-Hours Session", "teaser": "", "body": "", "url": "https://www.benzinga.com/node/8126774", "image": [], "channels": [{"name": "News"}, {"name": "After-Hours Center"}, {"name": "Movers"}], "stocks": [{"name": "AAPL"}, {"name": "AGLE"}, {"name": "GLBL"}, {"name": "GLF"}, {"name": "MPWR"}], "tags": []}, {"id": 8126164, "author": "Benzinga", "created": "Fri, 17 Jun 2016 17:15:23 -0400", "updated": "Fri, 17 Jun 2016 17:15:24 -0400", "title": "Hey, Siri: Why Is An Updated Version Of A 4-Year-Old Apple Device Flying Off The Shelves?", "teaser": "", "body": "", "url": "https://www.benzinga.com/node/8126164", "image": [], "channels": [{"name": "News"}, {"name": "Tech"}, {"name": "Media"}], "stocks": [{"name": "AAPL"}], "tags": [{"name": "iPhone"}, {"name": "iPhone 5"}, {"name": "iPhone 6"}, {"name": "iPhone 6S"}, {"name": "iPhone SE"}, {"name": "SIRI"}, {"name": "Tim Cook"}]}]