[{"id": 8413595, "author": "Benzinga", "created": "Thu, 01 Sep 2016 03:03:07 -0400", "updated": "Thu, 01 Sep 2016 03:03:07 -0400", "title": "Watch These 7 Huge Put Purchases In Thursday Trade", "teaser": "", "body": "", "url": "https://www.benzinga.com/node/8413595", "image": [], "channels": [{"name": "News"}, {"name": "Options"}, {"name": "Markets"}], "stocks": [{"name": "CRM"}, {"name": "HAL"}, {"name": "IMPV"}, {"name": "LOCK"}, {"name": "MDCO"}, {"name": "MXIM"}, {"name": "SHLD"}], "tags": [{"name": "Huge Put Purchases"}]}, {"id": 8413845, "author": "Benzinga", "created": "Thu, 01 Sep 2016 05:36:48 -0400", "updated": "Thu, 01 Sep 2016 05:36:49 -0400", "title": "12 Stocks To Watch For September 1, 2016", "teaser": "", "body": "", "url": "https://www.benzinga.com/node/8413845", "image": [], "channels": [{"name": "Earnings"}, {"name": "News"}, {"name": "Guidance"}, {"name": "Pre-Market Outlook"}, {"name": "Markets"}, {"name": "Trading Ideas"}], "stocks": [{"name": "AMBA"}, {"name": "AVGO"}, {"name": "BLOX"}, {"name": "BOX"}, {"name": "CIEN"}, {"name": "CPB"}, {"name": "CRM"}, {"name": "FIVE"}, {"name": "GCO"}, {"name": "JOY"}, {"name": "LULU"}, {"name": "PAY"}], "tags": [{"name": "Apparel, Accessories & Luxury Goods"}, {"name": "Consumer Discretionary"}, {"name": "Stocks To Watch"}, {"name": "Stocks to Watch"}]}, {"id": 8414377, "author": "Benzinga", "created": "Thu, 01 Sep 2016 07:37:48 -0400", "updated": "Thu, 01 Sep 2016 07:37:48 -0400", "title": "A Peek Into The Markets: U.S. Stock Futures Rise Ahead Of Economic Data", "teaser": "", "body": "", "url": "https://www.benzinga.com/node/8414377", "image": [], "channels": [{"name": "Earnings"}, {"name": "News"}, {"name": "Guidance"}, {"name": "Eurozone"}, {"name": "Futures"}, {"name": "Global"}, {"name": "Pre-Market Outlook"}, {"name": "Markets"}], "stocks": [{"name": "CIEN"}, {"name": "COST"}, {"name": "CRM"}, {"name": "JOY"}, {"name": "NMR"}], "tags": [{"name": "A Peek Into The Markets"}, {"name": "Jefferies"}, {"name": "U.S. stock futures"}]}, {"id": 8414410, "author": "Benzinga", "created": "Thu, 01 Sep 2016 08:21:21 -0400", "updated": "Thu, 01 Sep 2016 08:21:21 -0400", "title": "Wunderlich Confident Salesforce.com Issues Are Minor", "teaser": "", "body": "", "url": "https://www.benzinga.com/node/8414410", "image": [], "channels": [{"name": "Analyst Color"}, {"name": "Earnings"}, {"name": "Long Ideas"}, {"name": "News"}, {"name": "Guidance"}, {"name": "Price Target"}, {"name": "Reiteration"}, {"name": "Analyst Ratings"}, {"name": "Movers"}, {"name": "Tech"}, {"name": "Trading Ideas"}], "stocks": [{"name": "CRM"}], "tags": [{"name": "Ryan MacDonald"}, {"name": "Wunderlich"}]}, {"id": 8414636, "author": "Benzinga", "created": "Thu, 01 Sep 2016 08:21:20 -0400", "updated": "Thu, 01 Sep 2016 08:21:21 -0400", "title": "15 Stocks Moving In Thursday's Pre-Market Session", "teaser": "", "body": "", "url": "https://www.benzinga.com/node/8414636", "image": [], "channels": [{"name": "News"}, {"name": "Movers & Shakers"}, {"name": "Pre-Market Outlook"}, {"name": "Markets"}, {"name": "Movers"}], "stocks": [{"name": "ARRY"}, {"name": "BOX"}, {"name": "CHTR"}, {"name": "CLNE"}, {"name": "COST"}, {"name": "CPB"}, {"name": "CRM"}, {"name": "CYNA"}, {"name": "EMC"}, {"name": "FIVE"}, {"name": "GCO"}, {"name": "MPEL"}, {"name": "OLLI"}, {"name": "OPK"}, {"name": "SPU"}, {"name": "TTHI"}, {"name": "WYNN"}], "tags": [{"name": "#PreMarket Gainers"}, {"name": "Losers"}, {"name": "Top Gainers"}]}, {"id": 8414203, "author": "Benzinga", "created": "Thu, 01 Sep 2016 08:36:08 -0400", "updated": "Thu, 01 Sep 2016 08:36:09 -0400", "title": "Tim Cook Says 'Ireland Is Being Picked On,' Tax Bill Is 'Total Political Crap'", "teaser": "", "body": "", "url": "https://www.benzinga.com/node/8414203", "image": [], "channels": [{"name": "News"}, {"name": "Eurozone"}, {"name": "Legal"}, {"name": "Management"}, {"name": "Global"}, {"name": "Markets"}, {"name": "Tech"}, {"name": "Media"}], "stocks": [{"name": "AAPL"}], "tags": [{"name": "Apple Back Taxes"}, {"name": "Apple European Union"}, {"name": "Apple Ireland"}, {"name": "Irish Independent"}, {"name": "Tim Cook"}]}, {"id": 8414406, "author": "Benzinga", "created": "Thu, 01 Sep 2016 08:47:39 -0400", "updated": "Thu, 01 Sep 2016 08:47:39 -0400", "title": "The Market In 5 Minutes: Stocks Sell Off For Second Day In A Row", "teaser": "", "body": "", "url": "https://www.benzinga.com/node/8414406", "image": [], "channels": [{"name": "News"}, {"name": "Global"}, {"name": "Top Stories"}, {"name": "Pre-Market Outlook"}, {"name": "Markets"}], "stocks": [{"name": "BLOX"}, {"name": "BOX"}, {"name": "CIEN"}, {"name": "CLB"}, {"name": "CMSCA"}, {"name": "COST"}, {"name": "CPB"}, {"name": "CRM"}, {"name": "DISH"}, {"name": "FIVE"}, {"name": "INTC"}, {"name": "JOY"}, {"name": "NMR"}, {"name": "PNR"}, {"name": "SBCF"}, {"name": "SPY"}, {"name": "TWTR"}], "tags": [{"name": "the market in 5 minutes"}]}, {"id": 8415877, "author": "Benzinga", "created": "Thu, 01 Sep 2016 12:17:18 -0400", "updated": "Thu, 01 Sep 2016 12:17:19 -0400", "title": "D.A. Davidson Attributes Salesforce Billings Miss To Currency Headwinds", "teaser": "", "body": "", "url": "https://www.benzinga.com/node/8415877", "image": [], "channels": [{"name": "Analyst Color"}, {"name": "Earnings"}, {"name": "News"}, {"name": "Guidance"}, {"name": "Reiteration"}, {"name": "Analyst Ratings"}], "stocks": [{"name": "CRM"}], "tags": [{"name": "D.A. Davidson"}, {"name": "Jack Andrews"}]}, {"id": 8415262, "author": "Benzinga", "created": "Thu, 01 Sep 2016 12:18:57 -0400", "updated": "Thu, 01 Sep 2016 12:18:57 -0400", "title": "Billions Burned Off Samsung's Market Cap On News Of Galaxy Note 7 Delay Due To Exploding Batteries", "teaser": "", "body": "", "url": "https://www.benzinga.com/node/8415262", "image": [], "channels": [{"name": "News"}, {"name": "Top Stories"}, {"name": "Movers"}, {"name": "Tech"}, {"name": "Media"}], "stocks": [{"name": "AAPL"}, {"name": "SSNLF"}], "tags": [{"name": "Bryan Ma"}, {"name": "Galaxy Note 7 Fire"}, {"name": "Samsung"}, {"name": "Samsung Electronics"}, {"name": "Samsung Galaxy Note 7"}]}, {"id": 8415732, "author": "Benzinga", "created": "Thu, 01 Sep 2016 12:31:02 -0400", "updated": "Thu, 01 Sep 2016 12:31:02 -0400", "title": "Salesforce Billing Slowdown Hardly A Cause For Panic", "teaser": "", "body": "", "url": "https://www.benzinga.com/node/8415732", "image": [], "channels": [{"name": "Analyst Color"}, {"name": "Earnings"}, {"name": "News"}, {"name": "Analyst Ratings"}], "stocks": [{"name": "CRM"}], "tags": [{"name": "Stifel"}, {"name": "Tom Roderick"}]}, {"id": 8408030, "author": "Benzinga", "created": "Thu, 01 Sep 2016 13:07:32 -0400", "updated": "Thu, 01 Sep 2016 13:08:21 -0400", "title": "Mobile Payment Startup Boku Announces New Funding Round", "teaser": "", "body": "", "url": "https://www.benzinga.com/node/8408030", "image": [], "channels": [{"name": "Fintech"}, {"name": "News"}], "stocks": [{"name": "AAPL"}, {"name": "FB"}, {"name": "GOOG"}, {"name": "MSFT"}, {"name": "SNE"}], "tags": []}, {"id": 8416093, "author": "Benzinga", "created": "Thu, 01 Sep 2016 13:42:01 -0400", "updated": "Thu, 01 Sep 2016 13:42:01 -0400", "title": "Oppenheimer Says Salesforce's Q2 Just A Transitory Quarter, Not A Harbinger Of Doom", "teaser": "", "body": "", "url": "https://www.benzinga.com/node/8416093", "image": [], "channels": [{"name": "Analyst Color"}, {"name": "Earnings"}, {"name": "Long Ideas"}, {"name": "News"}, {"name": "Price Target"}, {"name": "Reiteration"}, {"name": "Analyst Ratings"}, {"name": "Movers"}, {"name": "Tech"}, {"name": "Trading Ideas"}], "stocks": [{"name": "CRM"}], "tags": [{"name": "Brian Schwartz"}, {"name": "Dreamforce Conference"}, {"name": "Oppenheimer"}, {"name": "Salesforce"}, {"name": "Salesforce Dreamforce"}, {"name": "Salesforce earnings"}, {"name": "Salesforce Guidance"}]}, {"id": 8416785, "author": "Benzinga", "created": "Thu, 01 Sep 2016 14:51:26 -0400", "updated": "Thu, 01 Sep 2016 14:51:26 -0400", "title": "12 Biggest Mid-Day Losers For Thursday", "teaser": "", "body": "", "url": "https://www.benzinga.com/node/8416785", "image": [], "channels": [{"name": "News"}, {"name": "Movers & Shakers"}, {"name": "Intraday Update"}, {"name": "Markets"}], "stocks": [{"name": "APPS"}, {"name": "CATO"}, {"name": "COST"}, {"name": "CPB"}, {"name": "CRM"}, {"name": "CYTK"}, {"name": "DO"}, {"name": "FIVE"}, {"name": "GCO"}, {"name": "SPU"}, {"name": "VEC"}, {"name": "XCRA"}], "tags": [{"name": "Mid-Day Losers"}, {"name": "Top Losers"}]}, {"id": 8416534, "author": "Benzinga", "created": "Thu, 01 Sep 2016 15:25:33 -0400", "updated": "Thu, 01 Sep 2016 15:25:34 -0400", "title": "Jefferies Looking For Clarity On Salesforce's 'Weak' Quarter", "teaser": "", "body": "", "url": "https://www.benzinga.com/node/8416534", "image": [], "channels": [{"name": "Analyst Color"}, {"name": "Earnings"}, {"name": "News"}, {"name": "Guidance"}, {"name": "Price Target"}, {"name": "Reiteration"}, {"name": "Analyst Ratings"}, {"name": "Movers"}, {"name": "Tech"}], "stocks": [{"name": "CRM"}, {"name": "MSFT"}], "tags": [{"name": "Jefferies"}, {"name": "John DiFucci"}]}, {"id": 8417699, "author": "Benzinga", "created": "Thu, 01 Sep 2016 16:45:27 -0400", "updated": "Thu, 01 Sep 2016 16:48:34 -0400", "title": "Summer Doldrums? Not For Online Retail", "teaser": "", "body": "", "url": "https://www.benzinga.com/node/8417699", "image": [], "channels": [{"name": "News"}, {"name": "Retail Sales"}, {"name": "Trading Ideas"}, {"name": "General"}], "stocks": [{"name": "AMZN"}, {"name": "M"}, {"name": "TJX"}, {"name": "WMT"}], "tags": []}]