[{"id": 6177199, "author": "Benzinga", "created": "Thu, 28 Jan 2016 05:04:26 -0400", "updated": "Thu, 28 Jan 2016 05:04:26 -0400", "title": "Earnings Scheduled For January 28, 2016", "teaser": "", "body": "", "url": "https://www.benzinga.com/node/6177199", "image": [], "channels": [{"name": "Earnings"}, {"name": "News"}, {"name": "Pre-Market Outlook"}, {"name": "Markets"}], "stocks": [{"name": "ABT"}, {"name": "AEP"}, {"name": "AMGN"}, {"name": "AMZN"}, {"name": "AN"}, {"name": "BABA"}, {"name": "BCR"}, {"name": "BHI"}, {"name": "BLL"}, {"name": "BMY"}, {"name": "BX"}, {"name": "CAT"}, {"name": "CELG"}, {"name": "CHKP"}, {"name": "DGX"}, {"name": "EA"}, {"name": "EMN"}, {"name": "HCA"}, {"name": "HOG"}, {"name": "HSY"}, {"name": "JBLU"}, {"name": "JCI"}, {"name": "KLAC"}, {"name": "LLY"}, {"name": "MJN"}, {"name": "MKC"}, {"name": "MO"}, {"name": "MSFT"}, {"name": "MTW"}, {"name": "NDAQ"}, {"name": "NEE"}, {"name": "NOC"}, {"name": "NUE"}, {"name": "PHM"}, {"name": "POT"}, {"name": "RGA"}, {"name": "RTN"}, {"name": "SHW"}, {"name": "SWK"}, {"name": "SWKS"}, {"name": "TMO"}, {"name": "TWC"}, {"name": "UA"}, {"name": "V"}, {"name": "VLO"}, {"name": "WDC"}], "tags": [{"name": "ABT"}, {"name": "AEP"}, {"name": "AMGN"}, {"name": "AMZN"}, {"name": "AN"}, {"name": "BABA"}, {"name": "BCR"}, {"name": "BHI"}, {"name": "BLL"}, {"name": "BMY"}, {"name": "BX"}, {"name": "CAT"}, {"name": "CELG"}, {"name": "CHKP"}, {"name": "DGX"}, {"name": "EA"}, {"name": "Earnings schedule"}, {"name": "EMN"}, {"name": "HCA"}, {"name": "HOG"}, {"name": "HSY"}, {"name": "JBLU"}, {"name": "JCI"}, {"name": "KLAC"}, {"name": "LLY"}, {"name": "MJN"}, {"name": "MKC"}, {"name": "MO"}, {"name": "MSFT"}, {"name": "MTW"}, {"name": "NDAQ"}, {"name": "NEE"}, {"name": "NOC"}, {"name": "NUE"}, {"name": "PHM"}, {"name": "POT"}, {"name": "RGA"}, {"name": "RTN"}, {"name": "SHW"}, {"name": "SWK"}, {"name": "SWKS"}, {"name": "TMO"}, {"name": "TWC"}, {"name": "UA"}, {"name": "V"}, {"name": "VLO"}, {"name": "WDC"}]}, {"id": 6177278, "author": "Benzinga", "created": "Thu, 28 Jan 2016 05:16:52 -0400", "updated": "Thu, 28 Jan 2016 05:16:52 -0400", "title": "Abbott to Sell ALK's House Dust Mite Sublingual Allergy Immunotherapy Tablet in SE Asia", "teaser": "", "body": "", "url": "https://www.benzinga.com/node/6177278", "image": [], "channels": [{"name": "News"}, {"name": "Contracts"}, {"name": "Press Releases"}], "stocks": [{"name": "AKBLF"}, {"name": "AKBLF"}, {"name": "MRK"}], "tags": []}, {"id": 6177295, "author": "Benzinga", "created": "Thu, 28 Jan 2016 05:32:06 -0400", "updated": "Thu, 28 Jan 2016 05:32:07 -0400", "title": "12 Stocks To Watch For January 28, 2016", "teaser": "", "body": "", "url": "https://www.benzinga.com/node/6177295", "image": [], "channels": [{"name": "Earnings"}, {"name": "News"}, {"name": "Guidance"}, {"name": "Pre-Market Outlook"}, {"name": "Markets"}, {"name": "Trading Ideas"}], "stocks": [{"name": "AMZN"}, {"name": "BABA"}, {"name": "BMY"}, {"name": "CAT"}, {"name": "EBAY"}, {"name": "FB"}, {"name": "HOG"}, {"name": "JBLU"}, {"name": "MSFT"}, {"name": "QCOM"}, {"name": "TWC"}, {"name": "V"}], "tags": [{"name": "AMZN"}, {"name": "BABA"}, {"name": "BMY"}, {"name": "CAT"}, {"name": "EBAY"}, {"name": "FB"}, {"name": "HOG"}, {"name": "JBLU"}, {"name": "MSFT"}, {"name": "QCOM"}, {"name": "Stocks To Watch"}, {"name": "Stocks to Watch"}, {"name": "TWC"}, {"name": "V"}]}, {"id": 6177444, "author": "Benzinga", "created": "Thu, 28 Jan 2016 09:09:15 -0400", "updated": "Thu, 28 Jan 2016 09:09:15 -0400", "title": "iPhone Sales Slowed, So Now What?", "teaser": "", "body": "", "url": "https://www.benzinga.com/node/6177444", "image": [], "channels": [{"name": "News"}, {"name": "Tech"}], "stocks": [{"name": "AAPL"}], "tags": [{"name": "iPhone"}, {"name": "iPhone 7"}, {"name": "Marketwatch"}]}, {"id": 6177441, "author": "Benzinga", "created": "Thu, 28 Jan 2016 09:38:10 -0400", "updated": "Thu, 28 Jan 2016 09:38:10 -0400", "title": "Blockchain Gets A Golden Stamp Of Approval", "teaser": "", "body": "", "url": "https://www.benzinga.com/node/6177441", "image": [], "channels": [{"name": "News"}, {"name": "Forex"}, {"name": "Top Stories"}, {"name": "Markets"}, {"name": "Tech"}], "stocks": [{"name": "C"}, {"name": "GS"}, {"name": "MS"}], "tags": []}, {"id": 6178340, "author": "Benzinga", "created": "Thu, 28 Jan 2016 09:44:14 -0400", "updated": "Thu, 28 Jan 2016 09:44:14 -0400", "title": "Caterpillar Beats On EPS, But Slumps Slightly In Sales", "teaser": "", "body": "", "url": "https://www.benzinga.com/node/6178340", "image": [], "channels": [{"name": "Earnings"}, {"name": "News"}, {"name": "Movers"}], "stocks": [{"name": "CAT"}], "tags": []}, {"id": 6177447, "author": "Benzinga", "created": "Thu, 28 Jan 2016 10:21:23 -0400", "updated": "Thu, 28 Jan 2016 10:23:08 -0400", "title": "In A Shifting Media Landscape, One Thing Stays The Same: Super Bowl Ads", "teaser": "", "body": "", "url": "https://www.benzinga.com/node/6177447", "image": [], "channels": [{"name": "Long Ideas"}, {"name": "News"}, {"name": "Short Ideas"}, {"name": "Events"}, {"name": "Top Stories"}, {"name": "Markets"}, {"name": "Trading Ideas"}, {"name": "General"}], "stocks": [{"name": "AMZN"}, {"name": "BUD"}, {"name": "KO"}, {"name": "PEP"}, {"name": "PYPL"}], "tags": [{"name": "ads"}, {"name": "commercials"}, {"name": "football"}, {"name": "LG Electronics"}, {"name": "marketing"}, {"name": "Marmot"}, {"name": "media"}, {"name": "Mountain Dew"}, {"name": "nfl"}, {"name": "sports"}, {"name": "Super Bowl"}, {"name": "Super Bowl 50"}]}, {"id": 6179252, "author": "Benzinga", "created": "Thu, 28 Jan 2016 10:53:30 -0400", "updated": "Thu, 28 Jan 2016 10:53:31 -0400", "title": "UPDATE: Artisan Partners Global Value's Daniel O'Keefe Sends Letter to J&J Board", "teaser": "", "body": "", "url": "https://www.benzinga.com/node/6179252", "image": [], "channels": [{"name": "News"}, {"name": "Press Releases"}], "stocks": [{"name": "JNJ"}], "tags": []}, {"id": 6179488, "author": "Benzinga", "created": "Thu, 28 Jan 2016 11:17:55 -0400", "updated": "Thu, 28 Jan 2016 11:17:56 -0400", "title": "U.S. Stocks Slip Post-Fed But Select Earnings Bring Upside Surprises", "teaser": "", "body": "", "url": "https://www.benzinga.com/node/6179488", "image": [], "channels": [{"name": "Earnings"}, {"name": "News"}], "stocks": [{"name": "AMZN"}, {"name": "EBAY"}, {"name": "FB"}, {"name": "MSFT"}], "tags": []}, {"id": 6179581, "author": "Benzinga", "created": "Thu, 28 Jan 2016 11:57:10 -0400", "updated": "Thu, 28 Jan 2016 11:57:10 -0400", "title": "Disney To Reveal 'Star Wars Land' In Harrison Ford-Led TV Spot", "teaser": "", "body": "", "url": "https://www.benzinga.com/node/6179581", "image": [], "channels": [{"name": "News"}, {"name": "Travel"}, {"name": "Events"}, {"name": "Tech"}, {"name": "General"}], "stocks": [{"name": "DIS"}], "tags": [{"name": "ABC"}, {"name": "Disneyland"}, {"name": "Harrison Ford"}, {"name": "Star Wars"}, {"name": "Walt Disney World Resorts"}]}, {"id": 6180045, "author": "Benzinga", "created": "Thu, 28 Jan 2016 12:48:56 -0400", "updated": "Thu, 28 Jan 2016 12:48:56 -0400", "title": "Adam Feurestein Reminds Twitter Followers 'Today Is Merck's HepC elbasvir/grazoprevir PDUFA'", "teaser": "", "body": "", "url": "https://www.benzinga.com/node/6180045", "image": [], "channels": [{"name": "News"}, {"name": "Health Care"}, {"name": "FDA"}, {"name": "General"}], "stocks": [{"name": "MRK"}], "tags": [{"name": "Adam Feuerstein"}, {"name": "Elbasvi"}, {"name": "Grazoprevir"}, {"name": "merck"}, {"name": "Prescription Drug User Fee Act"}, {"name": "Ronald Nahass"}, {"name": "The Street"}]}, {"id": 6180568, "author": "Benzinga", "created": "Thu, 28 Jan 2016 14:25:37 -0400", "updated": "Thu, 28 Jan 2016 14:25:37 -0400", "title": "Stocks To Play In A Zika Virus Pandemic", "teaser": "", "body": "", "url": "https://www.benzinga.com/node/6180568", "image": [], "channels": [{"name": "Biotech"}, {"name": "Long Ideas"}, {"name": "News"}, {"name": "Health Care"}, {"name": "Global"}, {"name": "Markets"}, {"name": "Trading Ideas"}, {"name": "General"}], "stocks": [{"name": "CMRX"}, {"name": "GILD"}, {"name": "JNJ"}, {"name": "XON"}], "tags": [{"name": "Andy Obermueller"}, {"name": "CDC"}, {"name": "Daniel Lucey"}, {"name": "Journal of the American Medical Association"}, {"name": "Lawrence Gostin"}, {"name": "WHO"}, {"name": "World Health Organization"}, {"name": "Zika"}, {"name": "Zika Virus"}]}, {"id": 6180977, "author": "Benzinga", "created": "Thu, 28 Jan 2016 14:35:10 -0400", "updated": "Thu, 28 Jan 2016 14:35:10 -0400", "title": "Walgreens Informs Theranos to Cease Use of its Newark, Calif. Lab for Blood Test Analysis", "teaser": "", "body": "", "url": "https://www.benzinga.com/node/6180977", "image": [], "channels": [{"name": "News"}, {"name": "Press Releases"}], "stocks": [{"name": "WBA"}], "tags": []}, {"id": 6180964, "author": "Benzinga", "created": "Thu, 28 Jan 2016 14:37:12 -0400", "updated": "Thu, 28 Jan 2016 14:37:12 -0400", "title": "Alcoa Wins Another Major Contract, Investors Shrug Off News", "teaser": "", "body": "", "url": "https://www.benzinga.com/node/6180964", "image": [], "channels": [{"name": "News"}, {"name": "Contracts"}], "stocks": [{"name": "AA"}, {"name": "BA"}], "tags": [{"name": "airplanes"}, {"name": "Alcoa"}, {"name": "Alcoa Forgings And Extrusions"}, {"name": "Boeing"}]}, {"id": 6181769, "author": "Benzinga", "created": "Thu, 28 Jan 2016 16:19:19 -0400", "updated": "Thu, 28 Jan 2016 16:19:20 -0400", "title": "IBM To Acquire Resource/Ammirati", "teaser": "", "body": "", "url": "https://www.benzinga.com/node/6181769", "image": [], "channels": [{"name": "News"}, {"name": "M&A"}, {"name": "Press Releases"}], "stocks": [{"name": "IBM"}], "tags": []}, {"id": 6181405, "author": "Benzinga", "created": "Thu, 28 Jan 2016 16:27:14 -0400", "updated": "Thu, 28 Jan 2016 16:27:14 -0400", "title": "Large Johnson & Johnson Shareholder Just Revealed 8 Major Concerns", "teaser": "", "body": "", "url": "https://www.benzinga.com/node/6181405", "image": [], "channels": [{"name": "Analyst Color"}, {"name": "News"}, {"name": "Short Ideas"}, {"name": "Health Care"}, {"name": "Hedge Funds"}, {"name": "Trading Ideas"}, {"name": "General"}], "stocks": [{"name": "JNJ"}, {"name": "PFE"}], "tags": [{"name": "Artisan Partners"}, {"name": "Daniel J. O\u2019Keefe"}, {"name": "Johnson & Johnson"}, {"name": "Synthes"}]}, {"id": 6181696, "author": "Benzinga", "created": "Thu, 28 Jan 2016 16:33:06 -0400", "updated": "Thu, 28 Jan 2016 16:33:06 -0400", "title": "This Portfolio Manager Is Avoiding Netflix In FANG Trade", "teaser": "", "body": "", "url": "https://www.benzinga.com/node/6181696", "image": [], "channels": [{"name": "Analyst Color"}, {"name": "Earnings"}, {"name": "News"}, {"name": "Analyst Ratings"}], "stocks": [{"name": "AAPL"}, {"name": "AMZN"}, {"name": "FB"}, {"name": "GOOG"}, {"name": "NFLX"}], "tags": [{"name": "CNBC"}, {"name": "eaton vance"}, {"name": "Facebook Earnings"}, {"name": "FANG"}, {"name": "FANG Trade"}, {"name": "Yana Barton"}]}, {"id": 6182803, "author": "Benzinga", "created": "Thu, 28 Jan 2016 17:34:02 -0400", "updated": "Thu, 28 Jan 2016 17:34:03 -0400", "title": "Earnings Recap For January 28", "teaser": "", "body": "", "url": "https://www.benzinga.com/node/6182803", "image": [], "channels": [{"name": "Earnings"}, {"name": "News"}, {"name": "After-Hours Center"}], "stocks": [{"name": "ABT"}, {"name": "AMGN"}, {"name": "AMZN"}, {"name": "BABA"}, {"name": "BCR"}, {"name": "BHI"}, {"name": "BMY"}, {"name": "BX"}, {"name": "CAT"}, {"name": "EA"}, {"name": "EMN"}, {"name": "HOG"}, {"name": "HSY"}, {"name": "JBLU"}, {"name": "JCI"}, {"name": "LLY"}, {"name": "MO"}, {"name": "MSFT"}, {"name": "PHM"}, {"name": "RTN"}, {"name": "SHW"}, {"name": "TWC"}, {"name": "UA"}, {"name": "V"}, {"name": "VLO"}, {"name": "WDC"}], "tags": []}, {"id": 6183053, "author": "Benzinga", "created": "Thu, 28 Jan 2016 17:50:28 -0400", "updated": "Thu, 28 Jan 2016 17:50:28 -0400", "title": "Microsoft Beats The Street, Breaking Expectations For EPS And Revenue", "teaser": "", "body": "", "url": "https://www.benzinga.com/node/6183053", "image": [], "channels": [{"name": "Earnings"}, {"name": "News"}, {"name": "After-Hours Center"}, {"name": "Movers"}], "stocks": [{"name": "MSFT"}], "tags": []}, {"id": 6183139, "author": "Benzinga", "created": "Thu, 28 Jan 2016 17:52:51 -0400", "updated": "Thu, 28 Jan 2016 17:52:51 -0400", "title": "Why Amazon, Microsoft, Xerox And Amgen Are Moving After-Hours", "teaser": "", "body": "", "url": "https://www.benzinga.com/node/6183139", "image": [], "channels": [{"name": "Earnings"}, {"name": "News"}, {"name": "After-Hours Center"}, {"name": "Movers"}], "stocks": [{"name": "AMGN"}, {"name": "AMZN"}, {"name": "MSFT"}, {"name": "XRX"}], "tags": []}, {"id": 6183466, "author": "Benzinga", "created": "Thu, 28 Jan 2016 18:10:27 -0400", "updated": "Thu, 28 Jan 2016 18:10:27 -0400", "title": "Visa Shares Edge Higher As Q1 Earnings Mixed", "teaser": "", "body": "", "url": "https://www.benzinga.com/node/6183466", "image": [], "channels": [{"name": "Earnings"}, {"name": "News"}, {"name": "Guidance"}, {"name": "After-Hours Center"}, {"name": "Movers"}], "stocks": [{"name": "V"}], "tags": []}, {"id": 6184301, "author": "Benzinga", "created": "Thu, 28 Jan 2016 20:11:53 -0400", "updated": "Thu, 28 Jan 2016 20:11:53 -0400", "title": "Merck Receives FDA Approval of Hep C Drug ZEPATIER; To Cost $54,600/Patient for 12-Week Course", "teaser": "", "body": "", "url": "https://www.benzinga.com/node/6184301", "image": [], "channels": [{"name": "News"}, {"name": "FDA"}, {"name": "Press Releases"}], "stocks": [{"name": "MRK"}], "tags": []}, {"id": 6180813, "author": "Benzinga", "created": "Thu, 28 Jan 2016 15:03:02 -0400", "updated": "Fri, 29 Jan 2016 09:09:16 -0400", "title": "Golden State Warriors Are Dominating The NBA...And Wall Street", "teaser": "", "body": "", "url": "https://www.benzinga.com/node/6180813", "image": [], "channels": [{"name": "News"}, {"name": "Top Stories"}, {"name": "Economics"}, {"name": "General"}, {"name": "Real Estate"}], "stocks": [{"name": "JPM"}, {"name": "NKE"}, {"name": "UA"}], "tags": [{"name": "Chase Center"}, {"name": "Darren Rovell"}, {"name": "ESPN"}, {"name": "Golden State Warriors"}, {"name": "LeBron James"}, {"name": "Mike Rosenberg"}, {"name": "NBA"}, {"name": "Oracle Arena"}, {"name": "Steph Curry"}]}]