[{"id": 8340906, "author": "Benzinga", "created": "Fri, 12 Aug 2016 06:49:58 -0400", "updated": "Fri, 12 Aug 2016 06:49:58 -0400", "title": "Apple Music Takes 3 Records To The Top Of Billboard Charts", "teaser": "", "body": "", "url": "https://www.benzinga.com/node/8340906", "image": [], "channels": [{"name": "News"}, {"name": "Tech"}], "stocks": [{"name": "AAPL"}], "tags": [{"name": "Apple Music"}, {"name": "Drake"}, {"name": "Future Dj Khaled"}]}, {"id": 8343310, "author": "Benzinga", "created": "Fri, 12 Aug 2016 08:56:59 -0400", "updated": "Fri, 12 Aug 2016 08:56:59 -0400", "title": "The Market In 5 Minutes: Party Like It's 1999", "teaser": "", "body": "", "url": "https://www.benzinga.com/node/8343310", "image": [], "channels": [{"name": "News"}, {"name": "Global"}, {"name": "Top Stories"}, {"name": "Pre-Market Outlook"}, {"name": "Markets"}], "stocks": [{"name": "AAPL"}, {"name": "BABA"}, {"name": "BBRY"}, {"name": "CVI"}, {"name": "CXRX"}, {"name": "DK"}, {"name": "FL"}, {"name": "HON"}, {"name": "JCP"}, {"name": "JWN"}, {"name": "MNK"}, {"name": "PLNT"}, {"name": "PTX"}, {"name": "RT"}, {"name": "SPWR"}, {"name": "SPY"}, {"name": "UNXL"}, {"name": "USO"}, {"name": "WYNN"}], "tags": [{"name": "the market in 5 minutes"}]}, {"id": 8343457, "author": "Benzinga", "created": "Fri, 12 Aug 2016 09:05:12 -0400", "updated": "Fri, 12 Aug 2016 09:05:13 -0400", "title": "JPMorgan Liquidates Japan Fund Following 'Significant' Redemptions, Poor Performance", "teaser": "", "body": "", "url": "https://www.benzinga.com/node/8343457", "image": [], "channels": [{"name": "News"}, {"name": "Legal"}, {"name": "Media"}], "stocks": [{"name": "JPM"}], "tags": [{"name": "Japan Assets"}, {"name": "Japan Funds"}, {"name": "Japan Market Neutral Fund"}, {"name": "JPMorgan"}, {"name": "JPMorgan Japan"}, {"name": "WisdomTree"}]}, {"id": 8340917, "author": "Benzinga", "created": "Fri, 12 Aug 2016 09:57:24 -0400", "updated": "Fri, 12 Aug 2016 09:57:25 -0400", "title": "The Way Your Shoes Are Made Is Rapidly Changing", "teaser": "", "body": "", "url": "https://www.benzinga.com/node/8340917", "image": [], "channels": [{"name": "News"}, {"name": "Tech"}], "stocks": [{"name": "ADDYY"}, {"name": "NKE"}, {"name": "UA"}], "tags": []}, {"id": 8344349, "author": "Benzinga", "created": "Fri, 12 Aug 2016 11:39:16 -0400", "updated": "Fri, 12 Aug 2016 11:39:17 -0400", "title": "Wal-Mart And Hostess Push The Envelope With Debut Of Deep-Fried Twinkies", "teaser": "", "body": "", "url": "https://www.benzinga.com/node/8344349", "image": [], "channels": [{"name": "News"}], "stocks": [{"name": "WMT"}], "tags": [{"name": "Deep Fried Twinkies"}, {"name": "Frozen Snacks"}, {"name": "Hostess Brands"}, {"name": "John Pearson"}, {"name": "snacks"}, {"name": "Twinkies"}, {"name": "Wal-Mart"}]}, {"id": 8345250, "author": "Benzinga", "created": "Fri, 12 Aug 2016 13:17:41 -0400", "updated": "Fri, 12 Aug 2016 13:17:41 -0400", "title": "Four Reasons Macquarie Has Moved To The Sidelines On Macy's", "teaser": "", "body": "", "url": "https://www.benzinga.com/node/8345250", "image": [], "channels": [{"name": "Analyst Color"}, {"name": "News"}, {"name": "Downgrades"}, {"name": "Price Target"}, {"name": "Retail Sales"}, {"name": "Analyst Ratings"}], "stocks": [{"name": "COLM"}, {"name": "M"}, {"name": "NKE"}, {"name": "RL"}, {"name": "UA"}, {"name": "VFC"}], "tags": [{"name": "Consumer Discretionary"}, {"name": "Department Stores"}, {"name": "Laurent Vasilescu"}, {"name": "Macquarie"}]}, {"id": 8345447, "author": "Benzinga", "created": "Fri, 12 Aug 2016 13:46:57 -0400", "updated": "Fri, 12 Aug 2016 13:48:17 -0400", "title": "10 Notable Stocks Trading Ex-Dividend Monday, August 15", "teaser": "", "body": "", "url": "https://www.benzinga.com/node/8345447", "image": [], "channels": [{"name": "News"}, {"name": "Dividends"}, {"name": "Markets"}, {"name": "Trading Ideas"}], "stocks": [{"name": "ADM"}, {"name": "AMGN"}, {"name": "BMS"}, {"name": "ED"}, {"name": "FDP"}, {"name": "JCOM"}, {"name": "MINI"}, {"name": "MPC"}, {"name": "MRO"}, {"name": "SPG"}], "tags": [{"name": "Ex-Dividend"}]}, {"id": 8345939, "author": "Benzinga", "created": "Fri, 12 Aug 2016 17:13:32 -0400", "updated": "Fri, 12 Aug 2016 17:15:12 -0400", "title": "The Most Popular Names From TD Ameritrade's Latest IMX Index", "teaser": "", "body": "", "url": "https://www.benzinga.com/node/8345939", "image": [], "channels": [{"name": "News"}, {"name": "Markets"}, {"name": "Movers"}, {"name": "Trading Ideas"}], "stocks": [{"name": "AAPL"}, {"name": "AMZN"}, {"name": "BAC"}, {"name": "BCS"}, {"name": "F"}, {"name": "FB"}, {"name": "NFLX"}, {"name": "TSLA"}, {"name": "WFC"}], "tags": [{"name": "IMX"}, {"name": "Nicole Sherrod"}, {"name": "TD Ameritrade"}]}]