[{"id": 8202435, "author": "Benzinga", "created": "Mon, 11 Jul 2016 07:56:59 -0400", "updated": "Mon, 11 Jul 2016 07:56:59 -0400", "title": "The Market In 5 Minutes: Markets Continue Rally From Friday's Near-Record Close", "teaser": "", "body": "", "url": "https://www.benzinga.com/node/8202435", "image": [], "channels": [{"name": "News"}, {"name": "Global"}, {"name": "Top Stories"}, {"name": "Pre-Market Outlook"}, {"name": "Markets"}], "stocks": [{"name": "BHI"}, {"name": "C"}, {"name": "COP"}, {"name": "HPE"}, {"name": "IMPV"}, {"name": "JPM"}, {"name": "MWW"}, {"name": "NTDOY"}, {"name": "RGR"}, {"name": "SPY"}, {"name": "SWHC"}, {"name": "TWTR"}, {"name": "VIAB"}, {"name": "WFC"}, {"name": "YHOO"}], "tags": [{"name": "the market in 5 minutes"}]}, {"id": 8202463, "author": "Benzinga", "created": "Mon, 11 Jul 2016 08:16:21 -0400", "updated": "Mon, 11 Jul 2016 08:16:22 -0400", "title": "Pok\u00e9mon GO Helps Bump Nintendo's Market Cap $9 Billion In 2 Days", "teaser": "", "body": "", "url": "https://www.benzinga.com/node/8202463", "image": [], "channels": [{"name": "News"}, {"name": "Movers"}, {"name": "Tech"}, {"name": "Media"}, {"name": "General"}], "stocks": [{"name": "AAPL"}, {"name": "NTDOY"}, {"name": "TWTR"}], "tags": [{"name": "David Gibson"}, {"name": "Gameboy"}, {"name": "Han Joon Kim"}, {"name": "Macquarie Capital"}, {"name": "Nintendo"}, {"name": "Nintendo Valuation"}, {"name": "Pokemon"}, {"name": "Pokemon Go"}, {"name": "SimilarWeb"}]}, {"id": 8203487, "author": "Benzinga", "created": "Mon, 11 Jul 2016 10:22:55 -0400", "updated": "Mon, 11 Jul 2016 10:22:55 -0400", "title": "Stocks Hitting 52-Week Highs", "teaser": "", "body": "", "url": "https://www.benzinga.com/node/8203487", "image": [], "channels": [{"name": "News"}, {"name": "Intraday Update"}, {"name": "Markets"}, {"name": "Movers"}], "stocks": [{"name": "AYI"}, {"name": "CSCO"}, {"name": "EA"}, {"name": "GE"}, {"name": "MSFT"}], "tags": [{"name": "52 Week Highs"}, {"name": "52-Week Highs"}]}, {"id": 8203389, "author": "Benzinga", "created": "Mon, 11 Jul 2016 10:27:02 -0400", "updated": "Mon, 11 Jul 2016 10:27:02 -0400", "title": "Amgen Gets FDA Approval For PCSK9 Inhibitor", "teaser": "", "body": "", "url": "https://www.benzinga.com/node/8203389", "image": [], "channels": [{"name": "Biotech"}, {"name": "News"}, {"name": "FDA"}, {"name": "General"}], "stocks": [{"name": "AMGN"}], "tags": []}, {"id": 8203135, "author": "Benzinga", "created": "Mon, 11 Jul 2016 10:32:40 -0400", "updated": "Mon, 11 Jul 2016 10:32:41 -0400", "title": "Wal-Mart Gears Up With Free Shipping, No Minimum Purchase Cost To Fight Amazon's Prime Day", "teaser": "", "body": "", "url": "https://www.benzinga.com/node/8203135", "image": [], "channels": [{"name": "News"}, {"name": "Events"}, {"name": "Media"}], "stocks": [{"name": "AMZN"}, {"name": "GPS"}, {"name": "SHLD"}, {"name": "TGT"}, {"name": "WMT"}], "tags": [{"name": "Reuters"}]}, {"id": 8203400, "author": "Benzinga", "created": "Mon, 11 Jul 2016 10:59:01 -0400", "updated": "Mon, 11 Jul 2016 10:59:01 -0400", "title": "Is Apple The Biggest Beneficiary Of Pokemon GO?", "teaser": "", "body": "", "url": "https://www.benzinga.com/node/8203400", "image": [], "channels": [{"name": "Analyst Color"}, {"name": "News"}, {"name": "Reiteration"}, {"name": "Analyst Ratings"}, {"name": "Tech"}], "stocks": [{"name": "AAPL"}, {"name": "NTDOY"}], "tags": [{"name": "Macquarie"}, {"name": "Pokemon Go"}]}, {"id": 8203913, "author": "Benzinga", "created": "Mon, 11 Jul 2016 11:53:53 -0400", "updated": "Mon, 11 Jul 2016 11:54:36 -0400", "title": "Is Apple Dead Money?", "teaser": "", "body": "", "url": "https://www.benzinga.com/node/8203913", "image": [], "channels": [{"name": "News"}, {"name": "Opinion"}, {"name": "Tech"}, {"name": "Interview"}, {"name": "General"}], "stocks": [{"name": "AAPL"}], "tags": []}, {"id": 8204002, "author": "Benzinga", "created": "Mon, 11 Jul 2016 12:05:19 -0400", "updated": "Mon, 11 Jul 2016 12:05:20 -0400", "title": "Verizon Completes 5G Radio Specifications, Pre-Commercial Trials In Full Steam", "teaser": "", "body": "", "url": "https://www.benzinga.com/node/8204002", "image": [], "channels": [{"name": "News"}, {"name": "General"}], "stocks": [{"name": "VZ"}], "tags": []}, {"id": 8203908, "author": "Benzinga", "created": "Mon, 11 Jul 2016 12:14:06 -0400", "updated": "Mon, 11 Jul 2016 12:14:06 -0400", "title": "Barclays' Q2 Energy Earnings Expectations For Oil Majors & Refiners", "teaser": "", "body": "", "url": "https://www.benzinga.com/node/8203908", "image": [], "channels": [{"name": "Analyst Color"}, {"name": "Earnings"}, {"name": "News"}, {"name": "Commodities"}, {"name": "Previews"}, {"name": "Markets"}, {"name": "Analyst Ratings"}, {"name": "Trading Ideas"}], "stocks": [{"name": "COP"}, {"name": "CVX"}, {"name": "IMO"}, {"name": "MPC"}, {"name": "PBR"}, {"name": "SU"}, {"name": "TSO"}, {"name": "VLO"}, {"name": "XOM"}], "tags": [{"name": "Barclays"}, {"name": "crude"}, {"name": "Crude Oil"}, {"name": "Oil"}, {"name": "oil majors"}, {"name": "oil refiners"}, {"name": "Paul Cheng"}, {"name": "Refiners"}]}, {"id": 8204257, "author": "Benzinga", "created": "Mon, 11 Jul 2016 12:35:04 -0400", "updated": "Mon, 11 Jul 2016 12:35:06 -0400", "title": "General Electric And Microsoft Align To Bring Predix To Azure", "teaser": "", "body": "", "url": "https://www.benzinga.com/node/8204257", "image": [], "channels": [{"name": "News"}, {"name": "Tech"}, {"name": "General"}], "stocks": [{"name": "GE"}, {"name": "MSFT"}], "tags": []}, {"id": 8204358, "author": "Benzinga", "created": "Mon, 11 Jul 2016 13:32:55 -0400", "updated": "Mon, 11 Jul 2016 13:32:55 -0400", "title": "Democratic And Republican National Conventions Will Be 'Live' On Twitter", "teaser": "", "body": "", "url": "https://www.benzinga.com/node/8204358", "image": [], "channels": [{"name": "Analyst Color"}, {"name": "CNBC"}, {"name": "News"}, {"name": "Downgrades"}, {"name": "Politics"}, {"name": "Analyst Ratings"}, {"name": "Tech"}, {"name": "Media"}, {"name": "General"}], "stocks": [{"name": "AAPL"}, {"name": "CBS"}, {"name": "FB"}, {"name": "GOOG"}, {"name": "GOOGL"}, {"name": "TWTR"}], "tags": [{"name": "Anthony Noto"}, {"name": "CNBCS"}, {"name": "Democratic National Convention"}, {"name": "Republican National Convention"}, {"name": "Suntrust Bob Peck"}]}, {"id": 8204554, "author": "Benzinga", "created": "Mon, 11 Jul 2016 14:02:56 -0400", "updated": "Mon, 11 Jul 2016 14:02:56 -0400", "title": "Samsung Pay Vs. Apple Pay: Which Offers More Satisfaction To Users?", "teaser": "", "body": "", "url": "https://www.benzinga.com/node/8204554", "image": [], "channels": [{"name": "News"}, {"name": "Psychology"}, {"name": "Tech"}, {"name": "General"}], "stocks": [{"name": "AAPL"}, {"name": "SSNLF"}], "tags": [{"name": "Apple Pay"}, {"name": "Samsung Pay"}]}, {"id": 8204563, "author": "Benzinga", "created": "Mon, 11 Jul 2016 14:22:08 -0400", "updated": "Mon, 11 Jul 2016 14:22:09 -0400", "title": "Cybersecurity Consolidation May Be Heating Up", "teaser": "", "body": "", "url": "https://www.benzinga.com/node/8204563", "image": [], "channels": [{"name": "Analyst Color"}, {"name": "News"}, {"name": "Rumors"}, {"name": "M&A"}, {"name": "Analyst Ratings"}, {"name": "Tech"}], "stocks": [{"name": "AMZN"}, {"name": "BBRY"}, {"name": "BLOX"}, {"name": "FEYE"}, {"name": "HACK"}, {"name": "IBM"}, {"name": "IMPV"}, {"name": "SPLK"}], "tags": [{"name": "451 Research"}, {"name": "Cybersecurity"}, {"name": "Encryption"}, {"name": "Invotas"}, {"name": "iSHIGHT Partners"}, {"name": "Resilient Systems"}, {"name": "Reuters"}]}, {"id": 8204894, "author": "Benzinga", "created": "Mon, 11 Jul 2016 15:11:50 -0400", "updated": "Mon, 11 Jul 2016 15:11:50 -0400", "title": "IBM Cloud Is The Second Infrastructure As A Service (IaaS) Provider Globally", "teaser": "", "body": "", "url": "https://www.benzinga.com/node/8204894", "image": [], "channels": [{"name": "News"}, {"name": "Tech"}, {"name": "General"}], "stocks": [{"name": "IBM"}], "tags": []}]