[{"id": 8711650, "author": "Benzinga", "created": "Thu, 17 Nov 2016 05:14:45 -0400", "updated": "Thu, 17 Nov 2016 05:14:45 -0400", "title": "Earnings Scheduled For November 17, 2016", "teaser": "", "body": "", "url": "https://www.benzinga.com/node/8711650", "image": [], "channels": [{"name": "Earnings"}, {"name": "News"}, {"name": "Pre-Market Outlook"}, {"name": "Markets"}], "stocks": [{"name": "AMAT"}, {"name": "BBY"}, {"name": "BONT"}, {"name": "CRM"}, {"name": "CRMT"}, {"name": "FLY"}, {"name": "HAYN"}, {"name": "HMLP"}, {"name": "HP"}, {"name": "INTU"}, {"name": "JASO"}, {"name": "JHX"}, {"name": "KEYS"}, {"name": "LQDT"}, {"name": "MANU"}, {"name": "MATW"}, {"name": "MBT"}, {"name": "MRVL"}, {"name": "NGVC"}, {"name": "NJR"}, {"name": "NUAN"}, {"name": "PERY"}, {"name": "PLCE"}, {"name": "POST"}, {"name": "ROST"}, {"name": "SJM"}, {"name": "SMRT"}, {"name": "SPB"}, {"name": "SPLS"}, {"name": "SPWH"}, {"name": "SSI"}, {"name": "WAIR"}, {"name": "WMT"}, {"name": "WSM"}], "tags": [{"name": "Consumer Discretionary"}, {"name": "Earnings schedule"}, {"name": "Information Technology"}, {"name": "Internet Software & Services"}, {"name": "Specialized Consumer Services"}, {"name": "Telecommunication Services"}, {"name": "Wireless Telecommunication Services"}]}, {"id": 8711717, "author": "Benzinga", "created": "Thu, 17 Nov 2016 06:23:43 -0400", "updated": "Thu, 17 Nov 2016 06:23:43 -0400", "title": "12 Must Watch Stocks for Today", "teaser": "", "body": "", "url": "https://www.benzinga.com/node/8711717", "image": [], "channels": [{"name": "Earnings"}, {"name": "News"}, {"name": "Guidance"}, {"name": "Pre-Market Outlook"}, {"name": "Markets"}, {"name": "Trading Ideas"}], "stocks": [{"name": "AMAT"}, {"name": "BBY"}, {"name": "CRM"}, {"name": "CSCO"}, {"name": "FSLR"}, {"name": "HP"}, {"name": "LB"}, {"name": "NTAP"}, {"name": "SJM"}, {"name": "SPLS"}, {"name": "WMT"}, {"name": "WSM"}], "tags": [{"name": "Stocks To Watch"}, {"name": "Stocks to Watch"}]}, {"id": 8711967, "author": "Benzinga", "created": "Thu, 17 Nov 2016 07:42:52 -0400", "updated": "Thu, 17 Nov 2016 07:42:54 -0400", "title": "Wall Street's M&A Chatter From November 16", "teaser": "", "body": "", "url": "https://www.benzinga.com/node/8711967", "image": [], "channels": [{"name": "News"}, {"name": "Rumors"}, {"name": "M&A"}], "stocks": [{"name": "CNNX"}, {"name": "CVS"}, {"name": "FRED"}, {"name": "KR"}, {"name": "LNKD"}, {"name": "MSFT"}, {"name": "RAD"}, {"name": "WBA"}], "tags": []}, {"id": 8712194, "author": "Benzinga", "created": "Thu, 17 Nov 2016 08:39:59 -0400", "updated": "Thu, 17 Nov 2016 08:39:59 -0400", "title": "Wal-Mart Reports Mixed Q3, Shares Fall 3%", "teaser": "", "body": "", "url": "https://www.benzinga.com/node/8712194", "image": [], "channels": [{"name": "Earnings"}, {"name": "News"}, {"name": "Movers"}], "stocks": [{"name": "WMT"}], "tags": [{"name": "Sams Club"}, {"name": "Walmart"}, {"name": "Walmart Earnings"}, {"name": "Walmart Ecommerce"}]}, {"id": 8712299, "author": "Benzinga", "created": "Thu, 17 Nov 2016 08:52:38 -0400", "updated": "Thu, 17 Nov 2016 08:52:38 -0400", "title": "A Peek Into The Markets: U.S. Stock Futures Up Ahead Of Yellen Speech", "teaser": "", "body": "", "url": "https://www.benzinga.com/node/8712299", "image": [], "channels": [{"name": "Earnings"}, {"name": "News"}, {"name": "Eurozone"}, {"name": "Futures"}, {"name": "M&A"}, {"name": "Global"}, {"name": "Pre-Market Outlook"}, {"name": "Markets"}], "stocks": [{"name": "CSCO"}, {"name": "FSLR"}, {"name": "MSFT"}, {"name": "TSO"}, {"name": "WMT"}, {"name": "WNR"}], "tags": [{"name": "A Peek Into The Markets"}, {"name": "Federal Reserve Chair Janet Yellen"}, {"name": "Goldman Sachs"}, {"name": "U.S. stock futures"}]}, {"id": 8712593, "author": "Benzinga", "created": "Thu, 17 Nov 2016 09:31:19 -0400", "updated": "Thu, 17 Nov 2016 09:31:19 -0400", "title": "25 Stocks Moving In Thursday's Pre-Market Session", "teaser": "", "body": "", "url": "https://www.benzinga.com/node/8712593", "image": [], "channels": [{"name": "News"}, {"name": "Movers & Shakers"}, {"name": "Pre-Market Outlook"}, {"name": "Markets"}, {"name": "Movers"}], "stocks": [{"name": "ANW"}, {"name": "BBY"}, {"name": "CSCO"}, {"name": "DCIX"}, {"name": "ESEA"}, {"name": "FSLR"}, {"name": "GLBS"}, {"name": "GSL"}, {"name": "HAIN"}, {"name": "LEI"}, {"name": "NAO"}, {"name": "NM"}, {"name": "NMM"}, {"name": "NTAP"}, {"name": "PFGC"}, {"name": "PLNT"}, {"name": "SB"}, {"name": "SINO"}, {"name": "SPP"}, {"name": "SPWR"}, {"name": "STL"}, {"name": "TOPS"}, {"name": "TSO"}, {"name": "UAM"}, {"name": "WCG"}, {"name": "WMT"}, {"name": "WNR"}], "tags": [{"name": "#PreMarket Gainers"}, {"name": "Energy"}, {"name": "Losers"}, {"name": "Oil & Gas Exploration & Production"}, {"name": "Top Gainers"}]}, {"id": 8712516, "author": "Benzinga", "created": "Thu, 17 Nov 2016 09:47:14 -0400", "updated": "Thu, 17 Nov 2016 09:47:14 -0400", "title": "4 Themes For Cisco Systems Following Tepid Q2 Print", "teaser": "", "body": "", "url": "https://www.benzinga.com/node/8712516", "image": [], "channels": [{"name": "Analyst Color"}, {"name": "Earnings"}, {"name": "Long Ideas"}, {"name": "News"}, {"name": "Guidance"}, {"name": "Price Target"}, {"name": "Reiteration"}, {"name": "Analyst Ratings"}, {"name": "Movers"}, {"name": "Tech"}, {"name": "Trading Ideas"}], "stocks": [{"name": "CSCO"}], "tags": [{"name": "Deutsche Bank"}, {"name": "Vijay Bhagavath"}]}, {"id": 8712168, "author": "Benzinga", "created": "Thu, 17 Nov 2016 10:02:42 -0400", "updated": "Thu, 17 Nov 2016 10:02:42 -0400", "title": "The Market In 5 Minutes: Wal-Mart, Cisco Disappoint Investors", "teaser": "", "body": "", "url": "https://www.benzinga.com/node/8712168", "image": [], "channels": [{"name": "News"}, {"name": "Global"}, {"name": "Top Stories"}, {"name": "Pre-Market Outlook"}, {"name": "Markets"}], "stocks": [{"name": "ADBE"}, {"name": "ATW"}, {"name": "BBY"}, {"name": "BUD"}, {"name": "CSCO"}, {"name": "DRYS"}, {"name": "FCX"}, {"name": "FSLR"}, {"name": "LNKD"}, {"name": "MSFT"}, {"name": "RAD"}, {"name": "SPY"}, {"name": "TCK"}, {"name": "TSO"}, {"name": "USO"}, {"name": "WBA"}, {"name": "WMT"}, {"name": "WNR"}], "tags": [{"name": "the market in 5 minutes"}]}, {"id": 8712686, "author": "Benzinga", "created": "Thu, 17 Nov 2016 10:25:31 -0400", "updated": "Thu, 17 Nov 2016 10:25:31 -0400", "title": "Despite Cisco's Below-Consensus Q2 Guidance, Wells Fargo Sees Risk-Reward As Attractive", "teaser": "", "body": "", "url": "https://www.benzinga.com/node/8712686", "image": [], "channels": [{"name": "Analyst Color"}, {"name": "Earnings"}, {"name": "Long Ideas"}, {"name": "News"}, {"name": "Guidance"}, {"name": "Reiteration"}, {"name": "Analyst Ratings"}, {"name": "Movers"}, {"name": "Tech"}, {"name": "Trading Ideas"}], "stocks": [{"name": "CSCO"}], "tags": [{"name": "2016 presidential election"}, {"name": "Donald Trump"}, {"name": "Jess Lubert"}, {"name": "Wells Fargo Securities"}]}, {"id": 8709298, "author": "Benzinga", "created": "Thu, 17 Nov 2016 10:42:14 -0400", "updated": "Thu, 17 Nov 2016 10:42:15 -0400", "title": "Does Twitter's New Mute Feature Address Disney, Salesforce Concerns?", "teaser": "", "body": "", "url": "https://www.benzinga.com/node/8709298", "image": [], "channels": [{"name": "News"}, {"name": "Movers"}, {"name": "Tech"}, {"name": "Media"}, {"name": "Trading Ideas"}, {"name": "General"}], "stocks": [{"name": "CRM"}, {"name": "DIS"}, {"name": "TWTR"}], "tags": [{"name": "Bloomberg"}, {"name": "Jack Dorsey"}, {"name": "Mark Cuban"}, {"name": "Twitter Mute"}]}, {"id": 8713269, "author": "Benzinga", "created": "Thu, 17 Nov 2016 10:51:34 -0400", "updated": "Thu, 17 Nov 2016 10:51:34 -0400", "title": "Mid-Morning Market Update: Markets Edge Higher; Wal-Mart Posts Mixed Q3 Results", "teaser": "", "body": "", "url": "https://www.benzinga.com/node/8713269", "image": [], "channels": [{"name": "Earnings"}, {"name": "News"}, {"name": "Eurozone"}, {"name": "Commodities"}, {"name": "Global"}, {"name": "Intraday Update"}, {"name": "Markets"}, {"name": "Movers"}], "stocks": [{"name": "ANW"}, {"name": "GSL"}, {"name": "REGN"}, {"name": "RLOG"}, {"name": "SINO"}, {"name": "SMRT"}, {"name": "SPP"}, {"name": "SSI"}, {"name": "VRX"}, {"name": "WMT"}, {"name": "WNR"}], "tags": [{"name": "Mid-Morning Market Update"}]}, {"id": 8713365, "author": "Benzinga", "created": "Thu, 17 Nov 2016 11:03:29 -0400", "updated": "Thu, 17 Nov 2016 11:03:31 -0400", "title": "Jam Packed: Yellen, Wal-Mart and Inflation Data Take Center Stage", "teaser": "", "body": "", "url": "https://www.benzinga.com/node/8713365", "image": [], "channels": [{"name": "Analyst Color"}, {"name": "Earnings"}, {"name": "Long Ideas"}, {"name": "News"}, {"name": "Sector ETFs"}, {"name": "Short Ideas"}, {"name": "Commodities"}, {"name": "Currency ETFs"}, {"name": "Retail Sales"}, {"name": "Events"}, {"name": "Econ #s"}, {"name": "Economics"}, {"name": "Federal Reserve"}, {"name": "Markets"}, {"name": "Trading Ideas"}, {"name": "ETFs"}], "stocks": [{"name": "WMT"}], "tags": [{"name": "The Ticker Tape"}]}, {"id": 8712988, "author": "Benzinga", "created": "Thu, 17 Nov 2016 11:09:51 -0400", "updated": "Thu, 17 Nov 2016 11:09:52 -0400", "title": "Cisco Is 'Running Out Of Levers'", "teaser": "", "body": "", "url": "https://www.benzinga.com/node/8712988", "image": [], "channels": [{"name": "Analyst Color"}, {"name": "Earnings"}, {"name": "News"}, {"name": "Guidance"}, {"name": "Short Ideas"}, {"name": "Reiteration"}, {"name": "Analyst Ratings"}, {"name": "Movers"}, {"name": "Tech"}, {"name": "Trading Ideas"}], "stocks": [{"name": "CSCO"}], "tags": [{"name": "Credit Suisse"}, {"name": "Kulbinder Garcha"}]}, {"id": 8713085, "author": "Benzinga", "created": "Thu, 17 Nov 2016 11:41:40 -0400", "updated": "Thu, 17 Nov 2016 11:41:41 -0400", "title": "Why Goldman Sachs Prefers Juniper To Cisco Systems", "teaser": "", "body": "", "url": "https://www.benzinga.com/node/8713085", "image": [], "channels": [{"name": "Analyst Color"}, {"name": "Long Ideas"}, {"name": "News"}, {"name": "Reiteration"}, {"name": "Analyst Ratings"}, {"name": "Movers"}, {"name": "Tech"}, {"name": "Trading Ideas"}], "stocks": [{"name": "CSCO"}, {"name": "JNPR"}], "tags": [{"name": "cloud"}, {"name": "Goldman Sachs"}, {"name": "Simona Jankowski"}]}, {"id": 8713190, "author": "Benzinga", "created": "Thu, 17 Nov 2016 11:56:55 -0400", "updated": "Thu, 17 Nov 2016 11:56:55 -0400", "title": "Why Investors Should Take Cisco's January Guidance With A Grain Of Salt", "teaser": "", "body": "", "url": "https://www.benzinga.com/node/8713190", "image": [], "channels": [{"name": "Analyst Color"}, {"name": "Earnings"}, {"name": "Long Ideas"}, {"name": "News"}, {"name": "Guidance"}, {"name": "Reiteration"}, {"name": "Analyst Ratings"}, {"name": "Movers"}, {"name": "Tech"}, {"name": "Trading Ideas"}], "stocks": [{"name": "CSCO"}], "tags": [{"name": "George C. Notter"}, {"name": "Jefferies"}]}, {"id": 8713152, "author": "Benzinga", "created": "Thu, 17 Nov 2016 12:23:06 -0400", "updated": "Thu, 17 Nov 2016 12:23:06 -0400", "title": "Cisco's Disappointing Outlook Sure To Overshadow Earnings Beat", "teaser": "", "body": "", "url": "https://www.benzinga.com/node/8713152", "image": [], "channels": [{"name": "Analyst Color"}, {"name": "Earnings"}, {"name": "Long Ideas"}, {"name": "News"}, {"name": "Guidance"}, {"name": "Price Target"}, {"name": "Reiteration"}, {"name": "Analyst Ratings"}, {"name": "Movers"}, {"name": "Tech"}, {"name": "Trading Ideas"}], "stocks": [{"name": "CSCO"}], "tags": [{"name": "Citi"}, {"name": "Jim Suva"}]}, {"id": 8713436, "author": "Benzinga", "created": "Thu, 17 Nov 2016 12:34:18 -0400", "updated": "Thu, 17 Nov 2016 12:34:18 -0400", "title": "Cisco Systems Caught In A Cold November Rain", "teaser": "", "body": "", "url": "https://www.benzinga.com/node/8713436", "image": [], "channels": [{"name": "Analyst Color"}, {"name": "Earnings"}, {"name": "Long Ideas"}, {"name": "News"}, {"name": "Guidance"}, {"name": "Reiteration"}, {"name": "Analyst Ratings"}, {"name": "Movers"}, {"name": "Tech"}, {"name": "Trading Ideas"}], "stocks": [{"name": "CSCO"}], "tags": [{"name": "Cisco"}, {"name": "Cisco Earnings"}, {"name": "Mark Moskowitz"}, {"name": "Technology Stocks"}]}, {"id": 8714155, "author": "Benzinga", "created": "Thu, 17 Nov 2016 13:09:02 -0400", "updated": "Thu, 17 Nov 2016 13:09:03 -0400", "title": "Mid-Day Market Update: Western Refining Surges On Acquisition News; Stage Stores Shares Slide", "teaser": "", "body": "", "url": "https://www.benzinga.com/node/8714155", "image": [], "channels": [{"name": "Earnings"}, {"name": "News"}, {"name": "Eurozone"}, {"name": "Commodities"}, {"name": "M&A"}, {"name": "Global"}, {"name": "Intraday Update"}, {"name": "Markets"}, {"name": "Movers"}], "stocks": [{"name": "CHU"}, {"name": "GNE"}, {"name": "GSL"}, {"name": "IDT"}, {"name": "NJR"}, {"name": "RLOG"}, {"name": "SMRT"}, {"name": "SPP"}, {"name": "SSI"}, {"name": "TSO"}, {"name": "WMT"}, {"name": "WNR"}], "tags": [{"name": "Mid-Day Market Updat"}]}, {"id": 8713096, "author": "Benzinga", "created": "Thu, 17 Nov 2016 13:16:12 -0400", "updated": "Thu, 17 Nov 2016 13:16:12 -0400", "title": "One Bright Spot For Cisco Systems", "teaser": "", "body": "", "url": "https://www.benzinga.com/node/8713096", "image": [], "channels": [{"name": "Analyst Color"}, {"name": "Earnings"}, {"name": "News"}, {"name": "Guidance"}, {"name": "Reiteration"}, {"name": "Analyst Ratings"}, {"name": "Movers"}, {"name": "Tech"}], "stocks": [{"name": "CSCO"}], "tags": [{"name": "Michael Genovese"}, {"name": "MKM Partners"}]}, {"id": 8714353, "author": "Benzinga", "created": "Thu, 17 Nov 2016 13:43:40 -0400", "updated": "Thu, 17 Nov 2016 13:43:41 -0400", "title": "20 Biggest Mid-Day Losers For Thursday", "teaser": "", "body": "", "url": "https://www.benzinga.com/node/8714353", "image": [], "channels": [{"name": "News"}, {"name": "Movers & Shakers"}, {"name": "Intraday Update"}, {"name": "Markets"}], "stocks": [{"name": "CRWS"}, {"name": "CSCO"}, {"name": "DCIX"}, {"name": "DRYS"}, {"name": "EGLE"}, {"name": "ELLI"}, {"name": "ESEA"}, {"name": "FSLR"}, {"name": "GLBS"}, {"name": "GNK"}, {"name": "LEI"}, {"name": "PFGC"}, {"name": "PLNT"}, {"name": "SHIP"}, {"name": "SMRT"}, {"name": "SPP"}, {"name": "SPWR"}, {"name": "SSI"}, {"name": "TOPS"}, {"name": "WMT"}], "tags": [{"name": "Energy"}, {"name": "Mid-Day Losers"}, {"name": "Oil & Gas Exploration & Production"}, {"name": "Top Losers"}]}, {"id": 8713499, "author": "Benzinga", "created": "Thu, 17 Nov 2016 14:22:25 -0400", "updated": "Thu, 17 Nov 2016 14:22:25 -0400", "title": "How Cisco's Results Bode For Arista, FireEye, Palo Alto Networks", "teaser": "", "body": "", "url": "https://www.benzinga.com/node/8713499", "image": [], "channels": [{"name": "Analyst Color"}, {"name": "Earnings"}, {"name": "News"}, {"name": "Guidance"}, {"name": "Price Target"}, {"name": "Reiteration"}, {"name": "Analyst Ratings"}, {"name": "Movers"}, {"name": "Tech"}], "stocks": [{"name": "ANET"}, {"name": "CSCO"}, {"name": "FEYE"}, {"name": "PANW"}], "tags": [{"name": "Erik Suppiger"}, {"name": "JMP Securities"}]}, {"id": 8714402, "author": "Benzinga", "created": "Thu, 17 Nov 2016 15:19:14 -0400", "updated": "Thu, 17 Nov 2016 15:19:14 -0400", "title": "Investors Love WWE's New 'Big 4' Ticket Package Idea", "teaser": "", "body": "", "url": "https://www.benzinga.com/node/8714402", "image": [], "channels": [{"name": "News"}, {"name": "Sports"}, {"name": "Movers"}, {"name": "Trading Ideas"}, {"name": "General"}], "stocks": [{"name": "DIS"}, {"name": "WWE"}], "tags": [{"name": "ESPN"}, {"name": "WrestleMani"}, {"name": "WWE"}, {"name": "WWE Ticket Sales"}]}, {"id": 8714800, "author": "Benzinga", "created": "Thu, 17 Nov 2016 15:20:21 -0400", "updated": "Thu, 17 Nov 2016 15:20:21 -0400", "title": "Mid-Afternoon Market Update: Children's Place Rises On Strong Q3 Results; DryShips Shares Tumble", "teaser": "", "body": "", "url": "https://www.benzinga.com/node/8714800", "image": [], "channels": [{"name": "Earnings"}, {"name": "News"}, {"name": "Eurozone"}, {"name": "Commodities"}, {"name": "M&A"}, {"name": "Global"}, {"name": "Intraday Update"}, {"name": "Markets"}, {"name": "Movers"}], "stocks": [{"name": "CHNR"}, {"name": "CLD"}, {"name": "DRYS"}, {"name": "GSL"}, {"name": "IIJI"}, {"name": "NQ"}, {"name": "PLCE"}, {"name": "SMRT"}, {"name": "SSI"}, {"name": "TSO"}, {"name": "WMT"}, {"name": "WNR"}], "tags": [{"name": "Mid-Afternoon Market Update"}]}, {"id": 8714404, "author": "Benzinga", "created": "Thu, 17 Nov 2016 15:28:58 -0400", "updated": "Thu, 17 Nov 2016 15:28:58 -0400", "title": "BTIG Examines Dynamics Of An 'Unlikely' T-Mobile-Sprint Merger", "teaser": "", "body": "", "url": "https://www.benzinga.com/node/8714404", "image": [], "channels": [{"name": "Analyst Color"}, {"name": "Long Ideas"}, {"name": "News"}, {"name": "Short Ideas"}, {"name": "Price Target"}, {"name": "Politics"}, {"name": "Reiteration"}, {"name": "M&A"}, {"name": "Analyst Ratings"}, {"name": "Movers"}, {"name": "Tech"}, {"name": "Trading Ideas"}, {"name": "General"}], "stocks": [{"name": "S"}, {"name": "T"}, {"name": "TMUS"}, {"name": "VZ"}], "tags": [{"name": "btig"}, {"name": "Donald Trump"}, {"name": "Masa Son"}]}, {"id": 8714725, "author": "Benzinga", "created": "Thu, 17 Nov 2016 16:47:54 -0400", "updated": "Thu, 17 Nov 2016 16:47:54 -0400", "title": "Sell-Side Views Pour In After Cisco's First Quarter", "teaser": "", "body": "", "url": "https://www.benzinga.com/node/8714725", "image": [], "channels": [{"name": "Analyst Color"}, {"name": "Long Ideas"}, {"name": "News"}, {"name": "Short Ideas"}, {"name": "Price Target"}, {"name": "Reiteration"}, {"name": "Analyst Ratings"}, {"name": "Movers"}, {"name": "Tech"}, {"name": "Trading Ideas"}], "stocks": [{"name": "ANET"}, {"name": "CSCO"}, {"name": "FEYE"}, {"name": "PANW"}], "tags": [{"name": "BMO"}, {"name": "BMO Capital Markets"}, {"name": "Deutsche Bank"}, {"name": "Jefferies"}, {"name": "JMP"}, {"name": "Wells Fargo"}]}, {"id": 8715757, "author": "Benzinga", "created": "Thu, 17 Nov 2016 17:39:38 -0400", "updated": "Thu, 17 Nov 2016 17:39:38 -0400", "title": "Salesforce Regains Traction After Q3 Beat, Expects To Hit $10 Billion In 2018", "teaser": "", "body": "", "url": "https://www.benzinga.com/node/8715757", "image": [], "channels": [{"name": "Earnings"}, {"name": "News"}, {"name": "Guidance"}, {"name": "After-Hours Center"}, {"name": "Movers"}], "stocks": [{"name": "CRM"}], "tags": []}]