[{"id": 6129844, "author": "Benzinga", "created": "Sun, 10 Jan 2016 19:03:34 -0400", "updated": "Sun, 10 Jan 2016 19:03:34 -0400", "title": "Disney's 'Star Wars: The Force Awakens' Adds $145.93 Globally This Weekend", "teaser": "", "body": "", "url": "https://www.benzinga.com/node/6129844", "image": [], "channels": [{"name": "News"}, {"name": "Press Releases"}], "stocks": [{"name": "DIS"}, {"name": "FOXA"}, {"name": "RENT"}], "tags": []}, {"id": 6129697, "author": "Benzinga", "created": "Sun, 10 Jan 2016 20:45:54 -0400", "updated": "Sun, 10 Jan 2016 20:45:54 -0400", "title": "Earnings Season Kicks Off: Alcoa And Intel", "teaser": "", "body": "", "url": "https://www.benzinga.com/node/6129697", "image": [], "channels": [{"name": "Earnings"}, {"name": "News"}, {"name": "Previews"}, {"name": "Top Stories"}, {"name": "Trading Ideas"}], "stocks": [{"name": "AA"}, {"name": "INTC"}], "tags": [{"name": "Alcoa"}, {"name": "Intel"}]}]