[{"id": 8101897, "author": "Benzinga", "created": "Mon, 13 Jun 2016 02:22:59 -0400", "updated": "Mon, 13 Jun 2016 02:23:00 -0400", "title": "Watch These 5 Huge Put Purchases In Monday Trade", "teaser": "", "body": "", "url": "https://www.benzinga.com/node/8101897", "image": [], "channels": [{"name": "News"}, {"name": "Options"}, {"name": "Markets"}], "stocks": [{"name": "ARCC"}, {"name": "INTC"}, {"name": "LNKD"}, {"name": "MDRX"}, {"name": "TXN"}], "tags": [{"name": "Unusual Put Options"}]}, {"id": 8101903, "author": "Benzinga", "created": "Mon, 13 Jun 2016 02:34:36 -0400", "updated": "Mon, 13 Jun 2016 02:34:36 -0400", "title": "Watch These 5 Huge Call Purchases In Monday Trade", "teaser": "", "body": "", "url": "https://www.benzinga.com/node/8101903", "image": [], "channels": [{"name": "News"}, {"name": "Options"}, {"name": "Markets"}], "stocks": [{"name": "ALNY"}, {"name": "ANAC"}, {"name": "CAT"}, {"name": "CTRP"}, {"name": "WWAV"}], "tags": [{"name": "Unusual Put Options"}]}, {"id": 8102607, "author": "Benzinga", "created": "Mon, 13 Jun 2016 07:55:00 -0400", "updated": "Mon, 13 Jun 2016 07:55:01 -0400", "title": "A Sour Apple? Annual iPhone Sales Said To Fall For The First Time Ever", "teaser": "", "body": "", "url": "https://www.benzinga.com/node/8102607", "image": [], "channels": [{"name": "News"}, {"name": "Rumors"}, {"name": "Retail Sales"}, {"name": "Tech"}], "stocks": [{"name": "AAPL"}], "tags": [{"name": "Apple"}, {"name": "foxconn"}, {"name": "hon hai"}, {"name": "iPhone"}, {"name": "iPhone 7"}, {"name": "iPhone sales"}, {"name": "iPhone Shipments"}, {"name": "Nikkei Asian Review"}]}, {"id": 8102650, "author": "Benzinga", "created": "Mon, 13 Jun 2016 08:14:18 -0400", "updated": "Mon, 13 Jun 2016 08:14:18 -0400", "title": "Verizon, AT&T Enter Final Round Of Bidding For Yahoo's Internet Assets", "teaser": "", "body": "", "url": "https://www.benzinga.com/node/8102650", "image": [], "channels": [{"name": "News"}, {"name": "Rumors"}, {"name": "Asset Sales"}, {"name": "Tech"}, {"name": "Media"}, {"name": "Trading Ideas"}], "stocks": [{"name": "T"}, {"name": "VZ"}, {"name": "YHOO"}], "tags": [{"name": "Dan Gilbert"}, {"name": "quick loans"}, {"name": "Reuters"}, {"name": "Starboard Value"}, {"name": "Warren Buffett"}, {"name": "Yahoo"}, {"name": "Yahoo Asset Sale"}, {"name": "Yahoo Bidding Process"}, {"name": "Yahoo Internet Asset Sale"}]}, {"id": 8103132, "author": "Benzinga", "created": "Mon, 13 Jun 2016 09:05:20 -0400", "updated": "Mon, 13 Jun 2016 09:05:20 -0400", "title": "Microsoft To Acquire LinkedIn For $26 Billion, Largest-Ever Sale Of An Internet Company", "teaser": "", "body": "", "url": "https://www.benzinga.com/node/8103132", "image": [], "channels": [{"name": "News"}, {"name": "M&A"}, {"name": "Top Stories"}, {"name": "Tech"}], "stocks": [{"name": "LNKD"}, {"name": "MSFT"}], "tags": [{"name": "Jeff Weiner"}, {"name": "LinkedIn"}, {"name": "Microsoft"}, {"name": "Microsoft LinkedIn Merger"}, {"name": "Satya Nadella"}]}, {"id": 8103100, "author": "Benzinga", "created": "Mon, 13 Jun 2016 09:07:29 -0400", "updated": "Mon, 13 Jun 2016 09:07:30 -0400", "title": "The Market In 5 Minutes: Microsoft-LinkedIn, And Some Major iPhone News", "teaser": "", "body": "", "url": "https://www.benzinga.com/node/8103100", "image": [], "channels": [{"name": "News"}, {"name": "Global"}, {"name": "Top Stories"}, {"name": "Markets"}, {"name": "Analyst Ratings"}], "stocks": [{"name": "AAPL"}, {"name": "AGIO"}, {"name": "BIDU"}, {"name": "JBL"}, {"name": "KR"}, {"name": "LNKD"}, {"name": "MRUS"}, {"name": "MSFT"}, {"name": "ORCL"}, {"name": "OXY"}, {"name": "RAD"}, {"name": "RGR"}, {"name": "SPY"}, {"name": "SWHC"}, {"name": "T"}, {"name": "USO"}, {"name": "VZ"}, {"name": "WFT"}, {"name": "YHOO"}], "tags": [{"name": "the market in 5 minutes"}]}, {"id": 8102886, "author": "Benzinga", "created": "Mon, 13 Jun 2016 09:10:53 -0400", "updated": "Mon, 13 Jun 2016 09:10:53 -0400", "title": "Walgreen Ends Its Shaky Relationship With Theranos", "teaser": "", "body": "", "url": "https://www.benzinga.com/node/8102886", "image": [], "channels": [{"name": "Biotech"}, {"name": "News"}, {"name": "Health Care"}, {"name": "Contracts"}, {"name": "Trading Ideas"}, {"name": "General"}], "stocks": [{"name": "WBA"}], "tags": [{"name": "Brad Fluegel"}, {"name": "Edison"}, {"name": "The Wall Street Journal"}, {"name": "Theranos"}, {"name": "Theranos Controversy"}, {"name": "Walgreens"}, {"name": "Walgreens Theranos Relationship"}]}, {"id": 8103031, "author": "Benzinga", "created": "Mon, 13 Jun 2016 09:37:20 -0400", "updated": "Mon, 13 Jun 2016 09:38:20 -0400", "title": "Has Cancer Research Become Cancerous? Same Cancer Strategy Targeted By 'Too Many Drugmakers,' Say Regulators", "teaser": "", "body": "", "url": "https://www.benzinga.com/node/8103031", "image": [], "channels": [{"name": "Analyst Color"}, {"name": "Biotech"}, {"name": "Long Ideas"}, {"name": "News"}, {"name": "Health Care"}, {"name": "FDA"}, {"name": "Analyst Ratings"}, {"name": "Media"}, {"name": "Trading Ideas"}, {"name": "General"}], "stocks": [{"name": "AZN"}, {"name": "BGNE"}, {"name": "BMY"}, {"name": "MKGAY"}, {"name": "MRK"}, {"name": "NVS"}, {"name": "PFE"}, {"name": "REGN"}, {"name": "RHHBY"}], "tags": [{"name": "American Society of Clinical Oncology"}, {"name": "ASCO"}, {"name": "FDA"}, {"name": "Keytruda"}, {"name": "Reuters"}, {"name": "Richard Pazdur"}]}, {"id": 8103607, "author": "Benzinga", "created": "Mon, 13 Jun 2016 09:51:50 -0400", "updated": "Mon, 13 Jun 2016 09:51:51 -0400", "title": "Anti-Climactic Fed Meeting Ahead, But Week Could Still Prove Exciting", "teaser": "", "body": "", "url": "https://www.benzinga.com/node/8103607", "image": [], "channels": [{"name": "News"}, {"name": "M&A"}, {"name": "Economics"}, {"name": "Markets"}, {"name": "General"}], "stocks": [{"name": "T"}, {"name": "VZ"}], "tags": [{"name": "BZ Sponsored"}]}, {"id": 8103625, "author": "Benzinga", "created": "Mon, 13 Jun 2016 09:58:52 -0400", "updated": "Mon, 13 Jun 2016 09:58:52 -0400", "title": "Mid-Morning Market Update: Markets Edge Lower; Microsoft To Acquire LinkedIn For $26 Billion", "teaser": "", "body": "", "url": "https://www.benzinga.com/node/8103625", "image": [], "channels": [{"name": "News"}, {"name": "Eurozone"}, {"name": "Commodities"}, {"name": "M&A"}, {"name": "Global"}, {"name": "Intraday Update"}, {"name": "Markets"}, {"name": "Movers"}], "stocks": [{"name": "BCOM"}, {"name": "BIOS"}, {"name": "CEL"}, {"name": "EBIO"}, {"name": "LNKD"}, {"name": "MNOV"}, {"name": "MRNS"}, {"name": "MSFT"}, {"name": "OSUR"}, {"name": "QDEL"}, {"name": "SWHC"}], "tags": [{"name": "Mid-Morning Market Update"}]}, {"id": 8103876, "author": "Benzinga", "created": "Mon, 13 Jun 2016 10:32:17 -0400", "updated": "Mon, 13 Jun 2016 10:32:17 -0400", "title": "Benzinga's Volume Movers", "teaser": "", "body": "", "url": "https://www.benzinga.com/node/8103876", "image": [], "channels": [{"name": "News"}, {"name": "Intraday Update"}, {"name": "Markets"}, {"name": "Movers"}], "stocks": [{"name": "LNKD"}, {"name": "MSFT"}, {"name": "RGR"}, {"name": "SAIC"}, {"name": "SWHC"}], "tags": [{"name": "volume movers"}]}, {"id": 8103848, "author": "Benzinga", "created": "Mon, 13 Jun 2016 10:27:27 -0400", "updated": "Mon, 13 Jun 2016 10:41:34 -0400", "title": "Good For LinkedIn, 'Terrible' For Microsoft", "teaser": "", "body": "", "url": "https://www.benzinga.com/node/8103848", "image": [], "channels": [{"name": "Analyst Color"}, {"name": "News"}, {"name": "M&A"}, {"name": "Top Stories"}, {"name": "Analyst Ratings"}, {"name": "Tech"}], "stocks": [{"name": "LNKD"}, {"name": "MSFT"}], "tags": [{"name": "Global Equities Research"}, {"name": "Trip Chowdhry"}]}, {"id": 8103969, "author": "Benzinga", "created": "Mon, 13 Jun 2016 11:17:08 -0400", "updated": "Mon, 13 Jun 2016 11:17:08 -0400", "title": "These Venture Capitalists Were Bullish On LinkedIn", "teaser": "", "body": "", "url": "https://www.benzinga.com/node/8103969", "image": [], "channels": [{"name": "Fintech"}, {"name": "News"}, {"name": "M&A"}, {"name": "Exclusives"}, {"name": "Tech"}], "stocks": [{"name": "LNKD"}, {"name": "MSFT"}], "tags": [{"name": "Amir Goldman"}, {"name": "Fintech Awards Gala"}, {"name": "Roger Ehrenberg"}, {"name": "Venture Capitalists"}, {"name": "Vincenzo La Ruffa"}]}, {"id": 8104079, "author": "Benzinga", "created": "Mon, 13 Jun 2016 11:50:35 -0400", "updated": "Mon, 13 Jun 2016 11:50:35 -0400", "title": "'Nashville' And 4 Other Shows That Were Saved After Cancellation", "teaser": "", "body": "", "url": "https://www.benzinga.com/node/8104079", "image": [], "channels": [{"name": "News"}, {"name": "Media"}], "stocks": [{"name": "CBS"}, {"name": "CMCSA"}, {"name": "DIS"}, {"name": "FOXA"}, {"name": "NFLX"}, {"name": "TWX"}, {"name": "VIAB"}, {"name": "YHOO"}], "tags": [{"name": "Arrested Development"}, {"name": "Community"}, {"name": "Gilmore Girls"}, {"name": "Nashville"}, {"name": "The Mindy Project"}]}, {"id": 8104254, "author": "Benzinga", "created": "Mon, 13 Jun 2016 11:55:03 -0400", "updated": "Mon, 13 Jun 2016 11:55:03 -0400", "title": "If Anything, Twitter Just Lost A Potential Buyer", "teaser": "", "body": "", "url": "https://www.benzinga.com/node/8104254", "image": [], "channels": [{"name": "Analyst Color"}, {"name": "CNBC"}, {"name": "News"}, {"name": "M&A"}, {"name": "Analyst Ratings"}, {"name": "Media"}], "stocks": [{"name": "LNKD"}, {"name": "MSFT"}, {"name": "TWTR"}], "tags": [{"name": "Mark Mahaney"}, {"name": "Microsoft LinkedIn Merger"}, {"name": "RBC Capital Markets"}, {"name": "twitter"}, {"name": "Twitter Acquisition"}]}, {"id": 8104418, "author": "Benzinga", "created": "Mon, 13 Jun 2016 12:07:52 -0400", "updated": "Mon, 13 Jun 2016 12:07:53 -0400", "title": "Mid-Day Market Update: Smith & Wesson Rises Following Orlando Shootings on Sunday; BioScrip Shares Slide", "teaser": "", "body": "", "url": "https://www.benzinga.com/node/8104418", "image": [], "channels": [{"name": "News"}, {"name": "Eurozone"}, {"name": "Commodities"}, {"name": "M&A"}, {"name": "Global"}, {"name": "Intraday Update"}, {"name": "Markets"}, {"name": "Movers"}], "stocks": [{"name": "BCOM"}, {"name": "BIOS"}, {"name": "CEL"}, {"name": "EBIO"}, {"name": "LNKD"}, {"name": "MRNS"}, {"name": "MSFT"}, {"name": "OSUR"}, {"name": "PACD"}, {"name": "SWHC"}, {"name": "WTI"}], "tags": [{"name": "Mid-Day Market Update"}]}, {"id": 8104324, "author": "Benzinga", "created": "Mon, 13 Jun 2016 12:07:25 -0400", "updated": "Mon, 13 Jun 2016 12:15:52 -0400", "title": "This Analyst Just Downgraded LinkedIn, Recommends Shareholders To Sell Into Strength", "teaser": "", "body": "", "url": "https://www.benzinga.com/node/8104324", "image": [], "channels": [{"name": "Analyst Color"}, {"name": "News"}, {"name": "Downgrades"}, {"name": "Price Target"}, {"name": "M&A"}, {"name": "Analyst Ratings"}, {"name": "Tech"}], "stocks": [{"name": "LNKD"}, {"name": "MSFT"}], "tags": [{"name": "Avondale Partners"}, {"name": "LinkedIn"}, {"name": "LinkedIn Merger"}, {"name": "Microsoft LinkedIn Acquisition"}, {"name": "Randle Reece"}]}, {"id": 8104367, "author": "Benzinga", "created": "Mon, 13 Jun 2016 12:30:26 -0400", "updated": "Mon, 13 Jun 2016 12:30:26 -0400", "title": "Trading Gaming Stocks On E3: Past Reactions", "teaser": "", "body": "", "url": "https://www.benzinga.com/node/8104367", "image": [], "channels": [{"name": "Long Ideas"}, {"name": "News"}, {"name": "Events"}, {"name": "Tech"}, {"name": "Trading Ideas"}, {"name": "General"}], "stocks": [{"name": "ATVI"}, {"name": "EA"}, {"name": "GAMR"}, {"name": "GME"}, {"name": "MSFT"}, {"name": "SNE"}], "tags": [{"name": "Augmented Reality"}, {"name": "E3"}, {"name": "Electronic Entertainment Expo"}, {"name": "electronic gaming"}, {"name": "electronic gaming industry"}, {"name": "gaming"}, {"name": "gaming stocks"}, {"name": "video games"}, {"name": "virtual reality"}]}, {"id": 8104483, "author": "Benzinga", "created": "Mon, 13 Jun 2016 12:31:06 -0400", "updated": "Mon, 13 Jun 2016 12:31:06 -0400", "title": "8 Biggest Mid-Day Gainers For Monday", "teaser": "", "body": "", "url": "https://www.benzinga.com/node/8104483", "image": [], "channels": [{"name": "News"}, {"name": "Intraday Update"}, {"name": "Markets"}, {"name": "Movers"}], "stocks": [{"name": "CPRX"}, {"name": "EBIO"}, {"name": "GBIM"}, {"name": "LNKD"}, {"name": "MSFT"}, {"name": "OSG"}, {"name": "RGR"}, {"name": "SAIC"}, {"name": "SWHC"}], "tags": [{"name": "Mid-Day Gainers"}, {"name": "Top Gainers"}]}, {"id": 8104257, "author": "Benzinga", "created": "Mon, 13 Jun 2016 12:34:43 -0400", "updated": "Mon, 13 Jun 2016 12:34:43 -0400", "title": "What Are The 5 Biggest Internet Buyouts Of All Time?", "teaser": "", "body": "", "url": "https://www.benzinga.com/node/8104257", "image": [], "channels": [{"name": "News"}, {"name": "Education"}, {"name": "M&A"}, {"name": "Tech"}, {"name": "Trading Ideas"}, {"name": "General"}], "stocks": [{"name": "AOL"}, {"name": "FB"}, {"name": "LNKD"}, {"name": "MSFT"}, {"name": "ORCL"}, {"name": "TWX"}], "tags": [{"name": "Peoplesoft"}, {"name": "WhatsApp"}]}, {"id": 8104573, "author": "Benzinga", "created": "Mon, 13 Jun 2016 12:55:27 -0400", "updated": "Mon, 13 Jun 2016 12:55:28 -0400", "title": "Nadella And Weiner Talk Microsoft-LinkedIn 'Reinventing Business Productivity'", "teaser": "", "body": "", "url": "https://www.benzinga.com/node/8104573", "image": [], "channels": [{"name": "CNBC"}, {"name": "News"}, {"name": "M&A"}, {"name": "Tech"}, {"name": "Media"}], "stocks": [{"name": "LNKD"}, {"name": "MSFT"}], "tags": [{"name": "Jeff Weiner"}, {"name": "Microsoft LinkedIn Merger"}, {"name": "Satya Nadella"}, {"name": "social media"}, {"name": "social media stocks"}]}, {"id": 8104701, "author": "Benzinga", "created": "Mon, 13 Jun 2016 14:29:53 -0400", "updated": "Mon, 13 Jun 2016 14:29:53 -0400", "title": "Wal-Mart Enlists China CEO To Save U.K. Unit", "teaser": "", "body": "", "url": "https://www.benzinga.com/node/8104701", "image": [], "channels": [{"name": "News"}, {"name": "Management"}, {"name": "Media"}], "stocks": [{"name": "JSAIY"}, {"name": "WMT"}], "tags": [{"name": "Aldi"}, {"name": "Andy Clarke"}, {"name": "Bloomberg"}, {"name": "Lidl"}, {"name": "Sean Clarke"}]}, {"id": 8104885, "author": "Benzinga", "created": "Mon, 13 Jun 2016 14:30:56 -0400", "updated": "Mon, 13 Jun 2016 14:30:56 -0400", "title": "Mid-Afternoon Market Update: Dow Falls 75 Points; Eleven Biotherapeutics Shares Spike Higher", "teaser": "", "body": "", "url": "https://www.benzinga.com/node/8104885", "image": [], "channels": [{"name": "News"}, {"name": "Eurozone"}, {"name": "Commodities"}, {"name": "M&A"}, {"name": "Global"}, {"name": "Intraday Update"}, {"name": "Markets"}, {"name": "Movers"}], "stocks": [{"name": "ARGS"}, {"name": "ARTNA"}, {"name": "BIOS"}, {"name": "CEL"}, {"name": "EBIO"}, {"name": "HCOM"}, {"name": "LNKD"}, {"name": "MRNS"}, {"name": "MSFT"}, {"name": "SBS"}, {"name": "SWHC"}], "tags": [{"name": "Mid-Afternoon Market Update"}]}, {"id": 8104762, "author": "Benzinga", "created": "Mon, 13 Jun 2016 14:33:51 -0400", "updated": "Mon, 13 Jun 2016 14:33:52 -0400", "title": "Chowdhry: Microsoft Is A 'Dead Stock' With No Revenue Catalyst", "teaser": "", "body": "", "url": "https://www.benzinga.com/node/8104762", "image": [], "channels": [{"name": "Analyst Color"}, {"name": "News"}, {"name": "M&A"}, {"name": "Analyst Ratings"}, {"name": "Tech"}], "stocks": [{"name": "FB"}, {"name": "LNKD"}, {"name": "MSFT"}], "tags": [{"name": "Global Equities Research"}, {"name": "Microsoft Acquisitions"}, {"name": "Microsoft M&A"}, {"name": "social media stocks"}, {"name": "Trip Chowdhry"}]}, {"id": 8104891, "author": "Benzinga", "created": "Mon, 13 Jun 2016 14:37:38 -0400", "updated": "Mon, 13 Jun 2016 14:37:38 -0400", "title": "PayPal Sells Off As Apple Pay Comes To The Web", "teaser": "", "body": "", "url": "https://www.benzinga.com/node/8104891", "image": [], "channels": [{"name": "News"}, {"name": "Events"}, {"name": "Movers"}, {"name": "Tech"}], "stocks": [{"name": "AAPL"}, {"name": "PYPL"}], "tags": [{"name": "Apple Pay"}, {"name": "WWDC"}]}, {"id": 8104757, "author": "Benzinga", "created": "Mon, 13 Jun 2016 14:44:44 -0400", "updated": "Mon, 13 Jun 2016 14:44:44 -0400", "title": "Pacific Crest Upgrades ON Semiconductor, Expects It To Outperform Expectations", "teaser": "", "body": "", "url": "https://www.benzinga.com/node/8104757", "image": [], "channels": [{"name": "Analyst Color"}, {"name": "Long Ideas"}, {"name": "News"}, {"name": "Upgrades"}, {"name": "Price Target"}, {"name": "Analyst Ratings"}, {"name": "Movers"}, {"name": "Tech"}, {"name": "Trading Ideas"}], "stocks": [{"name": "INTC"}, {"name": "on"}], "tags": [{"name": "Broadwell"}, {"name": "fairchild"}, {"name": "Michael McConnell"}, {"name": "Pacific Crest"}, {"name": "Skylake"}]}, {"id": 8104972, "author": "Benzinga", "created": "Mon, 13 Jun 2016 15:09:02 -0400", "updated": "Mon, 13 Jun 2016 15:09:02 -0400", "title": "Apple's Siri Is Coming To Your Mac", "teaser": "", "body": "", "url": "https://www.benzinga.com/node/8104972", "image": [], "channels": [{"name": "News"}, {"name": "Events"}, {"name": "Tech"}], "stocks": [{"name": "AAPL"}], "tags": [{"name": "macOS"}, {"name": "SIRI"}, {"name": "WWDC"}]}, {"id": 8104914, "author": "Benzinga", "created": "Mon, 13 Jun 2016 15:35:49 -0400", "updated": "Mon, 13 Jun 2016 15:35:49 -0400", "title": "Kurnos On SMID-Cap Internet Implications From Microsoft, LinkedIn Deal", "teaser": "", "body": "", "url": "https://www.benzinga.com/node/8104914", "image": [], "channels": [{"name": "Analyst Color"}, {"name": "News"}, {"name": "M&A"}, {"name": "Analyst Ratings"}, {"name": "Movers"}, {"name": "Tech"}, {"name": "Trading Ideas"}], "stocks": [{"name": "LNKD"}, {"name": "MSFT"}, {"name": "MWW"}, {"name": "TGNA"}, {"name": "TRCO"}, {"name": "TWTR"}], "tags": [{"name": "Benchmark"}, {"name": "CareerBuilder"}, {"name": "Dan Kurons"}]}]