[{"id": 8069059, "author": "Benzinga", "created": "Sat, 04 Jun 2016 15:06:31 -0400", "updated": "Sat, 04 Jun 2016 15:08:31 -0400", "title": "How Trade Imbalances Affect Stock Prices", "teaser": "", "body": "", "url": "https://www.benzinga.com/node/8069059", "image": [], "channels": [{"name": "News"}, {"name": "Movers"}, {"name": "Tech"}, {"name": "Trading Ideas"}], "stocks": [{"name": "BRK-A"}, {"name": "BRK-B"}, {"name": "CSCO"}, {"name": "MSFT"}, {"name": "NXPI"}, {"name": "PFE"}], "tags": [{"name": "PreMarket Prep"}]}]