[{"id": 8545368, "author": "Benzinga", "created": "Mon, 10 Oct 2016 07:13:51 -0400", "updated": "Mon, 10 Oct 2016 07:13:51 -0400", "title": "Twitter Keeps Fluttering As More Bidders 'Lose Interest'", "teaser": "", "body": "", "url": "https://www.benzinga.com/node/8545368", "image": [], "channels": [{"name": "News"}, {"name": "Rumors"}, {"name": "M&A"}, {"name": "Movers"}], "stocks": [{"name": "CRM"}, {"name": "DIS"}, {"name": "GOOG"}, {"name": "GOOGL"}, {"name": "TWTR"}], "tags": [{"name": "Bloomberg"}]}, {"id": 8545505, "author": "Benzinga", "created": "Mon, 10 Oct 2016 08:20:56 -0400", "updated": "Mon, 10 Oct 2016 08:20:56 -0400", "title": "Samsung's Note 7 Is A 'Fundamentally Defective Product,' Major Carriers Are Now Offering An Exchange", "teaser": "", "body": "", "url": "https://www.benzinga.com/node/8545505", "image": [], "channels": [{"name": "News"}, {"name": "Rumors"}, {"name": "Movers"}, {"name": "Tech"}, {"name": "Media"}], "stocks": [{"name": "AAPL"}, {"name": "SSNLF"}, {"name": "TMUS"}, {"name": "VZ"}], "tags": [{"name": "cnn money"}, {"name": "John Legere"}, {"name": "Samsung"}, {"name": "Samsung Note 7"}, {"name": "The Verge"}]}, {"id": 8545732, "author": "Benzinga", "created": "Mon, 10 Oct 2016 08:42:22 -0400", "updated": "Mon, 10 Oct 2016 08:42:23 -0400", "title": "16 Stocks Moving In Monday's Pre-Market Session", "teaser": "", "body": "", "url": "https://www.benzinga.com/node/8545732", "image": [], "channels": [{"name": "News"}, {"name": "Movers & Shakers"}, {"name": "Pre-Market Outlook"}, {"name": "Markets"}, {"name": "Movers"}], "stocks": [{"name": "AUPH"}, {"name": "BMY"}, {"name": "CLDX"}, {"name": "CLSD"}, {"name": "CRM"}, {"name": "CRNT"}, {"name": "DIS"}, {"name": "DOV"}, {"name": "EGLT"}, {"name": "ENZ"}, {"name": "EXEL"}, {"name": "GOOG"}, {"name": "GOOGL"}, {"name": "IPCI"}, {"name": "MYGN"}, {"name": "MYL"}, {"name": "MZOR"}, {"name": "TSRO"}, {"name": "TWLO"}, {"name": "TWTR"}], "tags": [{"name": "#PreMarket Gainers"}, {"name": "Losers"}, {"name": "Top Gainers"}]}, {"id": 8545447, "author": "Benzinga", "created": "Mon, 10 Oct 2016 09:02:33 -0400", "updated": "Mon, 10 Oct 2016 09:02:33 -0400", "title": "The Market In 5 Minutes: Earnings Season, Tesla, Twitter And The EpiPen", "teaser": "", "body": "", "url": "https://www.benzinga.com/node/8545447", "image": [], "channels": [{"name": "News"}, {"name": "Global"}, {"name": "Top Stories"}, {"name": "Pre-Market Outlook"}, {"name": "Markets"}], "stocks": [{"name": "AA"}, {"name": "CCE"}, {"name": "CRM"}, {"name": "DIS"}, {"name": "FSLR"}, {"name": "GOOGL"}, {"name": "GPS"}, {"name": "JPM"}, {"name": "MYL"}, {"name": "NFLX"}, {"name": "PNC"}, {"name": "PNRA"}, {"name": "SCTY"}, {"name": "SPY"}, {"name": "TSLA"}, {"name": "TWTR"}, {"name": "UA"}, {"name": "USO"}, {"name": "WFC"}], "tags": [{"name": "the market in 5 minutes"}]}, {"id": 8545634, "author": "Benzinga", "created": "Mon, 10 Oct 2016 09:25:53 -0400", "updated": "Mon, 10 Oct 2016 09:25:54 -0400", "title": "Morgan Stanley Cuts Target On Honeywell, Keeps As A Top Pick", "teaser": "", "body": "", "url": "https://www.benzinga.com/node/8545634", "image": [], "channels": [{"name": "Long Ideas"}, {"name": "News"}, {"name": "Guidance"}, {"name": "Price Target"}, {"name": "Reiteration"}, {"name": "Travel"}, {"name": "Analyst Ratings"}, {"name": "Movers"}, {"name": "Tech"}, {"name": "Trading Ideas"}, {"name": "General"}], "stocks": [{"name": "HON"}], "tags": [{"name": "Jiayan Zhou"}, {"name": "Morgan Stanley"}, {"name": "Nigel Coe"}]}, {"id": 8545731, "author": "Benzinga", "created": "Mon, 10 Oct 2016 09:50:00 -0400", "updated": "Mon, 10 Oct 2016 09:50:00 -0400", "title": "SunTrust's Bob Peck Has Higher Confidence In eBay's Turnaround, Price Target Raised To $33", "teaser": "", "body": "", "url": "https://www.benzinga.com/node/8545731", "image": [], "channels": [{"name": "Analyst Color"}, {"name": "Earnings"}, {"name": "News"}, {"name": "Price Target"}, {"name": "Previews"}, {"name": "Reiteration"}, {"name": "Analyst Ratings"}, {"name": "Movers"}, {"name": "Tech"}, {"name": "Trading Ideas"}], "stocks": [{"name": "AMZN"}, {"name": "EBAY"}, {"name": "FB"}, {"name": "WMT"}], "tags": [{"name": "Bob Peck"}, {"name": "SunTrust"}]}, {"id": 8545750, "author": "Benzinga", "created": "Mon, 10 Oct 2016 10:00:59 -0400", "updated": "Mon, 10 Oct 2016 10:00:59 -0400", "title": "3 Takeaways From Facebook's Oculus Connect Event", "teaser": "", "body": "", "url": "https://www.benzinga.com/node/8545750", "image": [], "channels": [{"name": "Analyst Color"}, {"name": "Long Ideas"}, {"name": "News"}, {"name": "Price Target"}, {"name": "Reiteration"}, {"name": "Events"}, {"name": "Analyst Ratings"}, {"name": "Movers"}, {"name": "Tech"}, {"name": "Trading Ideas"}], "stocks": [{"name": "DIS"}, {"name": "FB"}], "tags": [{"name": "Blade Runner"}, {"name": "Morgan Stanley"}, {"name": "Oculus Connect"}, {"name": "Oculus Rift"}]}, {"id": 8546102, "author": "Benzinga", "created": "Mon, 10 Oct 2016 10:05:38 -0400", "updated": "Mon, 10 Oct 2016 10:05:38 -0400", "title": "Mid-Morning Market Update: Markets Open Higher; Dover Lowers Full-Year Forecast", "teaser": "", "body": "", "url": "https://www.benzinga.com/node/8546102", "image": [], "channels": [{"name": "News"}, {"name": "Guidance"}, {"name": "Eurozone"}, {"name": "Commodities"}, {"name": "M&A"}, {"name": "Global"}, {"name": "Intraday Update"}, {"name": "Markets"}, {"name": "Movers"}], "stocks": [{"name": "BMY"}, {"name": "CRM"}, {"name": "DIS"}, {"name": "DNR"}, {"name": "DOV"}, {"name": "EGAS"}, {"name": "EPM"}, {"name": "GOOG"}, {"name": "GOOGL"}, {"name": "HVT"}, {"name": "IPCI"}, {"name": "MBT"}, {"name": "TSRO"}, {"name": "TWTR"}, {"name": "VIV"}], "tags": [{"name": "Mid-Morning Market Update"}, {"name": "Telecommunication Services"}, {"name": "Wireless Telecommunication Services"}]}, {"id": 8545894, "author": "Benzinga", "created": "Mon, 10 Oct 2016 10:08:27 -0400", "updated": "Mon, 10 Oct 2016 10:08:27 -0400", "title": "SunTrust Cuts Target On Bristol-Myers As Opdivo Estimates Revised Lower", "teaser": "", "body": "", "url": "https://www.benzinga.com/node/8545894", "image": [], "channels": [{"name": "Analyst Color"}, {"name": "Biotech"}, {"name": "News"}, {"name": "Health Care"}, {"name": "Price Target"}, {"name": "Reiteration"}, {"name": "Analyst Ratings"}, {"name": "Movers"}, {"name": "General"}], "stocks": [{"name": "BMY"}, {"name": "MRK"}], "tags": [{"name": "John Boris"}, {"name": "Keytruda"}, {"name": "Opdivo"}, {"name": "SunTrust"}]}, {"id": 8546165, "author": "Benzinga", "created": "Mon, 10 Oct 2016 10:25:06 -0400", "updated": "Mon, 10 Oct 2016 10:25:06 -0400", "title": "Bristol-Myers Opdivo Vs. Merck's Keytruda In Front Line Lung Treatment", "teaser": "", "body": "", "url": "https://www.benzinga.com/node/8546165", "image": [], "channels": [{"name": "Analyst Color"}, {"name": "Biotech"}, {"name": "News"}, {"name": "Top Stories"}, {"name": "Analyst Ratings"}, {"name": "General"}], "stocks": [{"name": "BMY"}, {"name": "MRK"}], "tags": [{"name": "Barclays"}, {"name": "Geoff Meacham"}, {"name": "Keytruda"}, {"name": "Opdivo"}]}, {"id": 8546187, "author": "Benzinga", "created": "Mon, 10 Oct 2016 10:36:35 -0400", "updated": "Mon, 10 Oct 2016 10:36:35 -0400", "title": "Salesforce Investors Appear To Be Very Happy With Latest Twitter News", "teaser": "", "body": "", "url": "https://www.benzinga.com/node/8546187", "image": [], "channels": [{"name": "News"}, {"name": "Rumors"}, {"name": "M&A"}, {"name": "Movers"}, {"name": "Trading Ideas"}], "stocks": [{"name": "CRM"}, {"name": "TWTR"}], "tags": [{"name": "Salesforce"}, {"name": "Salesforce Twitter Acquisition"}, {"name": "twitter"}, {"name": "Twitter Buyout Rumor"}]}, {"id": 8546238, "author": "Benzinga", "created": "Mon, 10 Oct 2016 10:38:24 -0400", "updated": "Mon, 10 Oct 2016 10:38:24 -0400", "title": "Benzinga's Volume Movers", "teaser": "", "body": "", "url": "https://www.benzinga.com/node/8546238", "image": [], "channels": [{"name": "News"}, {"name": "Intraday Update"}, {"name": "Markets"}, {"name": "Movers"}], "stocks": [{"name": "CRM"}, {"name": "MZOR"}, {"name": "PRMW"}, {"name": "TSRO"}], "tags": [{"name": "volume movers"}]}, {"id": 8546012, "author": "Benzinga", "created": "Mon, 10 Oct 2016 11:01:47 -0400", "updated": "Mon, 10 Oct 2016 11:01:47 -0400", "title": "Expect An In-Line Quarter From JD.com", "teaser": "", "body": "", "url": "https://www.benzinga.com/node/8546012", "image": [], "channels": [{"name": "Analyst Color"}, {"name": "Earnings"}, {"name": "Long Ideas"}, {"name": "News"}, {"name": "Price Target"}, {"name": "Previews"}, {"name": "Reiteration"}, {"name": "Analyst Ratings"}, {"name": "Movers"}, {"name": "Tech"}, {"name": "Trading Ideas"}], "stocks": [{"name": "JD"}, {"name": "WMT"}], "tags": [{"name": "Bob Peck"}, {"name": "SunTrust"}]}, {"id": 8546459, "author": "Benzinga", "created": "Mon, 10 Oct 2016 11:46:18 -0400", "updated": "Mon, 10 Oct 2016 11:46:18 -0400", "title": "Mid-Day Market Update: Crude Oil Up 3%; Twitter Shares Slide", "teaser": "", "body": "", "url": "https://www.benzinga.com/node/8546459", "image": [], "channels": [{"name": "News"}, {"name": "Guidance"}, {"name": "Eurozone"}, {"name": "Commodities"}, {"name": "M&A"}, {"name": "Global"}, {"name": "Intraday Update"}, {"name": "Markets"}, {"name": "Movers"}], "stocks": [{"name": "AREX"}, {"name": "CRM"}, {"name": "DIS"}, {"name": "DNR"}, {"name": "DOV"}, {"name": "EGAS"}, {"name": "GOOG"}, {"name": "GOOGL"}, {"name": "HVT"}, {"name": "IPCI"}, {"name": "LEE"}, {"name": "TSRO"}, {"name": "TWLO"}, {"name": "TWTR"}], "tags": [{"name": "Consumer Discretionary"}, {"name": "Mid-Day Market Update"}, {"name": "Publishing"}]}, {"id": 8546162, "author": "Benzinga", "created": "Mon, 10 Oct 2016 11:59:03 -0400", "updated": "Mon, 10 Oct 2016 11:59:03 -0400", "title": "3 Reasons The Market Is Undervaluing Salesforce", "teaser": "", "body": "", "url": "https://www.benzinga.com/node/8546162", "image": [], "channels": [{"name": "Analyst Color"}, {"name": "Long Ideas"}, {"name": "News"}, {"name": "Reiteration"}, {"name": "Analyst Ratings"}, {"name": "Movers"}, {"name": "Tech"}, {"name": "Trading Ideas"}], "stocks": [{"name": "CRM"}, {"name": "TWTR"}], "tags": [{"name": "cloud"}, {"name": "cloud computing"}, {"name": "cloud technology"}, {"name": "JPMorgan"}, {"name": "Lightning Bolt"}, {"name": "Mark Murphy"}, {"name": "Salesforce Lightning Bolt"}]}, {"id": 8546624, "author": "Benzinga", "created": "Mon, 10 Oct 2016 13:01:01 -0400", "updated": "Mon, 10 Oct 2016 13:01:02 -0400", "title": "8 Biggest Mid-Day Losers For Monday", "teaser": "", "body": "", "url": "https://www.benzinga.com/node/8546624", "image": [], "channels": [{"name": "News"}, {"name": "Movers & Shakers"}, {"name": "Intraday Update"}, {"name": "Markets"}], "stocks": [{"name": "BMY"}, {"name": "CRM"}, {"name": "DIS"}, {"name": "DOV"}, {"name": "GOOG"}, {"name": "GOOGL"}, {"name": "HSNI"}, {"name": "HVT"}, {"name": "IDSA"}, {"name": "MYGN"}, {"name": "TWLO"}, {"name": "TWTR"}], "tags": [{"name": "Mid-Day Losers"}]}, {"id": 8546420, "author": "Benzinga", "created": "Mon, 10 Oct 2016 13:28:48 -0400", "updated": "Mon, 10 Oct 2016 13:28:49 -0400", "title": "Finish Line's New Plan Is Compelling, If It Works", "teaser": "", "body": "", "url": "https://www.benzinga.com/node/8546420", "image": [], "channels": [{"name": "Analyst Color"}, {"name": "News"}, {"name": "Price Target"}, {"name": "Reiteration"}, {"name": "Analyst Ratings"}, {"name": "Movers"}], "stocks": [{"name": "ADDYY"}, {"name": "AMZN"}, {"name": "FINL"}, {"name": "NKE"}, {"name": "UA"}], "tags": [{"name": "Jay Sole"}, {"name": "Morgan Stanley"}, {"name": "Sam Sato"}]}, {"id": 8546511, "author": "Benzinga", "created": "Mon, 10 Oct 2016 14:18:27 -0400", "updated": "Mon, 10 Oct 2016 14:18:27 -0400", "title": "What A Dreamforce Conference Survey Had To Say About Salesforce", "teaser": "", "body": "", "url": "https://www.benzinga.com/node/8546511", "image": [], "channels": [{"name": "Analyst Color"}, {"name": "Long Ideas"}, {"name": "News"}, {"name": "Price Target"}, {"name": "Reiteration"}, {"name": "Events"}, {"name": "Analyst Ratings"}, {"name": "Movers"}, {"name": "Tech"}, {"name": "Trading Ideas"}], "stocks": [{"name": "CRM"}, {"name": "TWTR"}], "tags": [{"name": "Dreamforce"}, {"name": "JMP Securities"}, {"name": "Patrick Walravens"}]}, {"id": 8546528, "author": "Benzinga", "created": "Mon, 10 Oct 2016 14:44:12 -0400", "updated": "Mon, 10 Oct 2016 14:44:12 -0400", "title": "The ESMO Conference Proves Its Ability To Move Stocks", "teaser": "", "body": "", "url": "https://www.benzinga.com/node/8546528", "image": [], "channels": [{"name": "Biotech"}, {"name": "News"}, {"name": "Health Care"}, {"name": "Events"}, {"name": "Movers"}, {"name": "Trading Ideas"}, {"name": "General"}], "stocks": [{"name": "ARIA"}, {"name": "BMY"}, {"name": "MRK"}, {"name": "OMED"}, {"name": "TSRO"}], "tags": [{"name": "cancer"}, {"name": "ESMO 2016 Oncology Conference"}, {"name": "Goldman Sachs"}, {"name": "Keytruda"}, {"name": "oncology"}, {"name": "Opdivo"}]}, {"id": 8546942, "author": "Benzinga", "created": "Mon, 10 Oct 2016 15:21:51 -0400", "updated": "Mon, 10 Oct 2016 15:21:51 -0400", "title": "Mid-Afternoon Market Update: Gas Natural Jumps After Merger Deal; Twilio Shares Drop", "teaser": "", "body": "", "url": "https://www.benzinga.com/node/8546942", "image": [], "channels": [{"name": "News"}, {"name": "Guidance"}, {"name": "Eurozone"}, {"name": "Commodities"}, {"name": "Global"}, {"name": "Intraday Update"}, {"name": "Markets"}, {"name": "Movers"}], "stocks": [{"name": "AREX"}, {"name": "CRM"}, {"name": "DIS"}, {"name": "DOV"}, {"name": "EGAS"}, {"name": "GOOG"}, {"name": "GOOGL"}, {"name": "HVT"}, {"name": "IPCI"}, {"name": "SBLK"}, {"name": "SDRL"}, {"name": "TSRO"}, {"name": "TWLO"}, {"name": "TWTR"}], "tags": [{"name": "Mid-Afternoon Market Updat"}]}, {"id": 8546668, "author": "Benzinga", "created": "Mon, 10 Oct 2016 15:38:29 -0400", "updated": "Mon, 10 Oct 2016 15:38:29 -0400", "title": "Debates, Football Can't Save Twitter's Stock Price", "teaser": "", "body": "", "url": "https://www.benzinga.com/node/8546668", "image": [], "channels": [{"name": "News"}, {"name": "Rumors"}, {"name": "Politics"}, {"name": "Sports"}, {"name": "M&A"}, {"name": "Top Stories"}, {"name": "Tech"}, {"name": "Media"}, {"name": "General"}], "stocks": [{"name": "CRM"}, {"name": "DIS"}, {"name": "GOOG"}, {"name": "GOOGL"}, {"name": "TWTR"}], "tags": [{"name": "2016 presidential election"}, {"name": "college football"}, {"name": "Donald Trump"}, {"name": "Hillary Clinton"}, {"name": "nfl"}, {"name": "presidential debate"}, {"name": "Thursday Night Football"}]}, {"id": 8547246, "author": "Benzinga", "created": "Mon, 10 Oct 2016 17:18:24 -0400", "updated": "Mon, 10 Oct 2016 17:18:24 -0400", "title": "These Were The Most And Least Popular Stocks In September", "teaser": "", "body": "", "url": "https://www.benzinga.com/node/8547246", "image": [], "channels": [{"name": "Long Ideas"}, {"name": "News"}, {"name": "Movers"}, {"name": "Tech"}, {"name": "Trading Ideas"}], "stocks": [{"name": "AAPL"}, {"name": "BABA"}, {"name": "BMY"}, {"name": "DIA"}, {"name": "FB"}, {"name": "NFLX"}, {"name": "QQQ"}, {"name": "SPY"}, {"name": "T"}, {"name": "TSLA"}, {"name": "VZ"}], "tags": [{"name": "IMX"}, {"name": "Nciole Sherrod"}, {"name": "TD Ameritrade"}]}, {"id": 8547397, "author": "Benzinga", "created": "Mon, 10 Oct 2016 21:54:42 -0400", "updated": "Mon, 10 Oct 2016 21:54:43 -0400", "title": "Benzinga's M&A Chatter for Monday, October 10, 2016", "teaser": "", "body": "", "url": "https://www.benzinga.com/node/8547397", "image": [], "channels": [{"name": "News"}, {"name": "Rumors"}, {"name": "M&A"}, {"name": "Movers"}], "stocks": [{"name": "CRM"}, {"name": "DIS"}, {"name": "EGAS"}, {"name": "GOOGL"}, {"name": "LLL"}, {"name": "TWTR"}], "tags": [{"name": "Aerospace & Defense"}, {"name": "Industrials"}]}]