[{"id": 8706127, "author": "Benzinga", "created": "Wed, 16 Nov 2016 05:29:33 -0400", "updated": "Wed, 16 Nov 2016 05:29:33 -0400", "title": "Earnings Scheduled For November 16, 2016", "teaser": "", "body": "", "url": "https://www.benzinga.com/node/8706127", "image": [], "channels": [{"name": "Earnings"}, {"name": "News"}, {"name": "Pre-Market Outlook"}, {"name": "Markets"}], "stocks": [{"name": "ANW"}, {"name": "BRC"}, {"name": "BZUN"}, {"name": "CRWS"}, {"name": "CSCO"}, {"name": "ENZY"}, {"name": "FGL"}, {"name": "FOMX"}, {"name": "GBDC"}, {"name": "GEOS"}, {"name": "GFF"}, {"name": "HI"}, {"name": "JKS"}, {"name": "LB"}, {"name": "LOW"}, {"name": "MTOR"}, {"name": "NTAP"}, {"name": "SFS"}, {"name": "SRDX"}, {"name": "SYPR"}, {"name": "TGT"}, {"name": "TWER"}, {"name": "WGL"}], "tags": [{"name": "Consumer Discretionary"}, {"name": "Earnings schedule"}, {"name": "Home Improvement Retail"}]}, {"id": 8706188, "author": "Benzinga", "created": "Wed, 16 Nov 2016 06:17:32 -0400", "updated": "Wed, 16 Nov 2016 06:17:32 -0400", "title": "Keep an Eye on These 8 Stocks for November 16, 2016", "teaser": "", "body": "", "url": "https://www.benzinga.com/node/8706188", "image": [], "channels": [{"name": "Earnings"}, {"name": "News"}, {"name": "Guidance"}, {"name": "Pre-Market Outlook"}, {"name": "Markets"}, {"name": "Trading Ideas"}], "stocks": [{"name": "A"}, {"name": "CSCO"}, {"name": "JKS"}, {"name": "LB"}, {"name": "LOW"}, {"name": "MTSI"}, {"name": "NTAP"}, {"name": "TGT"}], "tags": [{"name": "Consumer Discretionary"}, {"name": "Health Care"}, {"name": "Health Care Equipment"}, {"name": "Home Improvement Retail"}, {"name": "Stocks To Watch"}, {"name": "Stocks to Watch"}]}, {"id": 8706578, "author": "Benzinga", "created": "Wed, 16 Nov 2016 09:12:06 -0400", "updated": "Wed, 16 Nov 2016 09:12:06 -0400", "title": "Q3 Earnings: Home Depot Vs. Lowe's", "teaser": "", "body": "", "url": "https://www.benzinga.com/node/8706578", "image": [], "channels": [{"name": "Earnings"}, {"name": "News"}, {"name": "Guidance"}, {"name": "Movers"}, {"name": "Trading Ideas"}], "stocks": [{"name": "HD"}, {"name": "LOW"}], "tags": [{"name": "Brian Nagel"}, {"name": "hardware"}, {"name": "home improvement"}, {"name": "Oppenheimer"}, {"name": "retail"}, {"name": "retailers"}, {"name": "Robert Niblock. Craig Menear"}]}, {"id": 8706577, "author": "Benzinga", "created": "Wed, 16 Nov 2016 09:59:15 -0400", "updated": "Wed, 16 Nov 2016 09:59:15 -0400", "title": "The Market In 5 Minutes: DryShips, Trump And Target", "teaser": "", "body": "", "url": "https://www.benzinga.com/node/8706577", "image": [], "channels": [{"name": "News"}, {"name": "Global"}, {"name": "Top Stories"}, {"name": "Pre-Market Outlook"}, {"name": "Markets"}], "stocks": [{"name": "A"}, {"name": "COPA"}, {"name": "DIS"}, {"name": "DRYS"}, {"name": "EBIX"}, {"name": "HRB"}, {"name": "LOW"}, {"name": "LULU"}, {"name": "PN"}, {"name": "SCTY"}, {"name": "SPY"}, {"name": "TDOC"}, {"name": "TEVA"}, {"name": "TGT"}, {"name": "USO"}], "tags": [{"name": "the market in 5 minutes"}]}, {"id": 8707401, "author": "Benzinga", "created": "Wed, 16 Nov 2016 11:35:56 -0400", "updated": "Wed, 16 Nov 2016 11:35:57 -0400", "title": "How Much Value Does Fitbit Offer Potential Buyers?", "teaser": "", "body": "", "url": "https://www.benzinga.com/node/8707401", "image": [], "channels": [{"name": "Analyst Color"}, {"name": "News"}, {"name": "Upgrades"}, {"name": "Price Target"}, {"name": "M&A"}, {"name": "Analyst Ratings"}, {"name": "Tech"}], "stocks": [{"name": "AAPL"}, {"name": "FIT"}, {"name": "NKE"}, {"name": "UA"}], "tags": [{"name": "ABM Capital"}, {"name": "Brad Erickson"}, {"name": "Endomondo"}, {"name": "James Park"}, {"name": "MapMyFitness"}, {"name": "MyFitnessPal"}, {"name": "Pacific Crest"}]}, {"id": 8707846, "author": "Benzinga", "created": "Wed, 16 Nov 2016 11:50:00 -0400", "updated": "Wed, 16 Nov 2016 11:50:00 -0400", "title": "Juniper Is A Goldman Sachs Conviction Buy On Switching Momentum", "teaser": "", "body": "", "url": "https://www.benzinga.com/node/8707846", "image": [], "channels": [{"name": "Analyst Color"}, {"name": "Long Ideas"}, {"name": "News"}, {"name": "Guidance"}, {"name": "Reiteration"}, {"name": "Analyst Ratings"}, {"name": "Tech"}, {"name": "Trading Ideas"}], "stocks": [{"name": "ANET"}, {"name": "CSCO"}, {"name": "JNPR"}], "tags": [{"name": "Goldman Sachs"}, {"name": "Simona Jankowski"}]}, {"id": 8707841, "author": "Benzinga", "created": "Wed, 16 Nov 2016 12:25:39 -0400", "updated": "Wed, 16 Nov 2016 12:25:40 -0400", "title": "Fossil Is Approaching A Key Sales Inflection Point", "teaser": "", "body": "", "url": "https://www.benzinga.com/node/8707841", "image": [], "channels": [{"name": "Analyst Color"}, {"name": "Long Ideas"}, {"name": "News"}, {"name": "Upgrades"}, {"name": "Price Target"}, {"name": "Analyst Ratings"}, {"name": "Movers"}, {"name": "Tech"}, {"name": "Trading Ideas"}], "stocks": [{"name": "AAPL"}, {"name": "COH"}, {"name": "FIT"}, {"name": "FOSL"}, {"name": "Kate"}, {"name": "KORS"}, {"name": "VRA"}], "tags": [{"name": "Edward Yruma"}, {"name": "KeyBanc Capital Markets"}]}, {"id": 8707449, "author": "Benzinga", "created": "Wed, 16 Nov 2016 12:35:01 -0400", "updated": "Wed, 16 Nov 2016 12:35:01 -0400", "title": "LG Display Shares Make Parabolic Move Following Rumor Of Takeover Interest", "teaser": "", "body": "", "url": "https://www.benzinga.com/node/8707449", "image": [], "channels": [{"name": "News"}, {"name": "Rumors"}, {"name": "Technicals"}, {"name": "M&A"}, {"name": "Movers"}, {"name": "Tech"}, {"name": "Trading Ideas"}], "stocks": [{"name": "AAPL"}, {"name": "LPL"}, {"name": "SSNLF"}], "tags": [{"name": "Samsung"}, {"name": "UltraFine 4K Display"}]}, {"id": 8708531, "author": "Benzinga", "created": "Wed, 16 Nov 2016 12:58:16 -0400", "updated": "Wed, 16 Nov 2016 12:58:16 -0400", "title": "Earnings: How's The Consumer Faring? WMT, BBY Report Thurs", "teaser": "", "body": "", "url": "https://www.benzinga.com/node/8708531", "image": [], "channels": [{"name": "Fintech"}, {"name": "Long Ideas"}, {"name": "News"}, {"name": "Short Ideas"}, {"name": "Retail Sales"}, {"name": "Topics"}, {"name": "Markets"}, {"name": "Trading Ideas"}, {"name": "ETFs"}], "stocks": [{"name": "AMZN"}, {"name": "BBY"}, {"name": "WMT"}], "tags": [{"name": "The Ticker Tape"}]}, {"id": 8691138, "author": "Benzinga", "created": "Wed, 16 Nov 2016 13:30:50 -0400", "updated": "Wed, 16 Nov 2016 13:30:51 -0400", "title": "All The Analyst Ratings And Price Targets Ahead Of Salesforce.com's Q3 Earnings", "teaser": "", "body": "", "url": "https://www.benzinga.com/node/8691138", "image": [], "channels": [{"name": "Analyst Color"}, {"name": "Earnings"}, {"name": "Long Ideas"}, {"name": "News"}, {"name": "Guidance"}, {"name": "Price Target"}, {"name": "Previews"}, {"name": "Reiteration"}, {"name": "Analyst Ratings"}, {"name": "Movers"}, {"name": "Tech"}, {"name": "Trading Ideas"}], "stocks": [{"name": "CRM"}, {"name": "LNKD"}, {"name": "MSFT"}, {"name": "TWTR"}], "tags": [{"name": "Barclays"}, {"name": "Citigroup"}, {"name": "Cowen & Co."}, {"name": "D.A. Davidson"}, {"name": "Morgan Stanley"}, {"name": "OTR Global"}, {"name": "Rosenblatt"}, {"name": "Wunderlich"}]}, {"id": 8708557, "author": "Benzinga", "created": "Wed, 16 Nov 2016 14:55:16 -0400", "updated": "Wed, 16 Nov 2016 14:55:16 -0400", "title": "Here's Every Rating And Price Target On Wal-Mart Ahead Of Q3 Results", "teaser": "", "body": "", "url": "https://www.benzinga.com/node/8708557", "image": [], "channels": [{"name": "Analyst Color"}, {"name": "Earnings"}, {"name": "News"}, {"name": "Guidance"}, {"name": "Price Target"}, {"name": "Previews"}, {"name": "Reiteration"}, {"name": "Analyst Ratings"}, {"name": "Trading Ideas"}], "stocks": [{"name": "AMZN"}, {"name": "TGT"}, {"name": "WMT"}], "tags": [{"name": "Daniel Binder"}, {"name": "holiday shopping season"}, {"name": "Jefferies"}, {"name": "retail"}, {"name": "retailers"}]}, {"id": 8708870, "author": "Benzinga", "created": "Wed, 16 Nov 2016 15:41:29 -0400", "updated": "Wed, 16 Nov 2016 15:41:29 -0400", "title": "Sell-Side Reactions To Home Depot's Q3", "teaser": "", "body": "", "url": "https://www.benzinga.com/node/8708870", "image": [], "channels": [{"name": "Analyst Color"}, {"name": "Earnings"}, {"name": "Long Ideas"}, {"name": "News"}, {"name": "Guidance"}, {"name": "Price Target"}, {"name": "Reiteration"}, {"name": "Analyst Ratings"}, {"name": "Movers"}, {"name": "Trading Ideas"}], "stocks": [{"name": "HD"}], "tags": [{"name": "Argus"}, {"name": "BMO Capital"}, {"name": "Christopher Graja"}, {"name": "Citi"}, {"name": "National Association of Home Builders"}, {"name": "Wayne Hood"}]}, {"id": 8708789, "author": "Benzinga", "created": "Wed, 16 Nov 2016 16:20:09 -0400", "updated": "Wed, 16 Nov 2016 16:20:09 -0400", "title": "Top This, Wal-Mart: Amazon Offering 35 Days Of Black Friday Shopping", "teaser": "", "body": "", "url": "https://www.benzinga.com/node/8708789", "image": [], "channels": [{"name": "News"}, {"name": "Topics"}, {"name": "Events"}, {"name": "Trading Ideas"}, {"name": "General"}], "stocks": [{"name": "AMZN"}, {"name": "WMT"}], "tags": [{"name": "Amazon Prime"}, {"name": "Black Friday"}, {"name": "holiday shopping season"}, {"name": "retail"}, {"name": "retailers"}]}, {"id": 8710299, "author": "Benzinga", "created": "Wed, 16 Nov 2016 17:46:16 -0400", "updated": "Wed, 16 Nov 2016 17:46:17 -0400", "title": "Cisco Sinks, NetApp Soars After Hours On Earnings", "teaser": "", "body": "", "url": "https://www.benzinga.com/node/8710299", "image": [], "channels": [{"name": "Earnings"}, {"name": "News"}, {"name": "Guidance"}, {"name": "After-Hours Center"}, {"name": "Movers"}], "stocks": [{"name": "CSCO"}, {"name": "NTAP"}], "tags": []}]