[{"id": 6231090, "author": "Benzinga", "created": "Tue, 09 Feb 2016 05:06:30 -0400", "updated": "Tue, 09 Feb 2016 05:06:30 -0400", "title": "Earnings Scheduled For February 9, 2016", "teaser": "", "body": "", "url": "https://www.benzinga.com/node/6231090", "image": [], "channels": [{"name": "Earnings"}, {"name": "News"}, {"name": "Pre-Market Outlook"}, {"name": "Markets"}], "stocks": [{"name": "ACM"}, {"name": "AGU"}, {"name": "AIZ"}, {"name": "AMX"}, {"name": "CDW"}, {"name": "CNC"}, {"name": "CSC"}, {"name": "CVS"}, {"name": "DIS"}, {"name": "FIS"}, {"name": "GT"}, {"name": "GWR"}, {"name": "HCP"}, {"name": "IR"}, {"name": "KFRC"}, {"name": "KO"}, {"name": "KS"}, {"name": "MAS"}, {"name": "NCR"}, {"name": "NUAN"}, {"name": "OMC"}, {"name": "PNRA"}, {"name": "REGN"}, {"name": "RGC"}, {"name": "SALE"}, {"name": "SAVE"}, {"name": "SCSC"}, {"name": "SCTY"}, {"name": "VIAB"}, {"name": "WEN"}, {"name": "WU"}, {"name": "WYN"}], "tags": [{"name": "Building Products"}, {"name": "Earnings schedule"}, {"name": "Industrials"}]}, {"id": 6231119, "author": "Benzinga", "created": "Tue, 09 Feb 2016 05:37:01 -0400", "updated": "Tue, 09 Feb 2016 05:37:01 -0400", "title": "7 Stocks You Should Be Watching Today", "teaser": "", "body": "", "url": "https://www.benzinga.com/node/6231119", "image": [], "channels": [{"name": "Earnings"}, {"name": "News"}, {"name": "Guidance"}, {"name": "Pre-Market Outlook"}, {"name": "Markets"}, {"name": "Trading Ideas"}], "stocks": [{"name": "CNC"}, {"name": "CVS"}, {"name": "DIS"}, {"name": "GPS"}, {"name": "KO"}, {"name": "OI"}, {"name": "VIAB"}], "tags": [{"name": "Stocks To Watch"}, {"name": "Stocks to Watch"}]}, {"id": 6231775, "author": "Benzinga", "created": "Tue, 09 Feb 2016 08:48:33 -0400", "updated": "Tue, 09 Feb 2016 08:48:33 -0400", "title": "Coca-Cola Reports Better-Than-Expected Q4, Offers 2016 Guidance", "teaser": "", "body": "", "url": "https://www.benzinga.com/node/6231775", "image": [], "channels": [{"name": "Earnings"}, {"name": "News"}, {"name": "Guidance"}, {"name": "Movers"}], "stocks": [{"name": "KO"}], "tags": [{"name": "Coca-cola"}, {"name": "Coca-Cola Bottling"}, {"name": "Coca-Cola Earnings"}, {"name": "Muhtar Kent"}]}, {"id": 6232205, "author": "Benzinga", "created": "Tue, 09 Feb 2016 09:19:42 -0400", "updated": "Tue, 09 Feb 2016 09:19:43 -0400", "title": "10 Stocks Moving In Tuesday's Pre-Market Session", "teaser": "", "body": "", "url": "https://www.benzinga.com/node/6232205", "image": [], "channels": [{"name": "News"}, {"name": "Movers & Shakers"}, {"name": "Pre-Market Outlook"}, {"name": "Markets"}, {"name": "Movers"}], "stocks": [{"name": "ASML"}, {"name": "BITI"}, {"name": "GOLD"}, {"name": "KO"}, {"name": "OCLR"}, {"name": "OKE"}, {"name": "REGN"}, {"name": "SHLD"}, {"name": "TSLA"}, {"name": "VIAB"}], "tags": [{"name": "#PreMarket Gainers"}, {"name": "#PreMarket Losers"}, {"name": "Top Gainers"}]}, {"id": 6232520, "author": "Benzinga", "created": "Tue, 09 Feb 2016 10:26:50 -0400", "updated": "Tue, 09 Feb 2016 10:26:50 -0400", "title": "Russian Official Says Google And Apple Have Hit 'Point Of No Return'", "teaser": "", "body": "", "url": "https://www.benzinga.com/node/6232520", "image": [], "channels": [{"name": "News"}, {"name": "Politics"}, {"name": "Legal"}, {"name": "Global"}, {"name": "Tech"}, {"name": "General"}], "stocks": [{"name": "AAPL"}, {"name": "GOOG"}, {"name": "MSFT"}, {"name": "YNDX"}], "tags": [{"name": "Crimea"}, {"name": "German Klimenko"}, {"name": "Russia"}, {"name": "Russia Companies"}, {"name": "Russia Internet"}, {"name": "Russia Internet Czar"}, {"name": "Russia Taxes"}]}, {"id": 6233297, "author": "Benzinga", "created": "Tue, 09 Feb 2016 11:11:29 -0400", "updated": "Tue, 09 Feb 2016 11:11:29 -0400", "title": "Mid-Morning Market Update: Markets Rise; Coca-Cola Tops Q4 Expectations", "teaser": "", "body": "", "url": "https://www.benzinga.com/node/6233297", "image": [], "channels": [{"name": "Earnings"}, {"name": "News"}, {"name": "Guidance"}, {"name": "Eurozone"}, {"name": "Commodities"}, {"name": "Global"}, {"name": "Intraday Update"}, {"name": "Markets"}, {"name": "Movers"}], "stocks": [{"name": "ASEI"}, {"name": "BDC"}, {"name": "BLPH"}, {"name": "BRS"}, {"name": "CBM"}, {"name": "CERS"}, {"name": "GIG"}, {"name": "KO"}, {"name": "PAA"}, {"name": "QLYS"}], "tags": [{"name": "Mid-Morning Market Update"}]}, {"id": 6232353, "author": "Benzinga", "created": "Tue, 09 Feb 2016 09:31:17 -0400", "updated": "Tue, 09 Feb 2016 11:30:25 -0400", "title": "Bernstein's Sacconaghi: Here's What Apple Investors Are Asking Us", "teaser": "", "body": "", "url": "https://www.benzinga.com/node/6232353", "image": [], "channels": [{"name": "Analyst Color"}, {"name": "Long Ideas"}, {"name": "News"}, {"name": "Reiteration"}, {"name": "Analyst Ratings"}, {"name": "Tech"}, {"name": "Trading Ideas"}], "stocks": [{"name": "AAPL"}], "tags": [{"name": "Bernstein"}, {"name": "Toni Sacconaghi"}]}, {"id": 6233473, "author": "Benzinga", "created": "Tue, 09 Feb 2016 11:47:27 -0400", "updated": "Tue, 09 Feb 2016 11:47:27 -0400", "title": "Jefferies Upgrades Salesforce, But Sees Little Upside For Investors At Current Prices", "teaser": "", "body": "", "url": "https://www.benzinga.com/node/6233473", "image": [], "channels": [{"name": "Analyst Color"}, {"name": "News"}, {"name": "Upgrades"}, {"name": "Analyst Ratings"}, {"name": "Tech"}, {"name": "Trading Ideas"}], "stocks": [{"name": "CRM"}], "tags": [{"name": "Jefferies"}, {"name": "John DiFucci"}]}, {"id": 6233552, "author": "Benzinga", "created": "Tue, 09 Feb 2016 11:50:08 -0400", "updated": "Tue, 09 Feb 2016 11:50:08 -0400", "title": "Report: NFL Wants Verizon To 'Cough Up More Cash'", "teaser": "", "body": "", "url": "https://www.benzinga.com/node/6233552", "image": [], "channels": [{"name": "News"}, {"name": "Rumors"}, {"name": "Tech"}, {"name": "General"}], "stocks": [{"name": "T"}, {"name": "VZ"}, {"name": "YHOO"}], "tags": [{"name": "nfl"}, {"name": "NFL Sponsorship"}, {"name": "NFL Streaming"}, {"name": "Verizon"}]}, {"id": 6233864, "author": "Benzinga", "created": "Tue, 09 Feb 2016 12:18:15 -0400", "updated": "Tue, 09 Feb 2016 12:18:16 -0400", "title": "Stocks Buffeted Between Short-Term Oil Gains, Global Economic Uncertainty", "teaser": "", "body": "", "url": "https://www.benzinga.com/node/6233864", "image": [], "channels": [{"name": "News"}, {"name": "Economics"}], "stocks": [{"name": "CVS"}, {"name": "KO"}, {"name": "SHLD"}, {"name": "WEN"}], "tags": []}, {"id": 6233486, "author": "Benzinga", "created": "Tue, 09 Feb 2016 12:36:50 -0400", "updated": "Tue, 09 Feb 2016 12:36:50 -0400", "title": "Wal-Mart's Troubles Extend Beyond Brazil: Beware The U.K.", "teaser": "", "body": "", "url": "https://www.benzinga.com/node/6233486", "image": [], "channels": [{"name": "Analyst Color"}, {"name": "News"}, {"name": "Reiteration"}, {"name": "Retail Sales"}, {"name": "Top Stories"}, {"name": "Analyst Ratings"}, {"name": "Movers"}, {"name": "Trading Ideas"}], "stocks": [{"name": "WMT"}], "tags": [{"name": "Asda"}, {"name": "Joshua Siber"}, {"name": "Morgan Stanley"}, {"name": "Simeon Gutman"}]}, {"id": 6233984, "author": "Benzinga", "created": "Tue, 09 Feb 2016 12:55:56 -0400", "updated": "Tue, 09 Feb 2016 12:55:56 -0400", "title": "Your Recession Playbook: Avoid These Stocks, Buy Ross Stores", "teaser": "", "body": "", "url": "https://www.benzinga.com/node/6233984", "image": [], "channels": [{"name": "Analyst Color"}, {"name": "Long Ideas"}, {"name": "News"}, {"name": "Short Ideas"}, {"name": "Economics"}, {"name": "Analyst Ratings"}, {"name": "Trading Ideas"}], "stocks": [{"name": "BID"}, {"name": "CFR"}, {"name": "RH"}, {"name": "ROST"}, {"name": "TIF"}, {"name": "WMT"}], "tags": [{"name": "Cowen"}, {"name": "Recession"}, {"name": "Ross Stores"}]}, {"id": 6233748, "author": "Benzinga", "created": "Tue, 09 Feb 2016 12:06:14 -0400", "updated": "Tue, 09 Feb 2016 13:00:40 -0400", "title": "Walt Disney Co Earnings Expected To Top Year Ago But Cord-Cutting A Chief Concern", "teaser": "", "body": "", "url": "https://www.benzinga.com/node/6233748", "image": [], "channels": [{"name": "Earnings"}, {"name": "News"}], "stocks": [{"name": "DIS"}, {"name": "NFLX"}], "tags": []}, {"id": 6232497, "author": "Benzinga", "created": "Tue, 09 Feb 2016 09:49:52 -0400", "updated": "Tue, 09 Feb 2016 13:02:05 -0400", "title": "Is The Taiwan Earthquake Bad For Apple Inc. And QUALCOMM, Inc.?", "teaser": "", "body": "", "url": "https://www.benzinga.com/node/6232497", "image": [], "channels": [{"name": "Analyst Color"}, {"name": "Long Ideas"}, {"name": "News"}, {"name": "Reiteration"}, {"name": "Top Stories"}, {"name": "Analyst Ratings"}, {"name": "Trading Ideas"}], "stocks": [{"name": "AAPL"}, {"name": "QCOM"}, {"name": "TSM"}, {"name": "UMC"}], "tags": [{"name": "JPMorgan"}, {"name": "Rod Hall"}]}, {"id": 6234183, "author": "Benzinga", "created": "Tue, 09 Feb 2016 13:03:10 -0400", "updated": "Tue, 09 Feb 2016 13:03:11 -0400", "title": "Mid-Day Market Update: US Stocks Fall; Belden Shares Gain On Earnings Beat", "teaser": "", "body": "", "url": "https://www.benzinga.com/node/6234183", "image": [], "channels": [{"name": "Earnings"}, {"name": "News"}, {"name": "Guidance"}, {"name": "Eurozone"}, {"name": "Commodities"}, {"name": "Global"}, {"name": "Intraday Update"}, {"name": "Markets"}, {"name": "Movers"}], "stocks": [{"name": "ASEI"}, {"name": "BDC"}, {"name": "BLPH"}, {"name": "BRS"}, {"name": "CBM"}, {"name": "FIZZ"}, {"name": "GIG"}, {"name": "KO"}, {"name": "QLYS"}, {"name": "SEMG"}, {"name": "WTW"}], "tags": [{"name": "Mid-Day Market Update"}]}, {"id": 6230655, "author": "Benzinga", "created": "Tue, 09 Feb 2016 13:38:45 -0400", "updated": "Tue, 09 Feb 2016 13:38:45 -0400", "title": "Troubling News For UK ETFs", "teaser": "", "body": "", "url": "https://www.benzinga.com/node/6230655", "image": [], "channels": [{"name": "News"}, {"name": "Short Ideas"}, {"name": "Dividends"}, {"name": "Specialty ETFs"}, {"name": "Eurozone"}, {"name": "Commodities"}, {"name": "Pre-Market Outlook"}, {"name": "Markets"}, {"name": "Trading Ideas"}, {"name": "ETFs"}], "stocks": [{"name": "BHP"}, {"name": "BP"}, {"name": "COP"}, {"name": "CVX"}, {"name": "EWU"}, {"name": "RDS-A"}, {"name": "RIO"}, {"name": "RYCEY"}, {"name": "XOM"}], "tags": [{"name": "Brexit"}, {"name": "Henderson Global Investors"}, {"name": "The economist"}]}, {"id": 6233509, "author": "Benzinga", "created": "Tue, 09 Feb 2016 12:26:59 -0400", "updated": "Tue, 09 Feb 2016 14:03:27 -0400", "title": "Fearful Of Banks, Stifel Notes 'Explosive' Credit Default Swaps Reminiscent Of 2007 And 2011", "teaser": "", "body": "", "url": "https://www.benzinga.com/node/6233509", "image": [], "channels": [{"name": "Analyst Color"}, {"name": "News"}, {"name": "Short Ideas"}, {"name": "Top Stories"}, {"name": "Economics"}, {"name": "Markets"}, {"name": "Analyst Ratings"}, {"name": "Trading Ideas"}], "stocks": [{"name": "BAC"}, {"name": "C"}, {"name": "CS"}, {"name": "DB"}, {"name": "GS"}, {"name": "JPM"}, {"name": "MS"}, {"name": "WFC"}], "tags": [{"name": "CDS"}, {"name": "credit default swaps"}, {"name": "megabanks"}, {"name": "Stifel"}]}, {"id": 6235494, "author": "Benzinga", "created": "Tue, 09 Feb 2016 15:57:47 -0400", "updated": "Tue, 09 Feb 2016 15:59:02 -0400", "title": "Mid-Afternoon Market Update: Crude Oil Down Over 5%; Cambrex Shares Surge Following Q4 Earnings", "teaser": "", "body": "", "url": "https://www.benzinga.com/node/6235494", "image": [], "channels": [{"name": "Earnings"}, {"name": "News"}, {"name": "Guidance"}, {"name": "Eurozone"}, {"name": "Commodities"}, {"name": "Global"}, {"name": "Intraday Update"}, {"name": "Markets"}, {"name": "Movers"}], "stocks": [{"name": "ASEI"}, {"name": "BDC"}, {"name": "BLPH"}, {"name": "BRS"}, {"name": "CBM"}, {"name": "COKE"}, {"name": "FIZZ"}, {"name": "KO"}, {"name": "QLYS"}, {"name": "UNT"}], "tags": [{"name": "Mid-Afternoon Market Update"}]}, {"id": 6226582, "author": "Benzinga", "created": "Tue, 09 Feb 2016 17:07:42 -0400", "updated": "Tue, 09 Feb 2016 17:08:05 -0400", "title": "Icahn, Gilead, GE Lead Top Insider Trades Of The Week", "teaser": "", "body": "", "url": "https://www.benzinga.com/node/6226582", "image": [], "channels": [{"name": "News"}, {"name": "Insider Trades"}, {"name": "Trading Ideas"}], "stocks": [{"name": "CELG"}, {"name": "GE"}, {"name": "GILD"}, {"name": "JNJ"}, {"name": "PBY"}], "tags": []}, {"id": 6236256, "author": "Benzinga", "created": "Tue, 09 Feb 2016 17:10:27 -0400", "updated": "Tue, 09 Feb 2016 17:10:28 -0400", "title": "Meeks: Tech Sentiment 'Nasty,' But There Are Buying Opportunities", "teaser": "", "body": "", "url": "https://www.benzinga.com/node/6236256", "image": [], "channels": [{"name": "Analyst Color"}, {"name": "CNBC"}, {"name": "Long Ideas"}, {"name": "News"}, {"name": "Tech"}, {"name": "Media"}, {"name": "Trading Ideas"}], "stocks": [{"name": "AMZN"}, {"name": "CRM"}, {"name": "DATA"}, {"name": "MSFT"}], "tags": [{"name": "CNBC"}, {"name": "CNBC Halftime Report"}, {"name": "Paul Meeks"}, {"name": "Technology Stocks"}]}, {"id": 6236313, "author": "Benzinga", "created": "Tue, 09 Feb 2016 17:35:41 -0400", "updated": "Tue, 09 Feb 2016 19:03:24 -0400", "title": "Disney Beats Street But Slides On TV Business", "teaser": "", "body": "", "url": "https://www.benzinga.com/node/6236313", "image": [], "channels": [{"name": "Earnings"}, {"name": "News"}, {"name": "Top Stories"}, {"name": "Trading Ideas"}], "stocks": [{"name": "DIS"}], "tags": [{"name": "Estimize"}, {"name": "Fortune"}, {"name": "Vice"}]}, {"id": 6237373, "author": "Benzinga", "created": "Tue, 09 Feb 2016 19:02:31 -0400", "updated": "Tue, 09 Feb 2016 19:08:46 -0400", "title": "Why ESPN Fears Are Hurting Disney", "teaser": "", "body": "", "url": "https://www.benzinga.com/node/6237373", "image": [], "channels": [{"name": "Earnings"}, {"name": "News"}, {"name": "Guidance"}, {"name": "Top Stories"}, {"name": "After-Hours Center"}, {"name": "Markets"}, {"name": "Movers"}, {"name": "Tech"}, {"name": "Trading Ideas"}, {"name": "General"}], "stocks": [{"name": "DIS"}, {"name": "FOX"}], "tags": [{"name": "disney"}, {"name": "ESPN fears"}]}, {"id": 6236929, "author": "Benzinga", "created": "Tue, 09 Feb 2016 19:11:18 -0400", "updated": "Tue, 09 Feb 2016 19:13:25 -0400", "title": "SolarCity, Disney, Nuance Tumbling In Tuesday's After-Hours Session", "teaser": "", "body": "", "url": "https://www.benzinga.com/node/6236929", "image": [], "channels": [{"name": "Earnings"}, {"name": "News"}, {"name": "Guidance"}, {"name": "After-Hours Center"}, {"name": "Movers"}], "stocks": [{"name": "DIS"}, {"name": "NUAN"}, {"name": "SCTY"}], "tags": []}, {"id": 6237802, "author": "Benzinga", "created": "Tue, 09 Feb 2016 20:53:05 -0400", "updated": "Tue, 09 Feb 2016 20:53:05 -0400", "title": "Benzinga's M&A Chatter for Tuesday February 9, 2016", "teaser": "", "body": "", "url": "https://www.benzinga.com/node/6237802", "image": [], "channels": [{"name": "News"}, {"name": "Rumors"}, {"name": "M&A"}, {"name": "Movers"}], "stocks": [{"name": "AQUNF"}, {"name": "CP"}, {"name": "EDE"}, {"name": "GOGO"}, {"name": "NSC"}, {"name": "VZ"}], "tags": []}]