[{"id": 8685424, "author": "Benzinga", "created": "Fri, 11 Nov 2016 05:52:08 -0400", "updated": "Fri, 11 Nov 2016 05:52:08 -0400", "title": "7 Stocks To Watch For November 11, 2016", "teaser": "", "body": "", "url": "https://www.benzinga.com/node/8685424", "image": [], "channels": [{"name": "Earnings"}, {"name": "News"}, {"name": "Guidance"}, {"name": "Pre-Market Outlook"}, {"name": "Markets"}, {"name": "Trading Ideas"}], "stocks": [{"name": "BUFF"}, {"name": "DIS"}, {"name": "JCP"}, {"name": "JWN"}, {"name": "KORS"}, {"name": "MSCC"}, {"name": "NVDA"}], "tags": [{"name": "Stocks To Watch"}, {"name": "Stocks to Watch"}]}, {"id": 8685741, "author": "Benzinga", "created": "Fri, 11 Nov 2016 08:30:56 -0400", "updated": "Fri, 11 Nov 2016 08:30:57 -0400", "title": "A Peek Into The Markets: U.S. Stock Futures Down Ahead Of Consumer Sentiment Report", "teaser": "", "body": "", "url": "https://www.benzinga.com/node/8685741", "image": [], "channels": [{"name": "Earnings"}, {"name": "News"}, {"name": "Eurozone"}, {"name": "Futures"}, {"name": "Global"}, {"name": "Pre-Market Outlook"}, {"name": "Markets"}], "stocks": [{"name": "DIS"}, {"name": "JWN"}, {"name": "KORS"}, {"name": "NVDA"}], "tags": [{"name": "A Peek Into The Markets"}, {"name": "Pivotal Research"}, {"name": "U.S. stock futures"}]}, {"id": 8685913, "author": "Benzinga", "created": "Fri, 11 Nov 2016 09:21:33 -0400", "updated": "Fri, 11 Nov 2016 09:21:33 -0400", "title": "18 Stocks Moving In Friday's Pre-Market Session", "teaser": "", "body": "", "url": "https://www.benzinga.com/node/8685913", "image": [], "channels": [{"name": "News"}, {"name": "Movers & Shakers"}, {"name": "Pre-Market Outlook"}, {"name": "Markets"}, {"name": "Movers"}], "stocks": [{"name": "ACIA"}, {"name": "AFSI"}, {"name": "CYH"}, {"name": "DIS"}, {"name": "EROS"}, {"name": "JCP"}, {"name": "JWN"}, {"name": "KORS"}, {"name": "MACK"}, {"name": "NR"}, {"name": "NVDA"}, {"name": "PLAB"}, {"name": "PTCT"}, {"name": "SBS"}, {"name": "SPWR"}, {"name": "TCK"}, {"name": "TTM"}, {"name": "VJET"}], "tags": [{"name": "#PreMarket Gainers"}, {"name": "Losers"}, {"name": "Top Gainers"}]}, {"id": 8685656, "author": "Benzinga", "created": "Fri, 11 Nov 2016 09:57:36 -0400", "updated": "Fri, 11 Nov 2016 09:57:36 -0400", "title": "The Market In 5 Minutes: You Don't Really Care For Music, Do You?", "teaser": "", "body": "", "url": "https://www.benzinga.com/node/8685656", "image": [], "channels": [{"name": "News"}, {"name": "Global"}, {"name": "Top Stories"}, {"name": "Pre-Market Outlook"}, {"name": "Markets"}], "stocks": [{"name": "ACAD"}, {"name": "BABA"}, {"name": "CNC"}, {"name": "DECK"}, {"name": "DIS"}, {"name": "FIT"}, {"name": "HUM"}, {"name": "JCP"}, {"name": "JWN"}, {"name": "KORS"}, {"name": "NVDA"}, {"name": "PLKI"}, {"name": "SPY"}, {"name": "USO"}], "tags": [{"name": "the market in 5 minutes"}]}, {"id": 8686025, "author": "Benzinga", "created": "Fri, 11 Nov 2016 10:06:36 -0400", "updated": "Fri, 11 Nov 2016 10:06:36 -0400", "title": "NVIDIA Delivers Second Consecutive Spectacular Quarter", "teaser": "", "body": "", "url": "https://www.benzinga.com/node/8686025", "image": [], "channels": [{"name": "Analyst Color"}, {"name": "Earnings"}, {"name": "Long Ideas"}, {"name": "News"}, {"name": "Guidance"}, {"name": "Price Target"}, {"name": "Reiteration"}, {"name": "Analyst Ratings"}, {"name": "Movers"}, {"name": "Tech"}, {"name": "Trading Ideas"}], "stocks": [{"name": "AMZN"}, {"name": "BABA"}, {"name": "BIDU"}, {"name": "MSFT"}, {"name": "NVDA"}, {"name": "TSLA"}], "tags": [{"name": "AliCloud"}, {"name": "AWS"}, {"name": "Azure"}, {"name": "Ian Ing"}, {"name": "MKM Partners"}, {"name": "TomTom"}]}, {"id": 8685898, "author": "Benzinga", "created": "Fri, 11 Nov 2016 10:12:51 -0400", "updated": "Fri, 11 Nov 2016 10:12:52 -0400", "title": "The Drag From ESPN On Disney Shares Likely To Moderate", "teaser": "", "body": "", "url": "https://www.benzinga.com/node/8685898", "image": [], "channels": [{"name": "Analyst Color"}, {"name": "Earnings"}, {"name": "News"}, {"name": "Upgrades"}, {"name": "Sports"}, {"name": "Analyst Ratings"}, {"name": "Media"}, {"name": "General"}], "stocks": [{"name": "DIS"}], "tags": [{"name": "Barclays"}, {"name": "ESPN"}, {"name": "Kannan Venkateshwar"}, {"name": "NBA"}, {"name": "nfl"}]}, {"id": 8686119, "author": "Benzinga", "created": "Fri, 11 Nov 2016 10:47:29 -0400", "updated": "Fri, 11 Nov 2016 10:47:29 -0400", "title": "Why A Weak Q4 From Disney Didn't Stop Barclays From Upgrading The Stock", "teaser": "", "body": "", "url": "https://www.benzinga.com/node/8686119", "image": [], "channels": [{"name": "Analyst Color"}, {"name": "Earnings"}, {"name": "News"}, {"name": "Guidance"}, {"name": "Upgrades"}, {"name": "Price Target"}, {"name": "Analyst Ratings"}, {"name": "Movers"}], "stocks": [{"name": "DIS"}], "tags": [{"name": "Barclays"}, {"name": "Disney China"}, {"name": "Disney Shanghai"}, {"name": "ESPN"}, {"name": "Kannan Venkateshwar"}]}, {"id": 8686592, "author": "Benzinga", "created": "Fri, 11 Nov 2016 11:28:21 -0400", "updated": "Fri, 11 Nov 2016 11:28:26 -0400", "title": "Putting On The Brakes: After Election Week Rally, Market Takes A Breathe", "teaser": "", "body": "", "url": "https://www.benzinga.com/node/8686592", "image": [], "channels": [{"name": "Earnings"}, {"name": "News"}, {"name": "Guidance"}, {"name": "Commodities"}, {"name": "Treasuries"}, {"name": "Events"}, {"name": "Global"}, {"name": "Econ #s"}, {"name": "Economics"}, {"name": "Markets"}, {"name": "Reviews"}, {"name": "ETFs"}], "stocks": [{"name": "DIS"}], "tags": []}, {"id": 8682768, "author": "Benzinga", "created": "Fri, 11 Nov 2016 11:38:57 -0400", "updated": "Fri, 11 Nov 2016 11:38:58 -0400", "title": "Globalstar Scales Back Amid Console Concerns", "teaser": "", "body": "", "url": "https://www.benzinga.com/node/8682768", "image": [], "channels": [{"name": "News"}, {"name": "Legal"}, {"name": "Movers"}, {"name": "Tech"}, {"name": "Trading Ideas"}], "stocks": [{"name": "GSAT"}, {"name": "MSFT"}], "tags": [{"name": "FCC"}]}, {"id": 8667308, "author": "Benzinga", "created": "Fri, 11 Nov 2016 12:00:16 -0400", "updated": "Fri, 11 Nov 2016 12:00:17 -0400", "title": "9 Of The Most Successful Veterans Turned CEOs", "teaser": "", "body": "", "url": "https://www.benzinga.com/node/8667308", "image": [], "channels": [{"name": "News"}, {"name": "Education"}, {"name": "Management"}, {"name": "Events"}, {"name": "General"}], "stocks": [{"name": "CASY"}, {"name": "CBS"}, {"name": "FDX"}, {"name": "FL"}, {"name": "GM"}, {"name": "JNJ"}, {"name": "MCD"}, {"name": "PG"}, {"name": "VIAB"}, {"name": "VZ"}, {"name": "WBA"}], "tags": [{"name": "Alex Gorsky"}, {"name": "Daniel Akerson"}, {"name": "Frederick Smith"}, {"name": "James Skinner"}, {"name": "Kin Hicks"}, {"name": "Lowell McAdam"}, {"name": "Robert McDonald"}, {"name": "Robert Myers"}, {"name": "Sumner Redstone"}]}, {"id": 8686549, "author": "Benzinga", "created": "Fri, 11 Nov 2016 12:48:01 -0400", "updated": "Fri, 11 Nov 2016 12:48:01 -0400", "title": "Bob Iger Pacifies Disney Investors Following Disappointing Q4 Performance", "teaser": "", "body": "", "url": "https://www.benzinga.com/node/8686549", "image": [], "channels": [{"name": "Analyst Color"}, {"name": "Earnings"}, {"name": "News"}, {"name": "Guidance"}, {"name": "Price Target"}, {"name": "Reiteration"}, {"name": "Analyst Ratings"}, {"name": "Movers"}], "stocks": [{"name": "DIS"}, {"name": "NFLX"}], "tags": [{"name": "BMO Capital"}, {"name": "Bob Iger"}, {"name": "Disney Animation"}, {"name": "Disney China"}, {"name": "Disney Shanghai"}, {"name": "DTVNow"}, {"name": "ESPN"}, {"name": "Hulu"}, {"name": "Marvel"}, {"name": "NBA"}, {"name": "Pixar"}, {"name": "Robert Iger"}]}, {"id": 8686580, "author": "Benzinga", "created": "Fri, 11 Nov 2016 13:04:47 -0400", "updated": "Fri, 11 Nov 2016 13:04:47 -0400", "title": "Barclays Remains A Buyer Of Salesforce Ahead Of Q3 Earnings", "teaser": "", "body": "", "url": "https://www.benzinga.com/node/8686580", "image": [], "channels": [{"name": "Analyst Color"}, {"name": "Earnings"}, {"name": "Long Ideas"}, {"name": "News"}, {"name": "Previews"}, {"name": "Reiteration"}, {"name": "Analyst Ratings"}, {"name": "Movers"}, {"name": "Tech"}, {"name": "Trading Ideas"}], "stocks": [{"name": "CRM"}], "tags": [{"name": "Barclays"}, {"name": "Raimo Lenschow"}]}, {"id": 8687085, "author": "Benzinga", "created": "Fri, 11 Nov 2016 13:28:31 -0400", "updated": "Fri, 11 Nov 2016 13:28:31 -0400", "title": "12 Biggest Mid-Day Gainers For Friday", "teaser": "", "body": "", "url": "https://www.benzinga.com/node/8687085", "image": [], "channels": [{"name": "News"}, {"name": "Intraday Update"}, {"name": "Markets"}, {"name": "Movers"}], "stocks": [{"name": "AWX"}, {"name": "DIS"}, {"name": "DMTX"}, {"name": "DRYS"}, {"name": "GUID"}, {"name": "NVDA"}, {"name": "PTCT"}, {"name": "RDWR"}, {"name": "SINO"}, {"name": "SUNW"}, {"name": "TRTN"}, {"name": "VDTH"}], "tags": [{"name": "Mid-Day Gainers"}, {"name": "Top Gainers"}]}, {"id": 8687253, "author": "Benzinga", "created": "Fri, 11 Nov 2016 14:55:57 -0400", "updated": "Fri, 11 Nov 2016 14:55:58 -0400", "title": "Bob Iger Hinted At Disney's Next M&A Move And It Could Be A Big One", "teaser": "", "body": "", "url": "https://www.benzinga.com/node/8687253", "image": [], "channels": [{"name": "Earnings"}, {"name": "News"}, {"name": "Rumors"}, {"name": "M&A"}, {"name": "Top Stories"}, {"name": "Tech"}], "stocks": [{"name": "AMCX"}, {"name": "DIS"}, {"name": "DISCA"}, {"name": "NFLX"}, {"name": "T"}, {"name": "TWTR"}, {"name": "TWX"}], "tags": [{"name": "BAMTech"}, {"name": "Bob Iger"}, {"name": "Hulu"}]}, {"id": 8687077, "author": "Benzinga", "created": "Fri, 11 Nov 2016 15:21:20 -0400", "updated": "Fri, 11 Nov 2016 15:21:20 -0400", "title": "Bibbidi Bobbidi Blah: Disney's Q4 Just As Tough As Expected", "teaser": "", "body": "", "url": "https://www.benzinga.com/node/8687077", "image": [], "channels": [{"name": "Analyst Color"}, {"name": "Earnings"}, {"name": "News"}, {"name": "Guidance"}, {"name": "Price Target"}, {"name": "Reiteration"}, {"name": "Analyst Ratings"}, {"name": "Movers"}, {"name": "Trading Ideas"}], "stocks": [{"name": "DIS"}], "tags": [{"name": "Bank of America"}, {"name": "Bofa/Merrill"}, {"name": "Disney China"}, {"name": "Disney Shanghai"}, {"name": "Jessica Reif Cohen"}, {"name": "Lucasfilm"}, {"name": "Marvel"}, {"name": "Pixar"}]}, {"id": 8687020, "author": "Benzinga", "created": "Fri, 11 Nov 2016 15:28:10 -0400", "updated": "Fri, 11 Nov 2016 15:28:11 -0400", "title": "Did NVIDIA's Ultra-Conservative Guidance Set It Up For Huge Beat?", "teaser": "", "body": "", "url": "https://www.benzinga.com/node/8687020", "image": [], "channels": [{"name": "Analyst Color"}, {"name": "Earnings"}, {"name": "News"}, {"name": "Guidance"}, {"name": "Price Target"}, {"name": "Reiteration"}, {"name": "Analyst Ratings"}, {"name": "Movers"}, {"name": "Tech"}], "stocks": [{"name": "MSFT"}, {"name": "NVDA"}, {"name": "TSLA"}], "tags": [{"name": "Ambrish Srivastava"}, {"name": "BMO"}, {"name": "BMO Capital Markets"}]}]