[{"id": 6205151, "author": "Benzinga", "created": "Wed, 03 Feb 2016 05:16:36 -0400", "updated": "Wed, 03 Feb 2016 05:16:36 -0400", "title": "Earnings Scheduled For February 3, 2016", "teaser": "", "body": "", "url": "https://www.benzinga.com/node/6205151", "image": [], "channels": [{"name": "Earnings"}, {"name": "News"}, {"name": "Pre-Market Outlook"}, {"name": "Markets"}], "stocks": [{"name": "ABB"}, {"name": "ADP"}, {"name": "ALL"}, {"name": "AVY"}, {"name": "BDX"}, {"name": "BWLD"}, {"name": "CCK"}, {"name": "CMCSA"}, {"name": "ETN"}, {"name": "EXC"}, {"name": "GM"}, {"name": "GPRO"}, {"name": "HUBG"}, {"name": "IP"}, {"name": "JEC"}, {"name": "KMT"}, {"name": "MAN"}, {"name": "MDLZ"}, {"name": "MET"}, {"name": "MPC"}, {"name": "MRK"}, {"name": "MUSA"}, {"name": "NE"}, {"name": "NXPI"}, {"name": "POL"}, {"name": "SE"}, {"name": "SO"}, {"name": "TMHC"}, {"name": "TMK"}, {"name": "TTWO"}, {"name": "YUM"}], "tags": [{"name": "Earnings schedule"}, {"name": "Human Resource & Employment Services"}, {"name": "Industrials"}]}, {"id": 6205160, "author": "Benzinga", "created": "Wed, 03 Feb 2016 05:28:58 -0400", "updated": "Wed, 03 Feb 2016 05:28:58 -0400", "title": "Keep an Eye on These 10 Stocks for February 3, 2016", "teaser": "", "body": "", "url": "https://www.benzinga.com/node/6205160", "image": [], "channels": [{"name": "Earnings"}, {"name": "News"}, {"name": "Dividends"}, {"name": "Pre-Market Outlook"}, {"name": "Markets"}, {"name": "Trading Ideas"}], "stocks": [{"name": "CMCSA"}, {"name": "CMG"}, {"name": "GILD"}, {"name": "GM"}, {"name": "GPRO"}, {"name": "MDLZ"}, {"name": "MET"}, {"name": "MRK"}, {"name": "YHOO"}, {"name": "YUM"}], "tags": [{"name": "Stocks To Watch"}, {"name": "Stocks to Watch"}]}, {"id": 6205180, "author": "Benzinga", "created": "Wed, 03 Feb 2016 05:43:33 -0400", "updated": "Wed, 03 Feb 2016 05:43:49 -0400", "title": "ESPN, Tencent to Collaborate on Content for Tencent's Media Platforms in China", "teaser": "", "body": "", "url": "https://www.benzinga.com/node/6205180", "image": [], "channels": [{"name": "News"}, {"name": "Contracts"}, {"name": "Press Releases"}], "stocks": [{"name": "DIS"}, {"name": "TCEHY"}], "tags": []}, {"id": 6204751, "author": "Benzinga", "created": "Wed, 03 Feb 2016 09:16:04 -0400", "updated": "Wed, 03 Feb 2016 09:16:04 -0400", "title": "Pros Expect Smart Beta ETF Wave To Keep Swelling", "teaser": "", "body": "", "url": "https://www.benzinga.com/node/6204751", "image": [], "channels": [{"name": "Long Ideas"}, {"name": "News"}, {"name": "Broad U.S. Equity ETFs"}, {"name": "Specialty ETFs"}, {"name": "Intraday Update"}, {"name": "Markets"}, {"name": "Trading Ideas"}, {"name": "ETFs"}], "stocks": [{"name": "KO"}, {"name": "PG"}, {"name": "USMV"}, {"name": "VZ"}, {"name": "XRLV"}], "tags": [{"name": "Blackrock"}, {"name": "Daniel Gamba"}, {"name": "ETF.com"}, {"name": "ETFGI"}, {"name": "FTSE Russell"}, {"name": "ishares"}, {"name": "S&P Capital IQ"}, {"name": "smart beta"}, {"name": "Smart beta ETFs"}]}, {"id": 6204905, "author": "Benzinga", "created": "Wed, 03 Feb 2016 09:33:32 -0400", "updated": "Wed, 03 Feb 2016 09:33:32 -0400", "title": "This ETF Holds Several Of The World's Largest Companies", "teaser": "", "body": "", "url": "https://www.benzinga.com/node/6204905", "image": [], "channels": [{"name": "Long Ideas"}, {"name": "News"}, {"name": "Sector ETFs"}, {"name": "Pre-Market Outlook"}, {"name": "Markets"}, {"name": "Tech"}, {"name": "Trading Ideas"}, {"name": "ETFs"}], "stocks": [{"name": "AAPL"}, {"name": "FB"}, {"name": "GOOG"}, {"name": "GOOGL"}, {"name": "MSFT"}, {"name": "XLK"}], "tags": [{"name": "AltaVista"}, {"name": "Bloomberg"}, {"name": "Finviz"}, {"name": "S&P 500"}]}, {"id": 6205255, "author": "Benzinga", "created": "Wed, 03 Feb 2016 09:25:22 -0400", "updated": "Wed, 03 Feb 2016 09:36:12 -0400", "title": "Yahoo's Potential Buyers", "teaser": "", "body": "", "url": "https://www.benzinga.com/node/6205255", "image": [], "channels": [{"name": "Earnings"}, {"name": "Long Ideas"}, {"name": "News"}, {"name": "M&A"}, {"name": "Tech"}, {"name": "Trading Ideas"}], "stocks": [{"name": "ATT"}, {"name": "BABA"}, {"name": "CMCSA"}, {"name": "NWSA"}, {"name": "SFTBF"}, {"name": "T"}, {"name": "VZ"}, {"name": "YHOO"}], "tags": [{"name": "Lowell McAdam"}, {"name": "Marissa Mayer"}]}, {"id": 6206246, "author": "Benzinga", "created": "Wed, 03 Feb 2016 09:42:59 -0400", "updated": "Wed, 03 Feb 2016 09:42:59 -0400", "title": "Shares Of Merck Dip Lower Following Q4 Print", "teaser": "", "body": "", "url": "https://www.benzinga.com/node/6206246", "image": [], "channels": [{"name": "Earnings"}, {"name": "News"}, {"name": "Guidance"}], "stocks": [{"name": "MRK"}], "tags": [{"name": "Kenneth Frazier"}, {"name": "Keytruda"}, {"name": "merck"}, {"name": "MRK"}, {"name": "ZEPATIER"}]}, {"id": 6207328, "author": "Benzinga", "created": "Wed, 03 Feb 2016 11:55:27 -0400", "updated": "Wed, 03 Feb 2016 11:55:27 -0400", "title": "Microsoft's Surface Tablets Sales Exceeded Expectations In 2015", "teaser": "", "body": "", "url": "https://www.benzinga.com/node/6207328", "image": [], "channels": [{"name": "News"}, {"name": "Rumors"}, {"name": "Tech"}], "stocks": [{"name": "MSFT"}], "tags": [{"name": "Digitimes"}, {"name": "Microsoft Surface"}, {"name": "Tablet Sales"}, {"name": "tablets"}]}, {"id": 6208780, "author": "Benzinga", "created": "Wed, 03 Feb 2016 16:17:58 -0400", "updated": "Wed, 03 Feb 2016 16:17:58 -0400", "title": "Microsoft's HoloLens Imagines How NFL Fans Could Revolutionize The Way They Watch TV", "teaser": "", "body": "", "url": "https://www.benzinga.com/node/6208780", "image": [], "channels": [{"name": "News"}, {"name": "Tech"}], "stocks": [{"name": "MSFT"}], "tags": [{"name": "HoloLens"}, {"name": "Yusuf Mehdi"}]}, {"id": 6209030, "author": "Benzinga", "created": "Wed, 03 Feb 2016 16:25:48 -0400", "updated": "Wed, 03 Feb 2016 16:25:48 -0400", "title": "Report: Google Will Endorse Qualcomm's Chips At Company Event Next Week", "teaser": "", "body": "", "url": "https://www.benzinga.com/node/6209030", "image": [], "channels": [{"name": "News"}, {"name": "Rumors"}, {"name": "Events"}, {"name": "Tech"}], "stocks": [{"name": "GOOG"}, {"name": "INTC"}, {"name": "QCOM"}], "tags": [{"name": "Bloomberg"}, {"name": "Qualcomm"}, {"name": "Qualcomm Server Chips"}]}, {"id": 6207203, "author": "Benzinga", "created": "Wed, 03 Feb 2016 12:34:52 -0400", "updated": "Wed, 03 Feb 2016 17:04:28 -0400", "title": "Does ESPN's Recovery Lie In China?", "teaser": "", "body": "", "url": "https://www.benzinga.com/node/6207203", "image": [], "channels": [{"name": "News"}, {"name": "Global"}, {"name": "Top Stories"}, {"name": "Markets"}, {"name": "Tech"}], "stocks": [{"name": "DIS"}], "tags": [{"name": "ESPN"}, {"name": "ESPN Media Zone"}, {"name": "March Madness"}, {"name": "NBA"}, {"name": "Russell Wolff"}, {"name": "Tencent"}]}, {"id": 6207547, "author": "Benzinga", "created": "Wed, 03 Feb 2016 12:39:14 -0400", "updated": "Wed, 03 Feb 2016 17:04:41 -0400", "title": "General Growth CEO Warns Apple Stores May Be Bogging Down Growth", "teaser": "", "body": "", "url": "https://www.benzinga.com/node/6207547", "image": [], "channels": [{"name": "News"}, {"name": "Rumors"}, {"name": "Top Stories"}, {"name": "Movers"}, {"name": "Tech"}], "stocks": [{"name": "AAPL"}, {"name": "GGP"}], "tags": [{"name": "Apple Insider"}, {"name": "Apple Stores"}, {"name": "Sandeep Mathrani"}]}]