[{"id": 8384757, "author": "Benzinga", "created": "Wed, 24 Aug 2016 06:53:38 -0400", "updated": "Wed, 24 Aug 2016 06:53:38 -0400", "title": "Yeezy Attempts To Hop Over Jumpman In The NBA", "teaser": "", "body": "", "url": "https://www.benzinga.com/node/8384757", "image": [], "channels": [{"name": "News"}, {"name": "Retail Sales"}, {"name": "Sports"}, {"name": "General"}], "stocks": [{"name": "ADDYY"}, {"name": "NKE"}], "tags": [{"name": "Kanye West"}, {"name": "NBA"}]}, {"id": 8383546, "author": "Benzinga", "created": "Wed, 24 Aug 2016 10:56:04 -0400", "updated": "Wed, 24 Aug 2016 10:56:04 -0400", "title": "Risk Arbitrage Trading Strategies", "teaser": "", "body": "", "url": "https://www.benzinga.com/node/8383546", "image": [], "channels": [{"name": "Biotech"}, {"name": "News"}, {"name": "M&A"}, {"name": "Media"}, {"name": "Trading Ideas"}, {"name": "Interview"}, {"name": "General"}], "stocks": [{"name": "MDVN"}, {"name": "PFE"}, {"name": "RAD"}, {"name": "SCTY"}, {"name": "TSLA"}, {"name": "WBA"}], "tags": [{"name": "Dennis Dick"}, {"name": "Joel Elconin"}, {"name": "PreMarket Prep"}]}, {"id": 8386434, "author": "Benzinga", "created": "Wed, 24 Aug 2016 11:35:20 -0400", "updated": "Wed, 24 Aug 2016 11:35:20 -0400", "title": "Lowe's Shares Edge Higher As Bank Of America Adds Stock To 'US1' List", "teaser": "", "body": "", "url": "https://www.benzinga.com/node/8386434", "image": [], "channels": [{"name": "Analyst Color"}, {"name": "Long Ideas"}, {"name": "News"}, {"name": "Reiteration"}, {"name": "Analyst Ratings"}, {"name": "Movers"}, {"name": "Trading Ideas"}], "stocks": [{"name": "HD"}, {"name": "LOW"}], "tags": [{"name": "Bank of America"}, {"name": "Bank Of America Merrill Lynch US1 List"}, {"name": "Denise Chai"}, {"name": "Lowe's Lowe's Earnings"}]}, {"id": 8387545, "author": "Benzinga", "created": "Wed, 24 Aug 2016 13:57:55 -0400", "updated": "Wed, 24 Aug 2016 13:57:55 -0400", "title": "The 2015 Flash Crash Was One Year Ago Today. Why Did It Happen?", "teaser": "", "body": "", "url": "https://www.benzinga.com/node/8387545", "image": [], "channels": [{"name": "News"}, {"name": "Education"}, {"name": "Economics"}, {"name": "Exclusives"}, {"name": "Media"}, {"name": "Interview"}, {"name": "General"}], "stocks": [{"name": "MRK"}], "tags": [{"name": "MRK"}]}, {"id": 8388324, "author": "Benzinga", "created": "Wed, 24 Aug 2016 15:45:12 -0400", "updated": "Wed, 24 Aug 2016 15:45:12 -0400", "title": "FCC Likely To Get Enough Spectrum Auction Bids From AT&T, Others To Clear Its First Benchmark", "teaser": "", "body": "", "url": "https://www.benzinga.com/node/8388324", "image": [], "channels": [{"name": "News"}, {"name": "Legal"}, {"name": "Tech"}], "stocks": [{"name": "CMCSA"}, {"name": "CMCSK"}, {"name": "T"}, {"name": "TMUS"}, {"name": "VZ"}], "tags": [{"name": "FCC"}]}, {"id": 8388040, "author": "Benzinga", "created": "Wed, 24 Aug 2016 17:13:01 -0400", "updated": "Wed, 24 Aug 2016 17:13:01 -0400", "title": "10 Companies Apple Almost Bought In The Past 10 Years", "teaser": "", "body": "", "url": "https://www.benzinga.com/node/8388040", "image": [], "channels": [{"name": "News"}, {"name": "Rumors"}, {"name": "M&A"}, {"name": "Tech"}], "stocks": [{"name": "AAPL"}, {"name": "BBRY"}, {"name": "DFS"}, {"name": "NFLX"}, {"name": "SQ"}, {"name": "TSLA"}, {"name": "TWTR"}, {"name": "TWX"}], "tags": []}]