[{"id": 6238383, "author": "Benzinga", "created": "Wed, 10 Feb 2016 05:09:00 -0400", "updated": "Wed, 10 Feb 2016 05:09:00 -0400", "title": "Earnings Scheduled For February 10, 2016", "teaser": "", "body": "", "url": "https://www.benzinga.com/node/6238383", "image": [], "channels": [{"name": "Earnings"}, {"name": "News"}, {"name": "Pre-Market Outlook"}, {"name": "Markets"}], "stocks": [{"name": "ACCO"}, {"name": "ANDE"}, {"name": "ARMH"}, {"name": "ARMK"}, {"name": "AXTA"}, {"name": "CAE"}, {"name": "CG"}, {"name": "CNO"}, {"name": "CRL"}, {"name": "CSCO"}, {"name": "CTL"}, {"name": "CXW"}, {"name": "DTE"}, {"name": "EXPE"}, {"name": "FMC"}, {"name": "FNF"}, {"name": "HSIC"}, {"name": "HUM"}, {"name": "IFF"}, {"name": "IRBT"}, {"name": "KGC"}, {"name": "LOCK"}, {"name": "MRKT"}, {"name": "MYL"}, {"name": "OC"}, {"name": "OII"}, {"name": "ORLY"}, {"name": "PPC"}, {"name": "PRU"}, {"name": "SCI"}, {"name": "SEE"}, {"name": "SKX"}, {"name": "TSLA"}, {"name": "TWX"}, {"name": "VOYA"}, {"name": "WD"}, {"name": "WFM"}], "tags": [{"name": "Earnings schedule"}]}, {"id": 6238392, "author": "Benzinga", "created": "Wed, 10 Feb 2016 05:15:05 -0400", "updated": "Wed, 10 Feb 2016 05:16:51 -0400", "title": "ALK Announces Merck Submits BLA to FDA for Investigational House Dust Mite SLIT-tablet", "teaser": "", "body": "", "url": "https://www.benzinga.com/node/6238392", "image": [], "channels": [{"name": "News"}, {"name": "FDA"}, {"name": "Press Releases"}], "stocks": [{"name": "AKABY"}, {"name": "AKBLF"}, {"name": "MRK"}], "tags": []}, {"id": 6239361, "author": "Benzinga", "created": "Wed, 10 Feb 2016 09:19:46 -0400", "updated": "Wed, 10 Feb 2016 09:22:29 -0400", "title": "10 Stocks Moving In Wednesday's Pre-Market Session", "teaser": "", "body": "", "url": "https://www.benzinga.com/node/6239361", "image": [], "channels": [{"name": "News"}, {"name": "Pre-Market Outlook"}, {"name": "Markets"}, {"name": "Movers"}], "stocks": [{"name": "AKAM"}, {"name": "ARMH"}, {"name": "BTU"}, {"name": "CETV"}, {"name": "DIS"}, {"name": "FEYE"}, {"name": "PYPL"}, {"name": "SCTY"}, {"name": "SEDG"}, {"name": "TWX"}], "tags": [{"name": "#PreMarket Gainers"}, {"name": "#PreMarket Losers"}, {"name": "Top Gainers"}]}, {"id": 6238597, "author": "Benzinga", "created": "Wed, 10 Feb 2016 10:13:27 -0400", "updated": "Wed, 10 Feb 2016 10:13:27 -0400", "title": "The Generic Drug Battle", "teaser": "", "body": "", "url": "https://www.benzinga.com/node/6238597", "image": [], "channels": [{"name": "Biotech"}, {"name": "News"}, {"name": "Health Care"}, {"name": "FDA"}, {"name": "Markets"}, {"name": "Movers"}, {"name": "Trading Ideas"}, {"name": "General"}], "stocks": [{"name": "ABBV"}, {"name": "AMGN"}, {"name": "JNJ"}, {"name": "PFE"}], "tags": [{"name": "FDA"}, {"name": "Food and Drug Administration"}]}, {"id": 6236531, "author": "Benzinga", "created": "Wed, 10 Feb 2016 10:26:11 -0400", "updated": "Wed, 10 Feb 2016 10:26:11 -0400", "title": "What TD Ameritrade's Investor Movement Index Can Tell You About Equity Trends In Main Street", "teaser": "", "body": "", "url": "https://www.benzinga.com/node/6236531", "image": [], "channels": [{"name": "Long Ideas"}, {"name": "News"}, {"name": "Crowdsourcing"}, {"name": "Tech"}, {"name": "Trading Ideas"}, {"name": "General"}], "stocks": [{"name": "AAPL"}, {"name": "BABA"}, {"name": "FB"}, {"name": "NFLX"}, {"name": "YHOO"}], "tags": [{"name": "Nicole Sherrod"}, {"name": "TD Ameritrade"}]}, {"id": 6238412, "author": "Benzinga", "created": "Wed, 10 Feb 2016 05:40:57 -0400", "updated": "Wed, 10 Feb 2016 11:06:59 -0400", "title": "Keep An Eye On These 10 Stocks For February 10, 2016", "teaser": "", "body": "", "url": "https://www.benzinga.com/node/6238412", "image": [], "channels": [{"name": "Earnings"}, {"name": "News"}, {"name": "Guidance"}, {"name": "Pre-Market Outlook"}, {"name": "Markets"}, {"name": "Trading Ideas"}], "stocks": [{"name": "CSCO"}, {"name": "DIS"}, {"name": "HUM"}, {"name": "OC"}, {"name": "PRU"}, {"name": "SCTY"}, {"name": "TSLA"}, {"name": "TWX"}, {"name": "WFM"}, {"name": "WU"}], "tags": [{"name": "Stocks To Watch"}, {"name": "Stocks to Watch"}]}, {"id": 6240553, "author": "Benzinga", "created": "Wed, 10 Feb 2016 11:31:07 -0400", "updated": "Wed, 10 Feb 2016 11:33:28 -0400", "title": "Fitbit Investors Cheer Marc Benioff's Stake", "teaser": "", "body": "", "url": "https://www.benzinga.com/node/6240553", "image": [], "channels": [{"name": "News"}, {"name": "Movers"}, {"name": "Tech"}], "stocks": [{"name": "CRM"}, {"name": "FIT"}], "tags": [{"name": "Marc Benioff"}]}, {"id": 6241169, "author": "Benzinga", "created": "Wed, 10 Feb 2016 12:11:34 -0400", "updated": "Wed, 10 Feb 2016 12:11:34 -0400", "title": "Report: Apple And Google Looking To Outlaw State Bans On Encrypted Phones", "teaser": "", "body": "", "url": "https://www.benzinga.com/node/6241169", "image": [], "channels": [{"name": "News"}, {"name": "Legal"}, {"name": "Tech"}], "stocks": [{"name": "AAPL"}, {"name": "GOOG"}, {"name": "GOOGL"}], "tags": [{"name": "9 to 5 Mac"}, {"name": "ENCR?YPT Act Of 2016"}, {"name": "iPhone Encryption"}, {"name": "Tim Cook"}, {"name": "US House Of Representatives"}]}, {"id": 6241491, "author": "Benzinga", "created": "Wed, 10 Feb 2016 12:44:10 -0400", "updated": "Wed, 10 Feb 2016 12:44:10 -0400", "title": "Nike Appoints Adam Sussman As First-Ever Chief Digital Officer, Notes Digital Offers A 'Fundamental Transformation'", "teaser": "", "body": "", "url": "https://www.benzinga.com/node/6241491", "image": [], "channels": [{"name": "News"}, {"name": "Management"}], "stocks": [{"name": "NKE"}], "tags": [{"name": "Adam Sussman"}, {"name": "Nike 2020"}, {"name": "Nike Chief Digital Officer"}, {"name": "Nike+"}]}, {"id": 6237999, "author": "Benzinga", "created": "Wed, 10 Feb 2016 14:11:20 -0400", "updated": "Wed, 10 Feb 2016 14:11:20 -0400", "title": "What Warner Bros. Shifting 'Ready Player One' Means For Investors", "teaser": "", "body": "", "url": "https://www.benzinga.com/node/6237999", "image": [], "channels": [{"name": "News"}, {"name": "Events"}, {"name": "Markets"}, {"name": "Trading Ideas"}, {"name": "General"}], "stocks": [{"name": "DIS"}, {"name": "FOX"}, {"name": "VIAB"}], "tags": [{"name": "Paramount"}, {"name": "Steven Spielberg"}]}, {"id": 6244639, "author": "Benzinga", "created": "Wed, 10 Feb 2016 17:45:13 -0400", "updated": "Wed, 10 Feb 2016 17:45:13 -0400", "title": "Earnings Recap For February 10", "teaser": "", "body": "", "url": "https://www.benzinga.com/node/6244639", "image": [], "channels": [{"name": "Earnings"}, {"name": "News"}, {"name": "After-Hours Center"}], "stocks": [{"name": "CSCO"}, {"name": "EXPE"}, {"name": "HUM"}, {"name": "ORLY"}, {"name": "SKX"}, {"name": "TSLA"}, {"name": "TWTR"}, {"name": "TWX"}, {"name": "WFM"}], "tags": []}, {"id": 6244886, "author": "Benzinga", "created": "Wed, 10 Feb 2016 18:08:35 -0400", "updated": "Wed, 10 Feb 2016 18:08:35 -0400", "title": "Cisco, Twitter And Tesla Lead Wednesday's After-Hours Movers", "teaser": "", "body": "", "url": "https://www.benzinga.com/node/6244886", "image": [], "channels": [{"name": "Earnings"}, {"name": "News"}, {"name": "Guidance"}, {"name": "After-Hours Center"}, {"name": "Movers"}], "stocks": [{"name": "CSCO"}, {"name": "TSLA"}, {"name": "TWTR"}], "tags": []}, {"id": 6244891, "author": "Benzinga", "created": "Wed, 10 Feb 2016 18:15:11 -0400", "updated": "Wed, 10 Feb 2016 18:15:12 -0400", "title": "Cisco Gets A Boost After Beating Revenue, Earnings Estimates", "teaser": "", "body": "", "url": "https://www.benzinga.com/node/6244891", "image": [], "channels": [{"name": "Earnings"}, {"name": "News"}, {"name": "Guidance"}, {"name": "After-Hours Center"}, {"name": "Movers"}], "stocks": [{"name": "CSCO"}], "tags": []}]