[{"id": 8429749, "author": "Benzinga", "created": "Wed, 07 Sep 2016 07:45:40 -0400", "updated": "Wed, 07 Sep 2016 07:45:40 -0400", "title": "A Peek Into The Markets: U.S. Stock Futures Mixed Ahead Of Beige Book", "teaser": "", "body": "", "url": "https://www.benzinga.com/node/8429749", "image": [], "channels": [{"name": "Earnings"}, {"name": "News"}, {"name": "Guidance"}, {"name": "Eurozone"}, {"name": "Futures"}, {"name": "Global"}, {"name": "Pre-Market Outlook"}, {"name": "Markets"}], "stocks": [{"name": "AAPL"}, {"name": "CASY"}, {"name": "HDS"}, {"name": "PLAY"}, {"name": "SE"}, {"name": "WDC"}], "tags": [{"name": "Raymond James"}, {"name": "U.S. stock futures"}]}, {"id": 8429724, "author": "Benzinga", "created": "Wed, 07 Sep 2016 08:38:29 -0400", "updated": "Wed, 07 Sep 2016 08:38:29 -0400", "title": "The Market In 5 Minutes: All Eyes On Apple's New iPhone And Ackman's New Chipotle Stake", "teaser": "", "body": "", "url": "https://www.benzinga.com/node/8429724", "image": [], "channels": [{"name": "News"}, {"name": "Global"}, {"name": "Top Stories"}, {"name": "Pre-Market Outlook"}, {"name": "Markets"}], "stocks": [{"name": "AAPL"}, {"name": "BAYRY"}, {"name": "CASY"}, {"name": "CMG"}, {"name": "COP"}, {"name": "DE"}, {"name": "FDML"}, {"name": "GG"}, {"name": "HDS"}, {"name": "IEP"}, {"name": "ISIL"}, {"name": "LGND"}, {"name": "MON"}, {"name": "PEP"}, {"name": "PLAY"}, {"name": "RCL"}, {"name": "SCWX"}, {"name": "SPY"}, {"name": "SRC"}, {"name": "TCYMY"}, {"name": "USO"}, {"name": "VAL"}, {"name": "YUM"}], "tags": [{"name": "the market in 5 minutes"}]}, {"id": 8431049, "author": "Benzinga", "created": "Wed, 07 Sep 2016 10:43:26 -0400", "updated": "Wed, 07 Sep 2016 10:43:27 -0400", "title": "Keep An Eye On Grocers Following Sprouts' Guidance Cut", "teaser": "", "body": "", "url": "https://www.benzinga.com/node/8431049", "image": [], "channels": [{"name": "News"}, {"name": "Guidance"}, {"name": "Movers"}, {"name": "Trading Ideas"}], "stocks": [{"name": "KR"}, {"name": "SFM"}, {"name": "WFM"}, {"name": "WMT"}], "tags": [{"name": "Amin Maredia"}, {"name": "Organic Grocers"}, {"name": "Organic Grocery Stocks"}, {"name": "Sprouts Farmers"}, {"name": "Wal-Mart Groceries"}]}, {"id": 8431585, "author": "Benzinga", "created": "Wed, 07 Sep 2016 11:46:23 -0400", "updated": "Wed, 07 Sep 2016 11:46:23 -0400", "title": "3 iPhone Questions Wells Fargo Wants Answered", "teaser": "", "body": "", "url": "https://www.benzinga.com/node/8431585", "image": [], "channels": [{"name": "Analyst Color"}, {"name": "News"}, {"name": "Previews"}, {"name": "Events"}, {"name": "Analyst Ratings"}, {"name": "Trading Ideas"}], "stocks": [{"name": "AAPL"}], "tags": [{"name": "Apple Event"}, {"name": "iPhone"}, {"name": "iPhone 7"}, {"name": "Maynard Um"}, {"name": "Wells Fargo"}]}, {"id": 8431714, "author": "Benzinga", "created": "Wed, 07 Sep 2016 12:02:06 -0400", "updated": "Wed, 07 Sep 2016 12:02:08 -0400", "title": "Is Fed Watch Getting Boring? Markets Appear to Think So as They Edge Along Flat Line", "teaser": "", "body": "", "url": "https://www.benzinga.com/node/8431714", "image": [], "channels": [{"name": "News"}, {"name": "Events"}, {"name": "Global"}, {"name": "Economics"}, {"name": "Federal Reserve"}, {"name": "Markets"}, {"name": "Tech"}, {"name": "General"}], "stocks": [{"name": "AAPL"}, {"name": "AMZN"}, {"name": "FB"}, {"name": "WFC"}], "tags": []}, {"id": 8432191, "author": "Benzinga", "created": "Wed, 07 Sep 2016 13:36:07 -0400", "updated": "Wed, 07 Sep 2016 13:36:12 -0400", "title": "Nintendo Is Soaring After Mario Joins The Apple App Store", "teaser": "", "body": "", "url": "https://www.benzinga.com/node/8432191", "image": [], "channels": [{"name": "News"}, {"name": "Events"}, {"name": "Movers"}, {"name": "Tech"}], "stocks": [{"name": "AAPL"}, {"name": "NTDOY"}], "tags": [{"name": "Mario"}, {"name": "Pokemon Go"}, {"name": "Super Mario"}, {"name": "Super Mario RUn"}]}, {"id": 8432047, "author": "Benzinga", "created": "Wed, 07 Sep 2016 13:52:50 -0400", "updated": "Wed, 07 Sep 2016 13:53:39 -0400", "title": "Amazon May Have Spoiled Apple's iPhone 7 Debut", "teaser": "", "body": "", "url": "https://www.benzinga.com/node/8432047", "image": [], "channels": [{"name": "News"}, {"name": "Events"}, {"name": "Media"}], "stocks": [{"name": "AAPL"}, {"name": "AMZN"}], "tags": [{"name": "Amazon"}, {"name": "Gizmodo"}, {"name": "iPhone 7"}, {"name": "iPhone 7 Launch"}]}, {"id": 8432334, "author": "Benzinga", "created": "Wed, 07 Sep 2016 14:03:28 -0400", "updated": "Wed, 07 Sep 2016 14:14:03 -0400", "title": "All The Headlines From Apple's iPhone 7 Event (Updating)", "teaser": "", "body": "", "url": "https://www.benzinga.com/node/8432334", "image": [], "channels": [{"name": "News"}, {"name": "Hot"}, {"name": "Markets"}, {"name": "Movers"}, {"name": "Tech"}], "stocks": [{"name": "AAPL"}], "tags": []}, {"id": 8432410, "author": "Benzinga", "created": "Wed, 07 Sep 2016 14:38:50 -0400", "updated": "Wed, 07 Sep 2016 14:38:51 -0400", "title": "Garmin Sells Off After Apple Launches 'Swim Proof' Apple Watch Series 2", "teaser": "", "body": "", "url": "https://www.benzinga.com/node/8432410", "image": [], "channels": [{"name": "News"}, {"name": "Events"}, {"name": "Movers"}, {"name": "Tech"}], "stocks": [{"name": "AAPL"}, {"name": "GRMN"}, {"name": "NKE"}, {"name": "NTDOY"}], "tags": [{"name": "Apple Watch"}, {"name": "Apple Watch 2"}]}, {"id": 8432785, "author": "Benzinga", "created": "Wed, 07 Sep 2016 16:32:04 -0400", "updated": "Wed, 07 Sep 2016 16:32:05 -0400", "title": "How Pikachu And Super Mario Doubled Nintendo's Stock", "teaser": "", "body": "", "url": "https://www.benzinga.com/node/8432785", "image": [], "channels": [{"name": "News"}, {"name": "Movers"}, {"name": "Tech"}], "stocks": [{"name": "AAPL"}, {"name": "NTDOY"}], "tags": [{"name": "Mario"}, {"name": "Pokemon Go"}, {"name": "Super Mario RUn"}]}, {"id": 8433636, "author": "Benzinga", "created": "Wed, 07 Sep 2016 17:38:04 -0400", "updated": "Wed, 07 Sep 2016 17:38:05 -0400", "title": "6 After-Hours Movers: Clinical Trials, Earnings & Public Offerings", "teaser": "", "body": "", "url": "https://www.benzinga.com/node/8433636", "image": [], "channels": [{"name": "Earnings"}, {"name": "News"}, {"name": "Guidance"}, {"name": "Offerings"}, {"name": "Asset Sales"}, {"name": "FDA"}, {"name": "After-Hours Center"}, {"name": "Movers"}], "stocks": [{"name": "AAPL"}, {"name": "GEVO"}, {"name": "GWRE"}, {"name": "HPE"}, {"name": "RPRX"}, {"name": "TLRD"}, {"name": "VRNT"}], "tags": []}]