[{"id": 8651624, "author": "Benzinga", "created": "Fri, 04 Nov 2016 06:48:45 -0400", "updated": "Fri, 04 Nov 2016 06:48:47 -0400", "title": "Wall Street's M&A Chatter From Thursday, November 3", "teaser": "", "body": "", "url": "https://www.benzinga.com/node/8651624", "image": [], "channels": [{"name": "News"}, {"name": "Rumors"}, {"name": "M&A"}], "stocks": [{"name": "GLUU"}, {"name": "INTC"}, {"name": "LSCC"}], "tags": [{"name": "Information Technology"}, {"name": "Semiconductors"}]}, {"id": 8647654, "author": "Benzinga", "created": "Fri, 04 Nov 2016 08:45:08 -0400", "updated": "Fri, 04 Nov 2016 08:45:08 -0400", "title": "Broadcom Finds A Clever Way To Maintain M&A Strategy With Brocade Deal", "teaser": "", "body": "", "url": "https://www.benzinga.com/node/8647654", "image": [], "channels": [{"name": "Analyst Color"}, {"name": "Earnings"}, {"name": "Long Ideas"}, {"name": "News"}, {"name": "Price Target"}, {"name": "Reiteration"}, {"name": "M&A"}, {"name": "Analyst Ratings"}, {"name": "Movers"}, {"name": "Tech"}, {"name": "Trading Ideas"}], "stocks": [{"name": "ANET"}, {"name": "AVGO"}, {"name": "BRCD"}, {"name": "CSCO"}, {"name": "DVMT"}, {"name": "HPE"}, {"name": "JNPR"}], "tags": [{"name": "Ian Ing"}, {"name": "Michael Genovese"}, {"name": "MKM Partners"}]}, {"id": 8654281, "author": "Benzinga", "created": "Fri, 04 Nov 2016 15:07:29 -0400", "updated": "Fri, 04 Nov 2016 15:07:29 -0400", "title": "At The Stroke Of Midnight, Oracle's NetSuite Tender Offer Expires", "teaser": "", "body": "", "url": "https://www.benzinga.com/node/8654281", "image": [], "channels": [{"name": "Analyst Color"}, {"name": "News"}, {"name": "M&A"}, {"name": "Events"}, {"name": "Analyst Ratings"}, {"name": "Movers"}, {"name": "Tech"}, {"name": "Trading Ideas"}, {"name": "General"}], "stocks": [{"name": "CRM"}, {"name": "MSFT"}, {"name": "N"}, {"name": "NOW"}, {"name": "ORCL"}, {"name": "SAP"}, {"name": "SPLK"}, {"name": "SYMC"}, {"name": "ULTI"}], "tags": [{"name": "Brown Advisory"}, {"name": "Capital World"}, {"name": "Demandeware"}, {"name": "Evan Goldberg"}, {"name": "Larry Ellison"}, {"name": "Peoplesoft"}, {"name": "T. Rowe Price"}]}]