[{"id": 8148552, "author": "Benzinga", "created": "Fri, 24 Jun 2016 07:28:32 -0400", "updated": "Fri, 24 Jun 2016 07:28:32 -0400", "title": "Financials Are Crashing", "teaser": "", "body": "", "url": "https://www.benzinga.com/node/8148552", "image": [], "channels": [{"name": "News"}, {"name": "Politics"}, {"name": "Global"}, {"name": "Economics"}, {"name": "Movers"}, {"name": "General"}], "stocks": [{"name": "BAC"}, {"name": "BCS"}, {"name": "C"}, {"name": "DB"}, {"name": "GS"}, {"name": "HSBC"}, {"name": "JPM"}, {"name": "MS"}, {"name": "RBS"}, {"name": "WFC"}, {"name": "XLF"}], "tags": [{"name": "bank stocks"}, {"name": "banks"}, {"name": "Brexit"}, {"name": "European banks"}, {"name": "German Banks"}, {"name": "UK Banks"}]}, {"id": 8148631, "author": "Benzinga", "created": "Fri, 24 Jun 2016 07:56:44 -0400", "updated": "Fri, 24 Jun 2016 07:56:45 -0400", "title": "Lloyd Blankfein On Brexit: We Respect This Outcome", "teaser": "", "body": "", "url": "https://www.benzinga.com/node/8148631", "image": [], "channels": [{"name": "News"}, {"name": "Politics"}, {"name": "Events"}, {"name": "Global"}, {"name": "General"}], "stocks": [{"name": "GS"}], "tags": [{"name": "Brexit"}, {"name": "Brexit Vote"}, {"name": "Goldman Sachs"}, {"name": "Goldman Sachs Brexit"}, {"name": "Lloyd Blankfein"}]}, {"id": 8148768, "author": "Benzinga", "created": "Fri, 24 Jun 2016 08:15:21 -0400", "updated": "Fri, 24 Jun 2016 08:17:27 -0400", "title": "25 Stocks Moving In Friday's Pre-Market Session Following Brexit", "teaser": "", "body": "", "url": "https://www.benzinga.com/node/8148768", "image": [], "channels": [{"name": "News"}, {"name": "Movers & Shakers"}, {"name": "Pre-Market Outlook"}, {"name": "Markets"}, {"name": "Movers"}], "stocks": [{"name": "ABX"}, {"name": "AU"}, {"name": "AUY"}, {"name": "BAC"}, {"name": "BBVA"}, {"name": "BCS"}, {"name": "C"}, {"name": "CS"}, {"name": "DB"}, {"name": "DRD"}, {"name": "EGO"}, {"name": "EMES"}, {"name": "FINL"}, {"name": "GG"}, {"name": "GOLD"}, {"name": "GS"}, {"name": "HMY"}, {"name": "IBIO"}, {"name": "LYG"}, {"name": "RBS"}, {"name": "SAN"}, {"name": "SONC"}, {"name": "SSRI"}, {"name": "SUN"}, {"name": "UBS"}, {"name": "VMEM"}], "tags": [{"name": "#PreMarket Gainers"}, {"name": "Losers"}, {"name": "Top Gainers"}]}, {"id": 8148829, "author": "Benzinga", "created": "Fri, 24 Jun 2016 08:50:08 -0400", "updated": "Fri, 24 Jun 2016 08:50:09 -0400", "title": "The Market In 5 Minutes: The United Kingdom Will Leave The European Union", "teaser": "", "body": "", "url": "https://www.benzinga.com/node/8148829", "image": [], "channels": [{"name": "News"}, {"name": "Global"}, {"name": "Top Stories"}, {"name": "Markets"}], "stocks": [{"name": "BWLD"}, {"name": "CRM"}, {"name": "EMES"}, {"name": "NUE"}, {"name": "ORCL"}, {"name": "SPY"}, {"name": "SUN"}, {"name": "T"}, {"name": "TMUS"}, {"name": "USO"}, {"name": "XLF"}], "tags": [{"name": "the market in 5 minutes"}]}, {"id": 8147490, "author": "Benzinga", "created": "Fri, 24 Jun 2016 09:41:13 -0400", "updated": "Fri, 24 Jun 2016 09:41:42 -0400", "title": "NBA Payroll Set For Large Increase", "teaser": "", "body": "", "url": "https://www.benzinga.com/node/8147490", "image": [], "channels": [{"name": "News"}, {"name": "Sports"}, {"name": "Media"}, {"name": "Trading Ideas"}, {"name": "General"}], "stocks": [{"name": "ADDYY"}, {"name": "DIS"}], "tags": [{"name": "2016 NBA Draft"}, {"name": "Adam Silver"}, {"name": "Ben Simmons"}, {"name": "Boston Celtics"}, {"name": "Brandon Ingram"}, {"name": "Duke University"}, {"name": "ESPN"}, {"name": "Jaylen Brown"}, {"name": "LA Lakers"}, {"name": "Los Angeles Lakers"}, {"name": "NBA"}, {"name": "Philadelphia 76ers"}, {"name": "Slam Online"}, {"name": "Turner"}, {"name": "Turner Broadcasting System"}]}, {"id": 8149772, "author": "Benzinga", "created": "Fri, 24 Jun 2016 11:34:25 -0400", "updated": "Fri, 24 Jun 2016 11:38:50 -0400", "title": "Are You In The Know About IPOs?", "teaser": "", "body": "", "url": "https://www.benzinga.com/node/8149772", "image": [], "channels": [{"name": "News"}, {"name": "IPOs"}, {"name": "Startups"}, {"name": "Markets"}, {"name": "Tech"}, {"name": "General"}], "stocks": [{"name": "BABA"}, {"name": "CRM"}, {"name": "GOOG"}, {"name": "GRPN"}, {"name": "LNKD"}, {"name": "MTCH"}, {"name": "TWLO"}], "tags": []}, {"id": 8149930, "author": "Benzinga", "created": "Fri, 24 Jun 2016 11:58:46 -0400", "updated": "Fri, 24 Jun 2016 11:59:35 -0400", "title": "Discount Retailers Are Back In Fashion", "teaser": "", "body": "", "url": "https://www.benzinga.com/node/8149930", "image": [], "channels": [{"name": "News"}, {"name": "Retail Sales"}, {"name": "Topics"}, {"name": "Markets"}, {"name": "Trading Ideas"}, {"name": "General"}], "stocks": [{"name": "AMZN"}, {"name": "BURL"}, {"name": "DG"}, {"name": "DLTR"}, {"name": "GPS"}, {"name": "JWN"}, {"name": "M"}, {"name": "TJX"}, {"name": "WMT"}], "tags": []}, {"id": 8149910, "author": "Benzinga", "created": "Fri, 24 Jun 2016 12:20:40 -0400", "updated": "Fri, 24 Jun 2016 12:20:40 -0400", "title": "What A Boring Week In The Markets", "teaser": "", "body": "", "url": "https://www.benzinga.com/node/8149910", "image": [], "channels": [{"name": "News"}, {"name": "Technicals"}, {"name": "Global"}, {"name": "Top Stories"}, {"name": "Intraday Update"}, {"name": "Movers"}, {"name": "Trading Ideas"}], "stocks": [{"name": "AAPL"}, {"name": "BCS"}, {"name": "DB"}, {"name": "F"}, {"name": "GM"}, {"name": "KO"}, {"name": "SPY"}, {"name": "XLF"}, {"name": "XLU"}], "tags": [{"name": "Brexit"}, {"name": "David Cameron"}]}, {"id": 8150106, "author": "Benzinga", "created": "Fri, 24 Jun 2016 14:35:12 -0400", "updated": "Fri, 24 Jun 2016 14:35:12 -0400", "title": "Is There No End To Hollywood's Obsession With Sequels?", "teaser": "", "body": "", "url": "https://www.benzinga.com/node/8150106", "image": [], "channels": [{"name": "News"}, {"name": "Events"}, {"name": "Tech"}, {"name": "Media"}, {"name": "General"}], "stocks": [{"name": "DIS"}], "tags": [{"name": "Alice Through The Looking Glass"}, {"name": "Allegiant"}, {"name": "cnn money"}, {"name": "comScore"}, {"name": "Divergent"}, {"name": "Finding Dory"}, {"name": "Frank Pallotta"}, {"name": "Hollywood"}, {"name": "Independence Day: Resurgence"}, {"name": "Paul Dergarabedian"}, {"name": "Rogue One"}]}, {"id": 8150262, "author": "Benzinga", "created": "Fri, 24 Jun 2016 14:56:47 -0400", "updated": "Fri, 24 Jun 2016 14:56:47 -0400", "title": "Upcoming Conferences And Trade Shows Of Interest", "teaser": "", "body": "", "url": "https://www.benzinga.com/node/8150262", "image": [], "channels": [{"name": "Analyst Color"}, {"name": "News"}, {"name": "Events"}], "stocks": [{"name": "AMZN"}, {"name": "CSCO"}, {"name": "MSFT"}, {"name": "ORCL"}, {"name": "RHT"}], "tags": [{"name": "Pacific Crest"}]}]