[{"id": 6108948, "author": "Benzinga", "created": "Tue, 05 Jan 2016 08:02:44 -0400", "updated": "Tue, 05 Jan 2016 08:02:59 -0400", "title": "A Glum View On A High-Flying Sector", "teaser": "", "body": "", "url": "https://www.benzinga.com/node/6108948", "image": [], "channels": [{"name": "Long Ideas"}, {"name": "News"}, {"name": "Sector ETFs"}, {"name": "Short Ideas"}, {"name": "Intraday Update"}, {"name": "Markets"}, {"name": "Trading Ideas"}, {"name": "ETFs"}], "stocks": [{"name": "AMZN"}, {"name": "HD"}, {"name": "MCD"}, {"name": "NKE"}, {"name": "XLY"}], "tags": [{"name": "Consumer Discretionary"}, {"name": "Restaurants"}]}, {"id": 6110792, "author": "Benzinga", "created": "Tue, 05 Jan 2016 09:20:45 -0400", "updated": "Tue, 05 Jan 2016 09:20:45 -0400", "title": "Benzinga's Top #PreMarket Losers", "teaser": "", "body": "", "url": "https://www.benzinga.com/node/6110792", "image": [], "channels": [{"name": "News"}, {"name": "Movers & Shakers"}, {"name": "Pre-Market Outlook"}, {"name": "Markets"}], "stocks": [{"name": "ASML"}, {"name": "DD"}, {"name": "DIS"}, {"name": "MEMP"}, {"name": "SPWR"}], "tags": [{"name": "PreMarket Losers"}, {"name": "Top Losers"}]}, {"id": 6109082, "author": "Benzinga", "created": "Tue, 05 Jan 2016 09:30:09 -0400", "updated": "Tue, 05 Jan 2016 09:30:09 -0400", "title": "Is Lululemon Making A Comeback?", "teaser": "", "body": "", "url": "https://www.benzinga.com/node/6109082", "image": [], "channels": [{"name": "Analyst Color"}, {"name": "Long Ideas"}, {"name": "News"}, {"name": "Upgrades"}, {"name": "Markets"}, {"name": "Analyst Ratings"}, {"name": "Trading Ideas"}, {"name": "General"}], "stocks": [{"name": "LULU"}, {"name": "NKE"}, {"name": "UA"}], "tags": [{"name": "activewear"}, {"name": "Athleisure"}, {"name": "athletic gear"}, {"name": "China"}, {"name": "D.A. Davidson"}, {"name": "Interest Rates"}, {"name": "Jefferies"}, {"name": "valuation"}, {"name": "Wells Fargo"}]}, {"id": 6109157, "author": "Benzinga", "created": "Tue, 05 Jan 2016 10:17:38 -0400", "updated": "Tue, 05 Jan 2016 10:17:39 -0400", "title": "What To Make Of Monday's Market Selloff", "teaser": "", "body": "", "url": "https://www.benzinga.com/node/6109157", "image": [], "channels": [{"name": "Long Ideas"}, {"name": "News"}, {"name": "Movers & Shakers"}, {"name": "Economics"}, {"name": "Markets"}, {"name": "Movers"}, {"name": "Trading Ideas"}, {"name": "General"}], "stocks": [{"name": "AMZN"}, {"name": "FB"}, {"name": "GOOG"}, {"name": "GOOGL"}, {"name": "MSFT"}], "tags": [{"name": "China"}, {"name": "CNBC"}, {"name": "Wall Street Journal"}]}, {"id": 6111746, "author": "Benzinga", "created": "Tue, 05 Jan 2016 12:04:13 -0400", "updated": "Tue, 05 Jan 2016 12:04:13 -0400", "title": "Will Something Called 'Lightning Connector' Replace iPhone's Headphone Jack?", "teaser": "", "body": "", "url": "https://www.benzinga.com/node/6111746", "image": [], "channels": [{"name": "News"}, {"name": "Rumors"}, {"name": "Tech"}], "stocks": [{"name": "AAPL"}], "tags": [{"name": "iPhone"}, {"name": "iPhone 7"}, {"name": "Lightning Connector"}]}, {"id": 6111839, "author": "Benzinga", "created": "Tue, 05 Jan 2016 12:02:26 -0400", "updated": "Tue, 05 Jan 2016 12:07:42 -0400", "title": "Does Samsung's Latest Warning Spell Trouble For Apple?", "teaser": "", "body": "", "url": "https://www.benzinga.com/node/6111839", "image": [], "channels": [{"name": "Analyst Color"}, {"name": "News"}, {"name": "Guidance"}, {"name": "Previews"}, {"name": "Intraday Update"}, {"name": "Analyst Ratings"}, {"name": "Movers"}, {"name": "Tech"}, {"name": "Trading Ideas"}, {"name": "General"}], "stocks": [{"name": "AAPL"}, {"name": "QCOM"}, {"name": "SSNLF"}], "tags": [{"name": "Apple"}, {"name": "Rod Hall"}, {"name": "Samsung warning"}]}, {"id": 6112365, "author": "Benzinga", "created": "Tue, 05 Jan 2016 13:06:14 -0400", "updated": "Tue, 05 Jan 2016 13:06:14 -0400", "title": "VMware: Collaboration With Intel Security Will Deliver A 'Complete Mobile Security Solution'", "teaser": "", "body": "", "url": "https://www.benzinga.com/node/6112365", "image": [], "channels": [{"name": "News"}, {"name": "Contracts"}, {"name": "Intraday Update"}], "stocks": [{"name": "INTC"}, {"name": "VMW"}], "tags": [{"name": "D.J. Long"}, {"name": "Intel"}, {"name": "Intel Security"}, {"name": "Intel Security Innovation Alliance"}, {"name": "McAfee Data Exchange Layer"}, {"name": "Mobile Security"}, {"name": "Noah Wasmer"}, {"name": "VMware"}]}, {"id": 6112382, "author": "Benzinga", "created": "Tue, 05 Jan 2016 13:07:26 -0400", "updated": "Tue, 05 Jan 2016 13:07:26 -0400", "title": "3M and Zirkonzahn Settle Patent Infringement Action", "teaser": "", "body": "", "url": "https://www.benzinga.com/node/6112382", "image": [], "channels": [{"name": "News"}, {"name": "Legal"}, {"name": "Press Releases"}], "stocks": [{"name": "MMM"}], "tags": []}, {"id": 6112571, "author": "Benzinga", "created": "Tue, 05 Jan 2016 15:10:02 -0400", "updated": "Tue, 05 Jan 2016 15:10:03 -0400", "title": "4 Themes Bank Investors Should Know During Earnings Season", "teaser": "", "body": "", "url": "https://www.benzinga.com/node/6112571", "image": [], "channels": [{"name": "Analyst Color"}, {"name": "Long Ideas"}, {"name": "News"}, {"name": "Previews"}, {"name": "Analyst Ratings"}, {"name": "Trading Ideas"}], "stocks": [{"name": "BAC"}, {"name": "CFG"}, {"name": "JPM"}, {"name": "PNC"}, {"name": "USB"}, {"name": "WFC"}], "tags": [{"name": "bank earnings"}, {"name": "bank investors"}]}, {"id": 6113293, "author": "Benzinga", "created": "Tue, 05 Jan 2016 16:12:47 -0400", "updated": "Tue, 05 Jan 2016 16:12:47 -0400", "title": "Why Did Macquarie Just Downgrade Disney?", "teaser": "", "body": "", "url": "https://www.benzinga.com/node/6113293", "image": [], "channels": [{"name": "News"}, {"name": "Downgrades"}, {"name": "Retail Sales"}, {"name": "Analyst Ratings"}, {"name": "Trading Ideas"}], "stocks": [{"name": "DIS"}], "tags": []}, {"id": 6113476, "author": "Benzinga", "created": "Tue, 05 Jan 2016 16:19:31 -0400", "updated": "Tue, 05 Jan 2016 16:19:31 -0400", "title": "Editas Medicine, Backed By Google And Bill Gates, Files $100 Million IPO", "teaser": "", "body": "", "url": "https://www.benzinga.com/node/6113476", "image": [], "channels": [{"name": "Biotech"}, {"name": "News"}, {"name": "Health Care"}, {"name": "IPOs"}, {"name": "General"}], "stocks": [{"name": "EDIT"}, {"name": "GOOG"}, {"name": "GOOGL"}, {"name": "JUNO"}, {"name": "MSFT"}], "tags": [{"name": "Bill Gates"}, {"name": "Google Ventures"}, {"name": "Vinod Khosla"}]}, {"id": 6113637, "author": "Benzinga", "created": "Tue, 05 Jan 2016 17:18:35 -0400", "updated": "Tue, 05 Jan 2016 17:18:35 -0400", "title": "Fitbit's Blaze Watch Not Enough To Keep The Stock From Crashing 18%", "teaser": "", "body": "", "url": "https://www.benzinga.com/node/6113637", "image": [], "channels": [{"name": "Analyst Color"}, {"name": "News"}, {"name": "Legal"}, {"name": "Events"}, {"name": "Top Stories"}, {"name": "After-Hours Center"}, {"name": "Analyst Ratings"}, {"name": "Movers"}, {"name": "Tech"}, {"name": "Trading Ideas"}], "stocks": [{"name": "AAPL"}, {"name": "FIT"}], "tags": [{"name": "Blaze"}, {"name": "Blaze Watch"}, {"name": "CES"}, {"name": "Consumer Electronics Show"}, {"name": "Fitbit Blaze"}, {"name": "Sterne Agee CRT"}]}, {"id": 6112782, "author": "Benzinga", "created": "Tue, 05 Jan 2016 14:01:40 -0400", "updated": "Tue, 05 Jan 2016 17:23:24 -0400", "title": "Apple Continues To Fall As iPhone Production May Be Cut By 30%", "teaser": "", "body": "", "url": "https://www.benzinga.com/node/6112782", "image": [], "channels": [{"name": "News"}, {"name": "Rumors"}, {"name": "Global"}, {"name": "Markets"}, {"name": "Movers"}, {"name": "Tech"}], "stocks": [{"name": "AAPL"}, {"name": "LPL"}], "tags": [{"name": "iPhone"}, {"name": "iPhone 6S"}, {"name": "Nikkei Asian Review"}]}]