[{"id": 8720174, "author": "Benzinga", "created": "Sun, 20 Nov 2016 20:49:52 -0400", "updated": "Sun, 20 Nov 2016 20:49:52 -0400", "title": "Earnings Season Winds Down: Dollar Stores Prepare To Face Off", "teaser": "", "body": "", "url": "https://www.benzinga.com/node/8720174", "image": [], "channels": [{"name": "Analyst Color"}, {"name": "Earnings"}, {"name": "Long Ideas"}, {"name": "News"}, {"name": "Previews"}, {"name": "Reiteration"}, {"name": "Analyst Ratings"}, {"name": "Trading Ideas"}], "stocks": [{"name": "DG"}, {"name": "DLTR"}, {"name": "WMT"}], "tags": [{"name": "dollar stores"}, {"name": "holiday shopping season"}, {"name": "MKM Partners"}]}]