[{"id": 8376192, "author": "Benzinga", "created": "Sun, 21 Aug 2016 20:59:11 -0400", "updated": "Sun, 21 Aug 2016 20:59:12 -0400", "title": "Benzinga's Weekend M&A Chatter", "teaser": "", "body": "", "url": "https://www.benzinga.com/node/8376192", "image": [], "channels": [{"name": "News"}, {"name": "Rumors"}, {"name": "M&A"}, {"name": "Movers"}], "stocks": [{"name": "AAPL"}, {"name": "AMZN"}, {"name": "CELG"}, {"name": "FSLR"}, {"name": "GE"}, {"name": "GILD"}, {"name": "GM"}, {"name": "GOOGL"}, {"name": "PFE"}, {"name": "SNY"}], "tags": []}]