[{"id": 8011688, "author": "Benzinga", "created": "Fri, 20 May 2016 07:56:28 -0400", "updated": "Fri, 20 May 2016 07:56:28 -0400", "title": "Bidding Prices For Yahoo's Internet Assets Notably Below Prior Expectations", "teaser": "", "body": "", "url": "https://www.benzinga.com/node/8011688", "image": [], "channels": [{"name": "News"}, {"name": "Rumors"}, {"name": "M&A"}], "stocks": [{"name": "VZ"}, {"name": "YHOO"}], "tags": [{"name": "Marissa Mayer"}, {"name": "The Wall Street Journal"}, {"name": "Yahoo"}, {"name": "Yahoo Asset Sale"}, {"name": "Yahoo Internet Sale"}]}, {"id": 8011960, "author": "Benzinga", "created": "Fri, 20 May 2016 09:50:07 -0400", "updated": "Fri, 20 May 2016 09:50:07 -0400", "title": "The Market In 5 Minutes: National Send A Nude Day?", "teaser": "", "body": "", "url": "https://www.benzinga.com/node/8011960", "image": [], "channels": [{"name": "News"}, {"name": "Global"}, {"name": "Top Stories"}, {"name": "Markets"}], "stocks": [{"name": "ADSK"}, {"name": "AMAT"}, {"name": "DE"}, {"name": "FB"}, {"name": "FL"}, {"name": "GPS"}, {"name": "JNJ"}, {"name": "KR"}, {"name": "LOW"}, {"name": "MON"}, {"name": "NVGC"}, {"name": "RL"}, {"name": "SFM"}, {"name": "TNK"}, {"name": "TSLA"}, {"name": "URBN"}, {"name": "WFM"}, {"name": "YHOO"}], "tags": [{"name": "the market in 5 minutes"}]}, {"id": 8012057, "author": "Benzinga", "created": "Fri, 20 May 2016 10:03:47 -0400", "updated": "Fri, 20 May 2016 10:03:47 -0400", "title": "iPhone 7 May Have A Glass Casing, Report Says", "teaser": "", "body": "", "url": "https://www.benzinga.com/node/8012057", "image": [], "channels": [{"name": "News"}, {"name": "Rumors"}, {"name": "Tech"}], "stocks": [{"name": "AAPL"}], "tags": [{"name": "Allen Horng"}, {"name": "Catcher Technology"}, {"name": "iPhone 7"}, {"name": "iPhone 7 Rumors"}, {"name": "iPhone Glass Display"}, {"name": "Mac Rumors"}, {"name": "Nikkei Asian Review"}]}, {"id": 8012288, "author": "Benzinga", "created": "Fri, 20 May 2016 11:27:00 -0400", "updated": "Fri, 20 May 2016 11:27:00 -0400", "title": "Apple's Set For A 'Facelift,' Unveils New Store Design", "teaser": "", "body": "", "url": "https://www.benzinga.com/node/8012288", "image": [], "channels": [{"name": "CNBC"}, {"name": "News"}, {"name": "Movers"}, {"name": "Tech"}, {"name": "Media"}], "stocks": [{"name": "AAPL"}], "tags": [{"name": "CNBC"}, {"name": "Jony Ive"}, {"name": "san francisco"}, {"name": "San Francisco Apple Store"}]}, {"id": 8013711, "author": "Benzinga", "created": "Fri, 20 May 2016 14:35:02 -0400", "updated": "Fri, 20 May 2016 14:35:02 -0400", "title": "Benzinga Breakdown: The Pricing Of Tesla's Offering", "teaser": "", "body": "", "url": "https://www.benzinga.com/node/8013711", "image": [], "channels": [{"name": "News"}, {"name": "Offerings"}], "stocks": [{"name": "GS"}, {"name": "TSLA"}], "tags": []}, {"id": 8013078, "author": "Benzinga", "created": "Fri, 20 May 2016 15:55:21 -0400", "updated": "Fri, 20 May 2016 15:55:22 -0400", "title": "The Timing Of Goldman's Tesla Upgrade Is Proof That Bankers Don't Influence Research", "teaser": "", "body": "", "url": "https://www.benzinga.com/node/8013078", "image": [], "channels": [{"name": "Analyst Color"}, {"name": "Long Ideas"}, {"name": "News"}, {"name": "Offerings"}, {"name": "Movers"}, {"name": "Trading Ideas"}], "stocks": [{"name": "GS"}, {"name": "MS"}, {"name": "TSLA"}], "tags": [{"name": "Antony Currie"}, {"name": "Matt Levine"}, {"name": "Reuters"}]}, {"id": 8014041, "author": "Benzinga", "created": "Fri, 20 May 2016 16:07:54 -0400", "updated": "Fri, 20 May 2016 16:07:54 -0400", "title": "Argus Reiterates Buy On Salesforce Following Strong Earnings", "teaser": "", "body": "", "url": "https://www.benzinga.com/node/8014041", "image": [], "channels": [{"name": "News"}, {"name": "Price Target"}, {"name": "Reiteration"}, {"name": "Analyst Ratings"}], "stocks": [{"name": "CRM"}], "tags": []}]