[{"id": 6128559, "author": "Benzinga", "created": "Mon, 11 Jan 2016 07:02:29 -0400", "updated": "Mon, 11 Jan 2016 07:02:29 -0400", "title": "The Tussle Between Two Big Consumer ETFs Is Telling", "teaser": "", "body": "", "url": "https://www.benzinga.com/node/6128559", "image": [], "channels": [{"name": "Long Ideas"}, {"name": "News"}, {"name": "Sector ETFs"}, {"name": "Short Ideas"}, {"name": "Intraday Update"}, {"name": "Markets"}, {"name": "Trading Ideas"}, {"name": "ETFs"}], "stocks": [{"name": "AMZN"}, {"name": "HD"}, {"name": "KO"}, {"name": "MCD"}, {"name": "NKE"}, {"name": "PG"}, {"name": "XLP"}, {"name": "XLY"}], "tags": [{"name": "Consumer Discretionary"}, {"name": "Restaurants"}]}, {"id": 6130920, "author": "Benzinga", "created": "Mon, 11 Jan 2016 09:10:49 -0400", "updated": "Mon, 11 Jan 2016 09:10:49 -0400", "title": "Brean: Apple Supply Fears Aren't 'Draconian,' Stock Worth $170", "teaser": "", "body": "", "url": "https://www.benzinga.com/node/6130920", "image": [], "channels": [{"name": "Analyst Color"}, {"name": "Long Ideas"}, {"name": "News"}, {"name": "Reiteration"}, {"name": "Analyst Ratings"}, {"name": "Tech"}, {"name": "Trading Ideas"}], "stocks": [{"name": "AAPL"}], "tags": [{"name": "Ananda Baruah"}, {"name": "Brean Capital LLC"}]}, {"id": 6129699, "author": "Benzinga", "created": "Mon, 11 Jan 2016 08:35:11 -0400", "updated": "Mon, 11 Jan 2016 09:12:01 -0400", "title": "Earnings Season Kicks Off: The Big Banks", "teaser": "", "body": "", "url": "https://www.benzinga.com/node/6129699", "image": [], "channels": [{"name": "Earnings"}, {"name": "News"}, {"name": "Previews"}, {"name": "Top Stories"}, {"name": "Trading Ideas"}], "stocks": [{"name": "C"}, {"name": "JPM"}, {"name": "WFC"}], "tags": [{"name": "Citigroup"}, {"name": "JPMorgan"}, {"name": "Wells Fargo"}]}, {"id": 6131168, "author": "Benzinga", "created": "Mon, 11 Jan 2016 09:27:32 -0400", "updated": "Mon, 11 Jan 2016 09:27:33 -0400", "title": "Mizuho Upgrades Apple To Buy, Sees $120 As Investors 'Missing The Forest'", "teaser": "", "body": "", "url": "https://www.benzinga.com/node/6131168", "image": [], "channels": [{"name": "Analyst Color"}, {"name": "Long Ideas"}, {"name": "News"}, {"name": "Upgrades"}, {"name": "Price Target"}, {"name": "Top Stories"}, {"name": "Analyst Ratings"}, {"name": "Tech"}, {"name": "Trading Ideas"}], "stocks": [{"name": "AAPL"}], "tags": [{"name": "Abhey Lamba"}, {"name": "Mizuho Securities"}]}, {"id": 6131295, "author": "Benzinga", "created": "Mon, 11 Jan 2016 09:34:45 -0400", "updated": "Mon, 11 Jan 2016 09:34:45 -0400", "title": "Sphere 3D Announces Initial Results From Collaboration With Microsoft On SnapCLOUD Adopters", "teaser": "", "body": "", "url": "https://www.benzinga.com/node/6131295", "image": [], "channels": [{"name": "News"}, {"name": "Contracts"}, {"name": "Press Releases"}], "stocks": [{"name": "ANY"}, {"name": "MSFT"}], "tags": []}, {"id": 6131574, "author": "Benzinga", "created": "Mon, 11 Jan 2016 10:14:15 -0400", "updated": "Mon, 11 Jan 2016 10:14:16 -0400", "title": "Bernstein: Apple iPhone Biz 'Fundamentally Healthy,' Would Be Looking To Add Shares", "teaser": "", "body": "", "url": "https://www.benzinga.com/node/6131574", "image": [], "channels": [{"name": "Analyst Color"}, {"name": "Long Ideas"}, {"name": "News"}, {"name": "Reiteration"}, {"name": "Analyst Ratings"}, {"name": "Movers"}, {"name": "Tech"}, {"name": "Trading Ideas"}, {"name": "General"}], "stocks": [{"name": "AAPL"}], "tags": [{"name": "A.M. (Toni) Sacconaghi"}, {"name": "Bernstein"}, {"name": "Jr"}]}, {"id": 6131392, "author": "Benzinga", "created": "Mon, 11 Jan 2016 10:20:24 -0400", "updated": "Mon, 11 Jan 2016 10:20:24 -0400", "title": "'Star Wars' A Hit In China As Worldwide Box Office Take Rises To $1.73 Billion", "teaser": "", "body": "", "url": "https://www.benzinga.com/node/6131392", "image": [], "channels": [{"name": "Long Ideas"}, {"name": "News"}, {"name": "Events"}, {"name": "Top Stories"}, {"name": "Movers"}, {"name": "Trading Ideas"}, {"name": "General"}], "stocks": [{"name": "DIS"}], "tags": [{"name": "Star Wars"}, {"name": "Star Wars China"}, {"name": "Star Wars International Box Office Sales"}, {"name": "Star Wars: The Force Awakens"}, {"name": "Variety"}]}, {"id": 6131849, "author": "Benzinga", "created": "Mon, 11 Jan 2016 11:25:21 -0400", "updated": "Mon, 11 Jan 2016 11:25:52 -0400", "title": "Oppenheimer Cuts Apple Price Target 22%, Still Likes Stock Long-Term", "teaser": "", "body": "", "url": "https://www.benzinga.com/node/6131849", "image": [], "channels": [{"name": "Analyst Color"}, {"name": "Long Ideas"}, {"name": "News"}, {"name": "Price Target"}, {"name": "Analyst Ratings"}, {"name": "Tech"}, {"name": "Trading Ideas"}], "stocks": [{"name": "AAPL"}], "tags": [{"name": "Andrew Uerkwitz"}, {"name": "Oppenheimer"}]}, {"id": 6131639, "author": "Benzinga", "created": "Mon, 11 Jan 2016 11:28:26 -0400", "updated": "Mon, 11 Jan 2016 11:28:26 -0400", "title": "Chowdhry: Apple Investors Have 'Zero' Confidence In Tim Cook And Luca Maestri", "teaser": "", "body": "", "url": "https://www.benzinga.com/node/6131639", "image": [], "channels": [{"name": "Analyst Color"}, {"name": "News"}, {"name": "Short Ideas"}, {"name": "Analyst Ratings"}, {"name": "Tech"}, {"name": "Trading Ideas"}], "stocks": [{"name": "AAPL"}], "tags": [{"name": "Global Equities Research"}, {"name": "Trip Chowdhry"}]}, {"id": 6132008, "author": "Benzinga", "created": "Mon, 11 Jan 2016 11:38:27 -0400", "updated": "Mon, 11 Jan 2016 11:38:28 -0400", "title": "Rough Start to 2016 Could Continue; Select Stock-Picking Could Be in Order", "teaser": "", "body": "", "url": "https://www.benzinga.com/node/6132008", "image": [], "channels": [{"name": "News"}, {"name": "Economics"}], "stocks": [{"name": "AA"}, {"name": "INTC"}, {"name": "JPM"}], "tags": []}, {"id": 6132004, "author": "Benzinga", "created": "Mon, 11 Jan 2016 11:43:02 -0400", "updated": "Mon, 11 Jan 2016 11:43:30 -0400", "title": "MKM's Jon Krinsky: Buy Low Volatility Stocks, Sell High Beta Stocks", "teaser": "", "body": "", "url": "https://www.benzinga.com/node/6132004", "image": [], "channels": [{"name": "Analyst Color"}, {"name": "Long Ideas"}, {"name": "News"}, {"name": "Education"}, {"name": "Short Ideas"}, {"name": "Technicals"}, {"name": "Analyst Ratings"}, {"name": "Movers"}, {"name": "Trading Ideas"}, {"name": "General"}], "stocks": [{"name": "AMG"}, {"name": "HP"}, {"name": "K"}, {"name": "KO"}, {"name": "T"}, {"name": "URI"}], "tags": [{"name": "Jon Krinsky"}, {"name": "MKM"}]}, {"id": 6130180, "author": "Benzinga", "created": "Mon, 11 Jan 2016 11:56:15 -0400", "updated": "Mon, 11 Jan 2016 11:56:16 -0400", "title": "Aerospace ETFs Try To Take Flight", "teaser": "", "body": "", "url": "https://www.benzinga.com/node/6130180", "image": [], "channels": [{"name": "Long Ideas"}, {"name": "News"}, {"name": "Sector ETFs"}, {"name": "Intraday Update"}, {"name": "Markets"}, {"name": "Trading Ideas"}, {"name": "ETFs"}], "stocks": [{"name": "BA"}, {"name": "CAT"}, {"name": "GD"}, {"name": "GE"}, {"name": "LMT"}, {"name": "PPA"}, {"name": "UTX"}, {"name": "XLI"}], "tags": [{"name": "aerospace"}, {"name": "aerospace ETFs"}]}, {"id": 6132096, "author": "Benzinga", "created": "Mon, 11 Jan 2016 13:38:01 -0400", "updated": "Mon, 11 Jan 2016 13:38:02 -0400", "title": "7 Stocks Smart Investors Are Buying After CES", "teaser": "", "body": "", "url": "https://www.benzinga.com/node/6132096", "image": [], "channels": [{"name": "Analyst Color"}, {"name": "Long Ideas"}, {"name": "News"}, {"name": "Events"}, {"name": "Top Stories"}, {"name": "Analyst Ratings"}, {"name": "Tech"}, {"name": "Trading Ideas"}], "stocks": [{"name": "APPS"}, {"name": "GIG"}, {"name": "INTC"}, {"name": "INVN"}, {"name": "MXL"}, {"name": "PXLW"}, {"name": "QUIK"}], "tags": [{"name": "CES"}, {"name": "CES trading ideas"}]}, {"id": 6132314, "author": "Benzinga", "created": "Mon, 11 Jan 2016 14:01:12 -0400", "updated": "Mon, 11 Jan 2016 14:01:12 -0400", "title": "Where Are People Using Apple Pay?", "teaser": "", "body": "", "url": "https://www.benzinga.com/node/6132314", "image": [], "channels": [{"name": "Analyst Color"}, {"name": "News"}, {"name": "Analyst Ratings"}, {"name": "Tech"}], "stocks": [{"name": "AAPL"}, {"name": "M"}, {"name": "MCD"}, {"name": "WAG"}], "tags": []}, {"id": 6132315, "author": "Benzinga", "created": "Mon, 11 Jan 2016 13:26:49 -0400", "updated": "Mon, 11 Jan 2016 14:24:40 -0400", "title": "Volkswagen And Chevy Winning Auto Lovers Over In Detroit", "teaser": "", "body": "", "url": "https://www.benzinga.com/node/6132315", "image": [], "channels": [{"name": "Analyst Color"}, {"name": "Long Ideas"}, {"name": "News"}, {"name": "Events"}, {"name": "Exclusives"}, {"name": "Intraday Update"}, {"name": "Movers"}, {"name": "Tech"}, {"name": "Trading Ideas"}], "stocks": [{"name": "AAPL"}, {"name": "DAL"}, {"name": "F"}, {"name": "FCAU"}, {"name": "GM"}, {"name": "VLKAY"}], "tags": [{"name": "NAIAS"}, {"name": "North American International Auto Show"}]}, {"id": 6130176, "author": "Benzinga", "created": "Mon, 11 Jan 2016 14:38:44 -0400", "updated": "Mon, 11 Jan 2016 14:38:44 -0400", "title": "An ETF For Growth With A Broad Supporting Cast", "teaser": "", "body": "", "url": "https://www.benzinga.com/node/6130176", "image": [], "channels": [{"name": "Long Ideas"}, {"name": "News"}, {"name": "Broad U.S. Equity ETFs"}, {"name": "Intraday Update"}, {"name": "Markets"}, {"name": "Trading Ideas"}, {"name": "ETFs"}], "stocks": [{"name": "FB"}, {"name": "GOOGL"}, {"name": "HD"}, {"name": "PWB"}, {"name": "UNH"}, {"name": "V"}], "tags": []}, {"id": 6133028, "author": "Benzinga", "created": "Mon, 11 Jan 2016 15:52:14 -0400", "updated": "Mon, 11 Jan 2016 15:52:15 -0400", "title": "Will Materials-Proxy Alcoa, Banks Set Tone For Challenging Earnings?", "teaser": "", "body": "", "url": "https://www.benzinga.com/node/6133028", "image": [], "channels": [{"name": "Earnings"}, {"name": "News"}, {"name": "Commodities"}, {"name": "Previews"}, {"name": "Markets"}, {"name": "Trading Ideas"}], "stocks": [{"name": "AA"}, {"name": "DJI"}, {"name": "JPM"}, {"name": "WFC"}], "tags": []}]