[{"id": 8523888, "author": "Benzinga", "created": "Tue, 04 Oct 2016 04:48:57 -0400", "updated": "Tue, 04 Oct 2016 04:48:57 -0400", "title": "5 Stocks You Should Be Watching Today", "teaser": "", "body": "", "url": "https://www.benzinga.com/node/8523888", "image": [], "channels": [{"name": "Earnings"}, {"name": "News"}, {"name": "Pre-Market Outlook"}, {"name": "Markets"}, {"name": "Trading Ideas"}], "stocks": [{"name": "ABB"}, {"name": "CRM"}, {"name": "CY"}, {"name": "DRI"}, {"name": "MU"}], "tags": [{"name": "Stocks To Watch"}, {"name": "Stocks to Watch"}]}, {"id": 8524322, "author": "Benzinga", "created": "Tue, 04 Oct 2016 07:52:13 -0400", "updated": "Tue, 04 Oct 2016 07:52:14 -0400", "title": "Salesforce Buys Krux: What It Means", "teaser": "", "body": "", "url": "https://www.benzinga.com/node/8524322", "image": [], "channels": [{"name": "Analyst Color"}, {"name": "News"}, {"name": "Price Target"}, {"name": "M&A"}, {"name": "Analyst Ratings"}], "stocks": [{"name": "CRM"}], "tags": [{"name": "D.A. Davidson & Co."}, {"name": "Jack Andrews"}]}, {"id": 8524450, "author": "Benzinga", "created": "Tue, 04 Oct 2016 10:44:27 -0400", "updated": "Tue, 04 Oct 2016 10:44:27 -0400", "title": "Survey: 47 Million Americans Finish Their Holiday Shopping By November 1", "teaser": "", "body": "", "url": "https://www.benzinga.com/node/8524450", "image": [], "channels": [{"name": "News"}, {"name": "Crowdsourcing"}, {"name": "Events"}, {"name": "Personal Finance"}, {"name": "General"}], "stocks": [{"name": "AAPL"}, {"name": "AMZN"}], "tags": [{"name": "Amazon"}, {"name": "Apple Store"}, {"name": "Black Friday"}, {"name": "holiday shopping"}, {"name": "Online Shopping Versus Offline"}, {"name": "retailers"}]}, {"id": 8526136, "author": "Benzinga", "created": "Tue, 04 Oct 2016 11:21:20 -0400", "updated": "Tue, 04 Oct 2016 11:21:31 -0400", "title": "Brexit Back In The News As British Pound Hits 31-Year Low Vs. U.S. Dollar", "teaser": "", "body": "", "url": "https://www.benzinga.com/node/8526136", "image": [], "channels": [{"name": "Biotech"}, {"name": "News"}, {"name": "Treasuries"}, {"name": "Events"}, {"name": "Global"}, {"name": "Econ #s"}, {"name": "Economics"}, {"name": "Markets"}, {"name": "Movers"}, {"name": "Reviews"}, {"name": "General"}], "stocks": [{"name": "AAPL"}, {"name": "DB"}, {"name": "F"}, {"name": "GM"}, {"name": "GOOG"}, {"name": "GOOGL"}, {"name": "MSFT"}, {"name": "SPY"}, {"name": "TM"}], "tags": []}, {"id": 8526515, "author": "Benzinga", "created": "Tue, 04 Oct 2016 12:43:31 -0400", "updated": "Tue, 04 Oct 2016 12:43:31 -0400", "title": "What Is The Dividend Capture Strategy?", "teaser": "", "body": "", "url": "https://www.benzinga.com/node/8526515", "image": [], "channels": [{"name": "News"}, {"name": "Education"}, {"name": "Dividends"}, {"name": "Dividends"}, {"name": "Trading Ideas"}, {"name": "General"}], "stocks": [{"name": "T"}, {"name": "VZ"}], "tags": []}, {"id": 8523654, "author": "Benzinga", "created": "Tue, 04 Oct 2016 13:44:48 -0400", "updated": "Tue, 04 Oct 2016 13:44:49 -0400", "title": "Get 5 Dividend ETFs In 1 With This New ETF", "teaser": "", "body": "", "url": "https://www.benzinga.com/node/8523654", "image": [], "channels": [{"name": "Long Ideas"}, {"name": "News"}, {"name": "Dividends"}, {"name": "Specialty ETFs"}, {"name": "New ETFs"}, {"name": "Trading Ideas"}, {"name": "ETFs"}], "stocks": [{"name": "DHS"}, {"name": "HDV"}, {"name": "IBUY"}, {"name": "MSFT"}, {"name": "SCHD"}, {"name": "SCHV"}, {"name": "T"}, {"name": "VYM"}, {"name": "XOM"}], "tags": []}, {"id": 8526916, "author": "Benzinga", "created": "Tue, 04 Oct 2016 14:12:56 -0400", "updated": "Tue, 04 Oct 2016 14:12:57 -0400", "title": "Google Unveils The Pixel Phone: Here Are The Features", "teaser": "", "body": "", "url": "https://www.benzinga.com/node/8526916", "image": [], "channels": [{"name": "News"}, {"name": "Events"}, {"name": "Tech"}], "stocks": [{"name": "GOOG"}, {"name": "GOOGL"}, {"name": "VZ"}], "tags": [{"name": "Google"}, {"name": "Google Pixel"}, {"name": "Pixel"}, {"name": "Pixel XL"}]}, {"id": 8530237, "author": "Benzinga", "created": "Tue, 04 Oct 2016 20:11:06 -0400", "updated": "Tue, 04 Oct 2016 20:11:06 -0400", "title": "Benzinga's M&A Chatter for Tuesday October 4, 2016", "teaser": "", "body": "", "url": "https://www.benzinga.com/node/8530237", "image": [], "channels": [{"name": "News"}, {"name": "Rumors"}, {"name": "M&A"}, {"name": "Movers"}], "stocks": [{"name": "AMSG"}, {"name": "APA"}, {"name": "BX"}, {"name": "CVX"}, {"name": "SHLD"}, {"name": "SWK"}, {"name": "TMH"}], "tags": []}]