[{"id": 6147506, "author": "Benzinga", "created": "Sun, 17 Jan 2016 18:34:24 -0400", "updated": "Sun, 17 Jan 2016 18:34:24 -0400", "title": "SunTrust Still Bullish On Analog Devices Despite Apple Hurting More Than Expected", "teaser": "", "body": "", "url": "https://www.benzinga.com/node/6147506", "image": [], "channels": [{"name": "Analyst Color"}, {"name": "Long Ideas"}, {"name": "News"}, {"name": "Guidance"}, {"name": "Price Target"}, {"name": "Reiteration"}, {"name": "M&A"}, {"name": "Analyst Ratings"}, {"name": "Movers"}, {"name": "Tech"}, {"name": "Trading Ideas"}], "stocks": [{"name": "AAPL"}, {"name": "ADI"}], "tags": [{"name": "SunTrust"}, {"name": "SunTrust Robinson Humphrey"}, {"name": "William Stein"}]}, {"id": 6148189, "author": "Benzinga", "created": "Sun, 17 Jan 2016 19:01:27 -0400", "updated": "Sun, 17 Jan 2016 19:01:27 -0400", "title": "More Big Banks In The Earnings Spotlight", "teaser": "", "body": "", "url": "https://www.benzinga.com/node/6148189", "image": [], "channels": [{"name": "Earnings"}, {"name": "Long Ideas"}, {"name": "News"}, {"name": "Previews"}, {"name": "Trading Ideas"}], "stocks": [{"name": "BAC"}, {"name": "GS"}, {"name": "MS"}], "tags": [{"name": "American Express"}, {"name": "Bank of America"}, {"name": "Bank of New York Mellon"}, {"name": "BB&T"}, {"name": "Citigroup"}, {"name": "Citizens Financial"}, {"name": "comerica"}, {"name": "E*Trade Financial"}, {"name": "Earnings Expectations"}, {"name": "Estimize"}, {"name": "Fifth Third Bancorp"}, {"name": "first horizon national"}, {"name": "Goldman Sachs"}, {"name": "Huntington Bancshares"}, {"name": "JPMorgan"}, {"name": "keycorp"}, {"name": "M&T bank"}, {"name": "Morgan Stanley"}, {"name": "northern trust"}, {"name": "SLM"}, {"name": "SunTrust Banks"}, {"name": "Synchrony Financial"}, {"name": "TD Ameritrade"}, {"name": "Travelers Companies"}, {"name": "Wells Fargo"}]}, {"id": 6148190, "author": "Benzinga", "created": "Sun, 17 Jan 2016 19:10:39 -0400", "updated": "Sun, 17 Jan 2016 19:10:39 -0400", "title": "Earnings Expectations: Will GE And IBM Disappoint?", "teaser": "", "body": "", "url": "https://www.benzinga.com/node/6148190", "image": [], "channels": [{"name": "Earnings"}, {"name": "Long Ideas"}, {"name": "News"}, {"name": "Previews"}, {"name": "Crowdsourcing"}, {"name": "Trading Ideas"}, {"name": "General"}], "stocks": [{"name": "GE"}, {"name": "IBM"}], "tags": [{"name": "American Airlines"}, {"name": "Bank of America"}, {"name": "Delta Air Lines"}, {"name": "Earnings Expectations"}, {"name": "Estimize"}, {"name": "Netflix"}, {"name": "Starbucks"}, {"name": "verizon communications"}]}, {"id": 6148552, "author": "Benzinga", "created": "Sun, 17 Jan 2016 20:19:44 -0400", "updated": "Sun, 17 Jan 2016 20:19:44 -0400", "title": "Disney's 'Star Wars: The Force Awakens' Nears $2B Mark Worldwide", "teaser": "", "body": "", "url": "https://www.benzinga.com/node/6148552", "image": [], "channels": [{"name": "News"}, {"name": "Press Releases"}], "stocks": [{"name": "DIS"}, {"name": "RENT"}], "tags": []}, {"id": 6148495, "author": "Benzinga", "created": "Sun, 17 Jan 2016 15:23:34 -0400", "updated": "Mon, 18 Jan 2016 10:41:48 -0400", "title": "As Global Unwind Deepens, Retail Investors Have Been 'Heavy Sellers Of Equity Funds' With More Than $25 Billion In Two Weeks", "teaser": "", "body": "", "url": "https://www.benzinga.com/node/6148495", "image": [], "channels": [{"name": "Analyst Color"}, {"name": "News"}, {"name": "Global"}, {"name": "Opinion"}, {"name": "Economics"}, {"name": "Federal Reserve"}, {"name": "Markets"}, {"name": "Analyst Ratings"}, {"name": "ETFs"}], "stocks": [{"name": "JPM"}, {"name": "SPY"}], "tags": [{"name": "JPMorgan"}, {"name": "Nikolaos Panigirtzoglou"}]}]