[{"id": 8268910, "author": "Benzinga", "created": "Thu, 28 Jul 2016 02:21:48 -0400", "updated": "Thu, 28 Jul 2016 02:21:48 -0400", "title": "Watch These 10 Huge Call Purchases In Thursday Trade", "teaser": "", "body": "", "url": "https://www.benzinga.com/node/8268910", "image": [], "channels": [{"name": "News"}, {"name": "Options"}, {"name": "Markets"}], "stocks": [{"name": "BLDR"}, {"name": "BRS"}, {"name": "DIS"}, {"name": "MUX"}, {"name": "SNI"}, {"name": "TAP"}, {"name": "TSM"}, {"name": "V"}, {"name": "VMW"}, {"name": "YNDX"}], "tags": [{"name": "Huge Call Purchases"}]}, {"id": 8269123, "author": "Benzinga", "created": "Thu, 28 Jul 2016 04:03:24 -0400", "updated": "Thu, 28 Jul 2016 04:03:25 -0400", "title": "Earnings Scheduled For July 28, 2016", "teaser": "", "body": "", "url": "https://www.benzinga.com/node/8269123", "image": [], "channels": [{"name": "Earnings"}, {"name": "News"}, {"name": "Pre-Market Outlook"}, {"name": "Markets"}], "stocks": [{"name": "ADP"}, {"name": "AEP"}, {"name": "AFL"}, {"name": "AJG"}, {"name": "ALXN"}, {"name": "AMT"}, {"name": "AMZN"}, {"name": "APD"}, {"name": "AZN"}, {"name": "BG"}, {"name": "BHI"}, {"name": "BIDU"}, {"name": "BMY"}, {"name": "BSX"}, {"name": "BWA"}, {"name": "CBS"}, {"name": "CELG"}, {"name": "CL"}, {"name": "COP"}, {"name": "CS"}, {"name": "DOW"}, {"name": "EIX"}, {"name": "EMN"}, {"name": "EPD"}, {"name": "EXPE"}, {"name": "F"}, {"name": "GOOGL"}, {"name": "GRUB"}, {"name": "HCA"}, {"name": "HIG"}, {"name": "HOG"}, {"name": "HP"}, {"name": "IM"}, {"name": "IP"}, {"name": "LEA"}, {"name": "LYG"}, {"name": "MA"}, {"name": "MJN"}, {"name": "MMC"}, {"name": "MPC"}, {"name": "NYT"}, {"name": "PCG"}, {"name": "PNR"}, {"name": "RGA"}, {"name": "RSG"}, {"name": "RTN"}, {"name": "SEE"}, {"name": "SNDK"}, {"name": "STRZA"}, {"name": "TMO"}, {"name": "TRI"}, {"name": "VRSN"}, {"name": "WDC"}, {"name": "WLK"}, {"name": "WWE"}, {"name": "WYNN"}], "tags": [{"name": "Data Processing & Outsourced Services"}, {"name": "Diversified Banks"}, {"name": "Earnings Scheduled"}, {"name": "Financials"}, {"name": "Information Technology"}]}, {"id": 8269234, "author": "Benzinga", "created": "Thu, 28 Jul 2016 05:18:06 -0400", "updated": "Thu, 28 Jul 2016 05:18:06 -0400", "title": "15 Stocks To Watch For July 28, 2016", "teaser": "", "body": "", "url": "https://www.benzinga.com/node/8269234", "image": [], "channels": [{"name": "Earnings"}, {"name": "News"}, {"name": "Guidance"}, {"name": "Pre-Market Outlook"}, {"name": "Markets"}, {"name": "Trading Ideas"}], "stocks": [{"name": "AMZN"}, {"name": "BMY"}, {"name": "COP"}, {"name": "DOW"}, {"name": "EXPE"}, {"name": "F"}, {"name": "FB"}, {"name": "GOOGL"}, {"name": "GPRO"}, {"name": "GRPN"}, {"name": "HOG"}, {"name": "MA"}, {"name": "WDC"}, {"name": "WFM"}, {"name": "WYNN"}], "tags": [{"name": "Data Processing & Outsourced Services"}, {"name": "Information Technology"}, {"name": "Stocks To Watch"}, {"name": "Stocks to Watch"}]}, {"id": 8270148, "author": "Benzinga", "created": "Thu, 28 Jul 2016 08:13:14 -0400", "updated": "Thu, 28 Jul 2016 08:13:14 -0400", "title": "Apple Sells Its 1 Billionth iPhone", "teaser": "", "body": "", "url": "https://www.benzinga.com/node/8270148", "image": [], "channels": [{"name": "News"}, {"name": "Events"}, {"name": "Tech"}, {"name": "Media"}], "stocks": [{"name": "AAPL"}], "tags": [{"name": "1 Billion iPhone Sales"}, {"name": "9TO5Mac"}, {"name": "Apple"}, {"name": "Apple India"}, {"name": "cnn money"}, {"name": "foxconn"}, {"name": "iPhone"}, {"name": "iPhone 2 Billion Sales"}, {"name": "Tim Cook"}]}, {"id": 8270329, "author": "Benzinga", "created": "Thu, 28 Jul 2016 08:55:10 -0400", "updated": "Thu, 28 Jul 2016 08:55:10 -0400", "title": "The Market In 5 Minutes: Facebook Crushes Earnings", "teaser": "", "body": "", "url": "https://www.benzinga.com/node/8270329", "image": [], "channels": [{"name": "News"}, {"name": "Global"}, {"name": "Top Stories"}, {"name": "Pre-Market Outlook"}, {"name": "Markets"}], "stocks": [{"name": "AAPL"}, {"name": "ATVI"}, {"name": "AZN"}, {"name": "BUD"}, {"name": "CRAY"}, {"name": "F"}, {"name": "FB"}, {"name": "GPRO"}, {"name": "GRPN"}, {"name": "HSY"}, {"name": "INFN"}, {"name": "LVLT"}, {"name": "MRVL"}, {"name": "MTCH"}, {"name": "N"}, {"name": "ORA"}, {"name": "ORCL"}, {"name": "SBMRY"}, {"name": "SPY"}, {"name": "USO"}, {"name": "YHOO"}], "tags": [{"name": "the market in 5 minutes"}]}, {"id": 8270663, "author": "Benzinga", "created": "Thu, 28 Jul 2016 08:55:15 -0400", "updated": "Thu, 28 Jul 2016 08:57:05 -0400", "title": "5 Apple Earnings Reactions From Notable Market Commentators", "teaser": "", "body": "", "url": "https://www.benzinga.com/node/8270663", "image": [], "channels": [{"name": "Analyst Color"}, {"name": "CNBC"}, {"name": "Earnings"}, {"name": "Long Ideas"}, {"name": "News"}, {"name": "Guidance"}, {"name": "Reiteration"}, {"name": "Analyst Ratings"}, {"name": "Movers"}, {"name": "Tech"}, {"name": "Media"}, {"name": "Trading Ideas"}], "stocks": [{"name": "AAPL"}], "tags": [{"name": "Barclays"}, {"name": "Gene Munster"}, {"name": "Global Equities Research"}, {"name": "iPhone"}, {"name": "iPhone 7"}, {"name": "Jim Cramer"}, {"name": "Katie Huberty"}, {"name": "Mad Money"}, {"name": "Mark Moskowitz"}, {"name": "Morgan Stanley"}, {"name": "PreMarket Prep"}, {"name": "Trip Chowdhry"}]}, {"id": 8271884, "author": "Benzinga", "created": "Thu, 28 Jul 2016 10:14:33 -0400", "updated": "Thu, 28 Jul 2016 10:14:35 -0400", "title": "Social Media Races Past Autos, Oil as Earnings Parade Continues", "teaser": "", "body": "", "url": "https://www.benzinga.com/node/8271884", "image": [], "channels": [{"name": "Earnings"}, {"name": "News"}, {"name": "Guidance"}, {"name": "Previews"}, {"name": "Federal Reserve"}, {"name": "Markets"}, {"name": "Trading Ideas"}, {"name": "Reviews"}, {"name": "General"}], "stocks": [{"name": "AMZN"}, {"name": "COP"}, {"name": "CVX"}, {"name": "F"}, {"name": "FB"}, {"name": "GOOG"}, {"name": "KO"}, {"name": "MCD"}, {"name": "XOM"}], "tags": [{"name": "Consumer Discretionary"}, {"name": "Restaurants"}]}, {"id": 8271840, "author": "Benzinga", "created": "Thu, 28 Jul 2016 10:19:39 -0400", "updated": "Thu, 28 Jul 2016 10:19:40 -0400", "title": "Coca-Cola Tasting A Little Better After Vetr Upgrade", "teaser": "", "body": "", "url": "https://www.benzinga.com/node/8271840", "image": [], "channels": [{"name": "Analyst Color"}, {"name": "Earnings"}, {"name": "News"}, {"name": "Short Sellers"}, {"name": "Guidance"}, {"name": "Upgrades"}, {"name": "Futures"}, {"name": "Price Target"}, {"name": "Opinion"}, {"name": "Economics"}, {"name": "Markets"}, {"name": "Analyst Ratings"}, {"name": "Reviews"}], "stocks": [{"name": "KO"}], "tags": []}, {"id": 8266403, "author": "Benzinga", "created": "Thu, 28 Jul 2016 11:23:04 -0400", "updated": "Thu, 28 Jul 2016 11:23:04 -0400", "title": "Tesla's Gigafactory Hype Recalls Other Historic Openings", "teaser": "", "body": "", "url": "https://www.benzinga.com/node/8266403", "image": [], "channels": [{"name": "News"}, {"name": "Topics"}, {"name": "Travel"}, {"name": "Events"}, {"name": "General"}], "stocks": [{"name": "DIS"}, {"name": "F"}, {"name": "FUN"}, {"name": "TSLA"}], "tags": [{"name": "Disneyland"}, {"name": "Gigafactory"}, {"name": "River Rouge"}, {"name": "Union Station"}]}, {"id": 8271848, "author": "Benzinga", "created": "Thu, 28 Jul 2016 11:23:33 -0400", "updated": "Thu, 28 Jul 2016 11:23:33 -0400", "title": "Is Wall Street Hanging Up On Verizon After Yahoo Deal?", "teaser": "", "body": "", "url": "https://www.benzinga.com/node/8271848", "image": [], "channels": [{"name": "Earnings"}, {"name": "News"}, {"name": "Technicals"}, {"name": "M&A"}, {"name": "Tech"}, {"name": "Trading Ideas"}], "stocks": [{"name": "S"}, {"name": "T"}, {"name": "TMUS"}, {"name": "VZ"}, {"name": "YHOO"}], "tags": []}, {"id": 8272477, "author": "Benzinga", "created": "Thu, 28 Jul 2016 11:40:31 -0400", "updated": "Thu, 28 Jul 2016 11:40:31 -0400", "title": "Wal-Mart's Sam's Club Selects Salesforce To Digitally Transform Its Membership Engagement", "teaser": "", "body": "", "url": "https://www.benzinga.com/node/8272477", "image": [], "channels": [{"name": "News"}], "stocks": [{"name": "CRM"}, {"name": "WMT"}], "tags": []}, {"id": 8272563, "author": "Benzinga", "created": "Thu, 28 Jul 2016 11:52:46 -0400", "updated": "Thu, 28 Jul 2016 11:53:36 -0400", "title": "Can Amazon Shed Light On The U.S. Consumer?", "teaser": "", "body": "", "url": "https://www.benzinga.com/node/8272563", "image": [], "channels": [{"name": "News"}, {"name": "Economics"}, {"name": "Markets"}, {"name": "General"}], "stocks": [{"name": "AMZN"}, {"name": "CVX"}, {"name": "HAL"}, {"name": "IOC"}, {"name": "SLB"}], "tags": []}, {"id": 8272926, "author": "Benzinga", "created": "Thu, 28 Jul 2016 13:00:12 -0400", "updated": "Thu, 28 Jul 2016 13:00:12 -0400", "title": "IDC Says Apple's Smartphone Market Share Falls To 11.8% In Q2", "teaser": "", "body": "", "url": "https://www.benzinga.com/node/8272926", "image": [], "channels": [{"name": "News"}, {"name": "Tech"}], "stocks": [{"name": "AAPL"}], "tags": []}, {"id": 8273410, "author": "Benzinga", "created": "Thu, 28 Jul 2016 15:18:46 -0400", "updated": "Thu, 28 Jul 2016 15:19:56 -0400", "title": "Wells Fargo Thinks The Street May Have Already Priced In Dr Pepper's Q2 Results", "teaser": "", "body": "", "url": "https://www.benzinga.com/node/8273410", "image": [], "channels": [{"name": "Analyst Color"}, {"name": "Earnings"}, {"name": "News"}, {"name": "Guidance"}, {"name": "Analyst Ratings"}, {"name": "Movers"}], "stocks": [{"name": "DPS"}, {"name": "KO"}], "tags": [{"name": "Alied Brands"}, {"name": "Bonnie Herzog"}, {"name": "Schwweppes"}, {"name": "Wells Fargo"}]}, {"id": 8273700, "author": "Benzinga", "created": "Thu, 28 Jul 2016 15:25:17 -0400", "updated": "Thu, 28 Jul 2016 15:25:17 -0400", "title": "Emerging Market Woes Overshadow Coca-Cola's Q2 EPS Beat", "teaser": "", "body": "", "url": "https://www.benzinga.com/node/8273700", "image": [], "channels": [{"name": "Analyst Color"}, {"name": "News"}, {"name": "Guidance"}, {"name": "Reiteration"}, {"name": "Analyst Ratings"}], "stocks": [{"name": "KO"}], "tags": []}, {"id": 8274142, "author": "Benzinga", "created": "Thu, 28 Jul 2016 16:39:10 -0400", "updated": "Thu, 28 Jul 2016 16:39:10 -0400", "title": "Chipotle Announces New Hamburger Chain", "teaser": "", "body": "", "url": "https://www.benzinga.com/node/8274142", "image": [], "channels": [{"name": "News"}, {"name": "Restaurants"}, {"name": "Exclusives"}, {"name": "General"}], "stocks": [{"name": "CMG"}, {"name": "MCD"}], "tags": [{"name": "Adam Sarhan"}, {"name": "Consumer Discretionary"}, {"name": "Restaurants"}, {"name": "Tasty made"}]}, {"id": 8274526, "author": "Benzinga", "created": "Thu, 28 Jul 2016 16:48:20 -0400", "updated": "Thu, 28 Jul 2016 16:48:20 -0400", "title": "Amazon Is Worth More Than Wal-Mart, Costco And Target Combined", "teaser": "", "body": "", "url": "https://www.benzinga.com/node/8274526", "image": [], "channels": [{"name": "Earnings"}, {"name": "News"}, {"name": "Education"}, {"name": "Tech"}, {"name": "Trading Ideas"}, {"name": "General"}], "stocks": [{"name": "AMZN"}, {"name": "COST"}, {"name": "TGT"}, {"name": "WMT"}], "tags": []}, {"id": 8275494, "author": "Benzinga", "created": "Thu, 28 Jul 2016 17:19:58 -0400", "updated": "Thu, 28 Jul 2016 17:19:58 -0400", "title": "If Apple's Recent Hires Are Any Indication, The Apple Car Is A Priority", "teaser": "", "body": "", "url": "https://www.benzinga.com/node/8275494", "image": [], "channels": [{"name": "News"}, {"name": "Rumors"}, {"name": "Management"}, {"name": "Tech"}], "stocks": [{"name": "AAPL"}], "tags": [{"name": "Apple Car"}, {"name": "Bob Mansfield"}, {"name": "Dan Dodge"}, {"name": "Project Titan"}]}]