[{"id": 6145332, "author": "Benzinga", "created": "Fri, 15 Jan 2016 05:13:08 -0400", "updated": "Fri, 15 Jan 2016 05:13:08 -0400", "title": "IBM Acquires IRIS Analytics; Terms Not Dislcosed", "teaser": "", "body": "", "url": "https://www.benzinga.com/node/6145332", "image": [], "channels": [{"name": "News"}, {"name": "Offerings"}, {"name": "M&A"}, {"name": "Press Releases"}], "stocks": [{"name": "IBM"}], "tags": []}, {"id": 6145335, "author": "Benzinga", "created": "Fri, 15 Jan 2016 05:24:26 -0400", "updated": "Fri, 15 Jan 2016 05:24:27 -0400", "title": "7 Stocks To Watch For January 15, 2016", "teaser": "", "body": "", "url": "https://www.benzinga.com/node/6145335", "image": [], "channels": [{"name": "Earnings"}, {"name": "News"}, {"name": "Guidance"}, {"name": "Pre-Market Outlook"}, {"name": "Markets"}, {"name": "Trading Ideas"}], "stocks": [{"name": "ADI"}, {"name": "BLK"}, {"name": "C"}, {"name": "FAST"}, {"name": "INTC"}, {"name": "USB"}, {"name": "WFC"}], "tags": [{"name": "Stocks To Watch"}, {"name": "Stocks to Watch"}]}, {"id": 6144947, "author": "Benzinga", "created": "Fri, 15 Jan 2016 08:38:30 -0400", "updated": "Fri, 15 Jan 2016 08:38:30 -0400", "title": "Intel Starts Off Earnings Season For Chip-Maker Group With A Thud", "teaser": "", "body": "", "url": "https://www.benzinga.com/node/6144947", "image": [], "channels": [{"name": "Earnings"}, {"name": "News"}, {"name": "Guidance"}, {"name": "Dividends"}, {"name": "Movers"}, {"name": "Tech"}, {"name": "Trading Ideas"}], "stocks": [{"name": "AMD"}, {"name": "INTC"}, {"name": "NVDA"}], "tags": []}, {"id": 6145963, "author": "Benzinga", "created": "Fri, 15 Jan 2016 09:21:01 -0400", "updated": "Fri, 15 Jan 2016 09:23:59 -0400", "title": "10 Stocks Moving In Friday's Pre-Market Session", "teaser": "", "body": "", "url": "https://www.benzinga.com/node/6145963", "image": [], "channels": [{"name": "News"}, {"name": "Movers & Shakers"}, {"name": "Pre-Market Outlook"}, {"name": "Markets"}, {"name": "Movers"}], "stocks": [{"name": "ADI"}, {"name": "BSI"}, {"name": "EA"}, {"name": "ERIC"}, {"name": "FAST"}, {"name": "INTC"}, {"name": "LAKE"}, {"name": "NOK"}, {"name": "SHPG"}, {"name": "VNR"}], "tags": [{"name": "Pre Market Gainers"}, {"name": "Pre Market Losers"}]}, {"id": 6145257, "author": "Benzinga", "created": "Fri, 15 Jan 2016 09:24:06 -0400", "updated": "Fri, 15 Jan 2016 09:24:06 -0400", "title": "Write A Prescription For This Healthcare ETF", "teaser": "", "body": "", "url": "https://www.benzinga.com/node/6145257", "image": [], "channels": [{"name": "Biotech"}, {"name": "Long Ideas"}, {"name": "News"}, {"name": "Sector ETFs"}, {"name": "Health Care"}, {"name": "Intraday Update"}, {"name": "Markets"}, {"name": "Trading Ideas"}, {"name": "ETFs"}, {"name": "General"}], "stocks": [{"name": "AMGN"}, {"name": "GILD"}, {"name": "JHMH"}, {"name": "JNJ"}, {"name": "MRK"}, {"name": "PFE"}], "tags": [{"name": "Dimensional Fund Advisors"}, {"name": "John Hancock"}, {"name": "morningstar"}, {"name": "strategic beta"}]}, {"id": 6146083, "author": "Benzinga", "created": "Fri, 15 Jan 2016 09:58:18 -0400", "updated": "Fri, 15 Jan 2016 09:58:18 -0400", "title": "Report: Wal-Mart To Close 60 Stores In Brazil", "teaser": "", "body": "", "url": "https://www.benzinga.com/node/6146083", "image": [], "channels": [{"name": "News"}, {"name": "Rumors"}], "stocks": [{"name": "WMT"}], "tags": [{"name": "Telesur"}, {"name": "Wal-Mart"}, {"name": "Wal-Mart Brazil"}]}, {"id": 6146095, "author": "Benzinga", "created": "Fri, 15 Jan 2016 10:15:32 -0400", "updated": "Fri, 15 Jan 2016 10:15:32 -0400", "title": "Fox, Disney And Warner Bros. Start Off Hot In Oscar Race", "teaser": "", "body": "", "url": "https://www.benzinga.com/node/6146095", "image": [], "channels": [{"name": "Long Ideas"}, {"name": "News"}, {"name": "Events"}, {"name": "Tech"}, {"name": "Trading Ideas"}, {"name": "General"}], "stocks": [{"name": "DIS"}, {"name": "FOXA"}, {"name": "TWX"}], "tags": [{"name": "ABC"}, {"name": "Academy Awards"}, {"name": "Sylvester Stallone"}, {"name": "Warner Bros."}]}, {"id": 6146239, "author": "Benzinga", "created": "Fri, 15 Jan 2016 10:27:04 -0400", "updated": "Fri, 15 Jan 2016 10:27:04 -0400", "title": "Wal-Mart Will Close Nearly 270 Stores, 16,000 Employees To Be Affected", "teaser": "", "body": "", "url": "https://www.benzinga.com/node/6146239", "image": [], "channels": [{"name": "News"}, {"name": "Movers"}], "stocks": [{"name": "WMT"}], "tags": [{"name": "Wal-Mart"}, {"name": "Wal-Mart Brazil"}, {"name": "Wal-Mart E-Commerce"}, {"name": "Wal-MArt Express"}, {"name": "Wal-Mart International"}, {"name": "Wal-Mart Store Closures"}, {"name": "Wal-Mart Supercenters"}]}, {"id": 6146512, "author": "Benzinga", "created": "Fri, 15 Jan 2016 11:39:55 -0400", "updated": "Fri, 15 Jan 2016 11:40:13 -0400", "title": "IBM Acquires A Real-Time Analytics Company To Combat Payment Fraud", "teaser": "", "body": "", "url": "https://www.benzinga.com/node/6146512", "image": [], "channels": [{"name": "News"}, {"name": "M&A"}, {"name": "Tech"}], "stocks": [{"name": "IBM"}], "tags": [{"name": "Fraud Detection"}, {"name": "IBM"}, {"name": "IRIS Analytics"}, {"name": "Payment Fraud"}]}, {"id": 6146742, "author": "Benzinga", "created": "Fri, 15 Jan 2016 12:31:03 -0400", "updated": "Fri, 15 Jan 2016 12:31:04 -0400", "title": "Stocks Look to Suffer Under China's Bear Claws, Sub-$30 Oil, Mixed Earnings", "teaser": "", "body": "", "url": "https://www.benzinga.com/node/6146742", "image": [], "channels": [{"name": "Earnings"}, {"name": "News"}], "stocks": [{"name": "C"}, {"name": "INTC"}, {"name": "WFC"}], "tags": []}, {"id": 6146548, "author": "Benzinga", "created": "Fri, 15 Jan 2016 12:59:12 -0400", "updated": "Fri, 15 Jan 2016 12:59:13 -0400", "title": "Wall Street Still Largely Bullish On Intel Despite Selloff", "teaser": "", "body": "", "url": "https://www.benzinga.com/node/6146548", "image": [], "channels": [{"name": "Analyst Color"}, {"name": "Long Ideas"}, {"name": "News"}, {"name": "Analyst Ratings"}, {"name": "Movers"}, {"name": "Tech"}, {"name": "Trading Ideas"}], "stocks": [{"name": "INTC"}], "tags": []}, {"id": 6146930, "author": "Benzinga", "created": "Fri, 15 Jan 2016 14:06:06 -0400", "updated": "Fri, 15 Jan 2016 14:06:07 -0400", "title": "2015 Energy Earnings Were Historically Bad, But 2016 Could Be Even Worse", "teaser": "", "body": "", "url": "https://www.benzinga.com/node/6146930", "image": [], "channels": [{"name": "Analyst Color"}, {"name": "Earnings"}, {"name": "Long Ideas"}, {"name": "News"}, {"name": "Commodities"}, {"name": "Previews"}, {"name": "Markets"}, {"name": "Analyst Ratings"}, {"name": "Trading Ideas"}], "stocks": [{"name": "APA"}, {"name": "APC"}, {"name": "CVX"}], "tags": [{"name": "e&p"}, {"name": "energy"}, {"name": "Fadel Gheit"}, {"name": "Luis Amadeo"}, {"name": "Oppenheimer"}, {"name": "Refiners"}]}, {"id": 6145260, "author": "Benzinga", "created": "Fri, 15 Jan 2016 14:17:36 -0400", "updated": "Fri, 15 Jan 2016 14:17:36 -0400", "title": "Dividend Aristocrats ETF Joins The $1 Billion Club", "teaser": "", "body": "", "url": "https://www.benzinga.com/node/6145260", "image": [], "channels": [{"name": "Long Ideas"}, {"name": "News"}, {"name": "Broad U.S. Equity ETFs"}, {"name": "Dividends"}, {"name": "Intraday Update"}, {"name": "Trading Ideas"}, {"name": "ETFs"}], "stocks": [{"name": "JNJ"}, {"name": "KO"}, {"name": "NOBL"}, {"name": "WMT"}, {"name": "XOM"}], "tags": [{"name": "dividend aristocrats index"}, {"name": "dividend ETFs"}, {"name": "Michael Sapir"}, {"name": "ProShares Advisors LLC"}]}, {"id": 6145329, "author": "Benzinga", "created": "Fri, 15 Jan 2016 14:25:27 -0400", "updated": "Fri, 15 Jan 2016 14:25:28 -0400", "title": "Rethink U.S. Large-Cap Exposure With This ETF", "teaser": "", "body": "", "url": "https://www.benzinga.com/node/6145329", "image": [], "channels": [{"name": "Long Ideas"}, {"name": "News"}, {"name": "Broad U.S. Equity ETFs"}, {"name": "New ETFs"}, {"name": "Intraday Update"}, {"name": "Markets"}, {"name": "Trading Ideas"}, {"name": "ETFs"}], "stocks": [{"name": "AAPL"}, {"name": "GILD"}, {"name": "QLC"}, {"name": "XOM"}], "tags": [{"name": "FlexShares"}, {"name": "large-cap etfs"}, {"name": "Northern Trust Quality Large Cap Index"}, {"name": "smart beta"}, {"name": "strategic beta"}]}, {"id": 6146829, "author": "Benzinga", "created": "Fri, 15 Jan 2016 14:46:43 -0400", "updated": "Fri, 15 Jan 2016 14:46:43 -0400", "title": "Along The Street, Analog Devices Garners Lowered PTs But Maintains Buy Rating", "teaser": "", "body": "", "url": "https://www.benzinga.com/node/6146829", "image": [], "channels": [{"name": "Analyst Color"}, {"name": "Long Ideas"}, {"name": "News"}, {"name": "Price Target"}, {"name": "Reiteration"}, {"name": "Analyst Ratings"}, {"name": "Trading Ideas"}], "stocks": [{"name": "AAPL"}, {"name": "ADI"}], "tags": [{"name": "B. Riley"}, {"name": "Craig A. Ellis"}, {"name": "JPMorgan"}, {"name": "Stifel"}]}, {"id": 6146518, "author": "Benzinga", "created": "Fri, 15 Jan 2016 11:46:29 -0400", "updated": "Fri, 15 Jan 2016 16:59:28 -0400", "title": "How Did The Big Bank Earnings Season Turn Out?", "teaser": "", "body": "", "url": "https://www.benzinga.com/node/6146518", "image": [], "channels": [{"name": "Earnings"}, {"name": "News"}, {"name": "Top Stories"}], "stocks": [{"name": "BAC"}, {"name": "C"}, {"name": "GS"}, {"name": "JPM"}, {"name": "MS"}, {"name": "WFC"}], "tags": []}, {"id": 6147522, "author": "Benzinga", "created": "Fri, 15 Jan 2016 17:10:38 -0400", "updated": "Fri, 15 Jan 2016 17:10:39 -0400", "title": "Stocks Buckle Under Crush of Chinese Bear, Sub-$30 Oil", "teaser": "", "body": "", "url": "https://www.benzinga.com/node/6147522", "image": [], "channels": [{"name": "Earnings"}, {"name": "News"}], "stocks": [{"name": "C"}, {"name": "INTC"}], "tags": []}]