[{"id": 8249366, "author": "Benzinga", "created": "Sun, 24 Jul 2016 15:55:48 -0400", "updated": "Sun, 24 Jul 2016 15:55:48 -0400", "title": "The Wicked Present: Cops Using Dead Man's Fingers To Access Phone Via 3D Printing Technology", "teaser": "", "body": "", "url": "https://www.benzinga.com/node/8249366", "image": [], "channels": [{"name": "News"}, {"name": "Topics"}, {"name": "Legal"}, {"name": "Tech"}, {"name": "Media"}, {"name": "General"}], "stocks": [{"name": "AAPL"}, {"name": "DDD"}, {"name": "GOOG"}, {"name": "GOOGL"}, {"name": "SSYS"}, {"name": "VJET"}], "tags": [{"name": "3D Printing"}, {"name": "Anil Jain"}, {"name": "biometrics"}, {"name": "Bryan Choi"}, {"name": "Fusion"}, {"name": "Sunpreet Arora"}]}, {"id": 8250248, "author": "Benzinga", "created": "Sun, 24 Jul 2016 21:27:28 -0400", "updated": "Sun, 24 Jul 2016 21:27:29 -0400", "title": "Benzinga's Weekend M&A Chatter", "teaser": "", "body": "", "url": "https://www.benzinga.com/node/8250248", "image": [], "channels": [{"name": "News"}, {"name": "Rumors"}, {"name": "M&A"}, {"name": "Movers"}], "stocks": [{"name": "SCTY"}, {"name": "SYT"}, {"name": "TSLA"}, {"name": "VZ"}, {"name": "YHOO"}], "tags": []}]