[{"id": 8005310, "author": "Benzinga", "created": "Thu, 19 May 2016 04:12:54 -0400", "updated": "Thu, 19 May 2016 04:12:54 -0400", "title": "Earnings Scheduled For May 19, 2016", "teaser": "", "body": "", "url": "https://www.benzinga.com/node/8005310", "image": [], "channels": [{"name": "Earnings"}, {"name": "News"}, {"name": "Pre-Market Outlook"}, {"name": "Markets"}], "stocks": [{"name": "AAP"}, {"name": "ADSK"}, {"name": "AINV"}, {"name": "AMAT"}, {"name": "BONT"}, {"name": "BRC"}, {"name": "BRCD"}, {"name": "CAE"}, {"name": "CATO"}, {"name": "CIB"}, {"name": "CMCM"}, {"name": "DKS"}, {"name": "EGHT"}, {"name": "ELOS"}, {"name": "GPS"}, {"name": "HGG"}, {"name": "HQCL"}, {"name": "KEYS"}, {"name": "MBT"}, {"name": "MENT"}, {"name": "MNRO"}, {"name": "NNA"}, {"name": "NWY"}, {"name": "ORIG"}, {"name": "PERY"}, {"name": "QSII"}, {"name": "RAVN"}, {"name": "ROST"}, {"name": "SCVL"}, {"name": "SMRT"}, {"name": "SSI"}, {"name": "TK"}, {"name": "TNK"}, {"name": "TTC"}, {"name": "WMT"}], "tags": [{"name": "Earnings schedule"}, {"name": "Telecommunication Services"}, {"name": "Wireless Telecommunication Services"}]}, {"id": 8005325, "author": "Benzinga", "created": "Thu, 19 May 2016 04:40:15 -0400", "updated": "Thu, 19 May 2016 04:40:16 -0400", "title": "Keep an Eye on These 10 Stocks for May 19, 2016", "teaser": "", "body": "", "url": "https://www.benzinga.com/node/8005325", "image": [], "channels": [{"name": "Earnings"}, {"name": "News"}, {"name": "Guidance"}, {"name": "Offerings"}, {"name": "Pre-Market Outlook"}, {"name": "Markets"}, {"name": "Trading Ideas"}], "stocks": [{"name": "AEO"}, {"name": "AMAT"}, {"name": "CRM"}, {"name": "CSCO"}, {"name": "DKS"}, {"name": "GPS"}, {"name": "ROST"}, {"name": "TSLA"}, {"name": "URBN"}, {"name": "WMT"}], "tags": [{"name": "Stocks To Watch"}, {"name": "Stocks to Watch"}]}, {"id": 8005896, "author": "Benzinga", "created": "Thu, 19 May 2016 07:21:36 -0400", "updated": "Thu, 19 May 2016 07:21:37 -0400", "title": "Salesforce.com Q1'16 Earnings Conference Call: Full Transcript", "teaser": "", "body": "", "url": "https://www.benzinga.com/node/8005896", "image": [], "channels": [{"name": "Earnings"}, {"name": "News"}], "stocks": [{"name": "CRM"}], "tags": []}, {"id": 8006239, "author": "Benzinga", "created": "Thu, 19 May 2016 08:16:32 -0400", "updated": "Thu, 19 May 2016 08:18:20 -0400", "title": "15 Stocks Moving In Thursday's Pre-Market Session", "teaser": "", "body": "", "url": "https://www.benzinga.com/node/8006239", "image": [], "channels": [{"name": "News"}, {"name": "Movers & Shakers"}, {"name": "Pre-Market Outlook"}, {"name": "Markets"}, {"name": "Movers"}], "stocks": [{"name": "AAP"}, {"name": "CHD"}, {"name": "CRM"}, {"name": "CSCO"}, {"name": "DKS"}, {"name": "GLPI"}, {"name": "LB"}, {"name": "PERY"}, {"name": "RPRX"}, {"name": "SSI"}, {"name": "TNXP"}, {"name": "URBN"}, {"name": "VWR"}, {"name": "WMT"}, {"name": "ZIOP"}], "tags": [{"name": "#PreMarket Gainers"}, {"name": "Losers"}, {"name": "Top Gainers"}]}, {"id": 8006180, "author": "Benzinga", "created": "Thu, 19 May 2016 08:34:22 -0400", "updated": "Thu, 19 May 2016 08:35:21 -0400", "title": "Investors Greet Wal-Mart Stores Q1 Results", "teaser": "", "body": "", "url": "https://www.benzinga.com/node/8006180", "image": [], "channels": [{"name": "Earnings"}, {"name": "News"}, {"name": "Guidance"}], "stocks": [{"name": "WMT"}], "tags": []}, {"id": 8006148, "author": "Benzinga", "created": "Thu, 19 May 2016 08:51:15 -0400", "updated": "Thu, 19 May 2016 08:51:15 -0400", "title": "HedgeEye Thinks Wal-Mart's E-Commerce Business Is 'Unacceptable'", "teaser": "", "body": "", "url": "https://www.benzinga.com/node/8006148", "image": [], "channels": [{"name": "Earnings"}, {"name": "News"}], "stocks": [{"name": "WMT"}], "tags": [{"name": "Brian McGough"}, {"name": "Doug McMillon"}, {"name": "Hedgeye Retail"}, {"name": "retailers"}, {"name": "Sam's Club"}, {"name": "Wal-Mart"}, {"name": "Wal-Mart E-Commerce"}]}, {"id": 8006018, "author": "Benzinga", "created": "Thu, 19 May 2016 09:07:01 -0400", "updated": "Thu, 19 May 2016 09:07:01 -0400", "title": "Apple Announces A Second Development Office In India", "teaser": "", "body": "", "url": "https://www.benzinga.com/node/8006018", "image": [], "channels": [{"name": "News"}, {"name": "Emerging Markets"}, {"name": "Markets"}, {"name": "Tech"}, {"name": "Trading Ideas"}], "stocks": [{"name": "AAPL"}], "tags": [{"name": "Anup Jindal"}, {"name": "Apple"}, {"name": "Apple India"}, {"name": "Apple Maps"}, {"name": "RMSI"}, {"name": "Tim Cook"}]}, {"id": 8006708, "author": "Benzinga", "created": "Thu, 19 May 2016 09:32:51 -0400", "updated": "Thu, 19 May 2016 09:32:51 -0400", "title": "Top Gainers In Today's Pre-Market Session: Clothing Stitches Up The Charts", "teaser": "", "body": "", "url": "https://www.benzinga.com/node/8006708", "image": [], "channels": [{"name": "News"}, {"name": "Pre-Market Outlook"}, {"name": "Movers"}], "stocks": [{"name": "AEO"}, {"name": "CPXX"}, {"name": "PERY"}, {"name": "URBN"}, {"name": "WMT"}], "tags": []}, {"id": 8004897, "author": "Benzinga", "created": "Thu, 19 May 2016 09:43:24 -0400", "updated": "Thu, 19 May 2016 09:43:24 -0400", "title": "ABC Expands Comedy Slate As New Network Chief Shakes Things Up", "teaser": "", "body": "", "url": "https://www.benzinga.com/node/8004897", "image": [], "channels": [{"name": "News"}, {"name": "Events"}, {"name": "Tech"}, {"name": "Trading Ideas"}, {"name": "General"}], "stocks": [{"name": "DIS"}], "tags": [{"name": "ABC"}, {"name": "Agents of S.H.I.E.L.D."}, {"name": "Castle"}, {"name": "Channing Dungey"}, {"name": "Conviction"}, {"name": "Covert Affairs"}, {"name": "Daniel Sunjata"}, {"name": "Designated Survivor"}, {"name": "Graceland"}, {"name": "Kerry Washington"}, {"name": "Marvel"}, {"name": "Nashville"}, {"name": "Notorious"}, {"name": "Paul Lee"}, {"name": "Piper Perabo"}, {"name": "scandal"}, {"name": "Speechless"}, {"name": "The Goldbergs"}, {"name": "The Middle"}]}, {"id": 8006246, "author": "Benzinga", "created": "Thu, 19 May 2016 09:55:34 -0400", "updated": "Thu, 19 May 2016 09:55:34 -0400", "title": "Activist Heavyweights Form Lobbying Group", "teaser": "", "body": "", "url": "https://www.benzinga.com/node/8006246", "image": [], "channels": [{"name": "News"}, {"name": "Hedge Funds"}, {"name": "Politics"}, {"name": "Media"}, {"name": "General"}], "stocks": [{"name": "AAPL"}, {"name": "AIG"}, {"name": "DD"}, {"name": "EBAY"}, {"name": "GE"}, {"name": "VRX"}, {"name": "YHOO"}], "tags": [{"name": "Barry Rosenstein"}, {"name": "Bernie Sanders"}, {"name": "Carl Icahn"}, {"name": "CIRCA<"}, {"name": "Council for Investor Rights and Corporate Accountability"}, {"name": "Danile Loeb"}, {"name": "elliott associates"}, {"name": "Hillary Clinton"}, {"name": "Jana Partners"}, {"name": "Jeff Smith"}, {"name": "Paul Singer"}, {"name": "Pershing Square"}, {"name": "Reuters"}, {"name": "Starboard Value"}, {"name": "third point"}, {"name": "William Ackman"}]}, {"id": 8006436, "author": "Benzinga", "created": "Thu, 19 May 2016 09:48:54 -0400", "updated": "Thu, 19 May 2016 10:01:14 -0400", "title": "The Market In 5 Minutes: The Oscars Of Fintech Is Coming", "teaser": "", "body": "", "url": "https://www.benzinga.com/node/8006436", "image": [], "channels": [{"name": "News"}, {"name": "Global"}, {"name": "Top Stories"}, {"name": "Markets"}], "stocks": [{"name": "ARWR"}, {"name": "CRM"}, {"name": "CSCO"}, {"name": "DKS"}, {"name": "FB"}, {"name": "GS"}, {"name": "HAL"}, {"name": "LMT"}, {"name": "MON"}, {"name": "NOC"}, {"name": "NSC"}, {"name": "PBR"}, {"name": "SAM"}, {"name": "SPY"}, {"name": "SQ"}, {"name": "TSLA"}, {"name": "TTWO"}, {"name": "TWTR"}, {"name": "URBN"}, {"name": "USO"}, {"name": "WMT"}], "tags": [{"name": "the market in 5 minutes"}]}, {"id": 8007103, "author": "Benzinga", "created": "Thu, 19 May 2016 10:13:44 -0400", "updated": "Thu, 19 May 2016 10:13:45 -0400", "title": "Mid-Morning Market Update: Markets Open Lower; Wal-Mart Profit Beats Expectations", "teaser": "", "body": "", "url": "https://www.benzinga.com/node/8007103", "image": [], "channels": [{"name": "Earnings"}, {"name": "News"}, {"name": "Guidance"}, {"name": "Eurozone"}, {"name": "Commodities"}, {"name": "Global"}, {"name": "Intraday Update"}, {"name": "Markets"}, {"name": "Movers"}], "stocks": [{"name": "AEO"}, {"name": "AQMS"}, {"name": "DRWI"}, {"name": "MNRO"}, {"name": "PERY"}, {"name": "PQ"}, {"name": "SSI"}, {"name": "TNK"}, {"name": "URBN"}, {"name": "WMT"}], "tags": [{"name": "Mid-Morning Market Update"}]}, {"id": 8007199, "author": "Benzinga", "created": "Thu, 19 May 2016 10:23:22 -0400", "updated": "Thu, 19 May 2016 10:23:22 -0400", "title": "Benzinga's Volume Movers", "teaser": "", "body": "", "url": "https://www.benzinga.com/node/8007199", "image": [], "channels": [{"name": "News"}, {"name": "Intraday Update"}, {"name": "Markets"}, {"name": "Movers"}], "stocks": [{"name": "CHD"}, {"name": "PERY"}, {"name": "STCK"}, {"name": "WMT"}], "tags": [{"name": "volume movers"}]}, {"id": 8006454, "author": "Benzinga", "created": "Thu, 19 May 2016 10:31:53 -0400", "updated": "Thu, 19 May 2016 10:36:10 -0400", "title": "Barclays Raises Saleforce's Price Target To $89 Following Q1 Beat", "teaser": "", "body": "", "url": "https://www.benzinga.com/node/8006454", "image": [], "channels": [{"name": "Analyst Color"}, {"name": "Long Ideas"}, {"name": "News"}, {"name": "Price Target"}, {"name": "Reiteration"}, {"name": "Analyst Ratings"}, {"name": "Movers"}, {"name": "Tech"}, {"name": "Trading Ideas"}], "stocks": [{"name": "CRM"}], "tags": [{"name": "Barclays"}, {"name": "Raimo Lenschow"}]}, {"id": 8007314, "author": "Benzinga", "created": "Thu, 19 May 2016 10:40:57 -0400", "updated": "Thu, 19 May 2016 10:40:57 -0400", "title": "Top Performing Industries For May 19, 2016", "teaser": "", "body": "", "url": "https://www.benzinga.com/node/8007314", "image": [], "channels": [{"name": "News"}, {"name": "Intraday Update"}, {"name": "Markets"}, {"name": "Movers"}], "stocks": [{"name": "CSCO"}, {"name": "DKS"}, {"name": "SHLD"}, {"name": "WMT"}], "tags": [{"name": "Top Performing Industries"}]}, {"id": 8006468, "author": "Benzinga", "created": "Thu, 19 May 2016 10:41:58 -0400", "updated": "Thu, 19 May 2016 10:41:58 -0400", "title": "Multiple Growth Drivers Push Salesforce Forward Making It A Top Pick", "teaser": "", "body": "", "url": "https://www.benzinga.com/node/8006468", "image": [], "channels": [{"name": "Analyst Color"}, {"name": "Long Ideas"}, {"name": "News"}, {"name": "Price Target"}, {"name": "Reiteration"}, {"name": "Analyst Ratings"}, {"name": "Movers"}, {"name": "Tech"}, {"name": "Trading Ideas"}], "stocks": [{"name": "CRM"}], "tags": [{"name": "Keith Weiss"}, {"name": "Morgan Stanley"}]}, {"id": 8006678, "author": "Benzinga", "created": "Thu, 19 May 2016 10:45:27 -0400", "updated": "Thu, 19 May 2016 10:45:27 -0400", "title": "Barclays Calls Fitbit's Payment Acquisition 'Meaningful'", "teaser": "", "body": "", "url": "https://www.benzinga.com/node/8006678", "image": [], "channels": [{"name": "Analyst Color"}, {"name": "News"}, {"name": "M&A"}, {"name": "Tech"}, {"name": "Trading Ideas"}], "stocks": [{"name": "DIS"}, {"name": "FIT"}], "tags": [{"name": "Barclays"}, {"name": "Coin"}]}, {"id": 8007327, "author": "Benzinga", "created": "Thu, 19 May 2016 10:49:24 -0400", "updated": "Thu, 19 May 2016 10:49:24 -0400", "title": "Wal-Mart's 10% Spike Is Rare, But Not Unprecedented In The Past Decade", "teaser": "", "body": "", "url": "https://www.benzinga.com/node/8007327", "image": [], "channels": [{"name": "Earnings"}, {"name": "News"}, {"name": "Education"}, {"name": "Movers"}, {"name": "General"}], "stocks": [{"name": "WMT"}], "tags": []}, {"id": 8006813, "author": "Benzinga", "created": "Thu, 19 May 2016 11:07:39 -0400", "updated": "Thu, 19 May 2016 11:07:39 -0400", "title": "JPMorgan's Take On Big Pharma's New ASCO Abstracts", "teaser": "", "body": "", "url": "https://www.benzinga.com/node/8006813", "image": [], "channels": [{"name": "Analyst Color"}, {"name": "Biotech"}, {"name": "Long Ideas"}, {"name": "News"}, {"name": "Events"}, {"name": "Analyst Ratings"}, {"name": "Trading Ideas"}, {"name": "General"}], "stocks": [{"name": "BMY"}, {"name": "LLY"}, {"name": "MRK"}, {"name": "PFE"}], "tags": [{"name": "Abemaciclib"}, {"name": "ASCO 2016"}, {"name": "Chris Schott"}, {"name": "Docetaxel"}, {"name": "ibrance"}, {"name": "Opdivo"}, {"name": "pharma"}, {"name": "pharmaceuticals"}]}, {"id": 8007511, "author": "Benzinga", "created": "Thu, 19 May 2016 11:09:13 -0400", "updated": "Thu, 19 May 2016 11:09:13 -0400", "title": "Wal-Mart Stores Q1'17 Earnings Conference Call: Full Transcript", "teaser": "", "body": "", "url": "https://www.benzinga.com/node/8007511", "image": [], "channels": [{"name": "Earnings"}, {"name": "News"}], "stocks": [{"name": "WMT"}], "tags": []}, {"id": 8007512, "author": "Benzinga", "created": "Thu, 19 May 2016 11:09:22 -0400", "updated": "Thu, 19 May 2016 11:09:24 -0400", "title": "Strong Earnings Results May be Overshadowed by Hawkish Fed Minutes", "teaser": "", "body": "", "url": "https://www.benzinga.com/node/8007512", "image": [], "channels": [{"name": "Earnings"}, {"name": "News"}, {"name": "Guidance"}, {"name": "Events"}, {"name": "Economics"}, {"name": "Federal Reserve"}, {"name": "Markets"}], "stocks": [{"name": "CSCO"}, {"name": "GPS"}, {"name": "TGT"}, {"name": "WMT"}], "tags": [{"name": "BZ Sponsored"}]}, {"id": 8007579, "author": "Benzinga", "created": "Thu, 19 May 2016 11:35:17 -0400", "updated": "Thu, 19 May 2016 11:35:17 -0400", "title": "Condom Maker Church & Dwight Says It Hasn't Received Any Acquisition Offers", "teaser": "", "body": "", "url": "https://www.benzinga.com/node/8007579", "image": [], "channels": [{"name": "News"}, {"name": "M&A"}, {"name": "Movers"}], "stocks": [{"name": "CHD"}, {"name": "PG"}], "tags": [{"name": "Church & Dwight"}, {"name": "M&A rumors"}, {"name": "Reckitt Benckiser"}]}, {"id": 8007845, "author": "Benzinga", "created": "Thu, 19 May 2016 12:06:25 -0400", "updated": "Thu, 19 May 2016 12:06:26 -0400", "title": "Mid-Day Market Update: Dow Drops 150 Points; American Eagle Shares Jump Following Strong Results", "teaser": "", "body": "", "url": "https://www.benzinga.com/node/8007845", "image": [], "channels": [{"name": "Earnings"}, {"name": "News"}, {"name": "Guidance"}, {"name": "Eurozone"}, {"name": "Commodities"}, {"name": "Global"}, {"name": "Intraday Update"}, {"name": "Markets"}, {"name": "Movers"}], "stocks": [{"name": "AEO"}, {"name": "AQMS"}, {"name": "CMCM"}, {"name": "MNRO"}, {"name": "NQ"}, {"name": "PERY"}, {"name": "SSI"}, {"name": "TEO"}, {"name": "URBN"}, {"name": "WMT"}], "tags": [{"name": "Mid-Day Market Update"}]}, {"id": 8007788, "author": "Benzinga", "created": "Thu, 19 May 2016 12:13:23 -0400", "updated": "Thu, 19 May 2016 12:13:23 -0400", "title": "Michael Lasser Impressed By Wal-Mart's Q1 Beat, But Isn't Ready To Buy The Stock", "teaser": "", "body": "", "url": "https://www.benzinga.com/node/8007788", "image": [], "channels": [{"name": "Analyst Color"}, {"name": "CNBC"}, {"name": "Earnings"}, {"name": "News"}, {"name": "Media"}], "stocks": [{"name": "WMT"}], "tags": [{"name": "Michael Lasser"}, {"name": "Retailer Earnings"}, {"name": "retailers"}, {"name": "Squawk on the Street"}, {"name": "UBS"}, {"name": "Wal-Mart"}]}, {"id": 8007901, "author": "Benzinga", "created": "Thu, 19 May 2016 12:30:02 -0400", "updated": "Thu, 19 May 2016 12:30:40 -0400", "title": "Dennis Dick Downplays Skepticism On Goldman's Tesla Upgrade- 'Just Doesn't Make Any Sense'", "teaser": "", "body": "", "url": "https://www.benzinga.com/node/8007901", "image": [], "channels": [{"name": "News"}], "stocks": [{"name": "GM"}, {"name": "GS"}, {"name": "TSLA"}], "tags": []}, {"id": 8007697, "author": "Benzinga", "created": "Thu, 19 May 2016 13:59:44 -0400", "updated": "Thu, 19 May 2016 13:59:44 -0400", "title": "Citi Upgrades Lowe's Companies To Buy", "teaser": "", "body": "", "url": "https://www.benzinga.com/node/8007697", "image": [], "channels": [{"name": "Analyst Color"}, {"name": "News"}, {"name": "Upgrades"}, {"name": "Price Target"}, {"name": "Analyst Ratings"}], "stocks": [{"name": "HD"}, {"name": "LOW"}], "tags": [{"name": "Consumer Discretionary"}, {"name": "Home Improvement Retail"}]}, {"id": 8008545, "author": "Benzinga", "created": "Thu, 19 May 2016 14:30:18 -0400", "updated": "Thu, 19 May 2016 14:30:18 -0400", "title": "Mid-Afternoon Market Update: Stage Stores Drops On Downbeat Results; Urban Outfitters Shares Surge", "teaser": "", "body": "", "url": "https://www.benzinga.com/node/8008545", "image": [], "channels": [{"name": "Earnings"}, {"name": "News"}, {"name": "Guidance"}, {"name": "Eurozone"}, {"name": "Commodities"}, {"name": "Global"}, {"name": "Intraday Update"}, {"name": "Markets"}, {"name": "Movers"}], "stocks": [{"name": "AEO"}, {"name": "CMCM"}, {"name": "KOOL"}, {"name": "MNRO"}, {"name": "OKE"}, {"name": "OKS"}, {"name": "RGEN"}, {"name": "SSI"}, {"name": "TRGP"}, {"name": "URBN"}, {"name": "VRX"}, {"name": "WMT"}], "tags": [{"name": "Mid-Afternoon Market Updat"}]}, {"id": 8010048, "author": "Benzinga", "created": "Thu, 19 May 2016 17:20:54 -0400", "updated": "Thu, 19 May 2016 17:21:35 -0400", "title": "Goldman Sachs Sees Church & Dwight Speculation As Opportunity To Exit Shares", "teaser": "", "body": "", "url": "https://www.benzinga.com/node/8010048", "image": [], "channels": [{"name": "Analyst Color"}, {"name": "News"}, {"name": "Reiteration"}, {"name": "M&A"}, {"name": "After-Hours Center"}, {"name": "Analyst Ratings"}], "stocks": [{"name": "CHD"}, {"name": "PG"}], "tags": [{"name": "Goldman Sachs"}, {"name": "Jason English"}]}]