[{"id": 8031482, "author": "Benzinga", "created": "Thu, 26 May 2016 08:18:58 -0400", "updated": "Thu, 26 May 2016 08:18:59 -0400", "title": "1 Out Of Every 10 Americans Wants Gary Johnson As President; But Who's This Guy!?", "teaser": "", "body": "", "url": "https://www.benzinga.com/node/8031482", "image": [], "channels": [{"name": "News"}, {"name": "Politics"}, {"name": "Econ #s"}, {"name": "General"}], "stocks": [{"name": "CBDS"}, {"name": "DIS"}, {"name": "NWSA"}], "tags": [{"name": "Donald Trump"}, {"name": "Fox News"}, {"name": "Gary Johnson"}, {"name": "Hillary Clinton"}, {"name": "Libertarian Party"}, {"name": "Morning Consult"}]}, {"id": 8034756, "author": "Benzinga", "created": "Thu, 26 May 2016 09:04:19 -0400", "updated": "Thu, 26 May 2016 09:04:19 -0400", "title": "Report: Apple's Eddy Cue Pushed For An Acquisition Of Time Warner Last Year", "teaser": "", "body": "", "url": "https://www.benzinga.com/node/8034756", "image": [], "channels": [{"name": "News"}, {"name": "Rumors"}, {"name": "M&A"}, {"name": "Movers"}, {"name": "Tech"}, {"name": "Trading Ideas"}], "stocks": [{"name": "AAPL"}, {"name": "NFLX"}, {"name": "TWX"}], "tags": [{"name": "Apple"}, {"name": "Apple M&A"}, {"name": "Apple Media"}, {"name": "Apple TV"}, {"name": "Eddy Cue"}, {"name": "Financial Times"}, {"name": "Olaf Olafsson"}, {"name": "Tim Cook"}]}, {"id": 8031685, "author": "Benzinga", "created": "Thu, 26 May 2016 09:05:50 -0400", "updated": "Thu, 26 May 2016 09:05:51 -0400", "title": "Hillary Clinton Gearing Up For The Race: The Sanders Deal & The VP Shortlist", "teaser": "", "body": "", "url": "https://www.benzinga.com/node/8031685", "image": [], "channels": [{"name": "News"}, {"name": "Politics"}, {"name": "Global"}, {"name": "Media"}, {"name": "General"}], "stocks": [{"name": "CBS"}, {"name": "CMCSA"}, {"name": "CMCSK"}, {"name": "DIS"}, {"name": "FB"}, {"name": "FOX"}, {"name": "VIA"}, {"name": "VIAB"}], "tags": [{"name": "Bernie Sanders"}, {"name": "Beyonce"}, {"name": "Ellen DeGeneres"}, {"name": "George Clooney"}, {"name": "Hillary Clinton"}, {"name": "Jeff Probst"}, {"name": "Joe Biden"}, {"name": "Leonardo Dicaprio"}, {"name": "Mark Cuban"}, {"name": "Mark Zuckerberg"}, {"name": "NBC"}, {"name": "The Ellen Show"}, {"name": "Tony Goldwyn"}]}, {"id": 8035145, "author": "Benzinga", "created": "Thu, 26 May 2016 09:14:37 -0400", "updated": "Thu, 26 May 2016 09:14:37 -0400", "title": "The Market In 5 Minutes: Oil Hitting 7-Month Highs", "teaser": "", "body": "", "url": "https://www.benzinga.com/node/8035145", "image": [], "channels": [{"name": "News"}, {"name": "Global"}, {"name": "Top Stories"}], "stocks": [{"name": "AAPL"}, {"name": "ANTM"}, {"name": "BABA"}, {"name": "CI"}, {"name": "CMG"}, {"name": "COST"}, {"name": "DG"}, {"name": "DLTR"}, {"name": "INFY"}, {"name": "JACK"}, {"name": "LC"}, {"name": "MCD"}, {"name": "NFLX"}, {"name": "NTAP"}, {"name": "PSTG"}, {"name": "SHLD"}, {"name": "SHPG"}, {"name": "TWX"}, {"name": "WBA"}], "tags": [{"name": "the market in 5 minutes"}]}, {"id": 8032463, "author": "Benzinga", "created": "Thu, 26 May 2016 10:49:38 -0400", "updated": "Thu, 26 May 2016 10:49:39 -0400", "title": "CEOs Vs. Hedge Fund Managers: Who Gets Paid Better?", "teaser": "", "body": "", "url": "https://www.benzinga.com/node/8032463", "image": [], "channels": [{"name": "Financial Advisors"}, {"name": "News"}, {"name": "Hedge Funds"}, {"name": "Management"}, {"name": "Economics"}, {"name": "Personal Finance"}, {"name": "General"}], "stocks": [{"name": "CBS"}, {"name": "CMCSA"}, {"name": "CMCSK"}, {"name": "CRM"}, {"name": "DIS"}, {"name": "EXPE"}, {"name": "GCP"}, {"name": "GCP.A"}, {"name": "GGP"}, {"name": "HON"}, {"name": "REGN"}, {"name": "VIA"}, {"name": "VIAB"}, {"name": "YHOO"}], "tags": [{"name": "0le Andreas Halvorsen"}, {"name": "Appaloosa Management"}, {"name": "Associated Press"}, {"name": "Brian Roberts"}, {"name": "Bridgewater Associates"}, {"name": "Christopher Hohn"}, {"name": "citadel"}, {"name": "D.E. Shaw Group"}, {"name": "Dara Khosrowshahi"}, {"name": "David Cote"}, {"name": "David Shaw"}, {"name": "David Siegel"}, {"name": "David Tepper"}, {"name": "Equilar"}, {"name": "Israel Englander"}, {"name": "Jim Simons"}, {"name": "John Overdeck"}, {"name": "Joseph Edelman"}, {"name": "Ken Griffin"}, {"name": "Leonard Schleifer"}, {"name": "Leslie Moonves"}, {"name": "Marc Benioff"}, {"name": "Marissa Mayer"}, {"name": "Millennium Management"}, {"name": "Perceptive Advisors"}, {"name": "philippe dauman"}, {"name": "Ray Dalio"}, {"name": "Renaissance Technologies"}, {"name": "Robert Iger"}, {"name": "Sandeep Mathrani"}, {"name": "The Children's Investment Fund Management"}, {"name": "Two Sigma Investments"}, {"name": "Viking Global Investors"}]}, {"id": 8036122, "author": "Benzinga", "created": "Thu, 26 May 2016 11:43:55 -0400", "updated": "Thu, 26 May 2016 11:43:56 -0400", "title": "Netflix Shares Are Hot Despite Not Actually Being Mentioned As An Apple Target", "teaser": "", "body": "", "url": "https://www.benzinga.com/node/8036122", "image": [], "channels": [{"name": "News"}, {"name": "Rumors"}, {"name": "M&A"}, {"name": "Tech"}, {"name": "Media"}], "stocks": [{"name": "AAPL"}, {"name": "DIS"}, {"name": "NFLX"}, {"name": "TWX"}], "tags": [{"name": "Financial Times"}]}, {"id": 8035598, "author": "Benzinga", "created": "Thu, 26 May 2016 11:58:27 -0400", "updated": "Thu, 26 May 2016 12:00:50 -0400", "title": "Walgreens' Relationship With Theranos 'An Extreme Case Study Of What Can Go Wrong'", "teaser": "", "body": "", "url": "https://www.benzinga.com/node/8035598", "image": [], "channels": [{"name": "News"}, {"name": "Wall Street Journal"}, {"name": "Contracts"}, {"name": "Top Stories"}, {"name": "Media"}, {"name": "Trading Ideas"}], "stocks": [{"name": "WBA"}], "tags": [{"name": "Diagnostics"}, {"name": "Edison"}, {"name": "Medical Companies"}, {"name": "The Wall Street Journal"}, {"name": "Theranos"}, {"name": "Walgreens"}]}, {"id": 8036296, "author": "Benzinga", "created": "Thu, 26 May 2016 12:10:29 -0400", "updated": "Thu, 26 May 2016 12:10:30 -0400", "title": "Celgene Rallies Of Possible Interest From Merck", "teaser": "", "body": "", "url": "https://www.benzinga.com/node/8036296", "image": [], "channels": [{"name": "News"}, {"name": "Rumors"}, {"name": "Technicals"}, {"name": "Intraday Update"}, {"name": "Movers"}, {"name": "Trading Ideas"}], "stocks": [{"name": "CELG"}, {"name": "MRK"}], "tags": []}, {"id": 8036708, "author": "Benzinga", "created": "Thu, 26 May 2016 13:24:03 -0400", "updated": "Thu, 26 May 2016 13:24:03 -0400", "title": "NIKE Makes Management Changes", "teaser": "", "body": "", "url": "https://www.benzinga.com/node/8036708", "image": [], "channels": [{"name": "News"}, {"name": "Management"}], "stocks": [{"name": "NKE"}], "tags": []}, {"id": 8036360, "author": "Benzinga", "created": "Thu, 26 May 2016 14:14:47 -0400", "updated": "Thu, 26 May 2016 14:14:47 -0400", "title": "Albert Fried On Apple And Time Warner Talks: Not Probable, But Beneficial", "teaser": "", "body": "", "url": "https://www.benzinga.com/node/8036360", "image": [], "channels": [{"name": "Analyst Color"}, {"name": "Long Ideas"}, {"name": "News"}, {"name": "Price Target"}, {"name": "Reiteration"}, {"name": "M&A"}, {"name": "Analyst Ratings"}, {"name": "Movers"}, {"name": "Tech"}, {"name": "Trading Ideas"}], "stocks": [{"name": "AAPL"}, {"name": "TWX"}], "tags": [{"name": "Adult Swim"}, {"name": "Albert Fried & Company"}, {"name": "cnn"}, {"name": "Rich Tullo"}, {"name": "TBS"}, {"name": "TNTFinancial Times"}]}, {"id": 8037106, "author": "Benzinga", "created": "Thu, 26 May 2016 14:29:59 -0400", "updated": "Thu, 26 May 2016 14:29:59 -0400", "title": "Microsoft, Facebook To Establish Innovative New Subsea Cable Across Atlantic Ocean", "teaser": "", "body": "", "url": "https://www.benzinga.com/node/8037106", "image": [], "channels": [{"name": "Earnings"}, {"name": "News"}, {"name": "Dividends"}], "stocks": [{"name": "FB"}, {"name": "MSFT"}], "tags": []}, {"id": 8036780, "author": "Benzinga", "created": "Thu, 26 May 2016 15:11:00 -0400", "updated": "Thu, 26 May 2016 15:11:00 -0400", "title": "Who Just Acquired A Multi-Billion-Dollar Stake In Apple?", "teaser": "", "body": "", "url": "https://www.benzinga.com/node/8036780", "image": [], "channels": [{"name": "Analyst Color"}, {"name": "CNBC"}, {"name": "News"}, {"name": "Offerings"}, {"name": "Media"}, {"name": "Trading Ideas"}], "stocks": [{"name": "AAPL"}], "tags": [{"name": "Apple"}, {"name": "Apple Hedge Fund"}, {"name": "Apple stock"}, {"name": "Jon Najarian"}]}, {"id": 8036632, "author": "Benzinga", "created": "Thu, 26 May 2016 15:29:58 -0400", "updated": "Thu, 26 May 2016 15:29:58 -0400", "title": "WSJ Analysis Shows Very Few Bankers Have Been Held Accountable For Financial Crisis", "teaser": "", "body": "", "url": "https://www.benzinga.com/node/8036632", "image": [], "channels": [{"name": "News"}, {"name": "Legal"}, {"name": "Events"}, {"name": "General"}], "stocks": [{"name": "BAC"}, {"name": "JPM"}, {"name": "MS"}, {"name": "UBS"}], "tags": [{"name": "CFTC"}, {"name": "financial crisis"}, {"name": "Jean Eaglesham"}, {"name": "JoD"}, {"name": "SEC"}, {"name": "Wall Street Journal"}]}, {"id": 8036885, "author": "Benzinga", "created": "Thu, 26 May 2016 15:36:22 -0400", "updated": "Thu, 26 May 2016 15:36:22 -0400", "title": "Google, Not Disney, Is The World's Largest Media Owner", "teaser": "", "body": "", "url": "https://www.benzinga.com/node/8036885", "image": [], "channels": [{"name": "News"}, {"name": "Tech"}, {"name": "Trading Ideas"}], "stocks": [{"name": "CMSA"}, {"name": "DIS"}, {"name": "FB"}, {"name": "GOOG"}, {"name": "GOOGL"}], "tags": [{"name": "Hollywood Reporter"}, {"name": "Jonathan Barnard"}, {"name": "Marvel"}, {"name": "Media Companies"}, {"name": "Media Content Owners"}, {"name": "Star Wars"}, {"name": "ZenithOptimedia"}]}, {"id": 8036934, "author": "Benzinga", "created": "Thu, 26 May 2016 15:41:11 -0400", "updated": "Thu, 26 May 2016 15:41:12 -0400", "title": "What's Driving TV Ad Spending Strength?", "teaser": "", "body": "", "url": "https://www.benzinga.com/node/8036934", "image": [], "channels": [{"name": "Analyst Color"}, {"name": "Long Ideas"}, {"name": "News"}, {"name": "Analyst Ratings"}, {"name": "Media"}, {"name": "Trading Ideas"}], "stocks": [{"name": "CBS"}, {"name": "FB"}, {"name": "FOXA"}, {"name": "GOOG"}, {"name": "GOOGL"}, {"name": "PG"}], "tags": [{"name": "ads"}, {"name": "advertising"}, {"name": "Morgan Stanley"}, {"name": "tv ads"}, {"name": "YouTube"}]}, {"id": 8039825, "author": "Benzinga", "created": "Thu, 26 May 2016 20:45:53 -0400", "updated": "Thu, 26 May 2016 20:45:53 -0400", "title": "Benzinga's M&A Chatter for Thursday May 26, 2016", "teaser": "", "body": "", "url": "https://www.benzinga.com/node/8039825", "image": [], "channels": [{"name": "News"}, {"name": "Rumors"}, {"name": "Management"}, {"name": "M&A"}, {"name": "Movers"}], "stocks": [{"name": "AAPL"}, {"name": "ETE"}, {"name": "INTC"}, {"name": "TWX"}, {"name": "WMB"}], "tags": []}]