[{"id": 7790244, "author": "Benzinga", "created": "Sat, 02 Apr 2016 13:54:05 -0400", "updated": "Sun, 03 Apr 2016 14:33:08 -0400", "title": "April Fool's Joke: Why Intel Is Supporting Apple's iPhone 7", "teaser": "", "body": "", "url": "https://www.benzinga.com/node/7790244", "image": [], "channels": [{"name": "News"}, {"name": "Tech"}, {"name": "Trading Ideas"}], "stocks": [{"name": "AAPL"}, {"name": "INTC"}], "tags": [{"name": "Brian Kraznich"}, {"name": "FBI"}, {"name": "iPad"}, {"name": "iPhone"}, {"name": "iPhone 7"}, {"name": "San Bernardino"}, {"name": "San Bernardino terrorist attack"}, {"name": "Semiconductor Advisors LLC"}, {"name": "Tim Cook"}]}]