[{"id": 7843715, "author": "Benzinga", "created": "Fri, 15 Apr 2016 09:07:04 -0400", "updated": "Fri, 15 Apr 2016 09:07:05 -0400", "title": "JPMorgan Bolsters ETF Footprint With Global X Stake", "teaser": "", "body": "", "url": "https://www.benzinga.com/node/7843715", "image": [], "channels": [{"name": "News"}, {"name": "Sector ETFs"}, {"name": "Specialty ETFs"}, {"name": "New ETFs"}, {"name": "Currency ETFs"}, {"name": "Trading Ideas"}, {"name": "ETFs"}], "stocks": [{"name": "JPM"}, {"name": "LIT"}, {"name": "SIL"}], "tags": [{"name": "Global X"}, {"name": "Jed Laskowitz"}, {"name": "JPMorgan Asset Management"}]}, {"id": 7845227, "author": "Benzinga", "created": "Fri, 15 Apr 2016 09:43:57 -0400", "updated": "Fri, 15 Apr 2016 09:43:58 -0400", "title": "The Market In 5 Minutes: Baby We Were Born To Run", "teaser": "", "body": "", "url": "https://www.benzinga.com/node/7845227", "image": [], "channels": [{"name": "News"}, {"name": "Events"}, {"name": "Global"}, {"name": "Top Stories"}], "stocks": [{"name": "AXP"}, {"name": "BABA"}, {"name": "DDD"}, {"name": "DKS"}, {"name": "FL"}, {"name": "GPRO"}, {"name": "MA"}, {"name": "MITL"}, {"name": "PLCM"}, {"name": "PYPL"}, {"name": "RLYP"}, {"name": "SSYS"}, {"name": "V"}, {"name": "WFC"}], "tags": [{"name": "the market in 5 minutes"}]}, {"id": 7845033, "author": "Benzinga", "created": "Fri, 15 Apr 2016 09:44:26 -0400", "updated": "Fri, 15 Apr 2016 10:21:52 -0400", "title": "Notable Imbalances Before Friday's Open: Telecom Pair Trade, Health Care Stocks In Focus", "teaser": "", "body": "", "url": "https://www.benzinga.com/node/7845033", "image": [], "channels": [{"name": "News"}, {"name": "Trading Ideas"}], "stocks": [{"name": "ABBV"}, {"name": "CVS"}, {"name": "GS"}, {"name": "JNJ"}, {"name": "T"}, {"name": "V"}, {"name": "VZ"}], "tags": [{"name": "healthcare stocks"}, {"name": "Stock Imbalances"}, {"name": "Telecommunication Stocks"}]}, {"id": 7845466, "author": "Benzinga", "created": "Fri, 15 Apr 2016 10:43:53 -0400", "updated": "Fri, 15 Apr 2016 10:43:53 -0400", "title": "IBM And University Of Illinois Join Hands To Create Next Generation Cognitive Computing System", "teaser": "", "body": "", "url": "https://www.benzinga.com/node/7845466", "image": [], "channels": [{"name": "News"}, {"name": "Press Releases"}], "stocks": [{"name": "IBM"}], "tags": []}, {"id": 7845444, "author": "Benzinga", "created": "Fri, 15 Apr 2016 10:50:35 -0400", "updated": "Fri, 15 Apr 2016 10:50:36 -0400", "title": "Report: Apple Is Forming A 'Secret Team' To Evaluate App Store Changes", "teaser": "", "body": "", "url": "https://www.benzinga.com/node/7845444", "image": [], "channels": [{"name": "News"}, {"name": "Rumors"}, {"name": "Tech"}], "stocks": [{"name": "AAPL"}], "tags": [{"name": "Apple App Store"}, {"name": "Apps"}, {"name": "Bloomberg"}, {"name": "Captiv8"}, {"name": "Clash Of Titans"}, {"name": "iAd"}, {"name": "Krishna Subramanian"}, {"name": "mobile advertising"}, {"name": "Supercell Oy"}, {"name": "Todd Teresi"}]}, {"id": 7845384, "author": "Benzinga", "created": "Fri, 15 Apr 2016 10:57:27 -0400", "updated": "Fri, 15 Apr 2016 10:57:28 -0400", "title": "Apple iPhone Builds Are Stabilizing: Credit Suisse Still Bullish Before Earnings", "teaser": "", "body": "", "url": "https://www.benzinga.com/node/7845384", "image": [], "channels": [{"name": "Analyst Color"}, {"name": "Earnings"}, {"name": "News"}, {"name": "Price Target"}, {"name": "Reiteration"}, {"name": "Analyst Ratings"}, {"name": "Movers"}, {"name": "Tech"}, {"name": "Trading Ideas"}], "stocks": [{"name": "AAPL"}], "tags": [{"name": "Credit Suisse"}, {"name": "iPhone"}, {"name": "iPhone 6S"}, {"name": "Kulbinder Garcha"}, {"name": "Michael McConnell"}, {"name": "Pacific Crest"}]}, {"id": 7845897, "author": "Benzinga", "created": "Fri, 15 Apr 2016 11:17:25 -0400", "updated": "Fri, 15 Apr 2016 11:17:28 -0400", "title": "Earnings: How Well Has Consumer Banking Helped MS?", "teaser": "", "body": "", "url": "https://www.benzinga.com/node/7845897", "image": [], "channels": [{"name": "Analyst Color"}, {"name": "Earnings"}, {"name": "News"}, {"name": "Markets"}, {"name": "Analyst Ratings"}], "stocks": [{"name": "BAC"}, {"name": "JPM"}, {"name": "MS"}, {"name": "WFC"}], "tags": []}, {"id": 7846059, "author": "Benzinga", "created": "Fri, 15 Apr 2016 12:21:27 -0400", "updated": "Fri, 15 Apr 2016 12:21:27 -0400", "title": "Say Hello To Star Wars Land", "teaser": "", "body": "", "url": "https://www.benzinga.com/node/7846059", "image": [], "channels": [{"name": "News"}, {"name": "Travel"}, {"name": "General"}], "stocks": [{"name": "DIS"}], "tags": [{"name": "DIsney Parks"}, {"name": "Star Wars"}]}, {"id": 7846096, "author": "Benzinga", "created": "Fri, 15 Apr 2016 12:34:29 -0400", "updated": "Fri, 15 Apr 2016 12:34:29 -0400", "title": "Get Ready For Corporate Logos On NBA Jerseys In 2017", "teaser": "", "body": "", "url": "https://www.benzinga.com/node/7846096", "image": [], "channels": [{"name": "News"}, {"name": "Sports"}, {"name": "Top Stories"}, {"name": "General"}], "stocks": [{"name": "ADDYY"}, {"name": "NKE"}], "tags": []}, {"id": 7847034, "author": "Benzinga", "created": "Fri, 15 Apr 2016 15:38:36 -0400", "updated": "Fri, 15 Apr 2016 15:38:36 -0400", "title": "Nikkei: Apple Will Continue Reduced Production Of iPhones", "teaser": "", "body": "", "url": "https://www.benzinga.com/node/7847034", "image": [], "channels": [{"name": "Analyst Color"}, {"name": "News"}, {"name": "Emerging Markets"}, {"name": "Markets"}, {"name": "Analyst Ratings"}, {"name": "Movers"}, {"name": "Tech"}, {"name": "Trading Ideas"}], "stocks": [{"name": "AAPL"}, {"name": "AVGO"}, {"name": "JBL"}, {"name": "QRVO"}, {"name": "SWKS"}], "tags": [{"name": "Anthony Scarsella"}, {"name": "IDC"}, {"name": "iPhone"}, {"name": "iPhone production"}, {"name": "Nikkei"}]}]