[{"id": 8687479, "author": "Benzinga", "created": "Sun, 13 Nov 2016 15:51:59 -0400", "updated": "Sun, 13 Nov 2016 15:51:59 -0400", "title": "High Earnings Expectations For Home Depot, Not So Much For Target", "teaser": "", "body": "", "url": "https://www.benzinga.com/node/8687479", "image": [], "channels": [{"name": "Earnings"}, {"name": "News"}, {"name": "Previews"}, {"name": "Trading Ideas"}], "stocks": [{"name": "HD"}, {"name": "TGT"}], "tags": [{"name": "Earnings Expectations"}, {"name": "home depot"}, {"name": "Target"}]}]