[{"id": 6566452, "author": "Benzinga", "created": "Wed, 24 Feb 2016 05:02:16 -0400", "updated": "Wed, 24 Feb 2016 05:02:16 -0400", "title": "Earnings Scheduled For February 24, 2016", "teaser": "", "body": "", "url": "https://www.benzinga.com/node/6566452", "image": [], "channels": [{"name": "Earnings"}, {"name": "News"}, {"name": "Pre-Market Outlook"}, {"name": "Markets"}], "stocks": [{"name": "AES"}, {"name": "AMSG"}, {"name": "AVG"}, {"name": "AWK"}, {"name": "BIN"}, {"name": "CHK"}, {"name": "CLH"}, {"name": "CLR"}, {"name": "CNK"}, {"name": "CNV"}, {"name": "CRM"}, {"name": "CW"}, {"name": "DYN"}, {"name": "ECA"}, {"name": "ETP"}, {"name": "EV"}, {"name": "GIL"}, {"name": "HFC"}, {"name": "HPQ"}, {"name": "HSNI"}, {"name": "IMAX"}, {"name": "LAD"}, {"name": "LB"}, {"name": "LOW"}, {"name": "MBLY"}, {"name": "NTES"}, {"name": "RIG"}, {"name": "SCL"}, {"name": "SHOO"}, {"name": "SUN"}, {"name": "TGT"}, {"name": "TJX"}, {"name": "TSEM"}, {"name": "VIPS"}, {"name": "WLL"}, {"name": "WR"}], "tags": [{"name": "Consumer Discretionary"}, {"name": "Earnings schedule"}, {"name": "Home Improvement Retail"}]}, {"id": 6573707, "author": "Benzinga", "created": "Wed, 24 Feb 2016 06:06:23 -0400", "updated": "Wed, 24 Feb 2016 06:06:23 -0400", "title": "Intel Security, Oc\u00e9 Partner to Integrate Security in High-End Production Printers", "teaser": "", "body": "", "url": "https://www.benzinga.com/node/6573707", "image": [], "channels": [{"name": "News"}, {"name": "Contracts"}, {"name": "Tech"}, {"name": "Press Releases"}], "stocks": [{"name": "CAJ"}, {"name": "INTC"}], "tags": []}, {"id": 6575752, "author": "Benzinga", "created": "Wed, 24 Feb 2016 06:25:02 -0400", "updated": "Wed, 24 Feb 2016 06:25:02 -0400", "title": "Boeing Launches Next-Generation 737 Boeing Converted Freighter; Announces Orders, Commitments for up to 55 Conversions from Seven Customers.", "teaser": "", "body": "", "url": "https://www.benzinga.com/node/6575752", "image": [], "channels": [{"name": "News"}, {"name": "Press Releases"}], "stocks": [{"name": "BA"}], "tags": []}, {"id": 6580180, "author": "Benzinga", "created": "Wed, 24 Feb 2016 07:04:33 -0400", "updated": "Wed, 24 Feb 2016 07:04:33 -0400", "title": "H.I.G. Capital Acquires Portfolio of Compensation Assets from IBM; Terms Not Disclosed", "teaser": "", "body": "", "url": "https://www.benzinga.com/node/6580180", "image": [], "channels": [{"name": "News"}, {"name": "Asset Sales"}, {"name": "M&A"}, {"name": "Press Releases"}], "stocks": [{"name": "IBM"}], "tags": []}, {"id": 6543703, "author": "Benzinga", "created": "Wed, 24 Feb 2016 08:08:28 -0400", "updated": "Wed, 24 Feb 2016 08:08:28 -0400", "title": "A Buying Opportunity With Homebuilders ETFs", "teaser": "", "body": "", "url": "https://www.benzinga.com/node/6543703", "image": [], "channels": [{"name": "Long Ideas"}, {"name": "News"}, {"name": "Sector ETFs"}, {"name": "Intraday Update"}, {"name": "Markets"}, {"name": "Trading Ideas"}, {"name": "ETFs"}], "stocks": [{"name": "HD"}, {"name": "XHB"}], "tags": []}, {"id": 6543042, "author": "Benzinga", "created": "Wed, 24 Feb 2016 08:34:06 -0400", "updated": "Wed, 24 Feb 2016 08:34:06 -0400", "title": "New ETF Goes Global For Dividends", "teaser": "", "body": "", "url": "https://www.benzinga.com/node/6543042", "image": [], "channels": [{"name": "Long Ideas"}, {"name": "News"}, {"name": "Dividends"}, {"name": "Specialty ETFs"}, {"name": "Markets"}, {"name": "Trading Ideas"}, {"name": "ETFs"}], "stocks": [{"name": "MO"}, {"name": "T"}, {"name": "WMT"}], "tags": [{"name": "Pacer Global High Dividend ETF"}]}, {"id": 6590251, "author": "Benzinga", "created": "Wed, 24 Feb 2016 08:37:15 -0400", "updated": "Wed, 24 Feb 2016 08:37:15 -0400", "title": "Oce Announces New Partnership With Intel To Bring Security Features To High-End Printers", "teaser": "", "body": "", "url": "https://www.benzinga.com/node/6590251", "image": [], "channels": [{"name": "News"}, {"name": "Contracts"}], "stocks": [{"name": "CAJ"}, {"name": "INTC"}], "tags": [{"name": "Cybersecurity"}, {"name": "Erik van Deurzen"}, {"name": "Intel Security"}, {"name": "Oce"}, {"name": "Printer CyberSecurity"}, {"name": "PRISMAsync Printers"}, {"name": "Tom Moore"}]}, {"id": 6568938, "author": "Benzinga", "created": "Wed, 24 Feb 2016 05:23:50 -0400", "updated": "Wed, 24 Feb 2016 09:00:23 -0400", "title": "10 Stocks To Watch For February 24, 2016", "teaser": "", "body": "", "url": "https://www.benzinga.com/node/6568938", "image": [], "channels": [{"name": "Earnings"}, {"name": "News"}, {"name": "Guidance"}, {"name": "Pre-Market Outlook"}, {"name": "Markets"}, {"name": "Trading Ideas"}], "stocks": [{"name": "CRM"}, {"name": "DWA"}, {"name": "DY"}, {"name": "FSLR"}, {"name": "HPQ"}, {"name": "LB"}, {"name": "LOW"}, {"name": "PLKI"}, {"name": "TGT"}, {"name": "TJX"}], "tags": [{"name": "Stocks To Watch"}, {"name": "Stocks to Watch"}]}, {"id": 6588148, "author": "Benzinga", "created": "Wed, 24 Feb 2016 08:54:39 -0400", "updated": "Wed, 24 Feb 2016 09:18:52 -0400", "title": "A Timeline Of Fitbit's 56% Fall In 2016", "teaser": "", "body": "", "url": "https://www.benzinga.com/node/6588148", "image": [], "channels": [{"name": "News"}, {"name": "Movers"}, {"name": "Tech"}], "stocks": [{"name": "AAPL"}, {"name": "CRM"}, {"name": "FIT"}, {"name": "GPRO"}], "tags": [{"name": "Apple Watch"}, {"name": "Blaze"}, {"name": "CES"}, {"name": "Fitbit Blaze"}, {"name": "Marc Benioff"}]}, {"id": 6603639, "author": "Benzinga", "created": "Wed, 24 Feb 2016 10:24:53 -0400", "updated": "Wed, 24 Feb 2016 10:24:53 -0400", "title": "China's Latest Smartphone Numbers Are Good For Apple", "teaser": "", "body": "", "url": "https://www.benzinga.com/node/6603639", "image": [], "channels": [{"name": "News"}, {"name": "Global"}, {"name": "Tech"}], "stocks": [{"name": "AAPL"}, {"name": "CHL"}], "tags": [{"name": "Android China"}, {"name": "Apple"}, {"name": "Apple China"}, {"name": "Apple Insider"}, {"name": "iPhone China"}]}, {"id": 6605234, "author": "Benzinga", "created": "Wed, 24 Feb 2016 10:43:52 -0400", "updated": "Wed, 24 Feb 2016 10:44:33 -0400", "title": "Apple Watch Holiday Numbers Are Awful, Miss Street Estimates By 25%", "teaser": "", "body": "", "url": "https://www.benzinga.com/node/6605234", "image": [], "channels": [{"name": "Analyst Color"}, {"name": "News"}, {"name": "Top Stories"}, {"name": "Tech"}], "stocks": [{"name": "AAPL"}, {"name": "FIT"}], "tags": [{"name": "Apple Watch"}, {"name": "IDC"}]}, {"id": 6605411, "author": "Benzinga", "created": "Wed, 24 Feb 2016 10:50:27 -0400", "updated": "Wed, 24 Feb 2016 10:50:28 -0400", "title": "Apple Has Almost 15% Of The Wearables Market, Behind Fitbit", "teaser": "", "body": "", "url": "https://www.benzinga.com/node/6605411", "image": [], "channels": [{"name": "News"}, {"name": "Tech"}], "stocks": [{"name": "AAPL"}, {"name": "FIT"}, {"name": "GRMN"}], "tags": [{"name": "Apple Watch"}, {"name": "Fitbit"}, {"name": "IDC"}, {"name": "smartwatches"}, {"name": "Wearable Market"}, {"name": "Xiaomi"}]}, {"id": 6608895, "author": "Benzinga", "created": "Wed, 24 Feb 2016 11:05:47 -0400", "updated": "Wed, 24 Feb 2016 11:05:47 -0400", "title": "AureoGen Announces Licensing Agreement with Merck", "teaser": "", "body": "", "url": "https://www.benzinga.com/node/6608895", "image": [], "channels": [{"name": "News"}, {"name": "Contracts"}, {"name": "Press Releases"}], "stocks": [{"name": "MRK"}], "tags": []}, {"id": 6607607, "author": "Benzinga", "created": "Wed, 24 Feb 2016 11:05:57 -0400", "updated": "Wed, 24 Feb 2016 11:05:57 -0400", "title": "Conservative Group At Odds With Apple, Report Says", "teaser": "", "body": "", "url": "https://www.benzinga.com/node/6607607", "image": [], "channels": [{"name": "News"}, {"name": "Politics"}, {"name": "Legal"}, {"name": "Tech"}, {"name": "General"}], "stocks": [{"name": "AAPL"}], "tags": [{"name": "Apple"}, {"name": "Apple Human Rights"}, {"name": "Apple Insider"}, {"name": "Apple Shareholder Meeting"}, {"name": "Human Rights"}, {"name": "National Center for Public Policy Research"}, {"name": "Think Tanks"}]}, {"id": 6609256, "author": "Benzinga", "created": "Wed, 24 Feb 2016 11:13:53 -0400", "updated": "Wed, 24 Feb 2016 11:13:53 -0400", "title": "Apple Suppliers Having Issues?", "teaser": "", "body": "", "url": "https://www.benzinga.com/node/6609256", "image": [], "channels": [{"name": "News"}, {"name": "Rumors"}, {"name": "Tech"}], "stocks": [{"name": "AAPL"}], "tags": [{"name": "Apple Component Makers"}, {"name": "Apple Suppliers"}, {"name": "iPhone 5se"}, {"name": "iPhone 6S"}, {"name": "iPhone 6s Demand"}]}, {"id": 6612874, "author": "Benzinga", "created": "Wed, 24 Feb 2016 11:56:55 -0400", "updated": "Wed, 24 Feb 2016 11:57:16 -0400", "title": "Android Devices Fail Far More Frequently Than Apple's iPhone", "teaser": "", "body": "", "url": "https://www.benzinga.com/node/6612874", "image": [], "channels": [{"name": "News"}, {"name": "Tech"}], "stocks": [{"name": "AAPL"}, {"name": "GOOG"}], "tags": [{"name": "Android"}, {"name": "Android Versus iPhone"}, {"name": "BGR"}, {"name": "Blancco Technology Group"}, {"name": "iPhone"}]}, {"id": 6610980, "author": "Benzinga", "created": "Wed, 24 Feb 2016 13:19:02 -0400", "updated": "Wed, 24 Feb 2016 13:19:03 -0400", "title": "Kantar Report Shows Why Apple Needs To Innovate Quicker", "teaser": "", "body": "", "url": "https://www.benzinga.com/node/6610980", "image": [], "channels": [{"name": "Analyst Color"}, {"name": "News"}, {"name": "Analyst Ratings"}, {"name": "Tech"}], "stocks": [{"name": "AAPL"}], "tags": [{"name": "Android"}, {"name": "IoT"}, {"name": "iPhone"}, {"name": "Kantar"}, {"name": "wearables"}]}, {"id": 6615041, "author": "Benzinga", "created": "Wed, 24 Feb 2016 14:03:21 -0400", "updated": "Wed, 24 Feb 2016 14:15:47 -0400", "title": "Bill Gates Predicts An 'Energy Miracle' To Happen In the Next 15 Years", "teaser": "", "body": "", "url": "https://www.benzinga.com/node/6615041", "image": [], "channels": [{"name": "News"}, {"name": "Commodities"}, {"name": "Markets"}, {"name": "Tech"}], "stocks": [{"name": "MSFT"}], "tags": [{"name": "Bill Gates"}, {"name": "TechInsider"}]}, {"id": 6626814, "author": "Benzinga", "created": "Wed, 24 Feb 2016 15:26:59 -0400", "updated": "Wed, 24 Feb 2016 15:26:59 -0400", "title": "How Dangerous Is JP Morgan's Energy Exposure?", "teaser": "", "body": "", "url": "https://www.benzinga.com/node/6626814", "image": [], "channels": [{"name": "Analyst Color"}, {"name": "Long Ideas"}, {"name": "News"}, {"name": "Bonds"}, {"name": "Commodities"}, {"name": "Markets"}, {"name": "Analyst Ratings"}, {"name": "Trading Ideas"}], "stocks": [{"name": "JPM"}], "tags": [{"name": "JPMorgan"}, {"name": "JPMorgan energy exposure"}]}, {"id": 6635447, "author": "Benzinga", "created": "Wed, 24 Feb 2016 15:50:00 -0400", "updated": "Wed, 24 Feb 2016 15:50:01 -0400", "title": "Caterpillar Officer Retires, Co. Consolidates Divisions", "teaser": "", "body": "", "url": "https://www.benzinga.com/node/6635447", "image": [], "channels": [{"name": "News"}, {"name": "Management"}], "stocks": [{"name": "CAT"}], "tags": [{"name": "Caterpillar"}, {"name": "Caterpillar Segments"}, {"name": "Doug Oberhelman"}, {"name": "Steve Niehaus"}, {"name": "Tom Frake"}]}, {"id": 6646631, "author": "Benzinga", "created": "Wed, 24 Feb 2016 17:17:05 -0400", "updated": "Wed, 24 Feb 2016 17:17:05 -0400", "title": "The Stocks That Moved The S&P, Dow And Nasdaq Today", "teaser": "", "body": "", "url": "https://www.benzinga.com/node/6646631", "image": [], "channels": [{"name": "News"}, {"name": "After-Hours Center"}, {"name": "Movers"}], "stocks": [{"name": "AAPL"}, {"name": "BA"}, {"name": "CHK"}, {"name": "F"}, {"name": "FSLR"}, {"name": "GE"}, {"name": "LBTYA"}, {"name": "LBTYK"}, {"name": "RIG"}, {"name": "SNDK"}, {"name": "UTX"}, {"name": "VRSK"}], "tags": []}, {"id": 6647749, "author": "Benzinga", "created": "Wed, 24 Feb 2016 17:24:38 -0400", "updated": "Wed, 24 Feb 2016 17:24:38 -0400", "title": "Earnings Recap For February 24", "teaser": "", "body": "", "url": "https://www.benzinga.com/node/6647749", "image": [], "channels": [{"name": "Earnings"}, {"name": "News"}, {"name": "After-Hours Center"}], "stocks": [{"name": "CRM"}, {"name": "HPQ"}, {"name": "IMAX"}, {"name": "LOW"}, {"name": "MBLY"}, {"name": "SHOO"}, {"name": "TGT"}, {"name": "TJX"}], "tags": []}, {"id": 6653668, "author": "Benzinga", "created": "Wed, 24 Feb 2016 19:58:16 -0400", "updated": "Wed, 24 Feb 2016 19:58:17 -0400", "title": "Benzinga's M&A Chatter for Wednesday February 24, 2016", "teaser": "", "body": "", "url": "https://www.benzinga.com/node/6653668", "image": [], "channels": [{"name": "News"}, {"name": "Rumors"}, {"name": "Management"}, {"name": "M&A"}, {"name": "Movers"}], "stocks": [{"name": "AMZN"}, {"name": "CNL"}, {"name": "HON"}, {"name": "KNCRF"}, {"name": "LGF"}, {"name": "MIC"}, {"name": "MSFT"}, {"name": "TEX"}, {"name": "UTX"}, {"name": "ZLIOY"}], "tags": [{"name": "Consumer Discretionary"}, {"name": "Movies & Entertainment"}]}]