[{"id": 8514013, "author": "Benzinga", "created": "Fri, 30 Sep 2016 07:39:58 -0400", "updated": "Fri, 30 Sep 2016 07:39:59 -0400", "title": "iPhone 8 Rumors Already Starting", "teaser": "", "body": "", "url": "https://www.benzinga.com/node/8514013", "image": [], "channels": [{"name": "News"}, {"name": "Rumors"}, {"name": "Tech"}, {"name": "Media"}], "stocks": [{"name": "AAPL"}], "tags": [{"name": "Bloomberg"}, {"name": "iPhone 7"}, {"name": "iPhone 8 Rumors"}, {"name": "OLED"}, {"name": "OLED Screens"}, {"name": "Sharp"}]}, {"id": 8514206, "author": "Benzinga", "created": "Fri, 30 Sep 2016 07:53:27 -0400", "updated": "Fri, 30 Sep 2016 07:53:27 -0400", "title": "A Peek Into The Markets: U.S. Stock Futures Drop Ahead Of Economic Data", "teaser": "", "body": "", "url": "https://www.benzinga.com/node/8514206", "image": [], "channels": [{"name": "Earnings"}, {"name": "News"}, {"name": "Eurozone"}, {"name": "Futures"}, {"name": "Global"}, {"name": "Pre-Market Outlook"}, {"name": "Markets"}], "stocks": [{"name": "AAPL"}, {"name": "CAMP"}, {"name": "COST"}, {"name": "MKC"}, {"name": "QCOM"}], "tags": [{"name": "A Peek Into The Markets"}, {"name": "Mizuho Securities"}, {"name": "U.S. stock futures"}]}, {"id": 8514146, "author": "Benzinga", "created": "Fri, 30 Sep 2016 08:59:11 -0400", "updated": "Fri, 30 Sep 2016 08:59:11 -0400", "title": "The Market In 5 Minutes: Deutsche Bank Woes Bring Down Indexes", "teaser": "", "body": "", "url": "https://www.benzinga.com/node/8514146", "image": [], "channels": [{"name": "News"}, {"name": "Global"}, {"name": "Top Stories"}, {"name": "Pre-Market Outlook"}, {"name": "Markets"}], "stocks": [{"name": "ADHD"}, {"name": "AMZN"}, {"name": "CAMP"}, {"name": "COST"}, {"name": "DB"}, {"name": "FXCM"}, {"name": "KNL"}, {"name": "M"}, {"name": "MKC"}, {"name": "NKE"}, {"name": "NTAP"}, {"name": "NXPI"}, {"name": "PSX"}, {"name": "QCOM"}, {"name": "SPY"}, {"name": "USO"}, {"name": "WFC"}, {"name": "WMT"}], "tags": [{"name": "the market in 5 minutes"}]}, {"id": 8514285, "author": "Benzinga", "created": "Fri, 30 Sep 2016 09:18:17 -0400", "updated": "Fri, 30 Sep 2016 09:18:17 -0400", "title": "Alder BioPharma Could Lead The Migraine Market; Brean Assumes With Buy Rating", "teaser": "", "body": "", "url": "https://www.benzinga.com/node/8514285", "image": [], "channels": [{"name": "Analyst Color"}, {"name": "Biotech"}, {"name": "Long Ideas"}, {"name": "News"}, {"name": "Health Care"}, {"name": "Price Target"}, {"name": "Initiation"}, {"name": "Analyst Ratings"}, {"name": "Movers"}, {"name": "Trading Ideas"}, {"name": "General"}], "stocks": [{"name": "ALDR"}, {"name": "AMGN"}], "tags": [{"name": "Brean Capital"}, {"name": "Difei Yang"}]}, {"id": 8513043, "author": "Benzinga", "created": "Fri, 30 Sep 2016 09:50:39 -0400", "updated": "Fri, 30 Sep 2016 09:50:40 -0400", "title": "Silicon Valley Venture Capital Turns To Latin America Capitalizing On Overlooked Opportunities", "teaser": "", "body": "", "url": "https://www.benzinga.com/node/8513043", "image": [], "channels": [{"name": "Fintech"}, {"name": "News"}, {"name": "Emerging Markets"}, {"name": "Markets"}, {"name": "Tech"}, {"name": "Media"}], "stocks": [{"name": "BASFY"}, {"name": "MON"}, {"name": "MSFT"}, {"name": "QCOM"}], "tags": [{"name": "Andreeseen Horowitz"}, {"name": "argentina"}, {"name": "brazil"}, {"name": "Colombia"}, {"name": "Fintech"}, {"name": "Founders Fund"}, {"name": "Julie Ruvolo"}, {"name": "latin america"}, {"name": "Mexico"}, {"name": "QED"}, {"name": "Sequoia Capital"}, {"name": "Venture Capital"}]}, {"id": 8514554, "author": "Benzinga", "created": "Fri, 30 Sep 2016 10:05:25 -0400", "updated": "Fri, 30 Sep 2016 10:05:25 -0400", "title": "Video: Man Walks Into Apple Store, Breaks All The iPhones", "teaser": "", "body": "", "url": "https://www.benzinga.com/node/8514554", "image": [], "channels": [{"name": "News"}, {"name": "Global"}, {"name": "Tech"}], "stocks": [{"name": "AAPL"}], "tags": [{"name": "Apple Stores"}, {"name": "Daily Mail"}, {"name": "France"}, {"name": "Viral Videos"}]}, {"id": 8514459, "author": "Benzinga", "created": "Fri, 30 Sep 2016 10:33:52 -0400", "updated": "Fri, 30 Sep 2016 10:33:52 -0400", "title": "Visa Co-Branded Card Off To A Good Start At Costco Wholesale", "teaser": "", "body": "", "url": "https://www.benzinga.com/node/8514459", "image": [], "channels": [{"name": "Analyst Color"}, {"name": "Earnings"}, {"name": "News"}, {"name": "Price Target"}, {"name": "Reiteration"}, {"name": "Analyst Ratings"}, {"name": "Movers"}], "stocks": [{"name": "AXP"}, {"name": "COST"}, {"name": "V"}], "tags": [{"name": "Barclays"}, {"name": "Karen Short"}]}, {"id": 8515166, "author": "Benzinga", "created": "Fri, 30 Sep 2016 10:57:46 -0400", "updated": "Fri, 30 Sep 2016 10:57:47 -0400", "title": "Benzinga's Volume Movers", "teaser": "", "body": "", "url": "https://www.benzinga.com/node/8515166", "image": [], "channels": [{"name": "News"}, {"name": "Intraday Update"}, {"name": "Movers"}], "stocks": [{"name": "DB"}, {"name": "LXK"}, {"name": "NXPI"}, {"name": "PG"}, {"name": "QCOM"}], "tags": [{"name": "Computer Storage & Peripherals"}, {"name": "Information Technology"}, {"name": "volume movers"}]}, {"id": 8515714, "author": "Benzinga", "created": "Fri, 30 Sep 2016 12:40:36 -0400", "updated": "Fri, 30 Sep 2016 12:40:37 -0400", "title": "15 Biggest Mid-Day Gainers For Friday", "teaser": "", "body": "", "url": "https://www.benzinga.com/node/8515714", "image": [], "channels": [{"name": "News"}, {"name": "Intraday Update"}, {"name": "Markets"}, {"name": "Movers"}], "stocks": [{"name": "AUPH"}, {"name": "CASY"}, {"name": "COLL"}, {"name": "COST"}, {"name": "DB"}, {"name": "LXK"}, {"name": "NTNX"}, {"name": "NVFY"}, {"name": "NXPI"}, {"name": "PTCT"}, {"name": "QCOM"}, {"name": "ROK"}, {"name": "SKX"}, {"name": "SNMX"}, {"name": "WMT"}], "tags": [{"name": "Computer Storage & Peripherals"}, {"name": "Information Technology"}, {"name": "Mid-Day Gainers"}, {"name": "Top Gainers"}]}, {"id": 8514965, "author": "Benzinga", "created": "Fri, 30 Sep 2016 13:10:27 -0400", "updated": "Fri, 30 Sep 2016 13:10:27 -0400", "title": "Did You Miss Microsoft's Artificial Intelligence Announcement?", "teaser": "", "body": "", "url": "https://www.benzinga.com/node/8514965", "image": [], "channels": [{"name": "News"}, {"name": "Topics"}, {"name": "Management"}, {"name": "Events"}, {"name": "Tech"}, {"name": "General"}], "stocks": [{"name": "MSFT"}], "tags": [{"name": "artificial intelligence"}, {"name": "Harry Shum"}, {"name": "Microsoft"}, {"name": "Microsoft AI And Research Group"}, {"name": "Microsoft Artificial Intelligence"}]}, {"id": 8515096, "author": "Benzinga", "created": "Fri, 30 Sep 2016 13:22:12 -0400", "updated": "Fri, 30 Sep 2016 13:22:12 -0400", "title": "Costco To Raise International Membership Fees, And The Street Approves", "teaser": "", "body": "", "url": "https://www.benzinga.com/node/8515096", "image": [], "channels": [{"name": "Analyst Color"}, {"name": "Earnings"}, {"name": "Long Ideas"}, {"name": "News"}, {"name": "Price Target"}, {"name": "Reiteration"}, {"name": "Analyst Ratings"}, {"name": "Movers"}, {"name": "Trading Ideas"}], "stocks": [{"name": "AXP"}, {"name": "C"}, {"name": "COST"}, {"name": "V"}], "tags": [{"name": "BMO Capital Markets"}]}, {"id": 8515530, "author": "Benzinga", "created": "Fri, 30 Sep 2016 13:47:14 -0400", "updated": "Fri, 30 Sep 2016 13:47:14 -0400", "title": "Costco May Hold Off On North American Membership Fee Increase Due To Light Store Traffic", "teaser": "", "body": "", "url": "https://www.benzinga.com/node/8515530", "image": [], "channels": [{"name": "Analyst Color"}, {"name": "Earnings"}, {"name": "Long Ideas"}, {"name": "News"}, {"name": "Price Target"}, {"name": "Reiteration"}, {"name": "Analyst Ratings"}, {"name": "Movers"}, {"name": "Trading Ideas"}], "stocks": [{"name": "AXP"}, {"name": "COST"}, {"name": "V"}], "tags": [{"name": "Deutsche Bank"}, {"name": "Paul Trussell"}]}, {"id": 8511416, "author": "Benzinga", "created": "Fri, 30 Sep 2016 14:07:38 -0400", "updated": "Fri, 30 Sep 2016 14:07:38 -0400", "title": "Could 9/11 Lawsuit Bill Fallout Derail Oil's OPEC Production Cut Rally?", "teaser": "", "body": "", "url": "https://www.benzinga.com/node/8511416", "image": [], "channels": [{"name": "News"}, {"name": "Bonds"}, {"name": "Specialty ETFs"}, {"name": "Commodities"}, {"name": "Politics"}, {"name": "Legal"}, {"name": "Global"}, {"name": "Markets"}, {"name": "Trading Ideas"}, {"name": "ETFs"}, {"name": "General"}], "stocks": [{"name": "DOW"}, {"name": "GE"}, {"name": "TLT"}, {"name": "USO"}], "tags": [{"name": "Ash Carter"}, {"name": "crude"}, {"name": "Crude Oil"}, {"name": "Oil"}, {"name": "oil prices"}, {"name": "OPEC"}, {"name": "WTI Crude"}, {"name": "WTI Crude oil"}]}, {"id": 8515774, "author": "Benzinga", "created": "Fri, 30 Sep 2016 14:33:55 -0400", "updated": "Fri, 30 Sep 2016 14:33:55 -0400", "title": "The Curious Case Of Bass Pro Shops' Sale", "teaser": "", "body": "", "url": "https://www.benzinga.com/node/8515774", "image": [], "channels": [{"name": "News"}, {"name": "Rumors"}, {"name": "M&A"}, {"name": "Movers"}, {"name": "Trading Ideas"}, {"name": "General"}], "stocks": [{"name": "CAB"}, {"name": "COF"}, {"name": "DKS"}, {"name": "GS"}, {"name": "SYF"}], "tags": [{"name": "Bass Pro Shops"}, {"name": "Reuters"}]}, {"id": 8516280, "author": "Benzinga", "created": "Fri, 30 Sep 2016 16:20:42 -0400", "updated": "Fri, 30 Sep 2016 16:20:43 -0400", "title": "Netflix Spikes On Takeover Chatter", "teaser": "", "body": "", "url": "https://www.benzinga.com/node/8516280", "image": [], "channels": [{"name": "News"}, {"name": "Rumors"}, {"name": "Movers"}, {"name": "Tech"}], "stocks": [{"name": "AAPL"}, {"name": "AMZN"}, {"name": "DIS"}, {"name": "NFLX"}], "tags": []}]