[{"id": 7956333, "author": "Benzinga", "created": "Tue, 10 May 2016 04:29:27 -0400", "updated": "Tue, 10 May 2016 04:29:28 -0400", "title": "Earnings Scheduled For May 10, 2016", "teaser": "", "body": "", "url": "https://www.benzinga.com/node/7956333", "image": [], "channels": [{"name": "Earnings"}, {"name": "News"}, {"name": "Pre-Market Outlook"}, {"name": "Markets"}], "stocks": [{"name": "ACM"}, {"name": "AGN"}, {"name": "ALB"}, {"name": "BBOX"}, {"name": "CNK"}, {"name": "CNP"}, {"name": "CORE"}, {"name": "CROX"}, {"name": "DF"}, {"name": "DIS"}, {"name": "EA"}, {"name": "EXAM"}, {"name": "FOSL"}, {"name": "IPAR"}, {"name": "JAZZ"}, {"name": "KGC"}, {"name": "LL"}, {"name": "LNCE"}, {"name": "MRKT"}, {"name": "NCLH"}, {"name": "NOK"}, {"name": "NUAN"}, {"name": "PLNT"}, {"name": "SCSC"}, {"name": "SLF"}, {"name": "SODA"}, {"name": "WWAV"}, {"name": "WWE"}, {"name": "ZBRA"}], "tags": [{"name": "Consumer Discretionary"}, {"name": "Consumer Staples"}, {"name": "Earnings schedule"}, {"name": "Home Improvement Retail"}, {"name": "Packaged Foods & Meats"}]}, {"id": 7956424, "author": "Benzinga", "created": "Tue, 10 May 2016 05:15:41 -0400", "updated": "Tue, 10 May 2016 05:15:41 -0400", "title": "Keep an Eye on These 10 Stocks for May 10, 2016", "teaser": "", "body": "", "url": "https://www.benzinga.com/node/7956424", "image": [], "channels": [{"name": "Earnings"}, {"name": "News"}, {"name": "Guidance"}, {"name": "Retail Sales"}, {"name": "Pre-Market Outlook"}, {"name": "Markets"}, {"name": "Trading Ideas"}], "stocks": [{"name": "AGN"}, {"name": "BLOX"}, {"name": "DF"}, {"name": "DIS"}, {"name": "EA"}, {"name": "FOSL"}, {"name": "GPS"}, {"name": "HTZ"}, {"name": "RAX"}, {"name": "SCTY"}], "tags": [{"name": "Stocks To Watch"}, {"name": "Stocks to Watch"}]}, {"id": 7955962, "author": "Benzinga", "created": "Tue, 10 May 2016 08:30:20 -0400", "updated": "Tue, 10 May 2016 08:31:04 -0400", "title": "Don't Fret About Apple With This NASDAQ ETF", "teaser": "", "body": "", "url": "https://www.benzinga.com/node/7955962", "image": [], "channels": [{"name": "Long Ideas"}, {"name": "News"}, {"name": "Broad U.S. Equity ETFs"}, {"name": "Intraday Update"}, {"name": "Markets"}, {"name": "Trading Ideas"}, {"name": "ETFs"}], "stocks": [{"name": "AAPL"}, {"name": "QQQE"}], "tags": []}, {"id": 7957630, "author": "Benzinga", "created": "Tue, 10 May 2016 08:42:46 -0400", "updated": "Tue, 10 May 2016 08:42:46 -0400", "title": "Report: Medivation Committed To Selling Itself", "teaser": "", "body": "", "url": "https://www.benzinga.com/node/7957630", "image": [], "channels": [{"name": "Biotech"}, {"name": "News"}, {"name": "Health Care"}, {"name": "Rumors"}, {"name": "M&A"}, {"name": "Trading Ideas"}, {"name": "General"}], "stocks": [{"name": "AMGN"}, {"name": "MDVN"}, {"name": "PFE"}, {"name": "SNY"}], "tags": [{"name": "Biopharmaceutical Companies"}, {"name": "Medivation Sanofi Merger"}, {"name": "Reuters"}]}, {"id": 7957880, "author": "Benzinga", "created": "Tue, 10 May 2016 09:06:50 -0400", "updated": "Tue, 10 May 2016 09:06:50 -0400", "title": "Credit Suisses Lowers Rackspace Price Target To $20, Sees 2 Big Challenges Ahead", "teaser": "", "body": "", "url": "https://www.benzinga.com/node/7957880", "image": [], "channels": [{"name": "Analyst Color"}, {"name": "Earnings"}, {"name": "News"}, {"name": "Guidance"}, {"name": "Price Target"}, {"name": "Reiteration"}, {"name": "Analyst Ratings"}], "stocks": [{"name": "AMZN"}, {"name": "MSFT"}, {"name": "RAX"}], "tags": []}, {"id": 7957701, "author": "Benzinga", "created": "Tue, 10 May 2016 09:14:58 -0400", "updated": "Tue, 10 May 2016 09:14:58 -0400", "title": "TD Ameritrade's IMX Sentiment For April Shows Clients Were Net Sellers Of Some Popular Names", "teaser": "", "body": "", "url": "https://www.benzinga.com/node/7957701", "image": [], "channels": [{"name": "News"}, {"name": "Psychology"}, {"name": "Retail Sales"}, {"name": "General"}], "stocks": [{"name": "AAPL"}, {"name": "AGN"}, {"name": "BABA"}, {"name": "CMG"}, {"name": "CVX"}, {"name": "F"}, {"name": "T"}, {"name": "TSLA"}, {"name": "UA"}], "tags": [{"name": "IMX Index"}, {"name": "Investor Movement Index"}, {"name": "TD Ameritrade"}]}, {"id": 7957992, "author": "Benzinga", "created": "Tue, 10 May 2016 09:34:14 -0400", "updated": "Tue, 10 May 2016 09:34:14 -0400", "title": "5 Biggest ESPN Personalities That Have Left Since Last Year", "teaser": "", "body": "", "url": "https://www.benzinga.com/node/7957992", "image": [], "channels": [{"name": "News"}], "stocks": [{"name": "DIS"}], "tags": [{"name": "Bill Simmons"}, {"name": "Colin Cowherd"}, {"name": "Curt Schilling"}, {"name": "disney"}, {"name": "ESPN"}, {"name": "Keith Olbermann"}, {"name": "Mike Tirico"}, {"name": "Skip Bayless"}, {"name": "sports"}]}, {"id": 7957995, "author": "Benzinga", "created": "Tue, 10 May 2016 09:42:48 -0400", "updated": "Tue, 10 May 2016 09:42:48 -0400", "title": "Yahoo Update: Recode Says Marissa Mayer Is Actively On Board With Sale", "teaser": "", "body": "", "url": "https://www.benzinga.com/node/7957995", "image": [], "channels": [{"name": "News"}, {"name": "Rumors"}, {"name": "Management"}, {"name": "M&A"}, {"name": "Tech"}, {"name": "Media"}, {"name": "Trading Ideas"}], "stocks": [{"name": "VZ"}, {"name": "YHOO"}], "tags": [{"name": "AOL"}, {"name": "Bain/Vista"}, {"name": "Marissa Mayer"}, {"name": "Ross Levisohn"}, {"name": "Starboard Value"}, {"name": "Tim Armstrong"}]}, {"id": 7955965, "author": "Benzinga", "created": "Tue, 10 May 2016 09:48:14 -0400", "updated": "Tue, 10 May 2016 09:48:15 -0400", "title": "A Trusted Dividend ETF", "teaser": "", "body": "", "url": "https://www.benzinga.com/node/7955965", "image": [], "channels": [{"name": "Long Ideas"}, {"name": "News"}, {"name": "Broad U.S. Equity ETFs"}, {"name": "Dividends"}, {"name": "Dividends"}, {"name": "Intraday Update"}, {"name": "Markets"}, {"name": "Trading Ideas"}, {"name": "ETFs"}], "stocks": [{"name": "JNJ"}, {"name": "KO"}, {"name": "VIG"}], "tags": []}, {"id": 7958000, "author": "Benzinga", "created": "Tue, 10 May 2016 10:04:07 -0400", "updated": "Tue, 10 May 2016 10:04:07 -0400", "title": "The Market In 5 Minutes: Better Late Than Never", "teaser": "", "body": "", "url": "https://www.benzinga.com/node/7958000", "image": [], "channels": [{"name": "News"}, {"name": "Global"}, {"name": "Top Stories"}], "stocks": [{"name": "AMGN"}, {"name": "DIS"}, {"name": "DOV"}, {"name": "GOOGL"}, {"name": "GPS"}, {"name": "HAS"}, {"name": "JCP"}, {"name": "KR"}, {"name": "MDVN"}, {"name": "PFE"}, {"name": "RAX"}, {"name": "SCTY"}, {"name": "SNY"}, {"name": "SODA"}, {"name": "STJ"}, {"name": "TSLA"}, {"name": "WWE"}, {"name": "YHOO"}], "tags": [{"name": "the market in 5 minutes"}]}, {"id": 7959282, "author": "Benzinga", "created": "Tue, 10 May 2016 11:15:49 -0400", "updated": "Tue, 10 May 2016 11:16:20 -0400", "title": "What Do the Markets Need to Hang Their Hats On? Conviction?", "teaser": "", "body": "", "url": "https://www.benzinga.com/node/7959282", "image": [], "channels": [{"name": "Earnings"}, {"name": "News"}, {"name": "Guidance"}, {"name": "Econ #s"}, {"name": "Markets"}, {"name": "Analyst Ratings"}], "stocks": [{"name": "CAT"}, {"name": "DIS"}, {"name": "GPS"}, {"name": "JWN"}, {"name": "KSS"}, {"name": "M"}], "tags": [{"name": "BZ Sponsored"}]}, {"id": 7959344, "author": "Benzinga", "created": "Tue, 10 May 2016 11:21:23 -0400", "updated": "Tue, 10 May 2016 11:21:24 -0400", "title": "Earnings: Can M Compete with Stiff Competition for Consumers?", "teaser": "", "body": "", "url": "https://www.benzinga.com/node/7959344", "image": [], "channels": [{"name": "Earnings"}, {"name": "News"}, {"name": "Markets"}], "stocks": [{"name": "DIS"}, {"name": "M"}], "tags": [{"name": "BZ Sponsored"}, {"name": "Consumer Discretionary"}, {"name": "Department Stores"}]}, {"id": 7955967, "author": "Benzinga", "created": "Tue, 10 May 2016 14:52:02 -0400", "updated": "Tue, 10 May 2016 14:52:02 -0400", "title": "A New ETF Might Be The Optimal Way To Low Volatility", "teaser": "", "body": "", "url": "https://www.benzinga.com/node/7955967", "image": [], "channels": [{"name": "Long Ideas"}, {"name": "News"}, {"name": "Broad U.S. Equity ETFs"}, {"name": "Specialty ETFs"}, {"name": "New ETFs"}, {"name": "Trading Ideas"}, {"name": "ETFs"}], "stocks": [{"name": "AAPL"}, {"name": "GOOG"}, {"name": "GOOGL"}, {"name": "SPY"}], "tags": [{"name": "Guggenheim"}, {"name": "Guggenheim U.S. Large Cap Optimized Volatility Index"}, {"name": "low volatility"}, {"name": "low volatility ETFs"}, {"name": "OVLC"}, {"name": "S&P 500"}, {"name": "Volatility"}, {"name": "Volatility ETFs"}]}, {"id": 7961020, "author": "Benzinga", "created": "Tue, 10 May 2016 16:31:05 -0400", "updated": "Tue, 10 May 2016 16:31:05 -0400", "title": "What Are Ryan Craver's Retail Picks", "teaser": "", "body": "", "url": "https://www.benzinga.com/node/7961020", "image": [], "channels": [{"name": "News"}, {"name": "Trading Ideas"}], "stocks": [{"name": "AMZN"}, {"name": "AXP"}, {"name": "COST"}, {"name": "FB"}, {"name": "SHOP"}, {"name": "TJX"}, {"name": "TWTR"}, {"name": "V"}], "tags": []}, {"id": 7962553, "author": "Benzinga", "created": "Tue, 10 May 2016 17:32:13 -0400", "updated": "Tue, 10 May 2016 17:32:14 -0400", "title": "Disney Falls 6% After First Earnings Miss In Two Years", "teaser": "", "body": "", "url": "https://www.benzinga.com/node/7962553", "image": [], "channels": [{"name": "Earnings"}, {"name": "News"}, {"name": "After-Hours Center"}, {"name": "Movers"}], "stocks": [{"name": "DIS"}], "tags": []}, {"id": 7963487, "author": "Benzinga", "created": "Tue, 10 May 2016 21:00:48 -0400", "updated": "Tue, 10 May 2016 21:00:48 -0400", "title": "Disney Q2'16 Earnings Conference Call: Full Transcript", "teaser": "", "body": "", "url": "https://www.benzinga.com/node/7963487", "image": [], "channels": [{"name": "Earnings"}, {"name": "News"}], "stocks": [{"name": "DIS"}], "tags": []}]