[{"id": 7978193, "author": "Benzinga", "created": "Fri, 13 May 2016 08:32:04 -0400", "updated": "Fri, 13 May 2016 08:32:05 -0400", "title": "10 Stocks Moving In Friday's Pre-Market Session", "teaser": "", "body": "", "url": "https://www.benzinga.com/node/7978193", "image": [], "channels": [{"name": "News"}, {"name": "Movers & Shakers"}, {"name": "Pre-Market Outlook"}, {"name": "Markets"}, {"name": "Movers"}], "stocks": [{"name": "CFMS"}, {"name": "JCP"}, {"name": "JWN"}, {"name": "LBTYA"}, {"name": "MOMO"}, {"name": "NVDA"}, {"name": "SHAK"}, {"name": "UNH"}, {"name": "VNET"}, {"name": "YY"}], "tags": [{"name": "#PreMarket Gainers"}, {"name": "Losers"}, {"name": "Top Gainers"}]}, {"id": 7977946, "author": "Benzinga", "created": "Fri, 13 May 2016 08:33:13 -0400", "updated": "Fri, 13 May 2016 08:33:13 -0400", "title": "Apple Just Invested $1 Billion In Uber's Biggest Rival", "teaser": "", "body": "", "url": "https://www.benzinga.com/node/7977946", "image": [], "channels": [{"name": "News"}, {"name": "Emerging Markets"}, {"name": "Financing"}, {"name": "Travel"}, {"name": "Markets"}, {"name": "Tech"}, {"name": "Trading Ideas"}, {"name": "General"}], "stocks": [{"name": "AAPL"}, {"name": "BABA"}, {"name": "TCTZF"}], "tags": [{"name": "car sharing"}, {"name": "China"}, {"name": "Didi Chuxing"}, {"name": "iPhones"}, {"name": "ride-hailing service"}, {"name": "Tim Cook"}, {"name": "Uber"}]}, {"id": 7978104, "author": "Benzinga", "created": "Fri, 13 May 2016 09:03:26 -0400", "updated": "Fri, 13 May 2016 09:04:35 -0400", "title": "Biggest Company In The World: Apple And Alphabet Battle For Most Valuable Title", "teaser": "", "body": "", "url": "https://www.benzinga.com/node/7978104", "image": [], "channels": [{"name": "News"}, {"name": "Movers"}], "stocks": [{"name": "AAPL"}, {"name": "GOOG"}], "tags": [{"name": "Apple"}, {"name": "Apple Trillion Dollar Valuation"}, {"name": "Apple valuation"}, {"name": "Google Valuation"}]}, {"id": 7978277, "author": "Benzinga", "created": "Fri, 13 May 2016 09:42:34 -0400", "updated": "Fri, 13 May 2016 09:42:34 -0400", "title": "The Market In 5 Minutes: Friday The 13th", "teaser": "", "body": "", "url": "https://www.benzinga.com/node/7978277", "image": [], "channels": [{"name": "News"}, {"name": "Global"}, {"name": "Top Stories"}], "stocks": [{"name": "AAPL"}, {"name": "AGN"}, {"name": "ANET"}, {"name": "BUD"}, {"name": "CXRX"}, {"name": "CYBR"}, {"name": "GOOG"}, {"name": "HHC"}, {"name": "JCP"}, {"name": "LMT"}, {"name": "MYL"}, {"name": "NVDA"}, {"name": "RIG"}, {"name": "SBMRY"}, {"name": "SHAK"}, {"name": "SPY"}, {"name": "VRX"}, {"name": "WDC"}, {"name": "XRT"}], "tags": [{"name": "the market in 5 minutes"}]}, {"id": 7979241, "author": "Benzinga", "created": "Fri, 13 May 2016 11:20:24 -0400", "updated": "Fri, 13 May 2016 11:20:24 -0400", "title": "Why Is Your iTunes Music Disappearing?", "teaser": "", "body": "", "url": "https://www.benzinga.com/node/7979241", "image": [], "channels": [{"name": "News"}, {"name": "Tech"}], "stocks": [{"name": "AAPL"}], "tags": [{"name": "Apple"}, {"name": "Apple Music"}, {"name": "Digital Music"}, {"name": "iTunes"}]}, {"id": 7979213, "author": "Benzinga", "created": "Fri, 13 May 2016 11:13:43 -0400", "updated": "Fri, 13 May 2016 11:37:14 -0400", "title": "Gordon Johnson Bearish On US Steel And Caterpillar", "teaser": "", "body": "", "url": "https://www.benzinga.com/node/7979213", "image": [], "channels": [{"name": "Analyst Color"}, {"name": "News"}, {"name": "Exclusives"}, {"name": "Analyst Ratings"}, {"name": "Trading Ideas"}, {"name": "Interview"}], "stocks": [{"name": "CAT"}, {"name": "JOY"}, {"name": "X"}], "tags": []}, {"id": 7979200, "author": "Benzinga", "created": "Fri, 13 May 2016 13:04:08 -0400", "updated": "Fri, 13 May 2016 13:04:09 -0400", "title": "Axiom's Gordon Johnson Says 'A Significant Slowdown in China Is Coming'", "teaser": "", "body": "", "url": "https://www.benzinga.com/node/7979200", "image": [], "channels": [{"name": "Analyst Color"}, {"name": "News"}, {"name": "Global"}, {"name": "Exclusives"}, {"name": "Analyst Ratings"}, {"name": "Media"}, {"name": "Trading Ideas"}, {"name": "Interview"}, {"name": "ETFs"}], "stocks": [{"name": "CAT"}, {"name": "FXI"}, {"name": "YANG"}], "tags": []}, {"id": 7976823, "author": "Benzinga", "created": "Fri, 13 May 2016 13:12:36 -0400", "updated": "Fri, 13 May 2016 13:12:36 -0400", "title": "Networks Prepare For Upfronts By Wielding Axes On 'Black Thursday'", "teaser": "", "body": "", "url": "https://www.benzinga.com/node/7976823", "image": [], "channels": [{"name": "News"}, {"name": "Events"}, {"name": "Trading Ideas"}, {"name": "General"}], "stocks": [{"name": "CBS"}, {"name": "DIS"}, {"name": "FOXA"}], "tags": [{"name": "ABC"}, {"name": "Agent Carter"}, {"name": "Black Thursday"}, {"name": "Bordertown"}, {"name": "Castle"}, {"name": "Channing Dungey"}, {"name": "Containment"}, {"name": "Cooper Barrett's Guide To Surviving Life"}, {"name": "CSI"}, {"name": "CSI: Cyber"}, {"name": "CW"}, {"name": "Galavant"}, {"name": "Grandfathered"}, {"name": "Nashville"}, {"name": "Stana Katic"}, {"name": "Tamala Jones"}, {"name": "The Family"}, {"name": "The Grinder"}, {"name": "The Muppets"}]}, {"id": 7979778, "author": "Benzinga", "created": "Fri, 13 May 2016 14:11:25 -0400", "updated": "Fri, 13 May 2016 14:12:28 -0400", "title": "Dicks Sporting Goods A 'Well-Managed' Business In Tough Retail Environment", "teaser": "", "body": "", "url": "https://www.benzinga.com/node/7979778", "image": [], "channels": [{"name": "Analyst Color"}, {"name": "Earnings"}, {"name": "News"}, {"name": "Price Target"}, {"name": "Reiteration"}, {"name": "Analyst Ratings"}], "stocks": [{"name": "DKS"}, {"name": "NKE"}, {"name": "UA"}], "tags": []}, {"id": 7980481, "author": "Benzinga", "created": "Fri, 13 May 2016 14:50:36 -0400", "updated": "Fri, 13 May 2016 14:50:36 -0400", "title": "Jefferies' Secular Trends Thesis In NVIDIA Just Starting, Remains A Top Pick", "teaser": "", "body": "", "url": "https://www.benzinga.com/node/7980481", "image": [], "channels": [{"name": "Analyst Color"}, {"name": "Long Ideas"}, {"name": "News"}, {"name": "Price Target"}, {"name": "Reiteration"}, {"name": "Analyst Ratings"}, {"name": "Movers"}, {"name": "Tech"}, {"name": "Trading Ideas"}], "stocks": [{"name": "INTC"}, {"name": "NVDA"}], "tags": [{"name": "Jefferies"}, {"name": "Mark Lipacis"}]}, {"id": 7980867, "author": "Benzinga", "created": "Fri, 13 May 2016 16:04:21 -0400", "updated": "Fri, 13 May 2016 16:04:21 -0400", "title": "IBM's Cloud Platform Is Adopted By evolve24", "teaser": "", "body": "", "url": "https://www.benzinga.com/node/7980867", "image": [], "channels": [{"name": "News"}, {"name": "Contracts"}], "stocks": [{"name": "IBM"}], "tags": []}, {"id": 7982138, "author": "Benzinga", "created": "Fri, 13 May 2016 16:56:04 -0400", "updated": "Fri, 13 May 2016 16:56:05 -0400", "title": "David Tepper's Q1 Moves: Apple, Valeant And Much More", "teaser": "", "body": "", "url": "https://www.benzinga.com/node/7982138", "image": [], "channels": [{"name": "News"}, {"name": "Hedge Funds"}, {"name": "After-Hours Center"}, {"name": "General"}], "stocks": [{"name": "AAPL"}, {"name": "BAC"}, {"name": "ETP"}, {"name": "FB"}, {"name": "GOOG"}, {"name": "HPE"}, {"name": "MYL"}, {"name": "PCLN"}, {"name": "SPY"}, {"name": "VRX"}], "tags": [{"name": "Appaloosa"}, {"name": "David Tepper"}]}, {"id": 7982370, "author": "Benzinga", "created": "Fri, 13 May 2016 17:16:39 -0400", "updated": "Fri, 13 May 2016 17:16:40 -0400", "title": "Dan Loeb's Q1 Moves: Allergan, Alphabet, Baxalta And More", "teaser": "", "body": "", "url": "https://www.benzinga.com/node/7982370", "image": [], "channels": [{"name": "News"}, {"name": "Hedge Funds"}, {"name": "SEC"}, {"name": "General"}], "stocks": [{"name": "AGN"}, {"name": "BAX"}, {"name": "BXLT"}, {"name": "DOW"}, {"name": "EBAY"}, {"name": "GOOGL"}, {"name": "LBTYK"}, {"name": "MS"}], "tags": [{"name": "Dan Loeb"}, {"name": "third point"}]}, {"id": 7983222, "author": "Benzinga", "created": "Fri, 13 May 2016 19:40:58 -0400", "updated": "Fri, 13 May 2016 19:55:23 -0400", "title": "Yahoo's Latest Bidder(s): Warren Buffett And Dan Gilbert?", "teaser": "", "body": "", "url": "https://www.benzinga.com/node/7983222", "image": [], "channels": [{"name": "News"}, {"name": "Rumors"}, {"name": "Asset Sales"}, {"name": "M&A"}, {"name": "After-Hours Center"}, {"name": "Tech"}], "stocks": [{"name": "BRK-A"}, {"name": "VZ"}, {"name": "YHOO"}], "tags": [{"name": "Dan Gilbert"}, {"name": "Warren Buffett"}]}]