[{"id": 7873591, "author": "Benzinga", "created": "Sat, 23 Apr 2016 08:54:56 -0400", "updated": "Sat, 23 Apr 2016 08:54:56 -0400", "title": "Why Q1 Earnings Season Has Been More Bullish Than It May Seem", "teaser": "", "body": "", "url": "https://www.benzinga.com/node/7873591", "image": [], "channels": [{"name": "Analyst Color"}, {"name": "Earnings"}, {"name": "News"}, {"name": "Trading Ideas"}, {"name": "Interview"}, {"name": "General"}], "stocks": [{"name": "GOOG"}, {"name": "GOOGL"}, {"name": "MSFT"}], "tags": [{"name": "Benzinga PreMarket Prep"}, {"name": "Nick Raich"}, {"name": "PreMarket Prep"}, {"name": "The Earning Scout"}]}, {"id": 7874062, "author": "Benzinga", "created": "Sat, 23 Apr 2016 09:03:50 -0400", "updated": "Sat, 23 Apr 2016 09:03:50 -0400", "title": "S&P Analyst: Here's What Matters Most To Apple Next Week", "teaser": "", "body": "", "url": "https://www.benzinga.com/node/7874062", "image": [], "channels": [{"name": "Analyst Color"}, {"name": "CNBC"}, {"name": "Earnings"}, {"name": "News"}, {"name": "Previews"}, {"name": "Tech"}, {"name": "Media"}, {"name": "Trading Ideas"}], "stocks": [{"name": "AAPL"}], "tags": [{"name": "Angelo Zino"}, {"name": "CNBC"}, {"name": "iPhone"}, {"name": "iPhone 7"}, {"name": "S&P Global Market Intelligence"}, {"name": "TipRanks"}]}, {"id": 7874210, "author": "Benzinga", "created": "Sat, 23 Apr 2016 09:08:46 -0400", "updated": "Sat, 23 Apr 2016 09:08:47 -0400", "title": "McDonald's Easterbrook For CEO Of The Year? La Monica Believes He Could Make It", "teaser": "", "body": "", "url": "https://www.benzinga.com/node/7874210", "image": [], "channels": [{"name": "Analyst Color"}, {"name": "Earnings"}, {"name": "News"}, {"name": "Restaurants"}, {"name": "Management"}, {"name": "Movers"}, {"name": "Trading Ideas"}, {"name": "Interview"}, {"name": "General"}], "stocks": [{"name": "CAT"}, {"name": "GE"}, {"name": "MCD"}], "tags": [{"name": "cnn money"}, {"name": "Paul La Monica"}, {"name": "PreMarket Prep"}, {"name": "Steve Easterbrook"}]}, {"id": 7875229, "author": "Benzinga", "created": "Sat, 23 Apr 2016 09:03:15 -0400", "updated": "Mon, 25 Apr 2016 06:42:05 -0400", "title": "After-Hours Recap: The Markets' Big Week And Some After-Hours Movers", "teaser": "", "body": "", "url": "https://www.benzinga.com/node/7875229", "image": [], "channels": [{"name": "Earnings"}, {"name": "News"}, {"name": "After-Hours Center"}, {"name": "Movers"}, {"name": "Tech"}, {"name": "ETFs"}], "stocks": [{"name": "AUY"}, {"name": "BLOX"}, {"name": "CTRP"}, {"name": "DIA"}, {"name": "GOOG"}, {"name": "GOOGL"}, {"name": "KO"}, {"name": "MSFT"}, {"name": "NGL"}, {"name": "NSC"}, {"name": "PG"}, {"name": "QQQ"}, {"name": "SBUX"}, {"name": "SPY"}, {"name": "SWN"}, {"name": "TRV"}, {"name": "YUM"}], "tags": [{"name": "Dow Jones Industrial Average"}, {"name": "Nasdaq 100 Index"}, {"name": "S&P 500 Index"}]}]