[{"id": 8809083, "author": "Benzinga", "created": "Thu, 15 Dec 2016 07:57:34 -0400", "updated": "Thu, 15 Dec 2016 07:57:35 -0400", "title": "Wall Street's M&A Chatter From December 14", "teaser": "", "body": "", "url": "https://www.benzinga.com/node/8809083", "image": [], "channels": [{"name": "News"}, {"name": "Rumors"}, {"name": "M&A"}], "stocks": [{"name": "ALIOF"}, {"name": "APOG"}, {"name": "JNJ"}, {"name": "KHC"}, {"name": "MDLZ"}, {"name": "NSR"}, {"name": "SNY"}], "tags": []}, {"id": 8810201, "author": "Benzinga", "created": "Thu, 15 Dec 2016 10:58:49 -0400", "updated": "Thu, 15 Dec 2016 10:58:49 -0400", "title": "InterDigital Doubles Revenue Outlook, Announces License Agreement With Apple", "teaser": "", "body": "", "url": "https://www.benzinga.com/node/8810201", "image": [], "channels": [{"name": "News"}, {"name": "Guidance"}, {"name": "Movers"}, {"name": "Tech"}, {"name": "Trading Ideas"}], "stocks": [{"name": "AAPL"}, {"name": "IDCC"}], "tags": [{"name": "InterDigital"}, {"name": "InterDigital Guidance"}, {"name": "InterDigital Royalty Agreement"}, {"name": "William Merritt"}]}, {"id": 8810724, "author": "Benzinga", "created": "Thu, 15 Dec 2016 11:51:30 -0400", "updated": "Thu, 15 Dec 2016 11:51:30 -0400", "title": "Stocks Hitting 52-Week Highs", "teaser": "", "body": "", "url": "https://www.benzinga.com/node/8810724", "image": [], "channels": [{"name": "News"}, {"name": "Intraday Update"}, {"name": "Markets"}, {"name": "Movers"}], "stocks": [{"name": "AAPL"}, {"name": "IDCC"}, {"name": "NVDA"}, {"name": "PIR"}, {"name": "XLNX"}], "tags": [{"name": "52 Week Highs"}, {"name": "52-Week Highs"}]}, {"id": 8810693, "author": "Benzinga", "created": "Thu, 15 Dec 2016 12:45:35 -0400", "updated": "Thu, 15 Dec 2016 12:45:35 -0400", "title": "McDonald's Sale Of Its China Market Said To Be Imminent, Beneficial To Margins", "teaser": "", "body": "", "url": "https://www.benzinga.com/node/8810693", "image": [], "channels": [{"name": "Analyst Color"}, {"name": "News"}, {"name": "Emerging Markets"}, {"name": "Wall Street Journal"}, {"name": "Rumors"}, {"name": "Price Target"}, {"name": "Reiteration"}, {"name": "Forex"}, {"name": "Restaurants"}, {"name": "M&A"}, {"name": "Markets"}, {"name": "Analyst Ratings"}, {"name": "Media"}, {"name": "General"}], "stocks": [{"name": "MCD"}, {"name": "YUM"}], "tags": [{"name": "Carlyle Group"}, {"name": "Jeff Farmer"}, {"name": "Wells Fargo"}]}, {"id": 8810423, "author": "Benzinga", "created": "Thu, 15 Dec 2016 13:08:40 -0400", "updated": "Thu, 15 Dec 2016 13:08:41 -0400", "title": "Winners And Losers Amid Affordable Care Act Uncertainty", "teaser": "", "body": "", "url": "https://www.benzinga.com/node/8810423", "image": [], "channels": [{"name": "Analyst Color"}, {"name": "Long Ideas"}, {"name": "News"}, {"name": "Downgrades"}, {"name": "Health Care"}, {"name": "Price Target"}, {"name": "Politics"}, {"name": "Reiteration"}, {"name": "Analyst Ratings"}, {"name": "Movers"}, {"name": "Trading Ideas"}, {"name": "General"}], "stocks": [{"name": "AET"}, {"name": "CNC"}, {"name": "HUM"}, {"name": "MOH"}, {"name": "UNH"}], "tags": [{"name": "Affordable Care Act"}, {"name": "David Windley"}, {"name": "Donald Trump"}, {"name": "Jefferies"}, {"name": "MCOs"}, {"name": "medicare"}, {"name": "obamacare"}]}, {"id": 8811051, "author": "Benzinga", "created": "Thu, 15 Dec 2016 13:11:09 -0400", "updated": "Thu, 15 Dec 2016 13:11:10 -0400", "title": "What's The Difference Between Yahoo's Data Breaches?", "teaser": "", "body": "", "url": "https://www.benzinga.com/node/8811051", "image": [], "channels": [{"name": "News"}, {"name": "Legal"}, {"name": "M&A"}, {"name": "Tech"}], "stocks": [{"name": "VZ"}, {"name": "YHOO"}], "tags": []}, {"id": 8811357, "author": "Benzinga", "created": "Thu, 15 Dec 2016 13:37:35 -0400", "updated": "Thu, 15 Dec 2016 13:37:36 -0400", "title": "18 Biggest Mid-Day Gainers For Thursday", "teaser": "", "body": "", "url": "https://www.benzinga.com/node/8811357", "image": [], "channels": [{"name": "News"}, {"name": "Intraday Update"}, {"name": "Markets"}, {"name": "Analyst Ratings"}, {"name": "Movers"}], "stocks": [{"name": "AAPL"}, {"name": "ATHN"}, {"name": "BOSC"}, {"name": "CIVI"}, {"name": "DCIX"}, {"name": "DRYS"}, {"name": "ESEA"}, {"name": "FLO"}, {"name": "GLBS"}, {"name": "IDCC"}, {"name": "ISSC"}, {"name": "KHC"}, {"name": "LLY"}, {"name": "MDLZ"}, {"name": "NEO"}, {"name": "OKSB"}, {"name": "ONVO"}, {"name": "PIR"}, {"name": "SFNC"}, {"name": "TOPS"}, {"name": "XLNX"}], "tags": [{"name": "Mid-Day Gainers"}, {"name": "Top Gainers"}]}, {"id": 8811453, "author": "Benzinga", "created": "Thu, 15 Dec 2016 14:38:39 -0400", "updated": "Thu, 15 Dec 2016 14:38:39 -0400", "title": "Take A Lesson From Drug Dealers To Make Your Online Shopping Safer", "teaser": "", "body": "", "url": "https://www.benzinga.com/node/8811453", "image": [], "channels": [{"name": "Fintech"}, {"name": "News"}, {"name": "Startups"}, {"name": "Tech"}, {"name": "Interview"}], "stocks": [{"name": "AXP"}, {"name": "V"}, {"name": "YHOO"}], "tags": [{"name": "Bo Jiang"}, {"name": "Cybersecurity"}, {"name": "privacy"}]}, {"id": 8811508, "author": "Benzinga", "created": "Thu, 15 Dec 2016 16:00:08 -0400", "updated": "Thu, 15 Dec 2016 16:00:08 -0400", "title": "Who Is Alex Karp And Why Was He Given A Seat At Trump's Tech Summit Table?", "teaser": "", "body": "", "url": "https://www.benzinga.com/node/8811508", "image": [], "channels": [{"name": "News"}, {"name": "Politics"}, {"name": "Events"}, {"name": "Movers"}, {"name": "Tech"}, {"name": "Media"}, {"name": "General"}], "stocks": [{"name": "AAPL"}, {"name": "AMZN"}, {"name": "FB"}, {"name": "GOOG"}, {"name": "GOOGL"}, {"name": "TSLA"}], "tags": [{"name": "Alex Karp"}, {"name": "Donald Trump"}, {"name": "Elon Musk"}, {"name": "Eric Schmidt"}, {"name": "Jeff Bezos"}, {"name": "Palantir Technologies"}, {"name": "Peter Thiel"}, {"name": "Tim Cook"}]}, {"id": 8811609, "author": "Benzinga", "created": "Thu, 15 Dec 2016 16:16:02 -0400", "updated": "Thu, 15 Dec 2016 16:16:03 -0400", "title": "Trump's Tech Summit: Attendees And Trump Team's Response", "teaser": "", "body": "", "url": "https://www.benzinga.com/node/8811609", "image": [], "channels": [{"name": "News"}, {"name": "Politics"}, {"name": "Events"}, {"name": "Movers"}, {"name": "Tech"}, {"name": "General"}], "stocks": [{"name": "AAPL"}, {"name": "AMZN"}, {"name": "CSCO"}, {"name": "FB"}, {"name": "GOOG"}, {"name": "GOOGL"}, {"name": "IBM"}, {"name": "INTC"}, {"name": "MSFT"}, {"name": "ORCL"}, {"name": "TSLA"}, {"name": "TWTR"}, {"name": "XLK"}], "tags": [{"name": "Donald Trump"}]}]