[{"id": 6139022, "author": "Benzinga", "created": "Wed, 13 Jan 2016 09:34:56 -0400", "updated": "Wed, 13 Jan 2016 09:34:56 -0400", "title": "Disney's Massive $5.5 Billion Park In Mainland China To Open In June", "teaser": "", "body": "", "url": "https://www.benzinga.com/node/6139022", "image": [], "channels": [{"name": "News"}, {"name": "Events"}, {"name": "Global"}], "stocks": [{"name": "DIS"}], "tags": [{"name": "Disney China"}, {"name": "Disney Resorts"}, {"name": "Robert Iger"}, {"name": "Shanghai Disney Resort"}]}, {"id": 6139057, "author": "Benzinga", "created": "Wed, 13 Jan 2016 09:54:21 -0400", "updated": "Wed, 13 Jan 2016 09:54:21 -0400", "title": "Gartner: PC Shipments Fell By 8.3% In Q4, Fifth Consecutive Quarterly Decline", "teaser": "", "body": "", "url": "https://www.benzinga.com/node/6139057", "image": [], "channels": [{"name": "News"}, {"name": "Tech"}], "stocks": [{"name": "AAPL"}, {"name": "HPQ"}], "tags": [{"name": "asus"}, {"name": "DELL"}, {"name": "Gartner"}, {"name": "HP"}, {"name": "Lenovo"}, {"name": "PC Shipment Declines"}, {"name": "PC Shipments"}, {"name": "Windows 10"}]}, {"id": 6139373, "author": "Benzinga", "created": "Wed, 13 Jan 2016 10:52:39 -0400", "updated": "Wed, 13 Jan 2016 10:52:39 -0400", "title": "Report: Apple Keeping 'Close Eye' On Time Warner Amid M&A Rumors", "teaser": "", "body": "", "url": "https://www.benzinga.com/node/6139373", "image": [], "channels": [{"name": "News"}, {"name": "Rumors"}, {"name": "M&A"}], "stocks": [{"name": "AAPL"}, {"name": "T"}, {"name": "TWX"}], "tags": [{"name": "Apple TV"}, {"name": "Eddy Cue"}, {"name": "Fox"}, {"name": "New York Post"}, {"name": "Time Warner"}, {"name": "Time Warner Sale"}]}, {"id": 6139869, "author": "Benzinga", "created": "Wed, 13 Jan 2016 12:20:44 -0400", "updated": "Wed, 13 Jan 2016 12:20:44 -0400", "title": "Elmer-DeWitt: Apple Should Buy Time Warner", "teaser": "", "body": "", "url": "https://www.benzinga.com/node/6139869", "image": [], "channels": [{"name": "News"}, {"name": "M&A"}, {"name": "Media"}], "stocks": [{"name": "AAPL"}, {"name": "TWX"}], "tags": [{"name": "Apple"}, {"name": "Apple Rumors"}, {"name": "Fortune"}, {"name": "Game of Thrones"}, {"name": "HBO"}, {"name": "New York Post"}, {"name": "Philip Elmer-DeWitt"}, {"name": "Time Warner"}, {"name": "Veep"}]}, {"id": 6139984, "author": "Benzinga", "created": "Wed, 13 Jan 2016 12:48:16 -0400", "updated": "Wed, 13 Jan 2016 12:48:18 -0400", "title": "Can Stock Buyers Step Up for Third Straight Day, on Eve of Bank Earnings?", "teaser": "", "body": "", "url": "https://www.benzinga.com/node/6139984", "image": [], "channels": [{"name": "News"}], "stocks": [{"name": "C"}, {"name": "DJI"}, {"name": "JPM"}, {"name": "WFC"}], "tags": []}, {"id": 6139917, "author": "Benzinga", "created": "Wed, 13 Jan 2016 12:30:49 -0400", "updated": "Wed, 13 Jan 2016 12:49:18 -0400", "title": "Tough Q4 for Banks Expected, But What About Look Ahead?", "teaser": "", "body": "", "url": "https://www.benzinga.com/node/6139917", "image": [], "channels": [{"name": "Earnings"}, {"name": "News"}], "stocks": [{"name": "C"}, {"name": "GS"}, {"name": "JPM"}, {"name": "WFC"}], "tags": []}, {"id": 6140551, "author": "Benzinga", "created": "Wed, 13 Jan 2016 15:56:43 -0400", "updated": "Wed, 13 Jan 2016 15:59:24 -0400", "title": "Auto Industry In Largest Credit Bubble Ever, Morgan Stanley's Jonas Warns", "teaser": "", "body": "", "url": "https://www.benzinga.com/node/6140551", "image": [], "channels": [{"name": "Analyst Color"}, {"name": "News"}, {"name": "Short Ideas"}, {"name": "Events"}, {"name": "Top Stories"}, {"name": "Intraday Update"}, {"name": "Markets"}, {"name": "Analyst Ratings"}, {"name": "Movers"}, {"name": "Tech"}, {"name": "Trading Ideas"}, {"name": "General"}], "stocks": [{"name": "AAPL"}, {"name": "DLPH"}, {"name": "F"}, {"name": "FCAU"}, {"name": "GM"}, {"name": "GOOG"}, {"name": "GOOGL"}, {"name": "HMC"}, {"name": "NSANY"}, {"name": "TSLA"}], "tags": [{"name": "Adam Jonas"}, {"name": "Auto bubble"}, {"name": "Auto industry bubble"}, {"name": "Auto industry credit"}, {"name": "Car industry"}, {"name": "Detroit"}, {"name": "Morgan Stanley"}]}, {"id": 6140462, "author": "Benzinga", "created": "Wed, 13 Jan 2016 16:00:00 -0400", "updated": "Wed, 13 Jan 2016 16:00:00 -0400", "title": "Tech Stocks Underperforming Other Major Indices, Nasdaq Index Plunges 2.5%", "teaser": "", "body": "", "url": "https://www.benzinga.com/node/6140462", "image": [], "channels": [{"name": "News"}, {"name": "Intraday Update"}, {"name": "Markets"}, {"name": "Movers"}, {"name": "Tech"}], "stocks": [{"name": "AAPL"}, {"name": "AMZN"}, {"name": "DIA"}, {"name": "FB"}, {"name": "GOOG"}, {"name": "MFLX"}, {"name": "MSFT"}, {"name": "NFLX"}, {"name": "QQQ"}, {"name": "SPY"}, {"name": "WIFI"}], "tags": [{"name": "Daniel Ives"}, {"name": "Ross Sandler"}, {"name": "Technology"}, {"name": "Technology Stocks"}]}, {"id": 6141300, "author": "Benzinga", "created": "Wed, 13 Jan 2016 20:38:57 -0400", "updated": "Wed, 13 Jan 2016 20:38:58 -0400", "title": "Benzinga's M&A Chatter for Wednesday January 13, 2016", "teaser": "", "body": "", "url": "https://www.benzinga.com/node/6141300", "image": [], "channels": [{"name": "News"}, {"name": "Rumors"}, {"name": "M&A"}, {"name": "Movers"}], "stocks": [{"name": "AAPL"}, {"name": "CHKP"}, {"name": "CYBR"}, {"name": "FOXA"}, {"name": "SGNT"}, {"name": "T"}, {"name": "TWX"}], "tags": []}]