[{"id": 8276583, "author": "Benzinga", "created": "Fri, 29 Jul 2016 02:50:43 -0400", "updated": "Fri, 29 Jul 2016 02:50:43 -0400", "title": "Watch These 10 Huge Put Purchases In Friday Trade", "teaser": "", "body": "", "url": "https://www.benzinga.com/node/8276583", "image": [], "channels": [{"name": "News"}, {"name": "Options"}, {"name": "Markets"}], "stocks": [{"name": "BBY"}, {"name": "BIDU"}, {"name": "ESRX"}, {"name": "GE"}, {"name": "KMX"}, {"name": "KR"}, {"name": "LVS"}, {"name": "THC"}, {"name": "UPS"}, {"name": "WMT"}], "tags": [{"name": "Casinos & Gaming"}, {"name": "Consumer Discretionary"}, {"name": "Huge Put Purchases"}]}, {"id": 8276714, "author": "Benzinga", "created": "Fri, 29 Jul 2016 04:03:39 -0400", "updated": "Fri, 29 Jul 2016 04:03:39 -0400", "title": "Earnings Scheduled For July 29, 2016", "teaser": "", "body": "", "url": "https://www.benzinga.com/node/8276714", "image": [], "channels": [{"name": "Earnings"}, {"name": "News"}, {"name": "Pre-Market Outlook"}, {"name": "Markets"}], "stocks": [{"name": "AAN"}, {"name": "ABBV"}, {"name": "ACAT"}, {"name": "ACHC"}, {"name": "AN"}, {"name": "AON"}, {"name": "AWI"}, {"name": "AXL"}, {"name": "B"}, {"name": "BLMN"}, {"name": "BUD"}, {"name": "CACC"}, {"name": "CI"}, {"name": "COG"}, {"name": "CPN"}, {"name": "CVX"}, {"name": "EFUT"}, {"name": "ENB"}, {"name": "GVA"}, {"name": "HST"}, {"name": "KBR"}, {"name": "LPNT"}, {"name": "LXK"}, {"name": "LYB"}, {"name": "MGLN"}, {"name": "MRK"}, {"name": "NWL"}, {"name": "PBF"}, {"name": "PEG"}, {"name": "PSX"}, {"name": "SAIA"}, {"name": "SAVE"}, {"name": "SNE"}, {"name": "SNY"}, {"name": "TEN"}, {"name": "TYC"}, {"name": "UBS"}, {"name": "UPS"}, {"name": "WG"}, {"name": "XOM"}, {"name": "XRX"}], "tags": [{"name": "Computer Storage & Peripherals"}, {"name": "Earnings schedule"}, {"name": "Health Care"}, {"name": "Health Care Facilities"}, {"name": "Information Technology"}]}, {"id": 8276759, "author": "Benzinga", "created": "Fri, 29 Jul 2016 04:54:39 -0400", "updated": "Fri, 29 Jul 2016 04:54:40 -0400", "title": "12 Stocks You Should Be Watching Today", "teaser": "", "body": "", "url": "https://www.benzinga.com/node/8276759", "image": [], "channels": [{"name": "Earnings"}, {"name": "News"}, {"name": "Pre-Market Outlook"}, {"name": "Markets"}, {"name": "Trading Ideas"}], "stocks": [{"name": "AMZN"}, {"name": "CI"}, {"name": "CVX"}, {"name": "EXPE"}, {"name": "GOOGL"}, {"name": "HST"}, {"name": "MRK"}, {"name": "PSX"}, {"name": "UPS"}, {"name": "WDC"}, {"name": "WYNN"}, {"name": "XOM"}], "tags": [{"name": "Stocks To Watch"}, {"name": "Stocks to Watch"}]}, {"id": 8277502, "author": "Benzinga", "created": "Fri, 29 Jul 2016 07:45:03 -0400", "updated": "Fri, 29 Jul 2016 07:45:04 -0400", "title": "Investors Greet Merck Q2 Results As Key Launches Help Beat", "teaser": "", "body": "", "url": "https://www.benzinga.com/node/8277502", "image": [], "channels": [{"name": "Earnings"}, {"name": "News"}, {"name": "Guidance"}], "stocks": [{"name": "MRK"}], "tags": []}, {"id": 8277604, "author": "Benzinga", "created": "Fri, 29 Jul 2016 07:56:22 -0400", "updated": "Fri, 29 Jul 2016 07:56:22 -0400", "title": "A Peek Into The Markets: U.S. Stock Futures Mostly Lower Ahead Of GDP Report", "teaser": "", "body": "", "url": "https://www.benzinga.com/node/8277604", "image": [], "channels": [{"name": "Earnings"}, {"name": "News"}, {"name": "Eurozone"}, {"name": "Futures"}, {"name": "Global"}, {"name": "Pre-Market Outlook"}, {"name": "Markets"}], "stocks": [{"name": "AMZN"}, {"name": "F"}, {"name": "GOOGL"}, {"name": "MRK"}, {"name": "NEE"}], "tags": [{"name": "Goldman Sachs"}, {"name": "U.S. stock futures"}]}, {"id": 8277496, "author": "Benzinga", "created": "Fri, 29 Jul 2016 08:32:12 -0400", "updated": "Fri, 29 Jul 2016 08:32:13 -0400", "title": "Amazon Web Services Is 'Destroying' Its Competition", "teaser": "", "body": "", "url": "https://www.benzinga.com/node/8277496", "image": [], "channels": [{"name": "Analyst Color"}, {"name": "Earnings"}, {"name": "Long Ideas"}, {"name": "News"}, {"name": "Movers"}, {"name": "Tech"}, {"name": "Trading Ideas"}], "stocks": [{"name": "AMZN"}, {"name": "MSFT"}, {"name": "NTAP"}, {"name": "VMW"}], "tags": [{"name": "Amazon Web Services"}, {"name": "AWS"}, {"name": "cloud"}, {"name": "cloud computing"}, {"name": "cloud technology"}, {"name": "Global Equities Research"}, {"name": "SuperCloud"}, {"name": "Trip Chowdhry"}]}, {"id": 8277989, "author": "Benzinga", "created": "Fri, 29 Jul 2016 08:49:02 -0400", "updated": "Fri, 29 Jul 2016 08:49:03 -0400", "title": "Chevron Misses EPS Estimates, Attributes To Tough Industry Environment", "teaser": "", "body": "", "url": "https://www.benzinga.com/node/8277989", "image": [], "channels": [{"name": "Earnings"}, {"name": "News"}], "stocks": [{"name": "CVX"}], "tags": []}, {"id": 8278985, "author": "Benzinga", "created": "Fri, 29 Jul 2016 11:09:58 -0400", "updated": "Fri, 29 Jul 2016 11:10:00 -0400", "title": "Weak GDP Data, Plunging Oil Renew Questions About Strength Of Economy", "teaser": "", "body": "", "url": "https://www.benzinga.com/node/8278985", "image": [], "channels": [{"name": "Earnings"}, {"name": "News"}, {"name": "Markets"}, {"name": "Movers"}, {"name": "Tech"}, {"name": "General"}], "stocks": [{"name": "AAPL"}, {"name": "AMZN"}, {"name": "CVX"}, {"name": "FB"}, {"name": "MRK"}, {"name": "TWTR"}, {"name": "XOM"}], "tags": []}, {"id": 8273910, "author": "Benzinga", "created": "Fri, 29 Jul 2016 14:29:15 -0400", "updated": "Fri, 29 Jul 2016 14:29:15 -0400", "title": "Richard Branson Shocks Chicago Crowd: Smoke Weed With Your Kids", "teaser": "", "body": "", "url": "https://www.benzinga.com/node/8273910", "image": [], "channels": [{"name": "News"}, {"name": "Entrepreneurship"}, {"name": "Psychology"}, {"name": "Legal"}, {"name": "General"}], "stocks": [{"name": "FB"}, {"name": "MSFT"}, {"name": "MW"}, {"name": "PGR"}, {"name": "VA"}, {"name": "WFM"}], "tags": [{"name": "Bill Gates"}, {"name": "dustin moskovitz"}, {"name": "George Soros"}, {"name": "George Zimmer"}, {"name": "Hugh Hefner"}, {"name": "john mackey"}, {"name": "Playboy"}, {"name": "Richard Branson"}, {"name": "Sean Parker"}]}, {"id": 8279689, "author": "Benzinga", "created": "Fri, 29 Jul 2016 14:46:30 -0400", "updated": "Fri, 29 Jul 2016 14:46:30 -0400", "title": "Friday's Zika Reports Explained: Winners And Losers", "teaser": "", "body": "", "url": "https://www.benzinga.com/node/8279689", "image": [], "channels": [{"name": "Biotech"}, {"name": "News"}, {"name": "Health Care"}, {"name": "Events"}, {"name": "Media"}, {"name": "General"}], "stocks": [{"name": "CERS"}, {"name": "DIS"}, {"name": "JBLU"}, {"name": "SEAS"}], "tags": [{"name": "Florida"}, {"name": "mosquitoes"}, {"name": "Rick Scott"}, {"name": "Zika"}, {"name": "Zika Virus"}]}, {"id": 8280131, "author": "Benzinga", "created": "Fri, 29 Jul 2016 14:55:01 -0400", "updated": "Fri, 29 Jul 2016 14:55:01 -0400", "title": "After A Downgrade In June, Dow Chemical Back To Overweight For JPMorgan", "teaser": "", "body": "", "url": "https://www.benzinga.com/node/8280131", "image": [], "channels": [{"name": "Analyst Color"}, {"name": "Long Ideas"}, {"name": "News"}, {"name": "Upgrades"}, {"name": "Price Target"}, {"name": "Analyst Ratings"}, {"name": "Movers"}, {"name": "Trading Ideas"}], "stocks": [{"name": "DD"}, {"name": "DOW"}], "tags": [{"name": "Jeffrey Zekauskas"}, {"name": "JPMorgan"}]}]