[{"id": 8623118, "author": "Benzinga", "created": "Mon, 31 Oct 2016 08:08:29 -0400", "updated": "Mon, 31 Oct 2016 08:08:30 -0400", "title": "A Peek Into The Markets: U.S. Stock Futures Edge Higher; CenturyLink To Buy Level 3 Communications", "teaser": "", "body": "", "url": "https://www.benzinga.com/node/8623118", "image": [], "channels": [{"name": "Earnings"}, {"name": "News"}, {"name": "Eurozone"}, {"name": "Futures"}, {"name": "Global"}, {"name": "Pre-Market Outlook"}, {"name": "Markets"}], "stocks": [{"name": "BHI"}, {"name": "CHKP"}, {"name": "CTL"}, {"name": "GE"}, {"name": "LL"}, {"name": "LVLT"}, {"name": "NKE"}], "tags": [{"name": "A Peek Into The Markets"}, {"name": "Alternative Carriers"}, {"name": "Bank of America"}, {"name": "Consumer Discretionary"}, {"name": "Home Improvement Retail"}, {"name": "Telecommunication Services"}, {"name": "U.S. stock futures"}]}, {"id": 8618589, "author": "Benzinga", "created": "Mon, 31 Oct 2016 08:40:13 -0400", "updated": "Mon, 31 Oct 2016 08:40:13 -0400", "title": "If You Think ZTO Is Big, Check Out These 4 Massive Chinese IPOs On The Horizon", "teaser": "", "body": "", "url": "https://www.benzinga.com/node/8618589", "image": [], "channels": [{"name": "News"}, {"name": "Emerging Markets"}, {"name": "Rumors"}, {"name": "IPOs"}, {"name": "Markets"}, {"name": "Tech"}], "stocks": [{"name": "AAPL"}, {"name": "BABA"}, {"name": "ZTO"}], "tags": [{"name": "China Internet Plus"}, {"name": "Chinese IPOs"}, {"name": "Didi Chuxing"}, {"name": "Lu.com"}, {"name": "Xiaomi"}]}, {"id": 8622920, "author": "Benzinga", "created": "Mon, 31 Oct 2016 09:23:15 -0400", "updated": "Mon, 31 Oct 2016 09:23:15 -0400", "title": "The Market In 5 Minutes: A Merger Monday For Michael Myers", "teaser": "", "body": "", "url": "https://www.benzinga.com/node/8622920", "image": [], "channels": [{"name": "News"}, {"name": "Global"}, {"name": "Top Stories"}, {"name": "Pre-Market Outlook"}, {"name": "Markets"}], "stocks": [{"name": "ABBV"}, {"name": "ADSW"}, {"name": "ALDR"}, {"name": "ATVI"}, {"name": "BABA"}, {"name": "BHI"}, {"name": "CAH"}, {"name": "CHKP"}, {"name": "COUP"}, {"name": "CTL"}, {"name": "DO"}, {"name": "FB"}, {"name": "GE"}, {"name": "LVLT"}, {"name": "M"}, {"name": "MPC"}, {"name": "NFLX"}, {"name": "NKE"}, {"name": "SPY"}, {"name": "USO"}], "tags": [{"name": "the market in 5 minutes"}]}, {"id": 8623558, "author": "Benzinga", "created": "Mon, 31 Oct 2016 10:05:21 -0400", "updated": "Mon, 31 Oct 2016 10:05:21 -0400", "title": "A Key Consumer Metric Augurs Well For Upcoming Holiday Season", "teaser": "", "body": "", "url": "https://www.benzinga.com/node/8623558", "image": [], "channels": [{"name": "Analyst Color"}, {"name": "News"}, {"name": "Previews"}, {"name": "Events"}, {"name": "Top Stories"}, {"name": "Analyst Ratings"}, {"name": "Trading Ideas"}, {"name": "General"}], "stocks": [{"name": "ADBE"}, {"name": "WMT"}], "tags": [{"name": "BEA"}, {"name": "Bureau of Economic Analysis"}, {"name": "Commerce Department"}, {"name": "consumer spending"}, {"name": "GDP"}, {"name": "holiday shopping season"}, {"name": "ICSC"}, {"name": "International Council of Shopping Centers"}, {"name": "Jack Kleinhenz"}, {"name": "National Retail Federation"}, {"name": "NRF"}, {"name": "retail"}, {"name": "University of Michigan"}]}, {"id": 8624250, "author": "Benzinga", "created": "Mon, 31 Oct 2016 10:35:32 -0400", "updated": "Mon, 31 Oct 2016 10:35:32 -0400", "title": "Stocks Hitting 52-Week Lows", "teaser": "", "body": "", "url": "https://www.benzinga.com/node/8624250", "image": [], "channels": [{"name": "News"}, {"name": "Movers & Shakers"}, {"name": "Intraday Update"}, {"name": "Markets"}], "stocks": [{"name": "ACHC"}, {"name": "IVC"}, {"name": "MEMP"}, {"name": "NKE"}], "tags": [{"name": "52 Week Lows"}, {"name": "52-Week Lows"}]}, {"id": 8624666, "author": "Benzinga", "created": "Mon, 31 Oct 2016 11:41:55 -0400", "updated": "Mon, 31 Oct 2016 11:41:56 -0400", "title": "Trick Or Treat! Will Fed, Earnings, Jobs Report Offer Candy Or A Bag Of Rocks?", "teaser": "", "body": "", "url": "https://www.benzinga.com/node/8624666", "image": [], "channels": [{"name": "Analyst Color"}, {"name": "Earnings"}, {"name": "News"}, {"name": "Guidance"}, {"name": "Events"}, {"name": "Global"}, {"name": "Econ #s"}, {"name": "Economics"}, {"name": "Federal Reserve"}, {"name": "Markets"}], "stocks": [{"name": "ADM"}, {"name": "BP"}, {"name": "CVX"}, {"name": "FB"}, {"name": "PFE"}, {"name": "SBUX"}, {"name": "XOM"}], "tags": []}, {"id": 8624782, "author": "Benzinga", "created": "Mon, 31 Oct 2016 12:00:52 -0400", "updated": "Mon, 31 Oct 2016 12:00:56 -0400", "title": "Are The Drugs Working? Pfizer Updates Financials And Disease Therapy Performances", "teaser": "", "body": "", "url": "https://www.benzinga.com/node/8624782", "image": [], "channels": [{"name": "Biotech"}, {"name": "Earnings"}, {"name": "News"}, {"name": "Previews"}, {"name": "Trading Ideas"}, {"name": "ETFs"}, {"name": "General"}], "stocks": [{"name": "JNJ"}], "tags": []}, {"id": 8625175, "author": "Benzinga", "created": "Mon, 31 Oct 2016 13:11:36 -0400", "updated": "Mon, 31 Oct 2016 13:11:36 -0400", "title": "15 Biggest Mid-Day Losers For Monday", "teaser": "", "body": "", "url": "https://www.benzinga.com/node/8625175", "image": [], "channels": [{"name": "News"}, {"name": "Movers & Shakers"}, {"name": "Intraday Update"}, {"name": "Markets"}], "stocks": [{"name": "BHI"}, {"name": "CTL"}, {"name": "DF"}, {"name": "DM"}, {"name": "EVEP"}, {"name": "GE"}, {"name": "GPRO"}, {"name": "HOTR"}, {"name": "IVC"}, {"name": "LL"}, {"name": "LVLT"}, {"name": "MEMP"}, {"name": "NKE"}, {"name": "OPXA"}, {"name": "SANM"}, {"name": "SXC"}, {"name": "SXCP"}, {"name": "ZBH"}], "tags": [{"name": "Alternative Carriers"}, {"name": "Consumer Discretionary"}, {"name": "Home Improvement Retail"}, {"name": "Mid-Day Losers"}, {"name": "Telecommunication Services"}, {"name": "Top Losers"}]}, {"id": 8625359, "author": "Benzinga", "created": "Mon, 31 Oct 2016 14:38:33 -0400", "updated": "Mon, 31 Oct 2016 14:38:34 -0400", "title": "#Shhhh: Twitter's Muted Words Feature Could Be A Game Changer", "teaser": "", "body": "", "url": "https://www.benzinga.com/node/8625359", "image": [], "channels": [{"name": "News"}, {"name": "Tech"}, {"name": "Media"}, {"name": "Trading Ideas"}], "stocks": [{"name": "CRM"}, {"name": "DIS"}, {"name": "TWTR"}], "tags": [{"name": "axiom"}, {"name": "Leslie Jones"}, {"name": "Matt Navarra"}, {"name": "TheNext Web"}, {"name": "Victor Anthony"}]}]