[{"id": 8221082, "author": "Benzinga", "created": "Fri, 15 Jul 2016 03:35:09 -0400", "updated": "Fri, 15 Jul 2016 03:35:09 -0400", "title": "Watch These 7 Huge Put Purchases In Friday Trade", "teaser": "", "body": "", "url": "https://www.benzinga.com/node/8221082", "image": [], "channels": [{"name": "News"}, {"name": "Options"}, {"name": "Markets"}], "stocks": [{"name": "C"}, {"name": "CAVM"}, {"name": "CTRP"}, {"name": "CTSH"}, {"name": "KO"}, {"name": "LDOS"}, {"name": "SRPT"}], "tags": [{"name": "Huge Put Purchases"}]}, {"id": 8221596, "author": "Benzinga", "created": "Fri, 15 Jul 2016 08:54:48 -0400", "updated": "Fri, 15 Jul 2016 09:02:29 -0400", "title": "The Market In 5 Minutes: Record-Setting Week Coming To A Close", "teaser": "", "body": "", "url": "https://www.benzinga.com/node/8221596", "image": [], "channels": [{"name": "News"}, {"name": "Global"}, {"name": "Top Stories"}, {"name": "Pre-Market Outlook"}, {"name": "Markets"}], "stocks": [{"name": "AAPL"}, {"name": "AMCX"}, {"name": "BAYRY"}, {"name": "C"}, {"name": "CAB"}, {"name": "CMG"}, {"name": "HLF"}, {"name": "MON"}, {"name": "PNC"}, {"name": "RAD"}, {"name": "RGA"}, {"name": "SEE"}, {"name": "SLP"}, {"name": "SPY"}, {"name": "TWTR"}, {"name": "UBS"}, {"name": "USO"}, {"name": "WBA"}, {"name": "WFC"}], "tags": [{"name": "the market in 5 minutes"}]}, {"id": 8222254, "author": "Benzinga", "created": "Fri, 15 Jul 2016 10:38:21 -0400", "updated": "Fri, 15 Jul 2016 10:38:21 -0400", "title": "Bank Earnings Blitz: PNC, UBS, Citigroup And Wells Fargo Deliver Solid Numbers", "teaser": "", "body": "", "url": "https://www.benzinga.com/node/8222254", "image": [], "channels": [{"name": "Earnings"}, {"name": "News"}, {"name": "Top Stories"}], "stocks": [{"name": "C"}, {"name": "JPM"}, {"name": "PACW"}, {"name": "PNC"}, {"name": "USB"}, {"name": "WFC"}, {"name": "XLF"}], "tags": []}, {"id": 8222645, "author": "Benzinga", "created": "Fri, 15 Jul 2016 11:40:39 -0400", "updated": "Fri, 15 Jul 2016 11:40:39 -0400", "title": "IBM Should Show Some Progress In Monday's Earnings Report", "teaser": "", "body": "", "url": "https://www.benzinga.com/node/8222645", "image": [], "channels": [{"name": "Analyst Color"}, {"name": "Earnings"}, {"name": "Long Ideas"}, {"name": "News"}, {"name": "Previews"}, {"name": "Analyst Ratings"}, {"name": "Tech"}, {"name": "Trading Ideas"}], "stocks": [{"name": "IBM"}], "tags": [{"name": "Drexel Hamilton"}]}, {"id": 8223041, "author": "Benzinga", "created": "Fri, 15 Jul 2016 11:54:18 -0400", "updated": "Fri, 15 Jul 2016 11:55:57 -0400", "title": "Bank Earnings, Key Economic Data In Focus, But Rally on Pause After France Attack", "teaser": "", "body": "", "url": "https://www.benzinga.com/node/8223041", "image": [], "channels": [{"name": "Earnings"}, {"name": "News"}, {"name": "Previews"}, {"name": "IPOs"}, {"name": "Events"}, {"name": "Economics"}, {"name": "Markets"}, {"name": "Tech"}, {"name": "Trading Ideas"}], "stocks": [{"name": "C"}, {"name": "CSX"}, {"name": "DAL"}, {"name": "FB"}, {"name": "JPM"}, {"name": "UAL"}, {"name": "WFC"}], "tags": []}, {"id": 8223121, "author": "Benzinga", "created": "Fri, 15 Jul 2016 12:08:45 -0400", "updated": "Fri, 15 Jul 2016 12:08:46 -0400", "title": "Earnings: BAC, MS, and GS Bank on Trading Activity", "teaser": "", "body": "", "url": "https://www.benzinga.com/node/8223121", "image": [], "channels": [{"name": "Earnings"}, {"name": "News"}, {"name": "Guidance"}, {"name": "Markets"}], "stocks": [{"name": "BAC"}, {"name": "GS"}, {"name": "MS"}], "tags": []}, {"id": 8223453, "author": "Benzinga", "created": "Fri, 15 Jul 2016 14:27:56 -0400", "updated": "Fri, 15 Jul 2016 14:27:56 -0400", "title": "Is Microsoft's Profit Growth Sustainable?", "teaser": "", "body": "", "url": "https://www.benzinga.com/node/8223453", "image": [], "channels": [{"name": "Analyst Color"}, {"name": "Earnings"}, {"name": "Long Ideas"}, {"name": "News"}, {"name": "Price Target"}, {"name": "Previews"}, {"name": "Reiteration"}, {"name": "Analyst Ratings"}, {"name": "Tech"}, {"name": "Trading Ideas"}], "stocks": [{"name": "CRM"}, {"name": "MSFT"}, {"name": "ORCL"}, {"name": "SPLK"}], "tags": [{"name": "BMO"}, {"name": "BMO Capital"}, {"name": "BMO Capital Markets"}, {"name": "Keith Bachman"}]}]