[{"id": 7759287, "author": "Benzinga", "created": "Fri, 25 Mar 2016 09:45:37 -0400", "updated": "Fri, 25 Mar 2016 09:45:38 -0400", "title": "'Batman V. Superman': Investors Prepare For Highly Anticipated, Poorly Reviewed Film", "teaser": "", "body": "", "url": "https://www.benzinga.com/node/7759287", "image": [], "channels": [{"name": "News"}, {"name": "Previews"}, {"name": "Events"}, {"name": "Trading Ideas"}], "stocks": [{"name": "DIS"}, {"name": "TWX"}], "tags": [{"name": "Batman"}, {"name": "Batman V. Superman"}, {"name": "Marvel"}, {"name": "Marvel Entertainment"}, {"name": "Superman"}, {"name": "Warner Bros."}]}]