[{"id": 7772921, "author": "Benzinga", "created": "Wed, 30 Mar 2016 07:10:05 -0400", "updated": "Wed, 30 Mar 2016 07:47:11 -0400", "title": "Should ESPN's 'SportsCenter' Be Covering Wrestlemania 32?", "teaser": "", "body": "", "url": "https://www.benzinga.com/node/7772921", "image": [], "channels": [{"name": "News"}, {"name": "Crowdsourcing"}, {"name": "Sports"}, {"name": "Events"}, {"name": "General"}], "stocks": [{"name": "DIS"}, {"name": "WWE"}], "tags": [{"name": "ESPN"}, {"name": "Jonathan Coachman"}, {"name": "SportsCenter"}, {"name": "WrestleMania"}, {"name": "Wrestlemania 32"}]}, {"id": 7775137, "author": "Benzinga", "created": "Wed, 30 Mar 2016 08:19:24 -0400", "updated": "Wed, 30 Mar 2016 08:19:24 -0400", "title": "Apple Inks New Deal With MLB To Supply iPad Pros", "teaser": "", "body": "", "url": "https://www.benzinga.com/node/7775137", "image": [], "channels": [{"name": "News"}], "stocks": [{"name": "AAPL"}], "tags": [{"name": "Apple"}, {"name": "Apple MLB"}, {"name": "iPad Pro"}, {"name": "MLB"}, {"name": "Phil Schiller"}, {"name": "The Wall Street Journal"}]}, {"id": 7775846, "author": "Benzinga", "created": "Wed, 30 Mar 2016 10:34:16 -0400", "updated": "Wed, 30 Mar 2016 10:34:16 -0400", "title": "Mr. Market Needs To View PayPal As A 'Merchant Acquirer,' Analyst Says", "teaser": "", "body": "", "url": "https://www.benzinga.com/node/7775846", "image": [], "channels": [{"name": "Analyst Color"}, {"name": "Long Ideas"}, {"name": "News"}, {"name": "Price Target"}, {"name": "Initiation"}, {"name": "Analyst Ratings"}, {"name": "Movers"}, {"name": "Tech"}, {"name": "Trading Ideas"}], "stocks": [{"name": "AXP"}, {"name": "DFS"}, {"name": "PYPL"}, {"name": "VNTV"}], "tags": [{"name": "Bernstein"}, {"name": "Lisa Ellis"}, {"name": "World pay"}]}, {"id": 7776289, "author": "Benzinga", "created": "Wed, 30 Mar 2016 11:28:03 -0400", "updated": "Wed, 30 Mar 2016 11:28:04 -0400", "title": "Boeing Cutting More Than 4,500 Jobs, Report Says", "teaser": "", "body": "", "url": "https://www.benzinga.com/node/7776289", "image": [], "channels": [{"name": "News"}, {"name": "Rumors"}], "stocks": [{"name": "BA"}, {"name": "EADSY"}], "tags": []}, {"id": 7776741, "author": "Benzinga", "created": "Wed, 30 Mar 2016 11:28:10 -0400", "updated": "Wed, 30 Mar 2016 11:28:10 -0400", "title": "Salesforce Wins $100M Health & Human Services Deal", "teaser": "", "body": "", "url": "https://www.benzinga.com/node/7776741", "image": [], "channels": [{"name": "News"}, {"name": "Contracts"}], "stocks": [{"name": "CRM"}], "tags": []}, {"id": 7776118, "author": "Benzinga", "created": "Wed, 30 Mar 2016 11:33:21 -0400", "updated": "Wed, 30 Mar 2016 11:33:21 -0400", "title": "The Market In 5 Minutes: Wednesday, March 30, 2016", "teaser": "", "body": "", "url": "https://www.benzinga.com/node/7776118", "image": [], "channels": [{"name": "News"}, {"name": "Events"}, {"name": "Global"}, {"name": "Top Stories"}], "stocks": [{"name": "AAPL"}, {"name": "ALK"}, {"name": "CNTF"}, {"name": "GE"}, {"name": "GLBL"}, {"name": "JBLU"}, {"name": "LULU"}, {"name": "MSFT"}, {"name": "QIHU"}, {"name": "STT"}, {"name": "SUNE"}, {"name": "TSLA"}, {"name": "UAL"}, {"name": "VA"}, {"name": "VRX"}, {"name": "WAL"}, {"name": "WFC"}, {"name": "WWE"}], "tags": [{"name": "the market in 5 minutes"}]}, {"id": 7777667, "author": "Benzinga", "created": "Wed, 30 Mar 2016 13:39:42 -0400", "updated": "Wed, 30 Mar 2016 13:39:43 -0400", "title": "Salesforce Touts Benefits Of New $100 Million Contract From US Government Agency", "teaser": "", "body": "", "url": "https://www.benzinga.com/node/7777667", "image": [], "channels": [{"name": "News"}, {"name": "Contracts"}, {"name": "Movers"}, {"name": "Trading Ideas"}], "stocks": [{"name": "CRM"}], "tags": [{"name": "Dave Rey"}, {"name": "Food and Drug Administration"}, {"name": "HHS"}, {"name": "Salesforce"}, {"name": "us department of health and human services"}]}, {"id": 7779223, "author": "Benzinga", "created": "Wed, 30 Mar 2016 16:30:01 -0400", "updated": "Wed, 30 Mar 2016 16:30:01 -0400", "title": "The Stocks That Moved The S&P, Dow And Nasdaq Today", "teaser": "", "body": "", "url": "https://www.benzinga.com/node/7779223", "image": [], "channels": [{"name": "News"}, {"name": "After-Hours Center"}, {"name": "Movers"}], "stocks": [{"name": "AAPL"}, {"name": "BA"}, {"name": "CHKP"}, {"name": "IBM"}, {"name": "JD"}, {"name": "MET"}, {"name": "PAYX"}, {"name": "RCL"}, {"name": "SWN"}, {"name": "V"}, {"name": "WDC"}], "tags": []}]