[{"id": 8845999, "author": "Benzinga", "created": "Wed, 28 Dec 2016 11:42:34 -0400", "updated": "Wed, 28 Dec 2016 11:42:34 -0400", "title": "Is NVIDIA Going Back To $90? Citron Thinks So", "teaser": "", "body": "", "url": "https://www.benzinga.com/node/8845999", "image": [], "channels": [{"name": "Analyst Color"}, {"name": "News"}, {"name": "Short Sellers"}, {"name": "Analyst Ratings"}, {"name": "Movers"}, {"name": "Tech"}, {"name": "Trading Ideas"}], "stocks": [{"name": "AAPL"}, {"name": "AMD"}, {"name": "GOOG"}, {"name": "GOOGL"}, {"name": "INTC"}, {"name": "NVDA"}, {"name": "TSM"}, {"name": "XLNX"}], "tags": [{"name": "Citron Research"}]}, {"id": 8845792, "author": "Benzinga", "created": "Wed, 28 Dec 2016 11:47:06 -0400", "updated": "Wed, 28 Dec 2016 11:47:06 -0400", "title": "Nike Managing Competitive Challenges Better Than Expected", "teaser": "", "body": "", "url": "https://www.benzinga.com/node/8845792", "image": [], "channels": [{"name": "Analyst Color"}, {"name": "Earnings"}, {"name": "Long Ideas"}, {"name": "News"}, {"name": "Reiteration"}, {"name": "Analyst Ratings"}, {"name": "Trading Ideas"}], "stocks": [{"name": "NKE"}], "tags": [{"name": "Christian Buss"}, {"name": "Credit Suisse"}]}, {"id": 8846419, "author": "Benzinga", "created": "Wed, 28 Dec 2016 13:35:28 -0400", "updated": "Wed, 28 Dec 2016 13:35:28 -0400", "title": "Fred's Shares Pull Back After Its Ability To Handle Rite Aid Store Purchase Questioned", "teaser": "", "body": "", "url": "https://www.benzinga.com/node/8846419", "image": [], "channels": [{"name": "News"}, {"name": "M&A"}, {"name": "Movers"}, {"name": "Media"}], "stocks": [{"name": "FRED"}, {"name": "RAD"}, {"name": "WBA"}], "tags": [{"name": "Fred's"}, {"name": "New York Post"}, {"name": "Pharmacy Stores"}, {"name": "retailers"}, {"name": "Walgreens Rite Aid Acquisition"}]}, {"id": 8846309, "author": "Benzinga", "created": "Wed, 28 Dec 2016 15:37:13 -0400", "updated": "Wed, 28 Dec 2016 15:37:13 -0400", "title": "23 Notable Presentations On The CES 2017 Schedule", "teaser": "", "body": "", "url": "https://www.benzinga.com/node/8846309", "image": [], "channels": [{"name": "Analyst Color"}, {"name": "News"}, {"name": "Previews"}, {"name": "Topics"}, {"name": "Travel"}, {"name": "Events"}, {"name": "Analyst Ratings"}, {"name": "Movers"}, {"name": "Tech"}, {"name": "Trading Ideas"}, {"name": "General"}], "stocks": [{"name": "ADI"}, {"name": "ALV"}, {"name": "AMBA"}, {"name": "AVGO"}, {"name": "CY"}, {"name": "DLPH"}, {"name": "F"}, {"name": "FIT"}, {"name": "FOSL"}, {"name": "GPRO"}, {"name": "GRMN"}, {"name": "INTC"}, {"name": "MBLY"}, {"name": "MGA"}, {"name": "MRVL"}, {"name": "NVDA"}, {"name": "NXPI"}, {"name": "ON"}, {"name": "QCOM"}, {"name": "SCSS"}, {"name": "SYNA"}, {"name": "TM"}, {"name": "UAA"}], "tags": [{"name": "CES"}, {"name": "KeyBanc"}]}, {"id": 8846339, "author": "Benzinga", "created": "Wed, 28 Dec 2016 15:45:47 -0400", "updated": "Wed, 28 Dec 2016 15:45:47 -0400", "title": "Why NVIDIA's Recent Run Shouldn't Come As A Surprise", "teaser": "", "body": "", "url": "https://www.benzinga.com/node/8846339", "image": [], "channels": [{"name": "Analyst Color"}, {"name": "Earnings"}, {"name": "News"}, {"name": "Short Sellers"}, {"name": "Previews"}, {"name": "Analyst Ratings"}, {"name": "Movers"}, {"name": "Tech"}, {"name": "Trading Ideas"}], "stocks": [{"name": "AAPL"}, {"name": "AMZN"}, {"name": "BABA"}, {"name": "IBM"}, {"name": "MSFT"}, {"name": "NVDA"}], "tags": [{"name": "Citron Research"}, {"name": "Jen-Hsun Huang"}]}]