[{"id": 8207327, "author": "Benzinga", "created": "Tue, 12 Jul 2016 07:58:06 -0400", "updated": "Tue, 12 Jul 2016 07:58:07 -0400", "title": "The Market In 5 Minutes: Alcoa Kicks Off Earnings Season", "teaser": "", "body": "", "url": "https://www.benzinga.com/node/8207327", "image": [], "channels": [{"name": "News"}, {"name": "Global"}, {"name": "Top Stories"}, {"name": "Pre-Market Outlook"}, {"name": "Markets"}], "stocks": [{"name": "AA"}, {"name": "AMZN"}, {"name": "CCM"}, {"name": "CKEC"}, {"name": "FAST"}, {"name": "FIT"}, {"name": "Kate"}, {"name": "ORCL"}, {"name": "PF"}, {"name": "RRD"}, {"name": "SPY"}, {"name": "TSLA"}, {"name": "USO"}, {"name": "VOD"}, {"name": "VOXX"}, {"name": "WMT"}, {"name": "WWAV"}, {"name": "XRX"}], "tags": [{"name": "the market in 5 minutes"}]}, {"id": 8206314, "author": "Benzinga", "created": "Tue, 12 Jul 2016 08:29:46 -0400", "updated": "Tue, 12 Jul 2016 08:29:46 -0400", "title": "Disney And Universal Help Boost Summer Box Office, Set Up 'Collision Course' With Fox", "teaser": "", "body": "", "url": "https://www.benzinga.com/node/8206314", "image": [], "channels": [{"name": "News"}, {"name": "Events"}, {"name": "Tech"}, {"name": "Media"}, {"name": "General"}], "stocks": [{"name": "CMCSA"}, {"name": "DIS"}, {"name": "FOX"}, {"name": "FOXA"}, {"name": "VIA"}, {"name": "VIAB"}], "tags": [{"name": "Collusion Course"}, {"name": "Despicable Me"}, {"name": "Finding Dory"}, {"name": "Ice Age"}, {"name": "Minions"}, {"name": "Star Trek Beyond"}, {"name": "The Secret Life Of Pets"}, {"name": "Universal"}]}, {"id": 8207532, "author": "Benzinga", "created": "Tue, 12 Jul 2016 09:11:41 -0400", "updated": "Tue, 12 Jul 2016 09:11:41 -0400", "title": "MoneyGram Downgraded By JPMorgan After Rising 15%; Brexit Issues Remain", "teaser": "", "body": "", "url": "https://www.benzinga.com/node/8207532", "image": [], "channels": [{"name": "Analyst Color"}, {"name": "News"}, {"name": "Downgrades"}, {"name": "Price Target"}, {"name": "Forex"}, {"name": "Markets"}, {"name": "Analyst Ratings"}, {"name": "Movers"}], "stocks": [{"name": "MGI"}, {"name": "WMT"}, {"name": "WU"}], "tags": [{"name": "JPMorgan"}, {"name": "Tien-tsin Huang"}, {"name": "Wal-Mex"}]}, {"id": 8207850, "author": "Benzinga", "created": "Tue, 12 Jul 2016 09:18:04 -0400", "updated": "Tue, 12 Jul 2016 09:18:04 -0400", "title": "P&G Dividend Provides 3.1% Yield", "teaser": "", "body": "", "url": "https://www.benzinga.com/node/8207850", "image": [], "channels": [{"name": "News"}, {"name": "Dividends"}, {"name": "General"}], "stocks": [{"name": "PG"}], "tags": []}, {"id": 8207622, "author": "Benzinga", "created": "Tue, 12 Jul 2016 09:19:36 -0400", "updated": "Tue, 12 Jul 2016 09:19:37 -0400", "title": "Citi Continues To Expect A Beat And Raise Q2 From Intel", "teaser": "", "body": "", "url": "https://www.benzinga.com/node/8207622", "image": [], "channels": [{"name": "Analyst Color"}, {"name": "Earnings"}, {"name": "News"}, {"name": "Previews"}, {"name": "Reiteration"}, {"name": "Analyst Ratings"}, {"name": "Tech"}, {"name": "Trading Ideas"}], "stocks": [{"name": "INTC"}], "tags": [{"name": "Christopher Danely"}, {"name": "Citi"}]}, {"id": 8208138, "author": "Benzinga", "created": "Tue, 12 Jul 2016 09:16:39 -0400", "updated": "Tue, 12 Jul 2016 09:25:51 -0400", "title": "Your Q2 Earnings Cheat Sheet For Internet Names", "teaser": "", "body": "", "url": "https://www.benzinga.com/node/8208138", "image": [], "channels": [{"name": "Analyst Color"}, {"name": "Earnings"}, {"name": "Long Ideas"}, {"name": "News"}, {"name": "Previews"}, {"name": "Reiteration"}, {"name": "Analyst Ratings"}, {"name": "Trading Ideas"}], "stocks": [{"name": "AMZN"}, {"name": "FB"}, {"name": "GDDY"}, {"name": "GOOGL"}, {"name": "GRUB"}, {"name": "LNKD"}, {"name": "MSFT"}, {"name": "NFLX"}, {"name": "YELP"}], "tags": [{"name": "Citi"}, {"name": "Mark May"}]}, {"id": 8208618, "author": "Benzinga", "created": "Tue, 12 Jul 2016 10:23:55 -0400", "updated": "Tue, 12 Jul 2016 10:23:56 -0400", "title": "Stocks Hitting 52-Week Highs", "teaser": "", "body": "", "url": "https://www.benzinga.com/node/8208618", "image": [], "channels": [{"name": "News"}, {"name": "Intraday Update"}, {"name": "Markets"}, {"name": "Movers"}], "stocks": [{"name": "AMAT"}, {"name": "AON"}, {"name": "CVX"}, {"name": "FORM"}], "tags": [{"name": "52 Week Highs"}, {"name": "52-Week Highs"}]}, {"id": 8208680, "author": "Benzinga", "created": "Tue, 12 Jul 2016 11:33:48 -0400", "updated": "Tue, 12 Jul 2016 11:33:48 -0400", "title": "HP Inc Ranks Second In PC Market Share; Apple's PC Market Share Declines From A Year Ago", "teaser": "", "body": "", "url": "https://www.benzinga.com/node/8208680", "image": [], "channels": [{"name": "Analyst Color"}, {"name": "Earnings"}, {"name": "News"}, {"name": "Previews"}, {"name": "Analyst Ratings"}, {"name": "Tech"}, {"name": "Trading Ideas"}], "stocks": [{"name": "AAPL"}, {"name": "HPQ"}], "tags": [{"name": "Barclays"}, {"name": "IDC"}, {"name": "Mark Moskowitz"}, {"name": "PC market"}, {"name": "PC sector"}, {"name": "PC units"}, {"name": "PCs"}]}, {"id": 8208841, "author": "Benzinga", "created": "Tue, 12 Jul 2016 12:03:25 -0400", "updated": "Tue, 12 Jul 2016 12:03:26 -0400", "title": "SunTrust Downgrades Twitter, Yahoo: Here's A Timeline Of Recent Buyout Speculation", "teaser": "", "body": "", "url": "https://www.benzinga.com/node/8208841", "image": [], "channels": [{"name": "Analyst Color"}, {"name": "CNBC"}, {"name": "News"}, {"name": "Downgrades"}, {"name": "Rumors"}, {"name": "M&A"}, {"name": "Analyst Ratings"}, {"name": "Tech"}, {"name": "Media"}], "stocks": [{"name": "CMCSA"}, {"name": "GOOG"}, {"name": "GOOGL"}, {"name": "LNKD"}, {"name": "MSFT"}, {"name": "T"}, {"name": "TWTR"}, {"name": "VZ"}, {"name": "YHOO"}], "tags": [{"name": "Bloomberg"}, {"name": "Bob Peck"}, {"name": "CNBC"}, {"name": "NY Post"}, {"name": "ReCode"}, {"name": "Reuters"}, {"name": "SunTrust"}, {"name": "Tech Crunch"}]}, {"id": 8209274, "author": "Benzinga", "created": "Tue, 12 Jul 2016 12:21:01 -0400", "updated": "Tue, 12 Jul 2016 12:21:02 -0400", "title": "Boeing Gets 30 737 Airplanes Commitment From Unknown Chinese Customer", "teaser": "", "body": "", "url": "https://www.benzinga.com/node/8209274", "image": [], "channels": [{"name": "News"}, {"name": "Contracts"}, {"name": "General"}], "stocks": [{"name": "BA"}], "tags": []}, {"id": 8209303, "author": "Benzinga", "created": "Tue, 12 Jul 2016 12:42:36 -0400", "updated": "Tue, 12 Jul 2016 12:45:19 -0400", "title": "Price Check: Are Amazon's Prime Day Deals Better Than Walmart.com Prices?", "teaser": "", "body": "", "url": "https://www.benzinga.com/node/8209303", "image": [], "channels": [{"name": "News"}, {"name": "Events"}, {"name": "Top Stories"}, {"name": "Tech"}], "stocks": [{"name": "AMZN"}, {"name": "WMT"}], "tags": [{"name": "Prime Day"}]}, {"id": 8209042, "author": "Benzinga", "created": "Tue, 12 Jul 2016 13:34:42 -0400", "updated": "Tue, 12 Jul 2016 13:34:42 -0400", "title": "Trip Chowdhry's Insights From Hackathons", "teaser": "", "body": "", "url": "https://www.benzinga.com/node/8209042", "image": [], "channels": [{"name": "Analyst Color"}, {"name": "News"}, {"name": "Events"}, {"name": "Analyst Ratings"}, {"name": "Tech"}], "stocks": [{"name": "AAPL"}, {"name": "AMZN"}], "tags": [{"name": "Apple Machine Learning"}, {"name": "Global Equities Research"}, {"name": "hackathons"}, {"name": "Trip Chowdhry"}]}, {"id": 8209476, "author": "Benzinga", "created": "Tue, 12 Jul 2016 14:15:43 -0400", "updated": "Tue, 12 Jul 2016 14:15:43 -0400", "title": "5 Amazon Competitors Are Getting A Piece Of The Prime Day Pie", "teaser": "", "body": "", "url": "https://www.benzinga.com/node/8209476", "image": [], "channels": [{"name": "News"}, {"name": "Retail Sales"}, {"name": "Events"}], "stocks": [{"name": "AMZN"}, {"name": "BBY"}, {"name": "EBAY"}, {"name": "JCP"}, {"name": "KSS"}, {"name": "WMT"}], "tags": [{"name": "Prime Day"}]}, {"id": 8209758, "author": "Benzinga", "created": "Tue, 12 Jul 2016 14:44:02 -0400", "updated": "Tue, 12 Jul 2016 14:44:02 -0400", "title": "Honeywell Survey Indicates Airlines Risk Losing Passengers On Poor Wi-Fi", "teaser": "", "body": "", "url": "https://www.benzinga.com/node/8209758", "image": [], "channels": [{"name": "News"}, {"name": "Travel"}, {"name": "General"}], "stocks": [{"name": "HON"}], "tags": []}, {"id": 8209821, "author": "Benzinga", "created": "Tue, 12 Jul 2016 14:44:31 -0400", "updated": "Tue, 12 Jul 2016 14:44:32 -0400", "title": "Intel Pays about 43% Of Its Profit As Dividend", "teaser": "", "body": "", "url": "https://www.benzinga.com/node/8209821", "image": [], "channels": [{"name": "News"}, {"name": "Dividends"}, {"name": "General"}], "stocks": [{"name": "INTC"}], "tags": []}, {"id": 8209655, "author": "Benzinga", "created": "Tue, 12 Jul 2016 15:34:38 -0400", "updated": "Tue, 12 Jul 2016 15:34:39 -0400", "title": "Pok\u00e9mon's Wild Comeback Dominated Social Chatter Of Previous Apps", "teaser": "", "body": "", "url": "https://www.benzinga.com/node/8209655", "image": [], "channels": [{"name": "Fintech"}, {"name": "News"}, {"name": "Crowdsourcing"}, {"name": "General"}], "stocks": [{"name": "ATVI"}, {"name": "MSFT"}, {"name": "NTDOY"}], "tags": [{"name": "Pokemon Go"}, {"name": "TickerTags"}]}]