[{"id": 7658915, "author": "Benzinga", "created": "Thu, 10 Mar 2016 09:23:29 -0400", "updated": "Thu, 10 Mar 2016 09:23:30 -0400", "title": "Drone Fliers, Video Gamers Rejoice: You've Got ETFs", "teaser": "", "body": "", "url": "https://www.benzinga.com/node/7658915", "image": [], "channels": [{"name": "Long Ideas"}, {"name": "News"}, {"name": "Sector ETFs"}, {"name": "Specialty ETFs"}, {"name": "New ETFs"}, {"name": "Intraday Update"}, {"name": "Markets"}, {"name": "Tech"}, {"name": "Trading Ideas"}, {"name": "ETFs"}], "stocks": [{"name": "ATVI"}, {"name": "BA"}, {"name": "EA"}, {"name": "GAMR"}, {"name": "GME"}, {"name": "GPRO"}, {"name": "HACK"}, {"name": "HON"}], "tags": []}, {"id": 7659010, "author": "Benzinga", "created": "Thu, 10 Mar 2016 09:35:42 -0400", "updated": "Thu, 10 Mar 2016 09:35:42 -0400", "title": "ABC's 'Of Kings And Prophets' Fails To Draw Ratings In Premiere", "teaser": "", "body": "", "url": "https://www.benzinga.com/node/7659010", "image": [], "channels": [{"name": "News"}, {"name": "Events"}, {"name": "Media"}, {"name": "Trading Ideas"}, {"name": "General"}], "stocks": [{"name": "DIS"}], "tags": [{"name": "ABC"}, {"name": "ABC Networks"}, {"name": "Body of Proof"}, {"name": "Forever"}, {"name": "Of Kings And Prophets"}, {"name": "Quantico"}, {"name": "Wicked City"}]}, {"id": 7658916, "author": "Benzinga", "created": "Thu, 10 Mar 2016 09:50:18 -0400", "updated": "Thu, 10 Mar 2016 09:50:18 -0400", "title": "The Best ETF Since The Start Of The Bull Market Is...", "teaser": "", "body": "", "url": "https://www.benzinga.com/node/7658916", "image": [], "channels": [{"name": "Long Ideas"}, {"name": "News"}, {"name": "Sector ETFs"}, {"name": "Broad U.S. Equity ETFs"}, {"name": "Intraday Update"}, {"name": "Markets"}, {"name": "Trading Ideas"}, {"name": "ETFs"}], "stocks": [{"name": "AMZN"}, {"name": "DIS"}, {"name": "NFLX"}, {"name": "RCD"}, {"name": "RPV"}, {"name": "RZV"}], "tags": []}, {"id": 7658917, "author": "Benzinga", "created": "Thu, 10 Mar 2016 10:05:01 -0400", "updated": "Thu, 10 Mar 2016 10:05:01 -0400", "title": "Calling On Quality In Volatile Times", "teaser": "", "body": "", "url": "https://www.benzinga.com/node/7658917", "image": [], "channels": [{"name": "Long Ideas"}, {"name": "News"}, {"name": "Broad U.S. Equity ETFs"}, {"name": "Specialty ETFs"}, {"name": "Intraday Update"}, {"name": "Markets"}, {"name": "Trading Ideas"}, {"name": "ETFs"}], "stocks": [{"name": "AAPL"}, {"name": "MSFT"}, {"name": "QUAL"}], "tags": []}, {"id": 7660971, "author": "Benzinga", "created": "Thu, 10 Mar 2016 11:03:24 -0400", "updated": "Thu, 10 Mar 2016 11:03:24 -0400", "title": "Stocks Hitting 52-Week Highs", "teaser": "", "body": "", "url": "https://www.benzinga.com/node/7660971", "image": [], "channels": [{"name": "News"}, {"name": "Intraday Update"}, {"name": "Markets"}, {"name": "Movers"}], "stocks": [{"name": "KO"}, {"name": "MTN"}, {"name": "RSYS"}, {"name": "VRA"}], "tags": [{"name": "52 Week Highs"}, {"name": "52-Week Highs"}]}, {"id": 7661811, "author": "Benzinga", "created": "Thu, 10 Mar 2016 12:54:58 -0400", "updated": "Thu, 10 Mar 2016 12:59:53 -0400", "title": "The Market In 5 Minutes: Thursday, March 10, 2016", "teaser": "", "body": "", "url": "https://www.benzinga.com/node/7661811", "image": [], "channels": [{"name": "News"}, {"name": "Events"}, {"name": "Top Stories"}], "stocks": [{"name": "AAPL"}, {"name": "AMZN"}, {"name": "BABA"}, {"name": "BOX"}, {"name": "CMG"}, {"name": "CP"}, {"name": "DG"}, {"name": "EXPE"}, {"name": "EXXI"}, {"name": "FB"}, {"name": "FDS"}, {"name": "INTC"}, {"name": "IRM"}, {"name": "KO"}, {"name": "MBLY"}, {"name": "NSC"}, {"name": "PAY"}, {"name": "PLNT"}, {"name": "PRTY"}, {"name": "RBS"}, {"name": "RIG"}, {"name": "RUN"}, {"name": "SCTY"}, {"name": "SEMI"}, {"name": "SQ"}, {"name": "SUP"}, {"name": "SUPN"}, {"name": "TEVA"}, {"name": "VALE"}], "tags": [{"name": "Market in 5 minutes"}]}, {"id": 7662823, "author": "Benzinga", "created": "Thu, 10 Mar 2016 16:28:58 -0400", "updated": "Thu, 10 Mar 2016 16:28:58 -0400", "title": "Whoops: Steve Ballmer Might Be Regretting His Twitter Investment... Or Is He?", "teaser": "", "body": "", "url": "https://www.benzinga.com/node/7662823", "image": [], "channels": [{"name": "Long Ideas"}, {"name": "News"}, {"name": "Movers"}, {"name": "Tech"}, {"name": "Trading Ideas"}], "stocks": [{"name": "MSFT"}, {"name": "TWTR"}], "tags": [{"name": "Fortune"}]}, {"id": 7663140, "author": "Benzinga", "created": "Thu, 10 Mar 2016 16:53:24 -0400", "updated": "Thu, 10 Mar 2016 16:53:25 -0400", "title": "US DoJ Reply To Apple: Calls Apple Comments 'False' & 'Corrosive' Regarding iPhone Case", "teaser": "", "body": "", "url": "https://www.benzinga.com/node/7663140", "image": [], "channels": [{"name": "News"}], "stocks": [{"name": "AAPL"}], "tags": []}, {"id": 7663922, "author": "Benzinga", "created": "Thu, 10 Mar 2016 17:46:34 -0400", "updated": "Thu, 10 Mar 2016 17:48:59 -0400", "title": "The Stocks That Moved The S&P, Dow And Nasdaq Today", "teaser": "", "body": "", "url": "https://www.benzinga.com/node/7663922", "image": [], "channels": [{"name": "News"}, {"name": "After-Hours Center"}, {"name": "Movers"}, {"name": "ETFs"}], "stocks": [{"name": "ALXN"}, {"name": "CF"}, {"name": "DD"}, {"name": "DG"}, {"name": "DLTR"}, {"name": "FCX"}, {"name": "INTC"}, {"name": "MRK"}, {"name": "MSFT"}, {"name": "TSCO"}, {"name": "VRTX"}, {"name": "WMB"}], "tags": [{"name": "Dow Jones Industrial Index"}, {"name": "NASDAQ 100"}, {"name": "S&P 500"}]}]