[{"id": 8485322, "author": "Benzinga", "created": "Thu, 22 Sep 2016 07:46:02 -0400", "updated": "Thu, 22 Sep 2016 07:46:02 -0400", "title": "A Peek Into The Markets: U.S. Stock Futures Rise Ahead Of Economic Data", "teaser": "", "body": "", "url": "https://www.benzinga.com/node/8485322", "image": [], "channels": [{"name": "Earnings"}, {"name": "News"}, {"name": "Eurozone"}, {"name": "Futures"}, {"name": "M&A"}, {"name": "Global"}, {"name": "Pre-Market Outlook"}, {"name": "Markets"}], "stocks": [{"name": "AAPL"}, {"name": "AZO"}, {"name": "BBBY"}, {"name": "LEN"}, {"name": "RAD"}, {"name": "WCIC"}], "tags": [{"name": "Consumer Discretionary"}, {"name": "Homebuilding"}, {"name": "Nomura"}, {"name": "U.S. stock futures"}]}, {"id": 8485202, "author": "Benzinga", "created": "Thu, 22 Sep 2016 08:13:19 -0400", "updated": "Thu, 22 Sep 2016 08:13:19 -0400", "title": "Hanjin Shipping Receives Temporary Lifeline", "teaser": "", "body": "", "url": "https://www.benzinga.com/node/8485202", "image": [], "channels": [{"name": "News"}, {"name": "Emerging Markets"}, {"name": "Commodities"}, {"name": "Travel"}, {"name": "Markets"}, {"name": "Media"}, {"name": "General"}], "stocks": [{"name": "NKE"}], "tags": [{"name": "Bloomberg"}, {"name": "Hanjin Bankruptcy"}, {"name": "Hanjin Shipping"}, {"name": "Shipping Companies"}]}, {"id": 8485248, "author": "Benzinga", "created": "Thu, 22 Sep 2016 09:04:20 -0400", "updated": "Thu, 22 Sep 2016 09:04:20 -0400", "title": "The Market In 5 Minutes: No Interest Rate Hike...Yet", "teaser": "", "body": "", "url": "https://www.benzinga.com/node/8485248", "image": [], "channels": [{"name": "News"}, {"name": "Global"}, {"name": "Top Stories"}, {"name": "Pre-Market Outlook"}, {"name": "Markets"}], "stocks": [{"name": "AAPL"}, {"name": "AGN"}, {"name": "AMZN"}, {"name": "AZO"}, {"name": "BBBY"}, {"name": "BMY"}, {"name": "CBS"}, {"name": "CHDN"}, {"name": "COLM"}, {"name": "GILD"}, {"name": "GLD"}, {"name": "JBL"}, {"name": "JNJ"}, {"name": "LEN"}, {"name": "PFE"}, {"name": "RAD"}, {"name": "RHT"}, {"name": "SEAS"}, {"name": "SPY"}, {"name": "USO"}, {"name": "WCIC"}], "tags": [{"name": "the market in 5 minutes"}]}, {"id": 8485526, "author": "Benzinga", "created": "Thu, 22 Sep 2016 09:14:38 -0400", "updated": "Thu, 22 Sep 2016 09:27:04 -0400", "title": "Goldman Continues To Be A Buyer Of Wells Fargo Despite Recent Scrutiny, Sees 22% Upside", "teaser": "", "body": "", "url": "https://www.benzinga.com/node/8485526", "image": [], "channels": [{"name": "Analyst Color"}, {"name": "Long Ideas"}, {"name": "News"}, {"name": "Dividends"}, {"name": "Dividends"}, {"name": "Price Target"}, {"name": "Reiteration"}, {"name": "Analyst Ratings"}, {"name": "Movers"}, {"name": "Trading Ideas"}], "stocks": [{"name": "JPM"}, {"name": "UBS"}, {"name": "WFC"}], "tags": [{"name": "Goldman Sachs"}, {"name": "Richard Ramsden"}]}, {"id": 8484494, "author": "Benzinga", "created": "Thu, 22 Sep 2016 10:24:31 -0400", "updated": "Thu, 22 Sep 2016 10:24:31 -0400", "title": "A New ETF With A Dynamic Fee Structure", "teaser": "", "body": "", "url": "https://www.benzinga.com/node/8484494", "image": [], "channels": [{"name": "Long Ideas"}, {"name": "News"}, {"name": "Broad U.S. Equity ETFs"}, {"name": "New ETFs"}, {"name": "Trading Ideas"}, {"name": "ETFs"}], "stocks": [{"name": "CWS"}, {"name": "F"}, {"name": "MSFT"}, {"name": "WFC"}], "tags": [{"name": "Crossing Wall Street"}, {"name": "Eddy Elfenbein"}, {"name": "ETF Trends"}]}, {"id": 8485547, "author": "Benzinga", "created": "Thu, 22 Sep 2016 10:36:39 -0400", "updated": "Thu, 22 Sep 2016 10:36:39 -0400", "title": "4 Pieces Of Advice For Wal-Mart Now That Jet.com Acquisition Officially Closed", "teaser": "", "body": "", "url": "https://www.benzinga.com/node/8485547", "image": [], "channels": [{"name": "Analyst Color"}, {"name": "News"}, {"name": "M&A"}, {"name": "Movers"}, {"name": "Media"}], "stocks": [{"name": "AMZN"}, {"name": "WMT"}], "tags": [{"name": "Bloomberg Gadfly"}, {"name": "Jet.com"}, {"name": "Marc Lore"}, {"name": "Shelly Banjo"}, {"name": "Wal-Mart"}, {"name": "Wal-Mart Jet.com"}]}, {"id": 8486243, "author": "Benzinga", "created": "Thu, 22 Sep 2016 11:10:30 -0400", "updated": "Thu, 22 Sep 2016 11:10:31 -0400", "title": "Yahoo Could Confirm 'Massive Data Breach' Which Impacted Hundreds Of Millions Of Users: Recode", "teaser": "", "body": "", "url": "https://www.benzinga.com/node/8486243", "image": [], "channels": [{"name": "News"}, {"name": "Rumors"}, {"name": "Tech"}], "stocks": [{"name": "VZ"}, {"name": "YHOO"}], "tags": [{"name": "data breach"}, {"name": "Hacker Peace"}, {"name": "ReCode"}, {"name": "Yahoo"}, {"name": "Yahoo Data Breach"}]}, {"id": 8483241, "author": "Benzinga", "created": "Thu, 22 Sep 2016 11:30:27 -0400", "updated": "Thu, 22 Sep 2016 11:30:28 -0400", "title": "Warren Buffett Weathered The Salomon Brothers Scandal; What's That Mean For Wells Fargo's Woes?", "teaser": "", "body": "", "url": "https://www.benzinga.com/node/8483241", "image": [], "channels": [{"name": "News"}, {"name": "Topics"}, {"name": "Legal"}, {"name": "Management"}, {"name": "General"}], "stocks": [{"name": "TRV"}, {"name": "WFC"}], "tags": [{"name": "Salomon Brothers"}, {"name": "Warren Buffett"}]}, {"id": 8486382, "author": "Benzinga", "created": "Thu, 22 Sep 2016 12:53:05 -0400", "updated": "Thu, 22 Sep 2016 12:53:06 -0400", "title": "Is Apple's EU Tax Fight More Than Bruising?", "teaser": "", "body": "", "url": "https://www.benzinga.com/node/8486382", "image": [], "channels": [{"name": "CNBC"}, {"name": "News"}, {"name": "Eurozone"}, {"name": "Legal"}, {"name": "Global"}, {"name": "Markets"}, {"name": "Tech"}, {"name": "Media"}], "stocks": [{"name": "AAPL"}], "tags": [{"name": "Business Roundtable"}, {"name": "John Engler"}]}, {"id": 8486851, "author": "Benzinga", "created": "Thu, 22 Sep 2016 15:25:53 -0400", "updated": "Thu, 22 Sep 2016 15:25:53 -0400", "title": "Sprint's 5-Year Plan; 2 Years Down, 3 To Go", "teaser": "", "body": "", "url": "https://www.benzinga.com/node/8486851", "image": [], "channels": [{"name": "Analyst Color"}, {"name": "Long Ideas"}, {"name": "News"}, {"name": "Analyst Ratings"}, {"name": "Movers"}, {"name": "Tech"}, {"name": "Trading Ideas"}], "stocks": [{"name": "AAPL"}, {"name": "S"}], "tags": [{"name": "Amy Yong"}, {"name": "iPhone 7"}, {"name": "iPhone Forever"}, {"name": "Macquarie"}, {"name": "Unlimited Freedom"}]}, {"id": 8487043, "author": "Benzinga", "created": "Thu, 22 Sep 2016 15:44:16 -0400", "updated": "Thu, 22 Sep 2016 15:44:16 -0400", "title": "Boeing Gets The Go-Ahead To Sell To Iran; Jefferies Reiterates Buy", "teaser": "", "body": "", "url": "https://www.benzinga.com/node/8487043", "image": [], "channels": [{"name": "Analyst Color"}, {"name": "News"}, {"name": "Price Target"}, {"name": "Contracts"}, {"name": "Reiteration"}, {"name": "Analyst Ratings"}], "stocks": [{"name": "BA"}], "tags": [{"name": "Howard Rubel"}, {"name": "Jefferies"}]}, {"id": 8486961, "author": "Benzinga", "created": "Thu, 22 Sep 2016 15:52:02 -0400", "updated": "Thu, 22 Sep 2016 15:52:02 -0400", "title": "Microsoft Showing Shareholders A Lot Of Love With Dividend Increases, Buybacks", "teaser": "", "body": "", "url": "https://www.benzinga.com/node/8486961", "image": [], "channels": [{"name": "Analyst Color"}, {"name": "News"}, {"name": "Dividends"}, {"name": "Dividends"}, {"name": "Price Target"}, {"name": "Reiteration"}, {"name": "Buybacks"}, {"name": "Analyst Ratings"}, {"name": "Trading Ideas"}], "stocks": [{"name": "LNKD"}, {"name": "MSFT"}], "tags": [{"name": "Frederick Havemeyer"}, {"name": "Macquarie"}, {"name": "Sarah Hindlian"}]}, {"id": 8488352, "author": "Benzinga", "created": "Thu, 22 Sep 2016 17:31:12 -0400", "updated": "Thu, 22 Sep 2016 17:31:12 -0400", "title": "After-Hours Movers: Earnings, Restructurings & Buyout Rumors", "teaser": "", "body": "", "url": "https://www.benzinga.com/node/8488352", "image": [], "channels": [{"name": "Earnings"}, {"name": "News"}, {"name": "M&A"}, {"name": "After-Hours Center"}, {"name": "Movers"}], "stocks": [{"name": "AIR"}, {"name": "CSCO"}, {"name": "ENPH"}, {"name": "IBM"}, {"name": "IMPV"}], "tags": []}]