[{"id": 7964210, "author": "Benzinga", "created": "Wed, 11 May 2016 05:53:52 -0400", "updated": "Wed, 11 May 2016 05:53:52 -0400", "title": "10 Stocks You Should Be Watching Today", "teaser": "", "body": "", "url": "https://www.benzinga.com/node/7964210", "image": [], "channels": [{"name": "Earnings"}, {"name": "News"}, {"name": "Guidance"}, {"name": "Pre-Market Outlook"}, {"name": "Markets"}, {"name": "Trading Ideas"}], "stocks": [{"name": "ARMK"}, {"name": "BUFF"}, {"name": "CA"}, {"name": "CSIQ"}, {"name": "DIS"}, {"name": "EA"}, {"name": "FOSL"}, {"name": "JACK"}, {"name": "M"}, {"name": "WEN"}], "tags": [{"name": "Consumer Discretionary"}, {"name": "Department Stores"}, {"name": "Stocks To Watch"}, {"name": "Stocks to Watch"}]}, {"id": 7963025, "author": "Benzinga", "created": "Wed, 11 May 2016 08:28:09 -0400", "updated": "Wed, 11 May 2016 08:28:09 -0400", "title": "What Segment Should Disney Investors Be Worried About?", "teaser": "", "body": "", "url": "https://www.benzinga.com/node/7963025", "image": [], "channels": [{"name": "Earnings"}, {"name": "Long Ideas"}, {"name": "News"}, {"name": "Top Stories"}, {"name": "Trading Ideas"}], "stocks": [{"name": "DIS"}, {"name": "VZ"}], "tags": [{"name": "Bob Iger"}, {"name": "Cord Cutting"}, {"name": "Disney Cruise"}, {"name": "ESPN"}, {"name": "Shanghai Disney Resort"}]}, {"id": 7965280, "author": "Benzinga", "created": "Wed, 11 May 2016 08:35:35 -0400", "updated": "Wed, 11 May 2016 08:35:35 -0400", "title": "10 Stocks Moving In Wednesday's Pre-Market Session", "teaser": "", "body": "", "url": "https://www.benzinga.com/node/7965280", "image": [], "channels": [{"name": "News"}, {"name": "Movers & Shakers"}, {"name": "Pre-Market Outlook"}, {"name": "Markets"}, {"name": "Movers"}], "stocks": [{"name": "BUFF"}, {"name": "CSIQ"}, {"name": "DIS"}, {"name": "EA"}, {"name": "FOSL"}, {"name": "M"}, {"name": "ODP"}, {"name": "SPLS"}, {"name": "SYNC"}, {"name": "WEN"}], "tags": [{"name": "#PreMarket Gainers"}, {"name": "Consumer Discretionary"}, {"name": "Department Stores"}, {"name": "Losers"}, {"name": "Top Gainers"}]}, {"id": 7965189, "author": "Benzinga", "created": "Wed, 11 May 2016 09:34:41 -0400", "updated": "Wed, 11 May 2016 09:34:42 -0400", "title": "The Market In 5 Minutes: Don't Stop Me Now", "teaser": "", "body": "", "url": "https://www.benzinga.com/node/7965189", "image": [], "channels": [{"name": "News"}, {"name": "Global"}, {"name": "Top Stories"}, {"name": "Analyst Ratings"}], "stocks": [{"name": "AAPL"}, {"name": "AZN"}, {"name": "BMY"}, {"name": "DIS"}, {"name": "EA"}, {"name": "FOSL"}, {"name": "GLD"}, {"name": "JAZZ"}, {"name": "JNJ"}, {"name": "KMI"}, {"name": "KOS"}, {"name": "LLY"}, {"name": "M"}, {"name": "ODP"}, {"name": "PFE"}, {"name": "ROST"}, {"name": "SEAS"}, {"name": "SPLS"}, {"name": "SPY"}], "tags": [{"name": "the market in 5 minutes"}]}, {"id": 7966118, "author": "Benzinga", "created": "Wed, 11 May 2016 10:34:47 -0400", "updated": "Wed, 11 May 2016 10:35:19 -0400", "title": "Stock Market's Upward Momentum Threatened by Weak Earnings News", "teaser": "", "body": "", "url": "https://www.benzinga.com/node/7966118", "image": [], "channels": [{"name": "Earnings"}, {"name": "News"}, {"name": "M&A"}, {"name": "Econ #s"}, {"name": "Federal Reserve"}, {"name": "Markets"}], "stocks": [{"name": "DIS"}, {"name": "JWM"}, {"name": "M"}, {"name": "SPLS"}], "tags": [{"name": "BZ Sponsored"}]}, {"id": 7966471, "author": "Benzinga", "created": "Wed, 11 May 2016 11:27:56 -0400", "updated": "Wed, 11 May 2016 11:27:57 -0400", "title": "Worst Performing Industries For May 11, 2016", "teaser": "", "body": "", "url": "https://www.benzinga.com/node/7966471", "image": [], "channels": [{"name": "News"}, {"name": "Movers & Shakers"}, {"name": "Intraday Update"}, {"name": "Markets"}], "stocks": [{"name": "CONN"}, {"name": "DIS"}, {"name": "HIBB"}, {"name": "RH"}], "tags": [{"name": "Worst Performing Industries"}]}, {"id": 7966440, "author": "Benzinga", "created": "Wed, 11 May 2016 11:31:17 -0400", "updated": "Wed, 11 May 2016 11:31:17 -0400", "title": "Why Is Wal-Mart Suing Visa?", "teaser": "", "body": "", "url": "https://www.benzinga.com/node/7966440", "image": [], "channels": [{"name": "News"}, {"name": "Wall Street Journal"}, {"name": "Legal"}, {"name": "Media"}], "stocks": [{"name": "TGT"}, {"name": "V"}, {"name": "WMT"}], "tags": []}, {"id": 7965642, "author": "Benzinga", "created": "Wed, 11 May 2016 09:23:15 -0400", "updated": "Wed, 11 May 2016 13:01:30 -0400", "title": "BofA Upgrades IDTI to Buy; Has Higher Confidence In Growth", "teaser": "", "body": "", "url": "https://www.benzinga.com/node/7965642", "image": [], "channels": [{"name": "Analyst Color"}, {"name": "News"}, {"name": "Upgrades"}, {"name": "Price Target"}, {"name": "Analyst Ratings"}], "stocks": [{"name": "AAPL"}, {"name": "IDTI"}, {"name": "INTC"}], "tags": []}, {"id": 7966287, "author": "Benzinga", "created": "Wed, 11 May 2016 13:05:22 -0400", "updated": "Wed, 11 May 2016 13:05:22 -0400", "title": "Jefferies Updates Price Targets And Sees 'Rich Catalyst Environment' Ahead For Global Pharma", "teaser": "", "body": "", "url": "https://www.benzinga.com/node/7966287", "image": [], "channels": [{"name": "Analyst Color"}, {"name": "Biotech"}, {"name": "News"}, {"name": "Price Target"}, {"name": "M&A"}, {"name": "Analyst Ratings"}, {"name": "General"}], "stocks": [{"name": "ABBV"}, {"name": "ABT"}, {"name": "BMY"}, {"name": "JNJ"}, {"name": "LLY"}, {"name": "MDVN"}, {"name": "NVS"}, {"name": "PFE"}, {"name": "RHHBY"}, {"name": "ZTS"}], "tags": []}, {"id": 7966831, "author": "Benzinga", "created": "Wed, 11 May 2016 14:09:39 -0400", "updated": "Wed, 11 May 2016 15:04:12 -0400", "title": "CLSA On Disney Results: Not Great But Not View-Changing", "teaser": "", "body": "", "url": "https://www.benzinga.com/node/7966831", "image": [], "channels": [{"name": "Analyst Color"}, {"name": "Earnings"}, {"name": "News"}, {"name": "Price Target"}, {"name": "Reiteration"}, {"name": "Analyst Ratings"}], "stocks": [{"name": "DIS"}], "tags": []}, {"id": 7967522, "author": "Benzinga", "created": "Wed, 11 May 2016 16:04:18 -0400", "updated": "Wed, 11 May 2016 16:04:18 -0400", "title": "Nomura Still Buying Disney Despite Earnings Miss", "teaser": "", "body": "", "url": "https://www.benzinga.com/node/7967522", "image": [], "channels": [{"name": "Analyst Color"}, {"name": "Earnings"}, {"name": "News"}, {"name": "Guidance"}, {"name": "Price Target"}, {"name": "Reiteration"}, {"name": "Analyst Ratings"}], "stocks": [{"name": "DIS"}], "tags": []}, {"id": 7967623, "author": "Benzinga", "created": "Wed, 11 May 2016 16:12:59 -0400", "updated": "Wed, 11 May 2016 16:12:59 -0400", "title": "UBS On Disney Results: Messy Q2 Miss, Year On Track With Core Trends Still Strong", "teaser": "", "body": "", "url": "https://www.benzinga.com/node/7967623", "image": [], "channels": [{"name": "Analyst Color"}, {"name": "Earnings"}, {"name": "News"}, {"name": "Guidance"}, {"name": "Price Target"}, {"name": "Reiteration"}, {"name": "Analyst Ratings"}], "stocks": [{"name": "DIS"}], "tags": []}]