[{"id": 8100407, "author": "Benzinga", "created": "Sun, 12 Jun 2016 14:39:07 -0400", "updated": "Sun, 12 Jun 2016 14:39:07 -0400", "title": "Brian White Reiterates Apple As Top Pick Ahead Of WWDC, Previews Event", "teaser": "", "body": "", "url": "https://www.benzinga.com/node/8100407", "image": [], "channels": [{"name": "Analyst Color"}, {"name": "Long Ideas"}, {"name": "News"}, {"name": "Price Target"}, {"name": "Previews"}, {"name": "Reiteration"}, {"name": "Events"}, {"name": "Analyst Ratings"}, {"name": "Tech"}, {"name": "Trading Ideas"}], "stocks": [{"name": "AAPL"}, {"name": "AMZN"}, {"name": "GOOG"}, {"name": "GOOGL"}], "tags": [{"name": "Amazon Echo"}, {"name": "Apple Music"}, {"name": "Brian J. White"}, {"name": "CarPlay"}, {"name": "Drexel Hamilton"}, {"name": "Echo"}, {"name": "HeatlhKit"}, {"name": "HomeKit"}, {"name": "macOS"}, {"name": "OS 3"}, {"name": "SIRI"}, {"name": "tvOS 10"}, {"name": "Worldwide Developers Conference"}, {"name": "WWDC"}]}, {"id": 8100722, "author": "Benzinga", "created": "Sun, 12 Jun 2016 14:48:41 -0400", "updated": "Sun, 12 Jun 2016 14:48:41 -0400", "title": "Oppenheimer Raises Target On Visa By $5 To $90, Cites Closing Of Visa Europe Purchase", "teaser": "", "body": "", "url": "https://www.benzinga.com/node/8100722", "image": [], "channels": [{"name": "Analyst Color"}, {"name": "Long Ideas"}, {"name": "News"}, {"name": "Eurozone"}, {"name": "Price Target"}, {"name": "Reiteration"}, {"name": "M&A"}, {"name": "Markets"}, {"name": "Analyst Ratings"}, {"name": "Trading Ideas"}], "stocks": [{"name": "V"}], "tags": [{"name": "Oppenheimer"}, {"name": "Visa Europe"}]}]