[{"id": 7980934, "author": "Benzinga", "created": "Sat, 14 May 2016 18:46:49 -0400", "updated": "Sat, 14 May 2016 18:46:50 -0400", "title": "Jefferies Previews Discount Retail Q1 Earnings", "teaser": "", "body": "", "url": "https://www.benzinga.com/node/7980934", "image": [], "channels": [{"name": "Analyst Color"}, {"name": "News"}, {"name": "Price Target"}, {"name": "Reiteration"}, {"name": "Analyst Ratings"}], "stocks": [{"name": "DG"}, {"name": "DLTR"}, {"name": "TGT"}, {"name": "WMT"}], "tags": []}]