[{"id": 7736651, "author": "Benzinga", "created": "Sat, 19 Mar 2016 07:43:05 -0400", "updated": "Sat, 19 Mar 2016 07:43:05 -0400", "title": "Boeing Releases Statement on Crash of Flydubai FZ981", "teaser": "", "body": "", "url": "https://www.benzinga.com/node/7736651", "image": [], "channels": [{"name": "News"}, {"name": "Press Releases"}], "stocks": [{"name": "BA"}], "tags": []}, {"id": 7736706, "author": "Benzinga", "created": "Sat, 19 Mar 2016 12:00:51 -0400", "updated": "Sat, 19 Mar 2016 12:00:51 -0400", "title": "Boeing Team to Serve as Technical Advisors to Russian Interstate Aviation Committee in Probe of Crash of Flydubai FZ981", "teaser": "", "body": "", "url": "https://www.benzinga.com/node/7736706", "image": [], "channels": [{"name": "News"}, {"name": "Press Releases"}], "stocks": [{"name": "BA"}], "tags": []}]