[{"id": 8785516, "author": "Benzinga", "created": "Thu, 08 Dec 2016 09:44:20 -0400", "updated": "Thu, 08 Dec 2016 09:44:21 -0400", "title": "Costco's Choppy Q1 Traffic Leaves Wells Fargo At Market Perform", "teaser": "", "body": "", "url": "https://www.benzinga.com/node/8785516", "image": [], "channels": [{"name": "Analyst Color"}, {"name": "Earnings"}, {"name": "News"}, {"name": "Reiteration"}, {"name": "Analyst Ratings"}, {"name": "Movers"}], "stocks": [{"name": "COST"}, {"name": "V"}], "tags": [{"name": "Wells Fargo Zachary Fadem"}]}, {"id": 8786147, "author": "Benzinga", "created": "Thu, 08 Dec 2016 11:31:31 -0400", "updated": "Thu, 08 Dec 2016 11:31:31 -0400", "title": "Costco's Competitive Pricing Moat Widened In Q1", "teaser": "", "body": "", "url": "https://www.benzinga.com/node/8786147", "image": [], "channels": [{"name": "Analyst Color"}, {"name": "Earnings"}, {"name": "News"}, {"name": "Guidance"}, {"name": "Reiteration"}, {"name": "Analyst Ratings"}, {"name": "Movers"}], "stocks": [{"name": "COST"}, {"name": "V"}], "tags": [{"name": "Barclays"}, {"name": "Karen Short"}]}, {"id": 8786402, "author": "Benzinga", "created": "Thu, 08 Dec 2016 12:31:00 -0400", "updated": "Thu, 08 Dec 2016 12:31:01 -0400", "title": "Microsoft Provides Details On Virtual Reality And Project Evo Partnerships With QUALCOMM And Intel", "teaser": "", "body": "", "url": "https://www.benzinga.com/node/8786402", "image": [], "channels": [{"name": "News"}, {"name": "Events"}, {"name": "Tech"}, {"name": "Trading Ideas"}], "stocks": [{"name": "INTC"}, {"name": "MSFT"}, {"name": "QCOM"}], "tags": [{"name": "artificial intelligence"}, {"name": "China"}, {"name": "Cortana"}, {"name": "Microsoft"}, {"name": "PCWorld"}, {"name": "Project Evo"}, {"name": "Windows Hardware Engineering Community"}, {"name": "WinHEC"}]}, {"id": 8786840, "author": "Benzinga", "created": "Thu, 08 Dec 2016 13:36:58 -0400", "updated": "Thu, 08 Dec 2016 13:36:58 -0400", "title": "When Will Starbucks Overtake McDonald's In Market Cap?", "teaser": "", "body": "", "url": "https://www.benzinga.com/node/8786840", "image": [], "channels": [{"name": "Analyst Color"}, {"name": "Long Ideas"}, {"name": "News"}, {"name": "Restaurants"}, {"name": "Analyst Ratings"}, {"name": "Movers"}, {"name": "Trading Ideas"}, {"name": "General"}], "stocks": [{"name": "MCD"}, {"name": "SBUX"}], "tags": [{"name": "Howard Schultz"}, {"name": "Mark Kalinoski"}, {"name": "Nomura"}]}, {"id": 8787109, "author": "Benzinga", "created": "Thu, 08 Dec 2016 14:52:01 -0400", "updated": "Thu, 08 Dec 2016 14:52:01 -0400", "title": "Since September, 65% Of All U.S. Internet Users Visited Amazon.com", "teaser": "", "body": "", "url": "https://www.benzinga.com/node/8787109", "image": [], "channels": [{"name": "Analyst Color"}, {"name": "News"}, {"name": "Analyst Ratings"}, {"name": "Tech"}, {"name": "General"}], "stocks": [{"name": "AMZN"}, {"name": "GPS"}, {"name": "KSS"}, {"name": "LB"}, {"name": "NKE"}], "tags": [{"name": "Bath & Body Works"}, {"name": "comScore"}, {"name": "e-commerce"}, {"name": "holiday shopping season"}, {"name": "Ike Boruchow"}, {"name": "Old Navy"}, {"name": "Victoria's Secret"}, {"name": "Wells Fargo"}]}, {"id": 8787537, "author": "Benzinga", "created": "Thu, 08 Dec 2016 15:58:41 -0400", "updated": "Thu, 08 Dec 2016 15:58:42 -0400", "title": "Coming Soon: 'Shark Tank' Lottery Game", "teaser": "", "body": "", "url": "https://www.benzinga.com/node/8787537", "image": [], "channels": [{"name": "News"}, {"name": "Topics"}, {"name": "Media"}, {"name": "Trading Ideas"}, {"name": "General"}], "stocks": [{"name": "DIS"}, {"name": "IGT"}, {"name": "SNE"}], "tags": [{"name": "ABC"}, {"name": "gambling"}, {"name": "gaming"}, {"name": "gaming industry"}, {"name": "IGT Global Solutions"}, {"name": "Kevin O'Leary"}, {"name": "lottery"}, {"name": "Michael Chambrello"}, {"name": "Shark Tank"}, {"name": "Sony Pictures Television Inc."}, {"name": "Tigers of Money"}]}, {"id": 8787195, "author": "Benzinga", "created": "Thu, 08 Dec 2016 16:01:01 -0400", "updated": "Thu, 08 Dec 2016 16:01:01 -0400", "title": "Gene Munster Leaving Piper Jaffray To Launch VC Firm", "teaser": "", "body": "", "url": "https://www.benzinga.com/node/8787195", "image": [], "channels": [{"name": "News"}, {"name": "Top Stories"}, {"name": "Market-Moving Exclusives"}, {"name": "Exclusives"}, {"name": "Hot"}], "stocks": [{"name": "AAPL"}, {"name": "AMZN"}, {"name": "FB"}, {"name": "GOOGL"}, {"name": "PJC"}, {"name": "YHOO"}], "tags": [{"name": "Gene Munster"}, {"name": "Loup Ventures"}, {"name": "Piper Jaffray"}]}, {"id": 8787969, "author": "Benzinga", "created": "Thu, 08 Dec 2016 16:20:39 -0400", "updated": "Thu, 08 Dec 2016 16:20:39 -0400", "title": "Worst Performing Industries For December 8, 2016", "teaser": "", "body": "", "url": "https://www.benzinga.com/node/8787969", "image": [], "channels": [{"name": "News"}, {"name": "Movers & Shakers"}, {"name": "Intraday Update"}, {"name": "Markets"}], "stocks": [{"name": "GPRO"}, {"name": "MPEL"}, {"name": "SPWR"}, {"name": "WBA"}], "tags": [{"name": "Worst Performing Industries"}]}, {"id": 8787789, "author": "Benzinga", "created": "Thu, 08 Dec 2016 16:30:15 -0400", "updated": "Thu, 08 Dec 2016 16:30:15 -0400", "title": "The Sell-Side Reviews Out Of Starbucks' Investor Day", "teaser": "", "body": "", "url": "https://www.benzinga.com/node/8787789", "image": [], "channels": [{"name": "Analyst Color"}, {"name": "Long Ideas"}, {"name": "News"}, {"name": "Reiteration"}, {"name": "Restaurants"}, {"name": "Events"}, {"name": "Analyst Ratings"}, {"name": "Movers"}, {"name": "Trading Ideas"}, {"name": "General"}], "stocks": [{"name": "BUD"}, {"name": "MCD"}, {"name": "SBUX"}], "tags": [{"name": "Barclays"}, {"name": "Ben Parente"}, {"name": "Bonnie Herzog"}, {"name": "btig"}, {"name": "Howard Schultz"}, {"name": "Jeffrey Bernstein"}, {"name": "Mark Kalinowski"}, {"name": "Nomural"}, {"name": "Starbucks Reserve"}, {"name": "Starbucks Roastery"}, {"name": "Teavana"}, {"name": "Wells Fargo"}]}]