[{"id": 8211674, "author": "Benzinga", "created": "Wed, 13 Jul 2016 03:35:27 -0400", "updated": "Wed, 13 Jul 2016 03:35:27 -0400", "title": "Watch These 7 Huge Put Purchases In Wednesday Trade", "teaser": "", "body": "", "url": "https://www.benzinga.com/node/8211674", "image": [], "channels": [{"name": "News"}, {"name": "Options"}, {"name": "Markets"}], "stocks": [{"name": "CVLT"}, {"name": "IILG"}, {"name": "Kate"}, {"name": "PFE"}, {"name": "PIR"}, {"name": "SGYP"}, {"name": "WMT"}], "tags": [{"name": "Huge Put Purchases"}]}, {"id": 8213238, "author": "Benzinga", "created": "Wed, 13 Jul 2016 10:53:52 -0400", "updated": "Wed, 13 Jul 2016 10:54:46 -0400", "title": "JPMorgan Employees Get Raises, Have Mitek CEO To Thank", "teaser": "", "body": "", "url": "https://www.benzinga.com/node/8213238", "image": [], "channels": [{"name": "News"}, {"name": "Management"}, {"name": "Media"}, {"name": "General"}], "stocks": [{"name": "JPM"}, {"name": "MITK"}], "tags": [{"name": "banks"}, {"name": "James DeBello"}, {"name": "Jamie Dimon"}, {"name": "JPMorgan"}, {"name": "JPMorgan Pay Raise"}, {"name": "Mitek"}, {"name": "Mobile Banking"}, {"name": "Mobile Check Deposit"}, {"name": "New York Times"}]}, {"id": 8213557, "author": "Benzinga", "created": "Wed, 13 Jul 2016 12:07:02 -0400", "updated": "Wed, 13 Jul 2016 12:07:02 -0400", "title": "SunTrust's Bob Peck Previews Match Group's Q2 Earnings", "teaser": "", "body": "", "url": "https://www.benzinga.com/node/8213557", "image": [], "channels": [{"name": "Analyst Color"}, {"name": "Earnings"}, {"name": "News"}, {"name": "Price Target"}, {"name": "Previews"}, {"name": "Reiteration"}, {"name": "Analyst Ratings"}, {"name": "Trading Ideas"}], "stocks": [{"name": "AAPL"}, {"name": "GOOG"}, {"name": "GOOGL"}, {"name": "MTCH"}], "tags": [{"name": "Bob Peck"}, {"name": "Robert Peck"}, {"name": "SunTrust"}, {"name": "SunTrust Robinson Humphrey"}]}, {"id": 8214165, "author": "Benzinga", "created": "Wed, 13 Jul 2016 13:04:12 -0400", "updated": "Wed, 13 Jul 2016 13:04:12 -0400", "title": "AT&T, IBM Align To Bring Improved IoT Capabilities To Developers On IBM Cloud", "teaser": "", "body": "", "url": "https://www.benzinga.com/node/8214165", "image": [], "channels": [{"name": "News"}, {"name": "Tech"}, {"name": "General"}], "stocks": [{"name": "IBM"}, {"name": "T"}], "tags": []}, {"id": 8214272, "author": "Benzinga", "created": "Wed, 13 Jul 2016 13:08:55 -0400", "updated": "Wed, 13 Jul 2016 13:20:36 -0400", "title": "Why Coca-Cola May Have Interest In Taking A Stake In Hain Celestial", "teaser": "", "body": "", "url": "https://www.benzinga.com/node/8214272", "image": [], "channels": [{"name": "News"}, {"name": "Rumors"}, {"name": "M&A"}, {"name": "Opinion"}], "stocks": [{"name": "GIS"}, {"name": "GMCR"}, {"name": "HAIN"}, {"name": "KO"}, {"name": "MWW"}, {"name": "WWAV"}], "tags": []}, {"id": 8214376, "author": "Benzinga", "created": "Wed, 13 Jul 2016 13:34:26 -0400", "updated": "Wed, 13 Jul 2016 13:34:27 -0400", "title": "Earnings: Banks Investors Want to Know What to Expect", "teaser": "", "body": "", "url": "https://www.benzinga.com/node/8214376", "image": [], "channels": [{"name": "Earnings"}, {"name": "News"}, {"name": "Guidance"}, {"name": "Previews"}, {"name": "Markets"}, {"name": "Trading Ideas"}], "stocks": [{"name": "C"}, {"name": "JPM"}], "tags": []}, {"id": 8214298, "author": "Benzinga", "created": "Wed, 13 Jul 2016 13:35:08 -0400", "updated": "Wed, 13 Jul 2016 13:35:08 -0400", "title": "Potential Comcast Bid For Level 3 Could Be In $72-$80 Per Share Range", "teaser": "", "body": "", "url": "https://www.benzinga.com/node/8214298", "image": [], "channels": [{"name": "Analyst Color"}, {"name": "News"}, {"name": "Price Target"}, {"name": "M&A"}, {"name": "Analyst Ratings"}], "stocks": [{"name": "CMCSA"}, {"name": "LVLT"}, {"name": "T"}, {"name": "VZ"}], "tags": [{"name": "Barry McCarver"}, {"name": "Stephens"}]}, {"id": 8214453, "author": "Benzinga", "created": "Wed, 13 Jul 2016 14:05:48 -0400", "updated": "Wed, 13 Jul 2016 14:05:49 -0400", "title": "Walgreens Boots Alliance Boosts Quarterly Dividend By 4.2%, Offers 1.8% Yield", "teaser": "", "body": "", "url": "https://www.benzinga.com/node/8214453", "image": [], "channels": [{"name": "News"}, {"name": "Dividends"}, {"name": "General"}], "stocks": [{"name": "WBA"}], "tags": []}, {"id": 8213862, "author": "Benzinga", "created": "Wed, 13 Jul 2016 14:08:37 -0400", "updated": "Wed, 13 Jul 2016 14:08:37 -0400", "title": "Berenberg On Banks: Initiating Coverage On Citigroup, Bank Of America And More", "teaser": "", "body": "", "url": "https://www.benzinga.com/node/8213862", "image": [], "channels": [{"name": "Analyst Color"}, {"name": "Earnings"}, {"name": "Long Ideas"}, {"name": "News"}, {"name": "Short Ideas"}, {"name": "Price Target"}, {"name": "Initiation"}, {"name": "Previews"}, {"name": "Analyst Ratings"}, {"name": "Trading Ideas"}], "stocks": [{"name": "BAC"}, {"name": "C"}, {"name": "GS"}, {"name": "JPM"}, {"name": "MS"}, {"name": "WFC"}], "tags": [{"name": "banking"}, {"name": "banks"}, {"name": "Berenberg"}, {"name": "financials"}]}]