[{"id": 8225209, "author": "Benzinga", "created": "Sun, 17 Jul 2016 12:28:27 -0400", "updated": "Sun, 17 Jul 2016 12:28:28 -0400", "title": "Big Banks In The Earnings Spotlight: Bank Of America, Goldman Sachs, Morgan Stanley", "teaser": "", "body": "", "url": "https://www.benzinga.com/node/8225209", "image": [], "channels": [{"name": "Earnings"}, {"name": "News"}, {"name": "Previews"}, {"name": "Top Stories"}, {"name": "Trading Ideas"}], "stocks": [{"name": "BAC"}, {"name": "GS"}, {"name": "MS"}], "tags": [{"name": "Bank of America"}, {"name": "Earnings Expectations"}, {"name": "Goldman Sachs"}, {"name": "Morgan Stanley"}]}, {"id": 8224684, "author": "Benzinga", "created": "Sun, 17 Jul 2016 13:46:22 -0400", "updated": "Sun, 17 Jul 2016 13:46:22 -0400", "title": "Lawyer Phone Lines Are Heating Up In The Summertime", "teaser": "", "body": "", "url": "https://www.benzinga.com/node/8224684", "image": [], "channels": [{"name": "News"}, {"name": "Legal"}], "stocks": [{"name": "BRK-B"}, {"name": "NKE"}, {"name": "SBUX"}, {"name": "TMUS"}, {"name": "V"}, {"name": "WMT"}], "tags": []}, {"id": 8225492, "author": "Benzinga", "created": "Sun, 17 Jul 2016 20:45:46 -0400", "updated": "Sun, 17 Jul 2016 20:45:46 -0400", "title": "Benzinga's Weekend M&A Chatter", "teaser": "", "body": "", "url": "https://www.benzinga.com/node/8225492", "image": [], "channels": [{"name": "News"}, {"name": "Rumors"}, {"name": "M&A"}, {"name": "Movers"}], "stocks": [{"name": "JNJ"}, {"name": "K"}, {"name": "KO"}, {"name": "PG"}, {"name": "PRGO"}, {"name": "RAD"}, {"name": "RBGLY"}, {"name": "WBA"}], "tags": []}]