[{"id": 7920363, "author": "Benzinga", "created": "Tue, 03 May 2016 09:14:59 -0400", "updated": "Tue, 03 May 2016 09:18:20 -0400", "title": "Tableau Software Is 'Getting Aggressive,' Goldman Expects Earnings Beat", "teaser": "", "body": "", "url": "https://www.benzinga.com/node/7920363", "image": [], "channels": [{"name": "Analyst Color"}, {"name": "Earnings"}, {"name": "News"}, {"name": "Previews"}, {"name": "Reiteration"}, {"name": "Analyst Ratings"}, {"name": "Tech"}, {"name": "Trading Ideas"}], "stocks": [{"name": "DATA"}, {"name": "MSFT"}], "tags": [{"name": "Goldman Sachs"}, {"name": "Jesse Hulsing"}, {"name": "Power BI"}]}, {"id": 7920407, "author": "Benzinga", "created": "Tue, 03 May 2016 09:20:24 -0400", "updated": "Tue, 03 May 2016 09:20:25 -0400", "title": "Johnson & Johnson Loses Another Court Case Over Claims Its Talcum Powder Causes Cancer", "teaser": "", "body": "", "url": "https://www.benzinga.com/node/7920407", "image": [], "channels": [{"name": "News"}, {"name": "Health Care"}, {"name": "Legal"}, {"name": "Trading Ideas"}, {"name": "General"}], "stocks": [{"name": "JNJ"}], "tags": [{"name": "Baby Powder"}, {"name": "Carol Goodrich"}, {"name": "cnn money"}, {"name": "Gloria Ristesund"}, {"name": "Jackie Fox"}, {"name": "Johnson & Johnson"}, {"name": "Johnson & Johnson's baby powder"}, {"name": "Onder Law Firm"}, {"name": "Ovarian Cancer"}, {"name": "Talc"}, {"name": "Talc Cancer"}, {"name": "talcum"}, {"name": "Talcum Powder"}]}, {"id": 7920371, "author": "Benzinga", "created": "Tue, 03 May 2016 09:44:52 -0400", "updated": "Tue, 03 May 2016 10:10:03 -0400", "title": "The Market In 5 Minutes: Do Or Die", "teaser": "", "body": "", "url": "https://www.benzinga.com/node/7920371", "image": [], "channels": [{"name": "News"}, {"name": "Global"}, {"name": "Top Stories"}, {"name": "Analyst Ratings"}], "stocks": [{"name": "AAPL"}, {"name": "ABX"}, {"name": "BRCD"}, {"name": "COG"}, {"name": "COST"}, {"name": "CVS"}, {"name": "DWA"}, {"name": "ETE"}, {"name": "GSK"}, {"name": "HAL"}, {"name": "IMS"}, {"name": "KR"}, {"name": "PFE"}, {"name": "Q"}, {"name": "SNY"}, {"name": "SPY"}, {"name": "SRPT"}, {"name": "USO"}, {"name": "UTX"}, {"name": "WMB"}, {"name": "WMT"}, {"name": "XON"}, {"name": "YELP"}], "tags": [{"name": "the market in 5 minutes"}]}, {"id": 7921535, "author": "Benzinga", "created": "Tue, 03 May 2016 10:45:13 -0400", "updated": "Tue, 03 May 2016 10:45:13 -0400", "title": "Top Performing Industries For May 3, 2016", "teaser": "", "body": "", "url": "https://www.benzinga.com/node/7921535", "image": [], "channels": [{"name": "News"}, {"name": "Intraday Update"}, {"name": "Markets"}, {"name": "Movers"}], "stocks": [{"name": "AAPL"}, {"name": "BBW"}, {"name": "CLX"}, {"name": "DF"}], "tags": [{"name": "Top Performing Industries"}]}, {"id": 7918485, "author": "Benzinga", "created": "Tue, 03 May 2016 12:29:13 -0400", "updated": "Tue, 03 May 2016 12:29:14 -0400", "title": "Good Fee News On Goldman ETFs", "teaser": "", "body": "", "url": "https://www.benzinga.com/node/7918485", "image": [], "channels": [{"name": "Long Ideas"}, {"name": "News"}, {"name": "Broad U.S. Equity ETFs"}, {"name": "Emerging Markets"}, {"name": "New ETFs"}, {"name": "Emerging Market ETFs"}, {"name": "Markets"}, {"name": "Trading Ideas"}, {"name": "ETFs"}], "stocks": [{"name": "GEM"}, {"name": "GS"}, {"name": "GSEU"}, {"name": "GSIE"}, {"name": "GSJY"}, {"name": "GSLC"}], "tags": [{"name": "Goldman Sachs Asset Management"}, {"name": "GSAM"}, {"name": "Morningstar US ETF Large Blend Index"}, {"name": "Morningstar US ETF Large Blend Strategic Beta"}, {"name": "S&P Capital IQ"}, {"name": "smart beta"}, {"name": "Smart beta ETFs"}, {"name": "strategic beta"}, {"name": "strategic beta ETFs"}]}, {"id": 7921940, "author": "Benzinga", "created": "Tue, 03 May 2016 12:55:26 -0400", "updated": "Tue, 03 May 2016 12:55:26 -0400", "title": "Citi On Beverages: Weighted X-Bar Sales Not Looking Great", "teaser": "", "body": "", "url": "https://www.benzinga.com/node/7921940", "image": [], "channels": [{"name": "Analyst Color"}, {"name": "Long Ideas"}, {"name": "News"}, {"name": "Commodities"}, {"name": "Econ #s"}, {"name": "Markets"}, {"name": "Analyst Ratings"}, {"name": "Trading Ideas"}], "stocks": [{"name": "DPS"}, {"name": "KO"}, {"name": "MNST"}, {"name": "PEP"}], "tags": [{"name": "arizona"}, {"name": "beverages"}, {"name": "carbonated soft drinks"}, {"name": "Citi"}, {"name": "energy drinks"}, {"name": "non-alcoholic beverages"}, {"name": "Red Bull"}, {"name": "Wendy Nicholson"}]}, {"id": 7922429, "author": "Benzinga", "created": "Tue, 03 May 2016 16:14:44 -0400", "updated": "Tue, 03 May 2016 16:14:44 -0400", "title": "Growth In Home Improvement Sector Should Last At Least Another 3 Years", "teaser": "", "body": "", "url": "https://www.benzinga.com/node/7922429", "image": [], "channels": [{"name": "Analyst Color"}, {"name": "Long Ideas"}, {"name": "News"}, {"name": "Econ #s"}, {"name": "Analyst Ratings"}, {"name": "Trading Ideas"}, {"name": "Real Estate"}], "stocks": [{"name": "HD"}, {"name": "LOW"}], "tags": [{"name": "Michael Lasser"}, {"name": "UBS"}]}, {"id": 7922953, "author": "Benzinga", "created": "Tue, 03 May 2016 17:01:54 -0400", "updated": "Tue, 03 May 2016 17:01:55 -0400", "title": "Apple Investors: Don't Freak Out About A Slowdown In China", "teaser": "", "body": "", "url": "https://www.benzinga.com/node/7922953", "image": [], "channels": [{"name": "Analyst Color"}, {"name": "News"}, {"name": "Price Target"}, {"name": "Reiteration"}, {"name": "Analyst Ratings"}, {"name": "Tech"}], "stocks": [{"name": "AAPL"}], "tags": []}, {"id": 7924343, "author": "Benzinga", "created": "Tue, 03 May 2016 17:15:30 -0400", "updated": "Tue, 03 May 2016 17:15:31 -0400", "title": "After-Hours Recap: Fast Food Earnings, Index Movers", "teaser": "", "body": "", "url": "https://www.benzinga.com/node/7924343", "image": [], "channels": [{"name": "Earnings"}, {"name": "News"}, {"name": "Guidance"}, {"name": "After-Hours Center"}, {"name": "Movers"}], "stocks": [{"name": "CBS"}, {"name": "CHK"}, {"name": "CVX"}, {"name": "FCX"}, {"name": "ILMN"}, {"name": "JPM"}, {"name": "NDLS"}, {"name": "PBPB"}, {"name": "PZZA"}, {"name": "SBAC"}, {"name": "STX"}, {"name": "TSLA"}, {"name": "UTX"}, {"name": "Z"}, {"name": "ZG"}], "tags": []}, {"id": 7925403, "author": "Benzinga", "created": "Tue, 03 May 2016 18:52:10 -0400", "updated": "Tue, 03 May 2016 18:52:10 -0400", "title": "Benzinga's M&A Chatter for Tuesday May 3, 2016", "teaser": "", "body": "", "url": "https://www.benzinga.com/node/7925403", "image": [], "channels": [{"name": "News"}, {"name": "Rumors"}, {"name": "M&A"}, {"name": "Movers"}], "stocks": [{"name": "AZN"}, {"name": "CLX"}, {"name": "IMS"}, {"name": "MDVN"}, {"name": "MSFT"}, {"name": "NVS"}, {"name": "PFE"}, {"name": "Q"}, {"name": "SNY"}], "tags": []}]