[{"id": 6219885, "author": "Benzinga", "created": "Sat, 06 Feb 2016 14:54:38 -0400", "updated": "Sat, 06 Feb 2016 14:54:38 -0400", "title": "A Rocky Year Ahead For Oil Firms", "teaser": "", "body": "", "url": "https://www.benzinga.com/node/6219885", "image": [], "channels": [{"name": "News"}, {"name": "Commodities"}, {"name": "Global"}, {"name": "Top Stories"}, {"name": "Markets"}], "stocks": [{"name": "CVX"}, {"name": "XOM"}], "tags": []}, {"id": 6223330, "author": "Benzinga", "created": "Sat, 06 Feb 2016 14:59:37 -0400", "updated": "Sat, 06 Feb 2016 14:59:37 -0400", "title": "Microsoft, GoPro And 8 More Stocks To Watch Over The Weekend", "teaser": "", "body": "", "url": "https://www.benzinga.com/node/6223330", "image": [], "channels": [{"name": "Earnings"}, {"name": "News"}, {"name": "Movers"}], "stocks": [{"name": "BZH"}, {"name": "CBG"}, {"name": "CENX"}, {"name": "ECOM"}, {"name": "GPRO"}, {"name": "IPHI"}, {"name": "MDVN"}, {"name": "MSFT"}, {"name": "RHT"}, {"name": "UBNT"}], "tags": []}, {"id": 6220197, "author": "Benzinga", "created": "Sat, 06 Feb 2016 16:43:51 -0400", "updated": "Sat, 06 Feb 2016 16:43:51 -0400", "title": "'Hail, Caesar!' May Slow Universal's Momentum Following Strong 2015", "teaser": "", "body": "", "url": "https://www.benzinga.com/node/6220197", "image": [], "channels": [{"name": "Long Ideas"}, {"name": "News"}, {"name": "Events"}, {"name": "Tech"}, {"name": "Trading Ideas"}], "stocks": [{"name": "CMCSA"}, {"name": "DIS"}], "tags": [{"name": "Coen Brothers"}, {"name": "George Clooney"}, {"name": "Hail Caesar"}]}]