[{"id": 7888604, "author": "Benzinga", "created": "Wed, 27 Apr 2016 04:01:08 -0400", "updated": "Wed, 27 Apr 2016 04:01:08 -0400", "title": "Earnings Scheduled For April 27, 2016", "teaser": "", "body": "", "url": "https://www.benzinga.com/node/7888604", "image": [], "channels": [{"name": "Earnings"}, {"name": "News"}, {"name": "Pre-Market Outlook"}, {"name": "Markets"}], "stocks": [{"name": "AMP"}, {"name": "ANTM"}, {"name": "AVY"}, {"name": "BA"}, {"name": "BCR"}, {"name": "BEN"}, {"name": "BHI"}, {"name": "BSX"}, {"name": "CAKE"}, {"name": "CG"}, {"name": "CMCSA"}, {"name": "CSL"}, {"name": "DPS"}, {"name": "FB"}, {"name": "FSLR"}, {"name": "GD"}, {"name": "GG"}, {"name": "GPI"}, {"name": "GT"}, {"name": "HLT"}, {"name": "IP"}, {"name": "KEX"}, {"name": "KOF"}, {"name": "KS"}, {"name": "LEA"}, {"name": "LLL"}, {"name": "LXK"}, {"name": "MAR"}, {"name": "MDLZ"}, {"name": "NE"}, {"name": "NOC"}, {"name": "OC"}, {"name": "ORLY"}, {"name": "PPC"}, {"name": "PYPL"}, {"name": "RCII"}, {"name": "ROK"}, {"name": "SC"}, {"name": "SNDK"}, {"name": "SO"}, {"name": "STT"}, {"name": "TOT"}, {"name": "TXN"}, {"name": "UHS"}, {"name": "UNM"}, {"name": "UTX"}, {"name": "VRTX"}, {"name": "WCN"}, {"name": "WLL"}, {"name": "XLNX"}], "tags": [{"name": "Aerospace & Defense"}, {"name": "Computer Storage & Peripherals"}, {"name": "Consumer Discretionary"}, {"name": "Earnings schedule"}, {"name": "Hotels, Resorts & Cruise Lines"}, {"name": "Industrials"}, {"name": "Information Technology"}]}, {"id": 7889653, "author": "Benzinga", "created": "Wed, 27 Apr 2016 08:14:25 -0400", "updated": "Wed, 27 Apr 2016 08:14:26 -0400", "title": "DreamWorks Soars 20% As WSJ Reports A Potential Comcast Buyout", "teaser": "", "body": "", "url": "https://www.benzinga.com/node/7889653", "image": [], "channels": [{"name": "News"}, {"name": "Rumors"}, {"name": "M&A"}, {"name": "Tech"}, {"name": "Trading Ideas"}], "stocks": [{"name": "CMCSA"}, {"name": "DIS"}, {"name": "DWA"}, {"name": "HAS"}], "tags": [{"name": "dreamworks animation"}, {"name": "Dreamworks M&A"}, {"name": "Movie Studios"}, {"name": "Universal Pictures"}, {"name": "Wall Street Journal"}]}, {"id": 7888297, "author": "Benzinga", "created": "Wed, 27 Apr 2016 08:20:10 -0400", "updated": "Wed, 27 Apr 2016 08:20:10 -0400", "title": "ETF Investors Didn't See This Coming With Apple", "teaser": "", "body": "", "url": "https://www.benzinga.com/node/7888297", "image": [], "channels": [{"name": "Earnings"}, {"name": "News"}, {"name": "Sector ETFs"}, {"name": "Broad U.S. Equity ETFs"}, {"name": "Short Ideas"}, {"name": "Markets"}, {"name": "Tech"}, {"name": "Trading Ideas"}, {"name": "ETFs"}], "stocks": [{"name": "AAPL"}, {"name": "GOOG"}, {"name": "GOOGL"}, {"name": "IYW"}, {"name": "MSFT"}, {"name": "QQQ"}, {"name": "VGT"}, {"name": "XLK"}], "tags": [{"name": "iPad"}, {"name": "iPhone"}, {"name": "MacBook"}]}, {"id": 7890128, "author": "Benzinga", "created": "Wed, 27 Apr 2016 08:37:34 -0400", "updated": "Wed, 27 Apr 2016 08:37:34 -0400", "title": "12 Stocks Moving In Wednesday's Pre-Market Session", "teaser": "", "body": "", "url": "https://www.benzinga.com/node/7890128", "image": [], "channels": [{"name": "News"}, {"name": "Movers & Shakers"}, {"name": "Pre-Market Outlook"}, {"name": "Markets"}, {"name": "Movers"}], "stocks": [{"name": "AAPL"}, {"name": "BA"}, {"name": "BWLD"}, {"name": "CMCSA"}, {"name": "CMG"}, {"name": "DWA"}, {"name": "EBAY"}, {"name": "FTNT"}, {"name": "LGCY"}, {"name": "ORIG"}, {"name": "SWKS"}, {"name": "TWTR"}], "tags": [{"name": "#PreMarket Gainers"}, {"name": "#PreMarket Losers"}, {"name": "Energy"}, {"name": "Oil & Gas Exploration & Production"}, {"name": "Top Gainers"}]}, {"id": 7889803, "author": "Benzinga", "created": "Wed, 27 Apr 2016 08:35:41 -0400", "updated": "Wed, 27 Apr 2016 08:43:15 -0400", "title": "Eunice Yoon Breaks Down Apple's China Problem", "teaser": "", "body": "", "url": "https://www.benzinga.com/node/7889803", "image": [], "channels": [{"name": "Analyst Color"}, {"name": "CNBC"}, {"name": "Earnings"}, {"name": "News"}, {"name": "Emerging Markets"}, {"name": "Markets"}, {"name": "Movers"}, {"name": "Tech"}, {"name": "Media"}, {"name": "Trading Ideas"}], "stocks": [{"name": "AAPL"}], "tags": [{"name": "Apple China"}, {"name": "CNBC"}, {"name": "Eunice Yoon"}, {"name": "iPhone China"}, {"name": "iTunes China"}, {"name": "Jia Yueting"}, {"name": "LeEco"}]}, {"id": 7890013, "author": "Benzinga", "created": "Wed, 27 Apr 2016 08:46:17 -0400", "updated": "Wed, 27 Apr 2016 08:46:18 -0400", "title": "Apple Has Been Playing Smartphone Catch-Up Since 2010", "teaser": "", "body": "", "url": "https://www.benzinga.com/node/7890013", "image": [], "channels": [{"name": "Analyst Color"}, {"name": "CNBC"}, {"name": "Earnings"}, {"name": "News"}, {"name": "Tech"}, {"name": "Media"}, {"name": "Trading Ideas"}], "stocks": [{"name": "AAPL"}], "tags": [{"name": "Apple"}, {"name": "CCO Global"}, {"name": "CNBC"}, {"name": "Dan Collins"}, {"name": "iPhone"}, {"name": "iPhone 7"}, {"name": "iPhone China"}, {"name": "iPhone SE"}, {"name": "smartphones"}]}, {"id": 7890423, "author": "Benzinga", "created": "Wed, 27 Apr 2016 09:11:15 -0400", "updated": "Wed, 27 Apr 2016 09:11:15 -0400", "title": "Gene Munster's Thoughts On Apple Following Q2 Results, 'Disappointing' Outlook", "teaser": "", "body": "", "url": "https://www.benzinga.com/node/7890423", "image": [], "channels": [{"name": "Analyst Color"}, {"name": "Earnings"}, {"name": "News"}, {"name": "Guidance"}, {"name": "Exclusives"}, {"name": "Analyst Ratings"}, {"name": "Movers"}], "stocks": [{"name": "AAPL"}], "tags": []}, {"id": 7890532, "author": "Benzinga", "created": "Wed, 27 Apr 2016 09:41:09 -0400", "updated": "Wed, 27 Apr 2016 09:41:10 -0400", "title": "BTIG Cuts Apple's Target To $115, But Maintains Buy", "teaser": "", "body": "", "url": "https://www.benzinga.com/node/7890532", "image": [], "channels": [{"name": "Analyst Color"}, {"name": "Long Ideas"}, {"name": "News"}, {"name": "Guidance"}, {"name": "Price Target"}, {"name": "Reiteration"}, {"name": "Analyst Ratings"}, {"name": "Tech"}, {"name": "Trading Ideas"}], "stocks": [{"name": "AAPL"}], "tags": [{"name": "btig"}, {"name": "iPhone"}, {"name": "Walter Piecyk"}]}, {"id": 7890205, "author": "Benzinga", "created": "Wed, 27 Apr 2016 09:44:51 -0400", "updated": "Wed, 27 Apr 2016 09:44:51 -0400", "title": "The Market In 5 Minutes: Sour Apples And Greek Goddesses", "teaser": "", "body": "", "url": "https://www.benzinga.com/node/7890205", "image": [], "channels": [{"name": "News"}, {"name": "Events"}, {"name": "Global"}, {"name": "Top Stories"}], "stocks": [{"name": "AAPL"}, {"name": "AKAM"}, {"name": "ATVI"}, {"name": "CMCSA"}, {"name": "CMG"}, {"name": "CROX"}, {"name": "DIS"}, {"name": "DWA"}, {"name": "ETE"}, {"name": "HRB"}, {"name": "JBLU"}, {"name": "KORS"}, {"name": "LOCO"}, {"name": "NKE"}, {"name": "PNR"}, {"name": "SPY"}, {"name": "SYK"}, {"name": "TWTR"}, {"name": "USO"}, {"name": "WMB"}], "tags": [{"name": "the market in 5 minutes"}]}, {"id": 7890843, "author": "Benzinga", "created": "Wed, 27 Apr 2016 10:04:55 -0400", "updated": "Wed, 27 Apr 2016 10:04:55 -0400", "title": "Mid-Morning Market Update: Markets Open Lower; Boeing Earnings Miss Views", "teaser": "", "body": "", "url": "https://www.benzinga.com/node/7890843", "image": [], "channels": [{"name": "Earnings"}, {"name": "News"}, {"name": "Guidance"}, {"name": "Eurozone"}, {"name": "Commodities"}, {"name": "M&A"}, {"name": "Global"}, {"name": "Intraday Update"}, {"name": "Markets"}, {"name": "Movers"}], "stocks": [{"name": "AAPL"}, {"name": "AMRS"}, {"name": "AREX"}, {"name": "BA"}, {"name": "BEAT"}, {"name": "BWLD"}, {"name": "CMCSA"}, {"name": "DWA"}, {"name": "NCR"}, {"name": "ORIG"}, {"name": "TWTR"}], "tags": [{"name": "Mid-Morning Market Update"}]}, {"id": 7891382, "author": "Benzinga", "created": "Wed, 27 Apr 2016 11:18:40 -0400", "updated": "Wed, 27 Apr 2016 11:18:42 -0400", "title": "What's Weighing on Markets? AAPL, Tech Stocks", "teaser": "", "body": "", "url": "https://www.benzinga.com/node/7891382", "image": [], "channels": [{"name": "Analyst Color"}, {"name": "Earnings"}, {"name": "News"}, {"name": "Analyst Ratings"}, {"name": "General"}], "stocks": [{"name": "APPL"}, {"name": "CMCSA"}, {"name": "CMG"}, {"name": "DWA"}, {"name": "JNJ"}, {"name": "MSFT"}, {"name": "TWTR"}, {"name": "XOM"}], "tags": []}, {"id": 7890962, "author": "Benzinga", "created": "Wed, 27 Apr 2016 11:33:25 -0400", "updated": "Wed, 27 Apr 2016 11:33:25 -0400", "title": "Citi On Apple: Despite Near-Term Pressure, iPhone 7 Should Be The Focus", "teaser": "", "body": "", "url": "https://www.benzinga.com/node/7890962", "image": [], "channels": [{"name": "Analyst Color"}, {"name": "Earnings"}, {"name": "News"}, {"name": "Price Target"}, {"name": "Reiteration"}, {"name": "Analyst Ratings"}], "stocks": [{"name": "AAPL"}, {"name": "JBL"}], "tags": []}, {"id": 7891474, "author": "Benzinga", "created": "Wed, 27 Apr 2016 11:35:01 -0400", "updated": "Wed, 27 Apr 2016 11:35:01 -0400", "title": "Worst Performing Industries For April 27, 2016", "teaser": "", "body": "", "url": "https://www.benzinga.com/node/7891474", "image": [], "channels": [{"name": "News"}, {"name": "Movers & Shakers"}, {"name": "Intraday Update"}, {"name": "Markets"}], "stocks": [{"name": "AAPL"}, {"name": "ANET"}, {"name": "PRGO"}, {"name": "SHAK"}], "tags": [{"name": "Worst Performing Industries"}]}, {"id": 7891517, "author": "Benzinga", "created": "Wed, 27 Apr 2016 11:43:22 -0400", "updated": "Wed, 27 Apr 2016 11:43:24 -0400", "title": "Check-up on Energy: XOM and CVX Earnings Preview", "teaser": "", "body": "", "url": "https://www.benzinga.com/node/7891517", "image": [], "channels": [{"name": "Earnings"}, {"name": "News"}, {"name": "Markets"}, {"name": "Analyst Ratings"}], "stocks": [{"name": "BMY"}, {"name": "CVX"}, {"name": "F"}, {"name": "XOM"}], "tags": []}, {"id": 7891790, "author": "Benzinga", "created": "Wed, 27 Apr 2016 12:23:34 -0400", "updated": "Wed, 27 Apr 2016 12:24:47 -0400", "title": "Mid-Day Market Update: Apple Drops Following Weak Results; Nanometrics Shares Surge", "teaser": "", "body": "", "url": "https://www.benzinga.com/node/7891790", "image": [], "channels": [{"name": "Earnings"}, {"name": "News"}, {"name": "Guidance"}, {"name": "Eurozone"}, {"name": "Commodities"}, {"name": "M&A"}, {"name": "Global"}, {"name": "Intraday Update"}, {"name": "Markets"}, {"name": "Movers"}], "stocks": [{"name": "AAPL"}, {"name": "BA"}, {"name": "BEAT"}, {"name": "BWLD"}, {"name": "CMCSA"}, {"name": "DWA"}, {"name": "LGCY"}, {"name": "NANO"}, {"name": "ORIG"}, {"name": "TWTR"}, {"name": "ZIXI"}], "tags": [{"name": "Energy"}, {"name": "Information Technology"}, {"name": "Mid-Day Market Update"}, {"name": "Oil & Gas Exploration & Production"}, {"name": "Semiconductor Equipment"}]}, {"id": 7888654, "author": "Benzinga", "created": "Wed, 27 Apr 2016 04:49:10 -0400", "updated": "Wed, 27 Apr 2016 12:33:13 -0400", "title": "12 Stocks To Watch For April 27, 2016", "teaser": "", "body": "", "url": "https://www.benzinga.com/node/7888654", "image": [], "channels": [{"name": "Earnings"}, {"name": "News"}, {"name": "Guidance"}, {"name": "Pre-Market Outlook"}, {"name": "Markets"}, {"name": "Trading Ideas"}], "stocks": [{"name": "AAPL"}, {"name": "BA"}, {"name": "BWLD"}, {"name": "CMCSA"}, {"name": "CMG"}, {"name": "EBAY"}, {"name": "FB"}, {"name": "MDLZ"}, {"name": "PYPL"}, {"name": "SNDK"}, {"name": "TWTR"}, {"name": "UTX"}], "tags": [{"name": "Stocks To Watch"}, {"name": "Stocks to Watch"}]}, {"id": 7891367, "author": "Benzinga", "created": "Wed, 27 Apr 2016 12:40:41 -0400", "updated": "Wed, 27 Apr 2016 12:40:41 -0400", "title": "Wells Fargo Analysts Say When Is The Best Time To Own Apple Shares", "teaser": "", "body": "", "url": "https://www.benzinga.com/node/7891367", "image": [], "channels": [{"name": "Analyst Color"}, {"name": "News"}, {"name": "Reiteration"}, {"name": "Analyst Ratings"}], "stocks": [{"name": "AAPL"}], "tags": []}, {"id": 7891071, "author": "Benzinga", "created": "Wed, 27 Apr 2016 13:05:08 -0400", "updated": "Wed, 27 Apr 2016 13:05:09 -0400", "title": "5 Positives And 5 Negatives From Apple's Earnings Report", "teaser": "", "body": "", "url": "https://www.benzinga.com/node/7891071", "image": [], "channels": [{"name": "Analyst Color"}, {"name": "Earnings"}, {"name": "News"}, {"name": "Dividends"}, {"name": "Dividends"}, {"name": "Buybacks"}, {"name": "Analyst Ratings"}, {"name": "Movers"}, {"name": "Tech"}, {"name": "Trading Ideas"}], "stocks": [{"name": "AAPL"}], "tags": [{"name": "Citi"}, {"name": "iPhones"}, {"name": "iTunes"}, {"name": "Jim Suva"}]}, {"id": 7891714, "author": "Benzinga", "created": "Wed, 27 Apr 2016 13:11:24 -0400", "updated": "Wed, 27 Apr 2016 13:11:25 -0400", "title": "Needham: All Will Be Well For Apple Eventually, After iPhone Users Upgrade", "teaser": "", "body": "", "url": "https://www.benzinga.com/node/7891714", "image": [], "channels": [{"name": "Analyst Color"}, {"name": "Earnings"}, {"name": "News"}, {"name": "Price Target"}, {"name": "Reiteration"}, {"name": "Analyst Ratings"}], "stocks": [{"name": "AAPL"}], "tags": []}, {"id": 7891542, "author": "Benzinga", "created": "Wed, 27 Apr 2016 13:25:21 -0400", "updated": "Wed, 27 Apr 2016 13:25:21 -0400", "title": "Maxim Trims Apple Estimate, Keeps Target Above $150/Share", "teaser": "", "body": "", "url": "https://www.benzinga.com/node/7891542", "image": [], "channels": [{"name": "Analyst Color"}, {"name": "Earnings"}, {"name": "Long Ideas"}, {"name": "News"}, {"name": "Price Target"}, {"name": "Reiteration"}, {"name": "Analyst Ratings"}, {"name": "Movers"}, {"name": "Tech"}, {"name": "Trading Ideas"}], "stocks": [{"name": "AAPL"}], "tags": [{"name": "iPhone 5S"}, {"name": "iPhone 6S"}, {"name": "iPhone 7"}, {"name": "iPhone SE"}, {"name": "iPhones"}, {"name": "Maxim"}, {"name": "Nehal Chokshi"}]}, {"id": 7891835, "author": "Benzinga", "created": "Wed, 27 Apr 2016 13:28:48 -0400", "updated": "Wed, 27 Apr 2016 13:28:49 -0400", "title": "CNBC's Josh Lipton Says Tim Cook 'Sounded Upbeat' And 'Looked Confident'", "teaser": "", "body": "", "url": "https://www.benzinga.com/node/7891835", "image": [], "channels": [{"name": "Analyst Color"}, {"name": "CNBC"}, {"name": "Earnings"}, {"name": "News"}, {"name": "Tech"}, {"name": "Media"}, {"name": "Trading Ideas"}], "stocks": [{"name": "AAPL"}], "tags": [{"name": "Apple"}, {"name": "China"}, {"name": "CNBC"}, {"name": "Gene Munster"}, {"name": "India"}, {"name": "iPhone 6"}, {"name": "iPhone SE"}, {"name": "iPhones"}, {"name": "Josh Lipton"}, {"name": "Piper Jaffray"}, {"name": "Squawk on the Street"}]}, {"id": 7891837, "author": "Benzinga", "created": "Wed, 27 Apr 2016 13:32:13 -0400", "updated": "Wed, 27 Apr 2016 13:32:13 -0400", "title": "Should You Be Buying The T-Mobile Earnings Dip?", "teaser": "", "body": "", "url": "https://www.benzinga.com/node/7891837", "image": [], "channels": [{"name": "Analyst Color"}, {"name": "Earnings"}, {"name": "Long Ideas"}, {"name": "News"}, {"name": "Price Target"}, {"name": "Reiteration"}, {"name": "Analyst Ratings"}, {"name": "Trading Ideas"}], "stocks": [{"name": "T"}, {"name": "TMUS"}, {"name": "VZ"}], "tags": [{"name": "Citi"}, {"name": "Michael Rollins"}]}, {"id": 7891817, "author": "Benzinga", "created": "Wed, 27 Apr 2016 13:36:27 -0400", "updated": "Wed, 27 Apr 2016 13:36:27 -0400", "title": "Raymond James: Apple Will Stay Range-Bound Until Revenue Growth Stabilizes", "teaser": "", "body": "", "url": "https://www.benzinga.com/node/7891817", "image": [], "channels": [{"name": "Analyst Color"}, {"name": "Earnings"}, {"name": "Long Ideas"}, {"name": "News"}, {"name": "Guidance"}, {"name": "Reiteration"}, {"name": "Analyst Ratings"}, {"name": "Movers"}, {"name": "Tech"}, {"name": "Trading Ideas"}], "stocks": [{"name": "AAPL"}], "tags": [{"name": "iPad Mini"}, {"name": "iPhone SE"}, {"name": "iPhones"}, {"name": "Raymond James"}, {"name": "Tavis McCourt"}]}, {"id": 7892020, "author": "Benzinga", "created": "Wed, 27 Apr 2016 13:44:32 -0400", "updated": "Wed, 27 Apr 2016 13:44:32 -0400", "title": "Will Yahoo's Sale Process Get Halted Following Its New Agreement With Starboard Value? Bloomberg Has The Answer", "teaser": "", "body": "", "url": "https://www.benzinga.com/node/7892020", "image": [], "channels": [{"name": "News"}, {"name": "Contracts"}, {"name": "Tech"}, {"name": "Media"}, {"name": "Trading Ideas"}], "stocks": [{"name": "VZ"}, {"name": "YHOO"}], "tags": [{"name": "Bloomberg"}, {"name": "Jeff McCracken"}, {"name": "Jeff Smith"}, {"name": "Starboard Value"}, {"name": "Tim Armstrong"}, {"name": "Yahoo"}, {"name": "Yellow Pages"}]}, {"id": 7892262, "author": "Benzinga", "created": "Wed, 27 Apr 2016 14:04:37 -0400", "updated": "Wed, 27 Apr 2016 14:04:37 -0400", "title": "Gene Munster Talks Apple's Future On Benzinga's PreMarket Prep", "teaser": "", "body": "", "url": "https://www.benzinga.com/node/7892262", "image": [], "channels": [{"name": "Analyst Color"}, {"name": "Earnings"}, {"name": "News"}, {"name": "Exclusives"}, {"name": "Analyst Ratings"}, {"name": "Tech"}, {"name": "Trading Ideas"}], "stocks": [{"name": "AAPL"}, {"name": "TSLA"}], "tags": [{"name": "Apple"}, {"name": "Apple Car"}, {"name": "Apple Earnings"}, {"name": "Apple M&A"}, {"name": "Augmented Reality"}, {"name": "Benzinga PreMarket Prep"}, {"name": "Gene Munster"}, {"name": "iPhone 7"}, {"name": "iPhone sales"}, {"name": "iPhones"}, {"name": "PreMarket Prep"}, {"name": "Project Titan"}, {"name": "virtual reality"}, {"name": "wearables"}]}, {"id": 7892535, "author": "Benzinga", "created": "Wed, 27 Apr 2016 14:40:36 -0400", "updated": "Wed, 27 Apr 2016 14:50:58 -0400", "title": "Apple: Here's What Everyone On The Street Is Saying", "teaser": "", "body": "", "url": "https://www.benzinga.com/node/7892535", "image": [], "channels": [{"name": "Analyst Color"}, {"name": "Earnings"}, {"name": "Long Ideas"}, {"name": "News"}, {"name": "Analyst Ratings"}, {"name": "Movers"}, {"name": "Tech"}, {"name": "Trading Ideas"}], "stocks": [{"name": "AAPL"}], "tags": [{"name": "Brean"}, {"name": "btig"}, {"name": "CCO Global"}, {"name": "Citi"}, {"name": "Credit Suisse"}, {"name": "JPMorgan"}, {"name": "Maxim"}, {"name": "Needham"}, {"name": "Oppenheimer"}, {"name": "Pacific Crest"}, {"name": "Piper Jaffray"}, {"name": "Raymond James"}, {"name": "Wells Fargo"}]}]