[{"id": 6161791, "author": "Benzinga", "created": "Fri, 22 Jan 2016 05:31:27 -0400", "updated": "Fri, 22 Jan 2016 05:31:27 -0400", "title": "Keep an Eye on These 7 Stocks for January 22, 2016", "teaser": "", "body": "", "url": "https://www.benzinga.com/node/6161791", "image": [], "channels": [{"name": "Earnings"}, {"name": "News"}, {"name": "Guidance"}, {"name": "Pre-Market Outlook"}, {"name": "Markets"}, {"name": "Trading Ideas"}], "stocks": [{"name": "AXP"}, {"name": "COL"}, {"name": "GE"}, {"name": "ISRG"}, {"name": "SBUX"}, {"name": "SLB"}, {"name": "STI"}], "tags": [{"name": "Stocks To Watch"}, {"name": "Stocks to Watch"}]}, {"id": 6161780, "author": "Benzinga", "created": "Fri, 22 Jan 2016 05:21:40 -0400", "updated": "Fri, 22 Jan 2016 05:34:33 -0400", "title": "Amgen's Repatha Approved in Japan as First PCSK9 Inhibitor for Treatment of High Cholesterol", "teaser": "", "body": "", "url": "https://www.benzinga.com/node/6161780", "image": [], "channels": [{"name": "News"}, {"name": "FDA"}, {"name": "Press Releases"}], "stocks": [{"name": "AMGN"}], "tags": []}, {"id": 6162174, "author": "Benzinga", "created": "Fri, 22 Jan 2016 08:34:19 -0400", "updated": "Fri, 22 Jan 2016 08:34:20 -0400", "title": "Pope Francis Says Social Media, iPhone And Internet Are A 'Gift Of God'", "teaser": "", "body": "", "url": "https://www.benzinga.com/node/6162174", "image": [], "channels": [{"name": "News"}, {"name": "Events"}, {"name": "Global"}, {"name": "Top Stories"}, {"name": "Tech"}], "stocks": [{"name": "AAPL"}, {"name": "FB"}, {"name": "GOOG"}, {"name": "TWTR"}], "tags": [{"name": "iPhone"}, {"name": "Pope Francis"}, {"name": "social media"}, {"name": "Tim Cook"}, {"name": "Vatican"}]}, {"id": 6162320, "author": "Benzinga", "created": "Fri, 22 Jan 2016 09:19:20 -0400", "updated": "Fri, 22 Jan 2016 09:19:20 -0400", "title": "9 Stocks Moving In Friday's Pre-Market Session", "teaser": "", "body": "", "url": "https://www.benzinga.com/node/6162320", "image": [], "channels": [{"name": "News"}, {"name": "Movers & Shakers"}, {"name": "Pre-Market Outlook"}, {"name": "Markets"}, {"name": "Movers"}], "stocks": [{"name": "AXP"}, {"name": "BLDP"}, {"name": "EGHT"}, {"name": "ERIC"}, {"name": "GE"}, {"name": "SBNY"}, {"name": "SBUX"}, {"name": "XNPT"}, {"name": "YNDX"}], "tags": [{"name": "Pre Market Gainers"}, {"name": "Pre Market Losers"}, {"name": "Top Gainers"}]}, {"id": 6162356, "author": "Benzinga", "created": "Fri, 22 Jan 2016 09:31:01 -0400", "updated": "Fri, 22 Jan 2016 09:31:01 -0400", "title": "Why Did Google Pay Apple $1 Billion?", "teaser": "", "body": "", "url": "https://www.benzinga.com/node/6162356", "image": [], "channels": [{"name": "News"}, {"name": "Legal"}, {"name": "Tech"}], "stocks": [{"name": "AAPL"}, {"name": "GOOG"}, {"name": "GOOGL"}, {"name": "ORCL"}], "tags": [{"name": "Apple"}, {"name": "Apple Google Revenue Sharing"}, {"name": "Bloomberg"}, {"name": "Google Search engine"}, {"name": "Oracle"}]}, {"id": 6162196, "author": "Benzinga", "created": "Fri, 22 Jan 2016 09:31:32 -0400", "updated": "Fri, 22 Jan 2016 09:31:33 -0400", "title": "Fitbit: A Wise Investment Or On Its Way Out?", "teaser": "", "body": "", "url": "https://www.benzinga.com/node/6162196", "image": [], "channels": [{"name": "Long Ideas"}, {"name": "News"}, {"name": "Short Ideas"}, {"name": "Markets"}, {"name": "Tech"}, {"name": "Trading Ideas"}], "stocks": [{"name": "AAPL"}, {"name": "FIT"}, {"name": "GPRO"}], "tags": [{"name": "Apple Watch"}, {"name": "Jim Duffy"}, {"name": "Stifel Nicolaus"}]}, {"id": 6162275, "author": "Benzinga", "created": "Fri, 22 Jan 2016 10:01:26 -0400", "updated": "Fri, 22 Jan 2016 10:01:26 -0400", "title": "IBM Beefs Up Cloud Offerings With Ustream Acquisition", "teaser": "", "body": "", "url": "https://www.benzinga.com/node/6162275", "image": [], "channels": [{"name": "Long Ideas"}, {"name": "News"}, {"name": "Markets"}, {"name": "Tech"}, {"name": "Trading Ideas"}], "stocks": [{"name": "AMZN"}, {"name": "IBM"}], "tags": [{"name": "cloud"}, {"name": "cloud computing"}, {"name": "Ustream"}]}, {"id": 6162763, "author": "Benzinga", "created": "Fri, 22 Jan 2016 11:11:45 -0400", "updated": "Fri, 22 Jan 2016 11:11:46 -0400", "title": "Did Apple Just Hire A Virtual Reality Expert?", "teaser": "", "body": "", "url": "https://www.benzinga.com/node/6162763", "image": [], "channels": [{"name": "News"}, {"name": "Rumors"}, {"name": "Management"}, {"name": "Tech"}], "stocks": [{"name": "AAPL"}], "tags": [{"name": "Apple Virtual Reality"}, {"name": "Doug Bowman"}, {"name": "Financial Times"}, {"name": "virtual reality"}]}, {"id": 6162801, "author": "Benzinga", "created": "Fri, 22 Jan 2016 11:15:08 -0400", "updated": "Fri, 22 Jan 2016 11:15:08 -0400", "title": "Stocks Hitting 52-Week Lows", "teaser": "", "body": "", "url": "https://www.benzinga.com/node/6162801", "image": [], "channels": [{"name": "News"}, {"name": "Movers & Shakers"}, {"name": "Intraday Update"}, {"name": "Markets"}], "stocks": [{"name": "AXP"}, {"name": "CFG"}, {"name": "CSII"}, {"name": "LM"}], "tags": [{"name": "52 Week Lows"}, {"name": "52-Week Lows"}, {"name": "Asset Management & Custody Banks"}, {"name": "Financials"}]}, {"id": 6162942, "author": "Benzinga", "created": "Fri, 22 Jan 2016 11:53:16 -0400", "updated": "Fri, 22 Jan 2016 11:53:17 -0400", "title": "Stocks, Oil Rebound as Global Officials Appear Willing to Goose Economy", "teaser": "", "body": "", "url": "https://www.benzinga.com/node/6162942", "image": [], "channels": [{"name": "Earnings"}, {"name": "News"}, {"name": "Commodities"}, {"name": "Markets"}], "stocks": [{"name": "BA"}, {"name": "DJI"}, {"name": "GE"}, {"name": "SLB"}], "tags": []}, {"id": 6162805, "author": "Benzinga", "created": "Fri, 22 Jan 2016 11:51:50 -0400", "updated": "Fri, 22 Jan 2016 11:56:27 -0400", "title": "6 Reasons Apple Has 50% To 85% Upside", "teaser": "", "body": "", "url": "https://www.benzinga.com/node/6162805", "image": [], "channels": [{"name": "Long Ideas"}, {"name": "News"}, {"name": "Previews"}, {"name": "Movers"}, {"name": "Tech"}, {"name": "Trading Ideas"}], "stocks": [{"name": "AAPL"}], "tags": [{"name": "Gene Munster"}, {"name": "Piper Jaffray"}]}, {"id": 6162769, "author": "Benzinga", "created": "Fri, 22 Jan 2016 12:15:54 -0400", "updated": "Fri, 22 Jan 2016 12:15:54 -0400", "title": "How The NFL Might Deflate TV's Upfront Season", "teaser": "", "body": "", "url": "https://www.benzinga.com/node/6162769", "image": [], "channels": [{"name": "News"}, {"name": "Events"}, {"name": "Top Stories"}, {"name": "Media"}], "stocks": [{"name": "CBS"}, {"name": "CMCSA"}, {"name": "DIS"}, {"name": "FOXA"}], "tags": [{"name": "ABC"}, {"name": "ESPN"}, {"name": "NBC"}, {"name": "nfl"}, {"name": "Upfronts"}]}, {"id": 6163089, "author": "Benzinga", "created": "Fri, 22 Jan 2016 12:39:54 -0400", "updated": "Fri, 22 Jan 2016 12:39:55 -0400", "title": "Halliburton: How Deep Could Oil Slump Cut for Merger-Focused Firm?", "teaser": "", "body": "", "url": "https://www.benzinga.com/node/6163089", "image": [], "channels": [{"name": "Earnings"}, {"name": "News"}], "stocks": [{"name": "BHI"}, {"name": "DJI"}, {"name": "HAL"}, {"name": "MCD"}], "tags": [{"name": "Consumer Discretionary"}, {"name": "Restaurants"}]}, {"id": 6163080, "author": "Benzinga", "created": "Fri, 22 Jan 2016 12:50:25 -0400", "updated": "Fri, 22 Jan 2016 12:50:25 -0400", "title": "Are Apple's Suppliers Hinting Of Poor iPhone Demand?", "teaser": "", "body": "", "url": "https://www.benzinga.com/node/6163080", "image": [], "channels": [{"name": "News"}, {"name": "Rumors"}, {"name": "Tech"}], "stocks": [{"name": "AAPL"}, {"name": "TSM"}], "tags": [{"name": "Apple"}, {"name": "Apple Suppliers"}, {"name": "Apple Supply Chain"}, {"name": "iPhone"}, {"name": "Reuters"}]}, {"id": 6163023, "author": "Benzinga", "created": "Fri, 22 Jan 2016 12:52:57 -0400", "updated": "Fri, 22 Jan 2016 12:52:57 -0400", "title": "Chowdhry: Amazon AWS Is 'Secular Negative' For These Stocks", "teaser": "", "body": "", "url": "https://www.benzinga.com/node/6163023", "image": [], "channels": [{"name": "Analyst Color"}, {"name": "News"}, {"name": "Short Ideas"}, {"name": "Analyst Ratings"}, {"name": "Tech"}, {"name": "Trading Ideas"}], "stocks": [{"name": "AKAM"}, {"name": "AMZN"}, {"name": "ANET"}, {"name": "CSCO"}, {"name": "FFIV"}, {"name": "JNPR"}, {"name": "NTAP"}, {"name": "PANW"}, {"name": "PSTG"}, {"name": "RAX"}, {"name": "TDC"}, {"name": "VMW"}], "tags": []}, {"id": 6163225, "author": "Benzinga", "created": "Fri, 22 Jan 2016 13:23:02 -0400", "updated": "Fri, 22 Jan 2016 13:24:24 -0400", "title": "ValueAct Blows Out Of American Express", "teaser": "", "body": "", "url": "https://www.benzinga.com/node/6163225", "image": [], "channels": [{"name": "News"}, {"name": "Short Ideas"}, {"name": "Rumors"}, {"name": "Hedge Funds"}, {"name": "Management"}, {"name": "Movers"}, {"name": "Trading Ideas"}, {"name": "General"}], "stocks": [{"name": "AXP"}, {"name": "MCD"}, {"name": "WMT"}], "tags": [{"name": "ValueAct"}]}, {"id": 6162283, "author": "Benzinga", "created": "Fri, 22 Jan 2016 14:18:50 -0400", "updated": "Fri, 22 Jan 2016 14:18:50 -0400", "title": "The Future Of FordPass", "teaser": "", "body": "", "url": "https://www.benzinga.com/node/6162283", "image": [], "channels": [{"name": "Long Ideas"}, {"name": "News"}, {"name": "Markets"}, {"name": "Tech"}, {"name": "Trading Ideas"}], "stocks": [{"name": "AAPL"}, {"name": "F"}, {"name": "GM"}], "tags": [{"name": "Autonomous Cars"}, {"name": "autonomous vehicles"}, {"name": "FordPass"}, {"name": "iTunes"}, {"name": "Lyft"}, {"name": "ride-sharing"}, {"name": "self-driving cars"}]}, {"id": 6162794, "author": "Benzinga", "created": "Fri, 22 Jan 2016 14:33:19 -0400", "updated": "Fri, 22 Jan 2016 15:16:47 -0400", "title": "Disney's 'Star Wars' Shift Could Impact Fox And Time Warner's 2017 Tentpoles", "teaser": "", "body": "", "url": "https://www.benzinga.com/node/6162794", "image": [], "channels": [{"name": "Long Ideas"}, {"name": "News"}, {"name": "Topics"}, {"name": "Events"}, {"name": "Tech"}, {"name": "Trading Ideas"}, {"name": "General"}], "stocks": [{"name": "DIS"}, {"name": "FOXA"}, {"name": "TWX"}], "tags": [{"name": "Avatar"}, {"name": "Episode 8"}, {"name": "James Cameron"}, {"name": "Pirates of the Caribbean"}, {"name": "Pirates of the Caribbean: Dead Men Tell No Tales"}, {"name": "Ready Player One"}, {"name": "Rogue One: A Star Wars"}, {"name": "Star Wars"}, {"name": "Star Wars: The Force Awakens"}, {"name": "Steven Spielberg"}, {"name": "Warner Bros."}]}, {"id": 6163570, "author": "Benzinga", "created": "Fri, 22 Jan 2016 15:32:07 -0400", "updated": "Fri, 22 Jan 2016 15:32:07 -0400", "title": "Mid-Afternoon Market Update: 8x8 Shares Rise On Upbeat Results; American Express Drops", "teaser": "", "body": "", "url": "https://www.benzinga.com/node/6163570", "image": [], "channels": [{"name": "Earnings"}, {"name": "News"}, {"name": "Guidance"}, {"name": "Eurozone"}, {"name": "Commodities"}, {"name": "Global"}, {"name": "Intraday Update"}, {"name": "Markets"}, {"name": "Movers"}], "stocks": [{"name": "AXP"}, {"name": "BLDP"}, {"name": "CSII"}, {"name": "DGII"}, {"name": "EGHT"}, {"name": "ETE"}, {"name": "GE"}, {"name": "GLNG"}, {"name": "SLB"}, {"name": "TPC"}, {"name": "VALU"}], "tags": [{"name": "Mid-Afternoon Market Update"}]}, {"id": 6163419, "author": "Benzinga", "created": "Fri, 22 Jan 2016 15:42:16 -0400", "updated": "Fri, 22 Jan 2016 15:45:07 -0400", "title": "What's Coming For Apple Earnings? Here's What Pacific Crest Thinks", "teaser": "", "body": "", "url": "https://www.benzinga.com/node/6163419", "image": [], "channels": [{"name": "Analyst Color"}, {"name": "Long Ideas"}, {"name": "News"}, {"name": "Previews"}, {"name": "Reiteration"}, {"name": "Analyst Ratings"}, {"name": "Tech"}, {"name": "Trading Ideas"}], "stocks": [{"name": "AAPL"}], "tags": [{"name": "Andy Hargreaves"}, {"name": "Evan Wingren"}, {"name": "Pacific Crest"}]}, {"id": 6163428, "author": "Benzinga", "created": "Fri, 22 Jan 2016 15:59:53 -0400", "updated": "Fri, 22 Jan 2016 15:59:53 -0400", "title": "Fox And Universal Expected To Fend Off New Releases From Lions Gate, Sony And  STX At Box Office", "teaser": "", "body": "", "url": "https://www.benzinga.com/node/6163428", "image": [], "channels": [{"name": "Long Ideas"}, {"name": "News"}, {"name": "Topics"}, {"name": "Tech"}, {"name": "Trading Ideas"}, {"name": "General"}], "stocks": [{"name": "CMCSA"}, {"name": "DIS"}, {"name": "FOXA"}, {"name": "LGF"}, {"name": "SNE"}], "tags": [{"name": "Bad Grandpa"}, {"name": "Chloe Grace Moretz"}, {"name": "Dirty Grandpa"}, {"name": "Johnny Knoxville"}, {"name": "Lauren Cohan"}, {"name": "Rick Yancey"}, {"name": "Ride Along 2"}, {"name": "Robert De Niro"}, {"name": "Star Wars"}, {"name": "Star Wars: The Force Awakens"}, {"name": "STX"}, {"name": "The 5th Wave"}, {"name": "The Boy"}, {"name": "The Devil Inside"}, {"name": "The Revenant"}, {"name": "William Brent Bell"}, {"name": "Zac Efron"}]}, {"id": 6163469, "author": "Benzinga", "created": "Fri, 22 Jan 2016 16:12:53 -0400", "updated": "Fri, 22 Jan 2016 16:12:54 -0400", "title": "The Force Is Strong With Abu Dhabi's Giant Replica Of 'Starkiller Base' And Disneyland's Star Wars Land", "teaser": "", "body": "", "url": "https://www.benzinga.com/node/6163469", "image": [], "channels": [{"name": "Long Ideas"}, {"name": "News"}, {"name": "Topics"}, {"name": "Tech"}, {"name": "Trading Ideas"}, {"name": "General"}], "stocks": [{"name": "DIS"}], "tags": [{"name": "abu dhabi"}, {"name": "Mice Age"}, {"name": "Outer Places"}, {"name": "Star Wars"}, {"name": "Starkiller Base"}]}, {"id": 6163623, "author": "Benzinga", "created": "Fri, 22 Jan 2016 16:24:15 -0400", "updated": "Fri, 22 Jan 2016 16:32:28 -0400", "title": "What The Street Expects From Apple's Earnings Call Next Tuesday: A Comprehensive View", "teaser": "", "body": "", "url": "https://www.benzinga.com/node/6163623", "image": [], "channels": [{"name": "Analyst Color"}, {"name": "Long Ideas"}, {"name": "News"}, {"name": "Short Ideas"}, {"name": "Price Target"}, {"name": "Previews"}, {"name": "Reiteration"}, {"name": "Top Stories"}, {"name": "Analyst Ratings"}, {"name": "Movers"}, {"name": "Tech"}, {"name": "Trading Ideas"}], "stocks": [{"name": "AAPL"}], "tags": [{"name": "Gene Munster"}, {"name": "Goldman Sachs"}, {"name": "Pacific Crest"}, {"name": "Peter Christiansen"}, {"name": "Piper Jaffray"}, {"name": "Raymond James"}, {"name": "Steven Milunovich"}, {"name": "Tavis C. McCourt"}, {"name": "UBS"}]}, {"id": 6163723, "author": "Benzinga", "created": "Fri, 22 Jan 2016 16:52:23 -0400", "updated": "Fri, 22 Jan 2016 16:52:23 -0400", "title": "Goldman Sees Buying Opportunity In Apple's Pullback", "teaser": "", "body": "", "url": "https://www.benzinga.com/node/6163723", "image": [], "channels": [{"name": "Analyst Color"}, {"name": "Long Ideas"}, {"name": "News"}, {"name": "Short Ideas"}, {"name": "Price Target"}, {"name": "Previews"}, {"name": "Reiteration"}, {"name": "Analyst Ratings"}, {"name": "Movers"}, {"name": "Tech"}, {"name": "Trading Ideas"}], "stocks": [{"name": "AAPL"}], "tags": [{"name": "Goldman Sachs"}, {"name": "iPhone"}]}]