[{"id": 8779731, "author": "Benzinga", "created": "Wed, 07 Dec 2016 07:55:00 -0400", "updated": "Wed, 07 Dec 2016 07:55:01 -0400", "title": "Wall Street's M&A Chatter From December 6", "teaser": "", "body": "", "url": "https://www.benzinga.com/node/8779731", "image": [], "channels": [{"name": "News"}, {"name": "Rumors"}, {"name": "M&A"}], "stocks": [{"name": "BDC"}, {"name": "DGII"}, {"name": "EQIX"}, {"name": "GDDY"}, {"name": "IL"}, {"name": "SNCR"}, {"name": "VZ"}], "tags": []}, {"id": 8779968, "author": "Benzinga", "created": "Wed, 07 Dec 2016 09:20:33 -0400", "updated": "Wed, 07 Dec 2016 09:20:34 -0400", "title": "Apple Music Hits 20 Million Subscriber Mark", "teaser": "", "body": "", "url": "https://www.benzinga.com/node/8779968", "image": [], "channels": [{"name": "News"}, {"name": "Tech"}, {"name": "Media"}], "stocks": [{"name": "AAPL"}], "tags": [{"name": "Apple Music"}, {"name": "Music Business Worldwide"}, {"name": "Spotify"}]}, {"id": 8779956, "author": "Benzinga", "created": "Wed, 07 Dec 2016 09:58:00 -0400", "updated": "Wed, 07 Dec 2016 09:58:00 -0400", "title": "Bluefin On Semi Earnings: Q3 A 'Modest Beat,' Q4 Tracking Ahead Of Expectations", "teaser": "", "body": "", "url": "https://www.benzinga.com/node/8779956", "image": [], "channels": [{"name": "Analyst Color"}, {"name": "Earnings"}, {"name": "News"}, {"name": "Guidance"}, {"name": "Analyst Ratings"}, {"name": "Movers"}, {"name": "Tech"}], "stocks": [{"name": "AAPL"}, {"name": "SMH"}], "tags": [{"name": "Bluefin"}, {"name": "Paul Peterson"}]}, {"id": 8779875, "author": "Benzinga", "created": "Wed, 07 Dec 2016 10:00:36 -0400", "updated": "Wed, 07 Dec 2016 10:00:36 -0400", "title": "The Market In 5 Minutes: Donald Trump Is TIME's Person Of The Year", "teaser": "", "body": "", "url": "https://www.benzinga.com/node/8779875", "image": [], "channels": [{"name": "News"}, {"name": "Global"}, {"name": "Top Stories"}, {"name": "Pre-Market Outlook"}, {"name": "Markets"}], "stocks": [{"name": "AAPL"}, {"name": "ALOG"}, {"name": "BDC"}, {"name": "BHP"}, {"name": "DFS"}, {"name": "DGII"}, {"name": "JBL"}, {"name": "JNPR"}, {"name": "PLAY"}, {"name": "RIO"}, {"name": "SPLS"}, {"name": "SPY"}, {"name": "USO"}, {"name": "VA"}], "tags": [{"name": "the market in 5 minutes"}]}, {"id": 8778077, "author": "Benzinga", "created": "Wed, 07 Dec 2016 10:30:12 -0400", "updated": "Wed, 07 Dec 2016 10:30:13 -0400", "title": "What SoftBank's $50 Billion Investment Means For Sprint, Twitter", "teaser": "", "body": "", "url": "https://www.benzinga.com/node/8778077", "image": [], "channels": [{"name": "News"}, {"name": "Wall Street Journal"}, {"name": "Financing"}, {"name": "Politics"}, {"name": "Global"}, {"name": "Media"}, {"name": "Trading Ideas"}, {"name": "General"}], "stocks": [{"name": "CRM"}, {"name": "DIS"}, {"name": "FB"}, {"name": "GOOG"}, {"name": "GOOGL"}, {"name": "MSFT"}, {"name": "S"}, {"name": "SFTBF"}, {"name": "SFTBY"}, {"name": "TWTR"}], "tags": [{"name": "Marc Prosser"}, {"name": "Masayoshi Son"}, {"name": "Softbank"}]}, {"id": 8780941, "author": "Benzinga", "created": "Wed, 07 Dec 2016 11:09:09 -0400", "updated": "Wed, 07 Dec 2016 11:09:13 -0400", "title": "Flattening Out: Stocks Remain Near Record Highs As Optimism Continues", "teaser": "", "body": "", "url": "https://www.benzinga.com/node/8780941", "image": [], "channels": [{"name": "Analyst Color"}, {"name": "News"}, {"name": "Eurozone"}, {"name": "Commodities"}, {"name": "M&A"}, {"name": "Econ #s"}, {"name": "Markets"}, {"name": "Tech"}], "stocks": [{"name": "BA"}, {"name": "T"}, {"name": "TWX"}, {"name": "UTX"}], "tags": [{"name": "The Ticker Tape"}]}, {"id": 8780788, "author": "Benzinga", "created": "Wed, 07 Dec 2016 12:16:18 -0400", "updated": "Wed, 07 Dec 2016 12:16:18 -0400", "title": "Air Force Secretary On Air Force One Costs: This Is No Ordinary Plane", "teaser": "", "body": "", "url": "https://www.benzinga.com/node/8780788", "image": [], "channels": [{"name": "News"}, {"name": "Politics"}, {"name": "Travel"}, {"name": "Movers"}, {"name": "Tech"}, {"name": "Media"}, {"name": "General"}], "stocks": [{"name": "BA"}], "tags": [{"name": "Air Force"}, {"name": "Air Force One"}, {"name": "Air Force One Fleet"}, {"name": "Deborah Lee James"}, {"name": "Donald Trump"}]}, {"id": 8781209, "author": "Benzinga", "created": "Wed, 07 Dec 2016 14:16:24 -0400", "updated": "Wed, 07 Dec 2016 14:16:24 -0400", "title": "The BIG FIVE: Loop Capital Sees 2 Discount Retailers Standing Above The Rest", "teaser": "", "body": "", "url": "https://www.benzinga.com/node/8781209", "image": [], "channels": [{"name": "Analyst Color"}, {"name": "Long Ideas"}, {"name": "News"}, {"name": "Price Target"}, {"name": "Initiation"}, {"name": "Analyst Ratings"}, {"name": "Movers"}, {"name": "Trading Ideas"}], "stocks": [{"name": "BIG"}, {"name": "DG"}, {"name": "DLTR"}, {"name": "FIVE"}, {"name": "WMT"}], "tags": [{"name": "Anthony Chukumba"}, {"name": "Loop Capital"}]}, {"id": 8781356, "author": "Benzinga", "created": "Wed, 07 Dec 2016 16:03:15 -0400", "updated": "Wed, 07 Dec 2016 16:03:16 -0400", "title": "Facebook, Google Make Glassdoor's List Of Top 50 Places To Work", "teaser": "", "body": "", "url": "https://www.benzinga.com/node/8781356", "image": [], "channels": [{"name": "News"}, {"name": "Psychology"}, {"name": "Media"}, {"name": "Trading Ideas"}, {"name": "General"}], "stocks": [{"name": "AAPL"}, {"name": "ADBE"}, {"name": "AKAM"}, {"name": "CLX"}, {"name": "COST"}, {"name": "CRM"}, {"name": "DAL"}, {"name": "FB"}, {"name": "FORR"}, {"name": "GOOG"}, {"name": "GOOGL"}, {"name": "INTU"}, {"name": "JNJ"}, {"name": "LNKD"}, {"name": "LULU"}, {"name": "LUV"}, {"name": "MSFT"}, {"name": "NVDA"}, {"name": "PCTY"}, {"name": "SAP"}, {"name": "TXN"}], "tags": [{"name": "Best Companies"}, {"name": "Companies To Work For"}, {"name": "Glassdoor"}]}]