[{"id": 8586501, "author": "Benzinga", "created": "Fri, 21 Oct 2016 05:06:15 -0400", "updated": "Fri, 21 Oct 2016 05:06:15 -0400", "title": "Earnings Scheduled For October 21, 2016", "teaser": "", "body": "", "url": "https://www.benzinga.com/node/8586501", "image": [], "channels": [{"name": "Earnings"}, {"name": "News"}, {"name": "Pre-Market Outlook"}, {"name": "Markets"}], "stocks": [{"name": "AIMC"}, {"name": "CFG"}, {"name": "EEFT"}, {"name": "ERIC"}, {"name": "GE"}, {"name": "HON"}, {"name": "IPG"}, {"name": "LECO"}, {"name": "MAN"}, {"name": "MCD"}, {"name": "MCO"}, {"name": "PCH"}, {"name": "PH"}, {"name": "SAP"}, {"name": "STI"}, {"name": "SYF"}, {"name": "TRST"}, {"name": "VOLVY"}, {"name": "WBS"}, {"name": "WIT"}], "tags": [{"name": "Consumer Discretionary"}, {"name": "Earnings schedule"}, {"name": "Financials"}, {"name": "Human Resource & Employment Services"}, {"name": "Industrials"}, {"name": "Restaurants"}, {"name": "Specialized Finance"}]}, {"id": 8586519, "author": "Benzinga", "created": "Fri, 21 Oct 2016 05:25:03 -0400", "updated": "Fri, 21 Oct 2016 05:25:04 -0400", "title": "10 Stocks To Watch For October 21, 2016", "teaser": "", "body": "", "url": "https://www.benzinga.com/node/8586519", "image": [], "channels": [{"name": "Earnings"}, {"name": "News"}, {"name": "Guidance"}, {"name": "Pre-Market Outlook"}, {"name": "Markets"}, {"name": "Trading Ideas"}], "stocks": [{"name": "AMD"}, {"name": "GE"}, {"name": "HON"}, {"name": "MCD"}, {"name": "MSFT"}, {"name": "PYPL"}, {"name": "SAP"}, {"name": "SKX"}, {"name": "SLB"}, {"name": "STI"}], "tags": [{"name": "Consumer Discretionary"}, {"name": "Restaurants"}, {"name": "Stocks To Watch"}, {"name": "Stocks to Watch"}]}, {"id": 8586843, "author": "Benzinga", "created": "Fri, 21 Oct 2016 07:33:36 -0400", "updated": "Fri, 21 Oct 2016 07:33:36 -0400", "title": "A Peek Into The Markets: U.S. Stock Futures Down; McDonald's Earnings In Focus", "teaser": "", "body": "", "url": "https://www.benzinga.com/node/8586843", "image": [], "channels": [{"name": "Earnings"}, {"name": "News"}, {"name": "Guidance"}, {"name": "Eurozone"}, {"name": "Futures"}, {"name": "Global"}, {"name": "Pre-Market Outlook"}, {"name": "Markets"}], "stocks": [{"name": "GE"}, {"name": "HON"}, {"name": "MCD"}, {"name": "MSFT"}, {"name": "PYPL"}, {"name": "YHOO"}], "tags": [{"name": "A Peek Into The Markets"}, {"name": "Consumer Discretionary"}, {"name": "Jefferies"}, {"name": "Restaurants"}, {"name": "U.S. stock futures"}]}, {"id": 8586868, "author": "Benzinga", "created": "Fri, 21 Oct 2016 08:35:39 -0400", "updated": "Fri, 21 Oct 2016 08:35:39 -0400", "title": "Take A Bite Out Of This Fast Food Guide To The Q3 Earnings Season", "teaser": "", "body": "", "url": "https://www.benzinga.com/node/8586868", "image": [], "channels": [{"name": "Earnings"}, {"name": "News"}, {"name": "Previews"}, {"name": "Restaurants"}, {"name": "Movers"}, {"name": "Trading Ideas"}, {"name": "General"}], "stocks": [{"name": "DNKN"}, {"name": "JACK"}, {"name": "MCD"}, {"name": "QSR"}, {"name": "SONC"}, {"name": "WEN"}, {"name": "YUM"}], "tags": [{"name": "Fast Food"}]}, {"id": 8587103, "author": "Benzinga", "created": "Fri, 21 Oct 2016 08:43:57 -0400", "updated": "Fri, 21 Oct 2016 08:43:58 -0400", "title": "16 Stocks Moving In Friday's Pre-Market Session", "teaser": "", "body": "", "url": "https://www.benzinga.com/node/8587103", "image": [], "channels": [{"name": "News"}, {"name": "Movers & Shakers"}, {"name": "Pre-Market Outlook"}, {"name": "Markets"}, {"name": "Movers"}], "stocks": [{"name": "ALKS"}, {"name": "AMD"}, {"name": "BTI"}, {"name": "CSRA"}, {"name": "ERIC"}, {"name": "HIVE"}, {"name": "KLAC"}, {"name": "MBRX"}, {"name": "MCD"}, {"name": "MSFT"}, {"name": "PTCT"}, {"name": "PYPL"}, {"name": "RAI"}, {"name": "SGY"}, {"name": "SID"}, {"name": "SKX"}, {"name": "TWLO"}], "tags": [{"name": "#PreMarket Gainers"}, {"name": "Biotechnology"}, {"name": "Consumer Discretionary"}, {"name": "Health Care"}, {"name": "Losers"}, {"name": "Restaurants"}, {"name": "Top Gainers"}]}, {"id": 8586988, "author": "Benzinga", "created": "Fri, 21 Oct 2016 08:47:10 -0400", "updated": "Fri, 21 Oct 2016 08:47:10 -0400", "title": "Investors Cheer McDonald's Q3 Results", "teaser": "", "body": "", "url": "https://www.benzinga.com/node/8586988", "image": [], "channels": [{"name": "Earnings"}, {"name": "News"}, {"name": "Restaurants"}, {"name": "Movers"}, {"name": "Trading Ideas"}, {"name": "General"}], "stocks": [{"name": "MCD"}], "tags": [{"name": "Steve Easterbrook"}]}, {"id": 8586965, "author": "Benzinga", "created": "Fri, 21 Oct 2016 09:09:07 -0400", "updated": "Fri, 21 Oct 2016 09:09:07 -0400", "title": "The Market In 5 Minutes: Big Earnings In Focus And A Tobacco Giant Is Created", "teaser": "", "body": "", "url": "https://www.benzinga.com/node/8586965", "image": [], "channels": [{"name": "News"}, {"name": "Global"}, {"name": "Top Stories"}, {"name": "Pre-Market Outlook"}, {"name": "Markets"}], "stocks": [{"name": "ALKS"}, {"name": "BTI"}, {"name": "CBS"}, {"name": "CHK"}, {"name": "GE"}, {"name": "GS"}, {"name": "HON"}, {"name": "MCD"}, {"name": "MSFT"}, {"name": "PYPL"}, {"name": "RAI"}, {"name": "SKX"}, {"name": "SLB"}, {"name": "SPY"}, {"name": "UNP"}, {"name": "USO"}, {"name": "VVV"}, {"name": "WMT"}, {"name": "YHOO"}], "tags": [{"name": "the market in 5 minutes"}]}, {"id": 8587122, "author": "Benzinga", "created": "Fri, 21 Oct 2016 09:24:09 -0400", "updated": "Fri, 21 Oct 2016 09:24:10 -0400", "title": "PayPal Keeps Its Bullish Investors Happy In Q3", "teaser": "", "body": "", "url": "https://www.benzinga.com/node/8587122", "image": [], "channels": [{"name": "Analyst Color"}, {"name": "Earnings"}, {"name": "Long Ideas"}, {"name": "News"}, {"name": "Guidance"}, {"name": "Price Target"}, {"name": "Reiteration"}, {"name": "Analyst Ratings"}, {"name": "Movers"}, {"name": "Tech"}, {"name": "Trading Ideas"}], "stocks": [{"name": "MA"}, {"name": "PYPL"}, {"name": "V"}], "tags": [{"name": "Brian Fitzgerald"}, {"name": "Jason Kupferberg"}, {"name": "Jefferies"}, {"name": "Ryan Cary"}]}, {"id": 8587544, "author": "Benzinga", "created": "Fri, 21 Oct 2016 09:48:12 -0400", "updated": "Fri, 21 Oct 2016 09:48:12 -0400", "title": "Mid-Morning Market Update: Markets Open Lower; McDonald's Beats Q3 Estimates", "teaser": "", "body": "", "url": "https://www.benzinga.com/node/8587544", "image": [], "channels": [{"name": "Earnings"}, {"name": "News"}, {"name": "Guidance"}, {"name": "Eurozone"}, {"name": "Commodities"}, {"name": "M&A"}, {"name": "Global"}, {"name": "Intraday Update"}, {"name": "Markets"}, {"name": "Movers"}], "stocks": [{"name": "ALKS"}, {"name": "BTI"}, {"name": "CERC"}, {"name": "DXPE"}, {"name": "HCCI"}, {"name": "MCD"}, {"name": "MO"}, {"name": "RAI"}, {"name": "SGY"}, {"name": "SKX"}, {"name": "STS"}], "tags": [{"name": "Consumer Discretionary"}, {"name": "Mid-Morning Market Update"}, {"name": "Restaurants"}]}, {"id": 8587086, "author": "Benzinga", "created": "Fri, 21 Oct 2016 10:05:52 -0400", "updated": "Fri, 21 Oct 2016 10:05:53 -0400", "title": "Microsoft Doing All The Right Things To Repeat Q1 Success In Q2", "teaser": "", "body": "", "url": "https://www.benzinga.com/node/8587086", "image": [], "channels": [{"name": "Analyst Color"}, {"name": "Earnings"}, {"name": "News"}, {"name": "Short Ideas"}, {"name": "Price Target"}, {"name": "Reiteration"}, {"name": "Analyst Ratings"}, {"name": "Movers"}, {"name": "Tech"}, {"name": "Trading Ideas"}], "stocks": [{"name": "MSFT"}, {"name": "ORCL"}, {"name": "SAP"}], "tags": [{"name": "Citi"}, {"name": "Walter Pritchard"}]}, {"id": 8587658, "author": "Benzinga", "created": "Fri, 21 Oct 2016 10:05:55 -0400", "updated": "Fri, 21 Oct 2016 10:05:55 -0400", "title": "Stocks Hitting 52-Week Highs", "teaser": "", "body": "", "url": "https://www.benzinga.com/node/8587658", "image": [], "channels": [{"name": "News"}, {"name": "Intraday Update"}, {"name": "Markets"}, {"name": "Movers"}], "stocks": [{"name": "BTI"}, {"name": "LFL"}, {"name": "MSFT"}, {"name": "PYPL"}, {"name": "RAI"}], "tags": [{"name": "52 Week Highs"}, {"name": "52-Week Highs"}, {"name": "Airlines"}, {"name": "Industrials"}]}, {"id": 8587157, "author": "Benzinga", "created": "Fri, 21 Oct 2016 10:10:23 -0400", "updated": "Fri, 21 Oct 2016 10:10:23 -0400", "title": "Microsoft's Azure Segment Steps Up To Deliver A Big Q1 Surprise", "teaser": "", "body": "", "url": "https://www.benzinga.com/node/8587157", "image": [], "channels": [{"name": "Analyst Color"}, {"name": "Earnings"}, {"name": "News"}, {"name": "Guidance"}, {"name": "Price Target"}, {"name": "Reiteration"}, {"name": "Analyst Ratings"}, {"name": "Movers"}, {"name": "Tech"}], "stocks": [{"name": "MSFT"}], "tags": [{"name": "Goldman Sachs"}, {"name": "Heather Bellini"}, {"name": "Microsoft Azure"}]}, {"id": 8587807, "author": "Benzinga", "created": "Fri, 21 Oct 2016 10:24:50 -0400", "updated": "Fri, 21 Oct 2016 10:24:50 -0400", "title": "Benzinga's   Volume  Movers", "teaser": "", "body": "", "url": "https://www.benzinga.com/node/8587807", "image": [], "channels": [{"name": "News"}, {"name": "Intraday Update"}, {"name": "Markets"}, {"name": "Movers"}], "stocks": [{"name": "ALKS"}, {"name": "BTI"}, {"name": "EVDY"}, {"name": "JCOM"}, {"name": "MSFT"}, {"name": "RAI"}], "tags": [{"name": "volume movers"}]}, {"id": 8587857, "author": "Benzinga", "created": "Fri, 21 Oct 2016 10:33:31 -0400", "updated": "Fri, 21 Oct 2016 10:33:31 -0400", "title": "Top Performing Industries For October 21, 2016", "teaser": "", "body": "", "url": "https://www.benzinga.com/node/8587857", "image": [], "channels": [{"name": "News"}, {"name": "Intraday Update"}, {"name": "Markets"}, {"name": "Movers"}], "stocks": [{"name": "BTI"}, {"name": "DRWI"}, {"name": "MSFT"}, {"name": "RAI"}, {"name": "SIVB"}], "tags": [{"name": "Top Performing Industries"}]}, {"id": 8587795, "author": "Benzinga", "created": "Fri, 21 Oct 2016 10:36:42 -0400", "updated": "Fri, 21 Oct 2016 10:36:42 -0400", "title": "Benzinga's Volume Movers", "teaser": "", "body": "", "url": "https://www.benzinga.com/node/8587795", "image": [], "channels": [{"name": "News"}, {"name": "Intraday Update"}, {"name": "Markets"}, {"name": "Movers"}], "stocks": [{"name": "ALKS"}, {"name": "BTI"}, {"name": "EVDY"}, {"name": "JCOM"}, {"name": "MSFT"}, {"name": "RAI"}], "tags": [{"name": "volume movers"}]}, {"id": 8587798, "author": "Benzinga", "created": "Fri, 21 Oct 2016 10:36:50 -0400", "updated": "Fri, 21 Oct 2016 10:36:50 -0400", "title": "Benzinga's  Volume Movers", "teaser": "", "body": "", "url": "https://www.benzinga.com/node/8587798", "image": [], "channels": [{"name": "News"}, {"name": "Intraday Update"}, {"name": "Markets"}, {"name": "Movers"}], "stocks": [{"name": "ALKS"}, {"name": "BTI"}, {"name": "EVDY"}, {"name": "JCOM"}, {"name": "MSFT"}, {"name": "RAI"}], "tags": [{"name": "volume movers"}]}, {"id": 8587475, "author": "Benzinga", "created": "Fri, 21 Oct 2016 10:50:59 -0400", "updated": "Fri, 21 Oct 2016 10:50:59 -0400", "title": "All Day Breakfast Should Continue To Be The Focus For McDonald's In Q4", "teaser": "", "body": "", "url": "https://www.benzinga.com/node/8587475", "image": [], "channels": [{"name": "Analyst Color"}, {"name": "Earnings"}, {"name": "Long Ideas"}, {"name": "News"}, {"name": "Price Target"}, {"name": "Reiteration"}, {"name": "Restaurants"}, {"name": "Analyst Ratings"}, {"name": "Movers"}, {"name": "Trading Ideas"}, {"name": "General"}], "stocks": [{"name": "MCD"}], "tags": [{"name": "Stephens"}, {"name": "Will Slabaugh"}]}, {"id": 8588147, "author": "Benzinga", "created": "Fri, 21 Oct 2016 11:18:04 -0400", "updated": "Fri, 21 Oct 2016 11:18:05 -0400", "title": "Markets Struggle To Find Direction; Microsoft Shares Hit All-Time High, McDonald's Climbs Too", "teaser": "", "body": "", "url": "https://www.benzinga.com/node/8588147", "image": [], "channels": [{"name": "News"}, {"name": "Commodities"}, {"name": "M&A"}, {"name": "Markets"}, {"name": "ETFs"}, {"name": "General"}], "stocks": [{"name": "BTI"}, {"name": "MCD"}, {"name": "MSFT"}, {"name": "RAI"}], "tags": [{"name": "Consumer Discretionary"}, {"name": "Restaurants"}]}, {"id": 8574774, "author": "Benzinga", "created": "Fri, 21 Oct 2016 12:05:25 -0400", "updated": "Fri, 21 Oct 2016 12:05:26 -0400", "title": "The Mad Search For Yield: TDA's JJ Kinahan Discusses September IMX Results", "teaser": "", "body": "", "url": "https://www.benzinga.com/node/8574774", "image": [], "channels": [{"name": "Long Ideas"}, {"name": "News"}, {"name": "Bonds"}, {"name": "Dividends"}, {"name": "Exclusives"}, {"name": "Markets"}, {"name": "Movers"}, {"name": "Tech"}, {"name": "Trading Ideas"}, {"name": "ETFs"}], "stocks": [{"name": "AAPL"}, {"name": "BABA"}, {"name": "FB"}, {"name": "NFLX"}, {"name": "QQQ"}, {"name": "SPX"}, {"name": "SPY"}, {"name": "T"}, {"name": "VIX"}, {"name": "VZ"}], "tags": [{"name": "IMX"}, {"name": "JJ Kinahan"}, {"name": "TD Ameritrade"}, {"name": "TDA"}]}, {"id": 8588426, "author": "Benzinga", "created": "Fri, 21 Oct 2016 12:11:02 -0400", "updated": "Fri, 21 Oct 2016 12:11:03 -0400", "title": "Mid-Day Market Update: Alkermes Surges Following Positive Data For Depression Drug Trial; Stone Energy Shares Slide", "teaser": "", "body": "", "url": "https://www.benzinga.com/node/8588426", "image": [], "channels": [{"name": "Earnings"}, {"name": "News"}, {"name": "Guidance"}, {"name": "Eurozone"}, {"name": "Commodities"}, {"name": "M&A"}, {"name": "Global"}, {"name": "Intraday Update"}, {"name": "Markets"}, {"name": "Movers"}], "stocks": [{"name": "ALKS"}, {"name": "BTI"}, {"name": "CEL"}, {"name": "CZZ"}, {"name": "KNL"}, {"name": "MCD"}, {"name": "RAI"}, {"name": "SGY"}, {"name": "SKX"}, {"name": "STS"}, {"name": "T"}], "tags": [{"name": "Consumer Discretionary"}, {"name": "Mid-Day Market Update"}, {"name": "Restaurants"}]}, {"id": 8588568, "author": "Benzinga", "created": "Fri, 21 Oct 2016 12:47:34 -0400", "updated": "Fri, 21 Oct 2016 12:47:34 -0400", "title": "15 Biggest Mid-Day Gainers For Friday", "teaser": "", "body": "", "url": "https://www.benzinga.com/node/8588568", "image": [], "channels": [{"name": "News"}, {"name": "Intraday Update"}, {"name": "Markets"}, {"name": "Movers"}], "stocks": [{"name": "ALKS"}, {"name": "BTI"}, {"name": "CERC"}, {"name": "CLS"}, {"name": "CXRX"}, {"name": "EVDY"}, {"name": "HMNY"}, {"name": "JCOM"}, {"name": "KLAC"}, {"name": "KNL"}, {"name": "MCD"}, {"name": "MSFT"}, {"name": "OPGN"}, {"name": "PYPL"}, {"name": "RAI"}, {"name": "SIVB"}, {"name": "T"}, {"name": "TWX"}], "tags": [{"name": "Consumer Discretionary"}, {"name": "Mid-Day Gainers"}, {"name": "Restaurants"}, {"name": "Top Gainers"}]}, {"id": 8587938, "author": "Benzinga", "created": "Fri, 21 Oct 2016 13:12:06 -0400", "updated": "Fri, 21 Oct 2016 13:12:06 -0400", "title": "The Street Is Gaining Confidence In Microsoft's Cloud Business", "teaser": "", "body": "", "url": "https://www.benzinga.com/node/8587938", "image": [], "channels": [{"name": "Analyst Color"}, {"name": "Earnings"}, {"name": "Long Ideas"}, {"name": "News"}, {"name": "Upgrades"}, {"name": "Price Target"}, {"name": "Analyst Ratings"}, {"name": "Movers"}, {"name": "Tech"}, {"name": "Trading Ideas"}], "stocks": [{"name": "MSFT"}], "tags": [{"name": "cloud"}, {"name": "cloud computing"}, {"name": "cloud technology"}, {"name": "Jason Ader"}, {"name": "William Blair"}]}, {"id": 8587942, "author": "Benzinga", "created": "Fri, 21 Oct 2016 13:26:58 -0400", "updated": "Fri, 21 Oct 2016 13:26:58 -0400", "title": "Tech Earnings Reflect Conscious Attempts At Circumventing Headwinds", "teaser": "", "body": "", "url": "https://www.benzinga.com/node/8587942", "image": [], "channels": [{"name": "Earnings"}, {"name": "News"}, {"name": "Sector ETFs"}, {"name": "Guidance"}, {"name": "Movers"}, {"name": "Tech"}, {"name": "Trading Ideas"}, {"name": "ETFs"}], "stocks": [{"name": "EBAY"}, {"name": "IBM"}, {"name": "INTC"}, {"name": "MSFT"}, {"name": "NFLX"}, {"name": "PYPL"}, {"name": "STX"}, {"name": "XLK"}, {"name": "YHOO"}], "tags": []}, {"id": 8588112, "author": "Benzinga", "created": "Fri, 21 Oct 2016 13:40:54 -0400", "updated": "Fri, 21 Oct 2016 13:40:55 -0400", "title": "McDonald's Q3 Shows Some Concerning Trends", "teaser": "", "body": "", "url": "https://www.benzinga.com/node/8588112", "image": [], "channels": [{"name": "Earnings"}, {"name": "News"}, {"name": "Guidance"}, {"name": "Restaurants"}, {"name": "Movers"}, {"name": "Media"}, {"name": "Trading Ideas"}, {"name": "General"}], "stocks": [{"name": "MCD"}], "tags": [{"name": "Bloomberg Gadfly"}, {"name": "McDonald's All Day Breakfast"}, {"name": "McDonald's Earnings"}, {"name": "mcdonalds"}, {"name": "Shelly Banjo"}]}, {"id": 8588139, "author": "Benzinga", "created": "Fri, 21 Oct 2016 13:46:35 -0400", "updated": "Fri, 21 Oct 2016 13:46:35 -0400", "title": "Competitive Pressure Keeps Goldman's Sidelined On Verizon Shares", "teaser": "", "body": "", "url": "https://www.benzinga.com/node/8588139", "image": [], "channels": [{"name": "Analyst Color"}, {"name": "Earnings"}, {"name": "News"}, {"name": "Price Target"}, {"name": "Reiteration"}, {"name": "Analyst Ratings"}, {"name": "Movers"}, {"name": "Tech"}], "stocks": [{"name": "VZ"}], "tags": [{"name": "Brett Feldman"}, {"name": "Goldman Sachs"}]}, {"id": 8588144, "author": "Benzinga", "created": "Fri, 21 Oct 2016 14:20:01 -0400", "updated": "Fri, 21 Oct 2016 14:20:01 -0400", "title": "Big Carrier Earnings: 2 Down, 2 To Go", "teaser": "", "body": "", "url": "https://www.benzinga.com/node/8588144", "image": [], "channels": [{"name": "Earnings"}, {"name": "News"}, {"name": "Guidance"}, {"name": "Previews"}, {"name": "Movers"}, {"name": "Tech"}, {"name": "Trading Ideas"}], "stocks": [{"name": "S"}, {"name": "T"}, {"name": "TMUS"}, {"name": "VZ"}], "tags": [{"name": "carriers"}, {"name": "telecommunication"}]}, {"id": 8588801, "author": "Benzinga", "created": "Fri, 21 Oct 2016 14:30:58 -0400", "updated": "Fri, 21 Oct 2016 14:30:59 -0400", "title": "Mid-Afternoon Market Update: Skechers Falls On Earnings Miss; Reynolds American Shares Spike Higher", "teaser": "", "body": "", "url": "https://www.benzinga.com/node/8588801", "image": [], "channels": [{"name": "Earnings"}, {"name": "News"}, {"name": "Guidance"}, {"name": "Eurozone"}, {"name": "Commodities"}, {"name": "M&A"}, {"name": "Global"}, {"name": "Intraday Update"}, {"name": "Markets"}, {"name": "Movers"}], "stocks": [{"name": "ALKS"}, {"name": "BTI"}, {"name": "DCM"}, {"name": "EVDY"}, {"name": "JCOM"}, {"name": "MCD"}, {"name": "RAI"}, {"name": "SAM"}, {"name": "SGY"}, {"name": "SKX"}, {"name": "STS"}, {"name": "T"}], "tags": [{"name": "Consumer Discretionary"}, {"name": "Mid-Afternoon Market Update"}, {"name": "Restaurants"}]}, {"id": 8588598, "author": "Benzinga", "created": "Fri, 21 Oct 2016 14:32:02 -0400", "updated": "Fri, 21 Oct 2016 14:32:02 -0400", "title": "Microsoft Shares Rally Amid Earnings; What Do The Analysts Think?", "teaser": "", "body": "", "url": "https://www.benzinga.com/node/8588598", "image": [], "channels": [{"name": "Analyst Color"}, {"name": "Earnings"}, {"name": "Long Ideas"}, {"name": "News"}, {"name": "Guidance"}, {"name": "Short Ideas"}, {"name": "Upgrades"}, {"name": "Price Target"}, {"name": "Reiteration"}, {"name": "Analyst Ratings"}, {"name": "Movers"}, {"name": "Tech"}, {"name": "Trading Ideas"}], "stocks": [{"name": "MSFT"}], "tags": [{"name": "Barclays"}, {"name": "Citi"}, {"name": "Goldman Sachs"}, {"name": "Jefferies"}, {"name": "William Blair"}, {"name": "Wunderlich"}]}, {"id": 8588566, "author": "Benzinga", "created": "Fri, 21 Oct 2016 15:00:13 -0400", "updated": "Fri, 21 Oct 2016 15:00:13 -0400", "title": "Large-Cap Wall Street Stalwarts Consider Consolidation", "teaser": "", "body": "", "url": "https://www.benzinga.com/node/8588566", "image": [], "channels": [{"name": "News"}, {"name": "Rumors"}, {"name": "M&A"}, {"name": "Media"}, {"name": "Trading Ideas"}], "stocks": [{"name": "BTI"}, {"name": "BUD"}, {"name": "CBS"}, {"name": "RAI"}, {"name": "STZ"}, {"name": "T"}, {"name": "TAP"}, {"name": "TWX"}, {"name": "VIAB"}, {"name": "VZ"}, {"name": "YHOO"}], "tags": []}, {"id": 8588564, "author": "Benzinga", "created": "Fri, 21 Oct 2016 15:07:55 -0400", "updated": "Fri, 21 Oct 2016 15:07:56 -0400", "title": "Walgreens Management Confidence In Rite Aid Merger Overshadows Growth Concerns", "teaser": "", "body": "", "url": "https://www.benzinga.com/node/8588564", "image": [], "channels": [{"name": "Analyst Color"}, {"name": "News"}, {"name": "Price Target"}, {"name": "Reiteration"}, {"name": "M&A"}, {"name": "Analyst Ratings"}, {"name": "Movers"}], "stocks": [{"name": "RAD"}, {"name": "WBA"}], "tags": [{"name": "Barclays"}]}, {"id": 8588570, "author": "Benzinga", "created": "Fri, 21 Oct 2016 15:13:34 -0400", "updated": "Fri, 21 Oct 2016 15:13:35 -0400", "title": "Verizon's Wireless Segment Facing Pressure While Wireline Shows Promise", "teaser": "", "body": "", "url": "https://www.benzinga.com/node/8588570", "image": [], "channels": [{"name": "Analyst Color"}, {"name": "Earnings"}, {"name": "Long Ideas"}, {"name": "News"}, {"name": "Price Target"}, {"name": "Reiteration"}, {"name": "Analyst Ratings"}, {"name": "Movers"}, {"name": "Tech"}, {"name": "Trading Ideas"}], "stocks": [{"name": "AAPL"}, {"name": "S"}, {"name": "TMUS"}, {"name": "VZ"}], "tags": [{"name": "Morgan Stanley"}, {"name": "Simon Flannery"}]}, {"id": 8588848, "author": "Benzinga", "created": "Fri, 21 Oct 2016 15:25:54 -0400", "updated": "Fri, 21 Oct 2016 15:25:55 -0400", "title": "Will The Other Credit Card Stocks Mirror The Q3 Success Of American Express?", "teaser": "", "body": "", "url": "https://www.benzinga.com/node/8588848", "image": [], "channels": [{"name": "Earnings"}, {"name": "News"}, {"name": "Previews"}, {"name": "Trading Ideas"}], "stocks": [{"name": "AXP"}, {"name": "COF"}, {"name": "COST"}, {"name": "DFS"}, {"name": "MA"}, {"name": "V"}], "tags": [{"name": "Vetr"}]}, {"id": 8588604, "author": "Benzinga", "created": "Fri, 21 Oct 2016 15:33:14 -0400", "updated": "Fri, 21 Oct 2016 15:33:15 -0400", "title": "All The Sell-Side Sentiment On Verizon Following Q3 Results", "teaser": "", "body": "", "url": "https://www.benzinga.com/node/8588604", "image": [], "channels": [{"name": "Analyst Color"}, {"name": "Earnings"}, {"name": "Long Ideas"}, {"name": "News"}, {"name": "Price Target"}, {"name": "Reiteration"}, {"name": "Analyst Ratings"}, {"name": "Movers"}, {"name": "Tech"}, {"name": "Trading Ideas"}], "stocks": [{"name": "VZ"}], "tags": [{"name": "Telecommunication Earnings"}, {"name": "Telecommunication Stocks"}, {"name": "Verizon"}, {"name": "Verizon Earnings"}]}, {"id": 8588731, "author": "Benzinga", "created": "Fri, 21 Oct 2016 16:11:33 -0400", "updated": "Fri, 21 Oct 2016 16:11:33 -0400", "title": "Microsoft On The Brink Of 'Inflection Point' In Cloud Services", "teaser": "", "body": "", "url": "https://www.benzinga.com/node/8588731", "image": [], "channels": [{"name": "Analyst Color"}, {"name": "Earnings"}, {"name": "Long Ideas"}, {"name": "News"}, {"name": "Price Target"}, {"name": "Analyst Ratings"}, {"name": "Movers"}, {"name": "Tech"}, {"name": "Trading Ideas"}], "stocks": [{"name": "MSFT"}], "tags": [{"name": "cloud"}, {"name": "cloud computing"}, {"name": "cloud technology"}]}, {"id": 8588957, "author": "Benzinga", "created": "Fri, 21 Oct 2016 16:35:01 -0400", "updated": "Fri, 21 Oct 2016 16:35:01 -0400", "title": "CommonBond Announces $168 Million Loan Securitization", "teaser": "", "body": "", "url": "https://www.benzinga.com/node/8588957", "image": [], "channels": [{"name": "Fintech"}, {"name": "News"}, {"name": "Financing"}, {"name": "Tech"}, {"name": "General"}], "stocks": [{"name": "BCS"}, {"name": "GS"}, {"name": "MCO"}], "tags": [{"name": "Citi"}, {"name": "CommonBond"}, {"name": "Gradible"}, {"name": "Morgan Edwards"}, {"name": "Phil DeGisi"}, {"name": "Thomson Reuters"}, {"name": "Tom Glocer"}, {"name": "Vikram Pandit"}]}, {"id": 8588952, "author": "Benzinga", "created": "Fri, 21 Oct 2016 16:45:07 -0400", "updated": "Fri, 21 Oct 2016 16:45:08 -0400", "title": "Merck Has An Upcoming PDUFA Date For Bezlotoxumab", "teaser": "", "body": "", "url": "https://www.benzinga.com/node/8588952", "image": [], "channels": [{"name": "Biotech"}, {"name": "News"}, {"name": "Health Care"}, {"name": "FDA"}, {"name": "Events"}, {"name": "General"}], "stocks": [{"name": "MRK"}], "tags": [{"name": "Bezlotoxumab"}]}, {"id": 8588727, "author": "Benzinga", "created": "Fri, 21 Oct 2016 16:55:19 -0400", "updated": "Fri, 21 Oct 2016 16:55:20 -0400", "title": "The Best Is Still To Come From Microsoft", "teaser": "", "body": "", "url": "https://www.benzinga.com/node/8588727", "image": [], "channels": [{"name": "Analyst Color"}, {"name": "Earnings"}, {"name": "Long Ideas"}, {"name": "News"}, {"name": "Guidance"}, {"name": "Upgrades"}, {"name": "Price Target"}, {"name": "Analyst Ratings"}, {"name": "Movers"}, {"name": "Tech"}, {"name": "Trading Ideas"}], "stocks": [{"name": "LNKD"}, {"name": "MSFT"}], "tags": [{"name": "Ryan MacDonald"}, {"name": "wunderlich securites"}]}]