[{"id": 7854492, "author": "Benzinga", "created": "Tue, 19 Apr 2016 04:01:48 -0400", "updated": "Tue, 19 Apr 2016 04:01:48 -0400", "title": "Earnings Scheduled For April 19, 2016", "teaser": "", "body": "", "url": "https://www.benzinga.com/node/7854492", "image": [], "channels": [{"name": "Earnings"}, {"name": "News"}, {"name": "Pre-Market Outlook"}, {"name": "Markets"}], "stocks": [{"name": "AMTD"}, {"name": "CAMP"}, {"name": "CMA"}, {"name": "DFS"}, {"name": "EAT"}, {"name": "EDU"}, {"name": "FULT"}, {"name": "GPC"}, {"name": "GS"}, {"name": "HBHC"}, {"name": "HOG"}, {"name": "IBKR"}, {"name": "INTC"}, {"name": "ISRG"}, {"name": "JNJ"}, {"name": "KSU"}, {"name": "LECO"}, {"name": "LLTC"}, {"name": "MANH"}, {"name": "NAVI"}, {"name": "NTRS"}, {"name": "OMC"}, {"name": "PM"}, {"name": "SNV"}, {"name": "TTS"}, {"name": "UBNK"}, {"name": "UNH"}, {"name": "VMW"}, {"name": "WBS"}, {"name": "WWD"}, {"name": "YHOO"}], "tags": [{"name": "Application Software"}, {"name": "Earnings schedule"}, {"name": "Information Technology"}, {"name": "Semiconductors"}]}, {"id": 7854585, "author": "Benzinga", "created": "Tue, 19 Apr 2016 04:56:18 -0400", "updated": "Tue, 19 Apr 2016 04:56:18 -0400", "title": "Keep an Eye on These 10 Stocks for April 19, 2016", "teaser": "", "body": "", "url": "https://www.benzinga.com/node/7854585", "image": [], "channels": [{"name": "Earnings"}, {"name": "News"}, {"name": "Guidance"}, {"name": "Pre-Market Outlook"}, {"name": "Markets"}, {"name": "Trading Ideas"}], "stocks": [{"name": "GS"}, {"name": "HOG"}, {"name": "IBM"}, {"name": "INTC"}, {"name": "JNJ"}, {"name": "NFLX"}, {"name": "PM"}, {"name": "RMBS"}, {"name": "UNH"}, {"name": "YHOO"}], "tags": [{"name": "Stocks To Watch"}, {"name": "Stocks to Watch"}]}, {"id": 7854877, "author": "Benzinga", "created": "Tue, 19 Apr 2016 06:14:05 -0400", "updated": "Tue, 19 Apr 2016 06:19:41 -0400", "title": "Apple to Pay $24.9M Under Settlement Agreement With Marathon Patent Group Subsidiary", "teaser": "", "body": "", "url": "https://www.benzinga.com/node/7854877", "image": [], "channels": [{"name": "News"}, {"name": "Legal"}], "stocks": [{"name": "AAPL"}, {"name": "MARA"}], "tags": []}, {"id": 7854954, "author": "Benzinga", "created": "Tue, 19 Apr 2016 07:05:22 -0400", "updated": "Tue, 19 Apr 2016 07:05:23 -0400", "title": "IBM Closes Aperto Acquisition", "teaser": "", "body": "", "url": "https://www.benzinga.com/node/7854954", "image": [], "channels": [{"name": "News"}, {"name": "M&A"}, {"name": "Tech"}], "stocks": [{"name": "IBM"}], "tags": []}, {"id": 7854903, "author": "Benzinga", "created": "Tue, 19 Apr 2016 07:06:40 -0400", "updated": "Tue, 19 Apr 2016 07:06:41 -0400", "title": "UnitedHealth Q1 Adjusted EPS And Revenues Top Expectations, Guides Full Year Above Consensus", "teaser": "", "body": "", "url": "https://www.benzinga.com/node/7854903", "image": [], "channels": [{"name": "Earnings"}, {"name": "News"}, {"name": "Guidance"}], "stocks": [{"name": "UNH"}], "tags": []}, {"id": 7855128, "author": "Benzinga", "created": "Tue, 19 Apr 2016 07:49:56 -0400", "updated": "Tue, 19 Apr 2016 07:49:56 -0400", "title": "Johnson & Johnson Q1 Adjusted EPS Tops Estimations, Boosts Full Year Outlook", "teaser": "", "body": "", "url": "https://www.benzinga.com/node/7855128", "image": [], "channels": [{"name": "Earnings"}, {"name": "News"}, {"name": "Guidance"}], "stocks": [{"name": "JNJ"}], "tags": []}, {"id": 7853994, "author": "Benzinga", "created": "Tue, 19 Apr 2016 08:00:26 -0400", "updated": "Tue, 19 Apr 2016 08:00:26 -0400", "title": "Networks Prepare To Chase Mel Gibson, Kurt Russell TV Series About 'Barbary Coast'", "teaser": "", "body": "", "url": "https://www.benzinga.com/node/7853994", "image": [], "channels": [{"name": "News"}], "stocks": [{"name": "AMZN"}, {"name": "CBS"}, {"name": "DIS"}, {"name": "NFLX"}, {"name": "TWX"}], "tags": [{"name": "Kurt Russell"}, {"name": "Mel Gibson"}]}, {"id": 7855503, "author": "Benzinga", "created": "Tue, 19 Apr 2016 08:10:57 -0400", "updated": "Tue, 19 Apr 2016 08:15:20 -0400", "title": "12 Stocks Moving In Tuesday's Pre-Market Session", "teaser": "", "body": "", "url": "https://www.benzinga.com/node/7855503", "image": [], "channels": [{"name": "News"}, {"name": "Movers & Shakers"}, {"name": "Pre-Market Outlook"}, {"name": "Markets"}, {"name": "Movers"}], "stocks": [{"name": "AAOI"}, {"name": "EBAY"}, {"name": "HOG"}, {"name": "IBM"}, {"name": "ILMN"}, {"name": "NFLX"}, {"name": "RMBS"}, {"name": "SAVE"}, {"name": "SCTY"}, {"name": "SGYP"}, {"name": "TTS"}, {"name": "UNH"}], "tags": [{"name": "#PreMarket Gainers"}, {"name": "#PreMarket Losers"}, {"name": "Top Gainers"}]}, {"id": 7852566, "author": "Benzinga", "created": "Tue, 19 Apr 2016 08:32:24 -0400", "updated": "Tue, 19 Apr 2016 08:32:46 -0400", "title": "Media Execs Continue To Be The Most Highly Paid Regardless Of Stock Price", "teaser": "", "body": "", "url": "https://www.benzinga.com/node/7852566", "image": [], "channels": [{"name": "News"}, {"name": "Education"}, {"name": "Management"}, {"name": "Tech"}, {"name": "General"}], "stocks": [{"name": "CBS"}, {"name": "CMCSA"}, {"name": "DIS"}, {"name": "DISCA"}, {"name": "VIAB"}], "tags": [{"name": "Brian Roberts"}, {"name": "David Zaslav"}, {"name": "Les Moonves"}, {"name": "Philippe Pierre Dauman"}, {"name": "Robert Iger"}]}, {"id": 7853986, "author": "Benzinga", "created": "Tue, 19 Apr 2016 08:57:35 -0400", "updated": "Tue, 19 Apr 2016 08:57:35 -0400", "title": "New Guggenheim ETF Targets Optimized Large-Cap Diversity", "teaser": "", "body": "", "url": "https://www.benzinga.com/node/7853986", "image": [], "channels": [{"name": "Long Ideas"}, {"name": "News"}, {"name": "Broad U.S. Equity ETFs"}, {"name": "New ETFs"}, {"name": "Markets"}, {"name": "Trading Ideas"}, {"name": "ETFs"}], "stocks": [{"name": "CPB"}, {"name": "KMI"}, {"name": "NEM"}, {"name": "OPD"}, {"name": "VZ"}], "tags": [{"name": "Create-Research"}, {"name": "Guggenheim Investments"}, {"name": "Guggenheim Large Cap Optimized Diversification ETF"}, {"name": "OPD"}, {"name": "Smart beta ETFs"}, {"name": "strategic beta ETFs"}, {"name": "Wilshire Large Cap Optimized Diversification Index"}]}, {"id": 7852981, "author": "Benzinga", "created": "Tue, 19 Apr 2016 09:19:29 -0400", "updated": "Tue, 19 Apr 2016 09:19:29 -0400", "title": "McDonald's Vs. Starbucks: Which Earnings Will Be Tastier?", "teaser": "", "body": "", "url": "https://www.benzinga.com/node/7852981", "image": [], "channels": [{"name": "Earnings"}, {"name": "News"}, {"name": "Previews"}, {"name": "Restaurants"}, {"name": "Crowdsourcing"}, {"name": "Tech"}, {"name": "Trading Ideas"}, {"name": "General"}], "stocks": [{"name": "MCD"}, {"name": "SBUX"}], "tags": [{"name": "3M"}, {"name": "Alphabet"}, {"name": "American Airlines"}, {"name": "American Express"}, {"name": "Apple"}, {"name": "AT&T"}, {"name": "Boeing"}, {"name": "Caterpillar"}, {"name": "Coca-cola"}, {"name": "Comcast"}, {"name": "Earnings Expectations"}, {"name": "EBAY"}, {"name": "eli lilly"}, {"name": "Exxon Mobil"}, {"name": "Facebook"}, {"name": "Ford"}, {"name": "General Electric"}, {"name": "General Motors"}, {"name": "Google"}, {"name": "Intel"}, {"name": "marriott"}, {"name": "McDonald's"}, {"name": "Microsoft"}, {"name": "procter & gamble"}, {"name": "Southwest Airlines"}, {"name": "Starbucks"}, {"name": "Verizon"}, {"name": "Xerox"}, {"name": "Yahoo"}]}, {"id": 7855760, "author": "Benzinga", "created": "Tue, 19 Apr 2016 09:38:51 -0400", "updated": "Tue, 19 Apr 2016 09:38:51 -0400", "title": "Verizon, TPG, YP Holdings All Want Yahoo; Company Warns Of Search Engine Revenue Drop", "teaser": "", "body": "", "url": "https://www.benzinga.com/node/7855760", "image": [], "channels": [{"name": "News"}, {"name": "Rumors"}, {"name": "Asset Sales"}, {"name": "Tech"}, {"name": "Trading Ideas"}], "stocks": [{"name": "VZ"}, {"name": "YHOO"}], "tags": [{"name": "AOL"}, {"name": "Bloomberg"}, {"name": "New York Post"}, {"name": "Reverse Morris Trust"}, {"name": "TPG"}, {"name": "Verizon Yahoo"}, {"name": "Yahoo"}, {"name": "Yahoo Asset Sales"}, {"name": "Yahoo Post"}, {"name": "Yahoo search"}, {"name": "YP Holdings"}]}, {"id": 7853091, "author": "Benzinga", "created": "Tue, 19 Apr 2016 09:44:38 -0400", "updated": "Tue, 19 Apr 2016 09:44:39 -0400", "title": "If Apple Adopts OLED It Could Benefit These Stocks, Says HSBC", "teaser": "", "body": "", "url": "https://www.benzinga.com/node/7853091", "image": [], "channels": [{"name": "Analyst Color"}, {"name": "News"}, {"name": "Rumors"}, {"name": "Analyst Ratings"}, {"name": "Movers"}, {"name": "Tech"}, {"name": "Trading Ideas"}], "stocks": [{"name": "AAPL"}, {"name": "SSNLF"}], "tags": [{"name": "Duksan Neolux"}, {"name": "HSBC"}, {"name": "iPhone"}, {"name": "Korea Herald"}, {"name": "MacRumors"}, {"name": "OLED"}, {"name": "Ricky Seo"}, {"name": "SFA Engineering Corp"}]}, {"id": 7856203, "author": "Benzinga", "created": "Tue, 19 Apr 2016 09:53:55 -0400", "updated": "Tue, 19 Apr 2016 09:53:55 -0400", "title": "Mid-Morning Market Update: Markets Mostly Higher; Goldman Sachs Profit Beats Views", "teaser": "", "body": "", "url": "https://www.benzinga.com/node/7856203", "image": [], "channels": [{"name": "Earnings"}, {"name": "News"}, {"name": "Guidance"}, {"name": "Eurozone"}, {"name": "Commodities"}, {"name": "Global"}, {"name": "Intraday Update"}, {"name": "Markets"}, {"name": "Movers"}], "stocks": [{"name": "AAOI"}, {"name": "AAPL"}, {"name": "AGYS"}, {"name": "BMI"}, {"name": "CPST"}, {"name": "EXK"}, {"name": "GS"}, {"name": "ILMN"}, {"name": "MARA"}, {"name": "PAAS"}, {"name": "RMBS"}, {"name": "TTS"}], "tags": [{"name": "Mid-Morning Market Update"}]}, {"id": 7856014, "author": "Benzinga", "created": "Tue, 19 Apr 2016 10:23:22 -0400", "updated": "Tue, 19 Apr 2016 10:23:56 -0400", "title": "The Market In 5 Minutes: Netflix And IBM Get Big Tech Earnings Off On A Rough Start", "teaser": "", "body": "", "url": "https://www.benzinga.com/node/7856014", "image": [], "channels": [{"name": "News"}, {"name": "Events"}, {"name": "Global"}, {"name": "Top Stories"}], "stocks": [{"name": "ASH"}, {"name": "BAC"}, {"name": "C"}, {"name": "CVS"}, {"name": "DVN"}, {"name": "EBAY"}, {"name": "F"}, {"name": "GM"}, {"name": "GS"}, {"name": "IBM"}, {"name": "JACK"}, {"name": "NFLX"}, {"name": "P"}, {"name": "PNRA"}, {"name": "TSLA"}, {"name": "UAL"}, {"name": "VRX"}, {"name": "WFC"}, {"name": "YHOO"}], "tags": [{"name": "the market in 5 minutes"}]}, {"id": 7856116, "author": "Benzinga", "created": "Tue, 19 Apr 2016 10:33:26 -0400", "updated": "Tue, 19 Apr 2016 10:33:26 -0400", "title": "iPhone Shipments Down ~44% From Q4 To Q1, According To This Study", "teaser": "", "body": "", "url": "https://www.benzinga.com/node/7856116", "image": [], "channels": [{"name": "News"}, {"name": "Global"}, {"name": "Tech"}], "stocks": [{"name": "AAPL"}], "tags": [{"name": "Avril Wu"}, {"name": "Galaxy S7"}, {"name": "iPhone Shipments"}, {"name": "Samsung"}, {"name": "Smartphone Shipments"}, {"name": "TrendForce"}]}, {"id": 7856498, "author": "Benzinga", "created": "Tue, 19 Apr 2016 10:38:21 -0400", "updated": "Tue, 19 Apr 2016 10:38:22 -0400", "title": "All Eyes on Markets: They're Reaching for Fresh Highs", "teaser": "", "body": "", "url": "https://www.benzinga.com/node/7856498", "image": [], "channels": [{"name": "Analyst Color"}, {"name": "Earnings"}, {"name": "News"}, {"name": "Commodities"}, {"name": "Markets"}, {"name": "Analyst Ratings"}], "stocks": [{"name": "JNJ"}], "tags": []}, {"id": 7856475, "author": "Benzinga", "created": "Tue, 19 Apr 2016 11:05:50 -0400", "updated": "Tue, 19 Apr 2016 11:05:50 -0400", "title": "T-Mobile Won The U.S. Growth Battle Last Quarter", "teaser": "", "body": "", "url": "https://www.benzinga.com/node/7856475", "image": [], "channels": [{"name": "News"}, {"name": "Tech"}], "stocks": [{"name": "S"}, {"name": "T"}, {"name": "TMUS"}, {"name": "VZ"}], "tags": [{"name": "CIRP"}, {"name": "Consumer Intelligence Research Partners"}, {"name": "Josh Lowitz"}, {"name": "Mike Levin"}, {"name": "mobile subscribers"}]}, {"id": 7856641, "author": "Benzinga", "created": "Tue, 19 Apr 2016 11:06:05 -0400", "updated": "Tue, 19 Apr 2016 11:06:07 -0400", "title": "Earnings: Are INTC, YHOO Ready for the Street?", "teaser": "", "body": "", "url": "https://www.benzinga.com/node/7856641", "image": [], "channels": [{"name": "Analyst Color"}, {"name": "News"}, {"name": "Events"}, {"name": "Analyst Ratings"}], "stocks": [{"name": "INTC"}, {"name": "YHOO"}], "tags": []}, {"id": 7854000, "author": "Benzinga", "created": "Tue, 19 Apr 2016 12:04:41 -0400", "updated": "Tue, 19 Apr 2016 12:04:41 -0400", "title": "Goldman Tops 2015 Rookie Smart Beta Entrants", "teaser": "", "body": "", "url": "https://www.benzinga.com/node/7854000", "image": [], "channels": [{"name": "Long Ideas"}, {"name": "News"}, {"name": "Broad U.S. Equity ETFs"}, {"name": "New ETFs"}, {"name": "Intraday Update"}, {"name": "Markets"}, {"name": "Trading Ideas"}, {"name": "ETFs"}], "stocks": [{"name": "GEM"}, {"name": "GS"}, {"name": "GSEU"}, {"name": "GSJY"}, {"name": "GSLC"}, {"name": "JPM"}, {"name": "LM"}, {"name": "SPY"}], "tags": [{"name": "Asset Management & Custody Banks"}, {"name": "Financials"}]}, {"id": 7856957, "author": "Benzinga", "created": "Tue, 19 Apr 2016 12:09:28 -0400", "updated": "Tue, 19 Apr 2016 12:09:29 -0400", "title": "Foxconn Subsidiary Said To Obtain License To Open Retail Outlets To Sell Apple Products In China", "teaser": "", "body": "", "url": "https://www.benzinga.com/node/7856957", "image": [], "channels": [{"name": "News"}, {"name": "Rumors"}, {"name": "Tech"}], "stocks": [{"name": "AAPL"}], "tags": [{"name": "Digitimes"}, {"name": "foxconn"}, {"name": "Foxconn Retail Stores"}]}, {"id": 7857035, "author": "Benzinga", "created": "Tue, 19 Apr 2016 12:12:46 -0400", "updated": "Tue, 19 Apr 2016 12:12:47 -0400", "title": "Could Apple Cut? UBS Concerned About June Guidance", "teaser": "", "body": "", "url": "https://www.benzinga.com/node/7857035", "image": [], "channels": [{"name": "Analyst Color"}, {"name": "Long Ideas"}, {"name": "News"}, {"name": "Guidance"}, {"name": "Price Target"}, {"name": "Reiteration"}, {"name": "Analyst Ratings"}, {"name": "Tech"}, {"name": "Trading Ideas"}], "stocks": [{"name": "AAPL"}], "tags": [{"name": "iPad"}, {"name": "iPhone"}, {"name": "Macs"}, {"name": "Steven Milunovich"}, {"name": "UBS"}]}, {"id": 7857227, "author": "Benzinga", "created": "Tue, 19 Apr 2016 12:17:34 -0400", "updated": "Tue, 19 Apr 2016 12:17:34 -0400", "title": "Mid-Day Market Update: Badger Meter Rises Following Earnings Beat; Netflix Shares Drop", "teaser": "", "body": "", "url": "https://www.benzinga.com/node/7857227", "image": [], "channels": [{"name": "Earnings"}, {"name": "News"}, {"name": "Guidance"}, {"name": "Eurozone"}, {"name": "Commodities"}, {"name": "Global"}, {"name": "Intraday Update"}, {"name": "Markets"}, {"name": "Movers"}], "stocks": [{"name": "AAOI"}, {"name": "AAPL"}, {"name": "ADTN"}, {"name": "BMI"}, {"name": "CENX"}, {"name": "EXK"}, {"name": "GS"}, {"name": "ILMN"}, {"name": "MARA"}, {"name": "NFLX"}, {"name": "RMBS"}, {"name": "TTS"}], "tags": [{"name": "Mid-Day Market Update"}]}, {"id": 7856900, "author": "Benzinga", "created": "Tue, 19 Apr 2016 12:40:23 -0400", "updated": "Tue, 19 Apr 2016 12:40:23 -0400", "title": "CVS Invests In Curbside For Easy Customer Pickup", "teaser": "", "body": "", "url": "https://www.benzinga.com/node/7856900", "image": [], "channels": [{"name": "News"}, {"name": "Tech"}], "stocks": [{"name": "CVS"}, {"name": "WMT"}], "tags": [{"name": "Curbside"}]}]