[{"id": 9390376, "author": "Benzinga", "created": "Wed, 03 May 2017 05:31:33 -0400", "updated": "Wed, 03 May 2017 05:31:34 -0400", "title": "15 Stocks To Watch For May 3, 2017", "teaser": "", "body": "", "url": "https://www.benzinga.com/node/9390376", "image": [], "channels": [{"name": "Earnings"}, {"name": "News"}, {"name": "Pre-Market Outlook"}, {"name": "Markets"}, {"name": "Trading Ideas"}], "stocks": [{"name": "AAPL"}, {"name": "AIG"}, {"name": "EXC"}, {"name": "FB"}, {"name": "GILD"}, {"name": "GRPN"}, {"name": "KHC"}, {"name": "MDLZ"}, {"name": "MET"}, {"name": "PRU"}, {"name": "RAI"}, {"name": "TSLA"}, {"name": "TWLO"}, {"name": "TWX"}, {"name": "YUM"}], "tags": [{"name": "Stocks To Watch"}, {"name": "Stocks to Watch"}]}, {"id": 9391181, "author": "Benzinga", "created": "Wed, 03 May 2017 07:17:19 -0400", "updated": "Wed, 03 May 2017 07:17:20 -0400", "title": "A Peek Into The Markets: U.S. Stock Futures Down; All Eyes On Fed Decision", "teaser": "", "body": "", "url": "https://www.benzinga.com/node/9391181", "image": [], "channels": [{"name": "Earnings"}, {"name": "News"}, {"name": "Eurozone"}, {"name": "Futures"}, {"name": "Global"}, {"name": "Pre-Market Outlook"}, {"name": "Markets"}], "stocks": [{"name": "AAPL"}, {"name": "BMY"}, {"name": "TWX"}, {"name": "WCG"}, {"name": "YUM"}], "tags": [{"name": "A Peek Into The Markets"}, {"name": "BMO Capital"}, {"name": "U.S. stock futures"}]}, {"id": 9386529, "author": "Benzinga", "created": "Wed, 03 May 2017 07:23:26 -0400", "updated": "Wed, 03 May 2017 07:23:26 -0400", "title": "Sprint CEO Could Get Huge Pay Bonus If Stock Remains Above $8; Here's How", "teaser": "", "body": "", "url": "https://www.benzinga.com/node/9386529", "image": [], "channels": [{"name": "Earnings"}, {"name": "News"}, {"name": "Rumors"}, {"name": "Previews"}, {"name": "Management"}, {"name": "Trading Ideas"}], "stocks": [{"name": "CMCSA"}, {"name": "S"}, {"name": "T"}, {"name": "TMUS"}, {"name": "VZ"}], "tags": [{"name": "Comcast"}, {"name": "David Beckham"}, {"name": "Marcelo Claure"}, {"name": "Sprint"}, {"name": "T-Mobile"}]}, {"id": 9391746, "author": "Benzinga", "created": "Wed, 03 May 2017 08:05:45 -0400", "updated": "Wed, 03 May 2017 08:05:46 -0400", "title": "25 Stocks Moving In Wednesday's Pre-Market Session", "teaser": "", "body": "", "url": "https://www.benzinga.com/node/9391746", "image": [], "channels": [{"name": "News"}, {"name": "Movers & Shakers"}, {"name": "Pre-Market Outlook"}, {"name": "Markets"}, {"name": "Movers"}], "stocks": [{"name": "AAPL"}, {"name": "AKAM"}, {"name": "ARRY"}, {"name": "CRAY"}, {"name": "CTXS"}, {"name": "ETSY"}, {"name": "FEYE"}, {"name": "FSLR"}, {"name": "GILD"}, {"name": "GSAT"}, {"name": "IBN"}, {"name": "LCI"}, {"name": "LITE"}, {"name": "MDLZ"}, {"name": "MVIS"}, {"name": "NVO"}, {"name": "OCLR"}, {"name": "PBPB"}, {"name": "PIRS"}, {"name": "PRGO"}, {"name": "QUAD"}, {"name": "STRP"}, {"name": "TWLO"}, {"name": "VRSK"}, {"name": "WTW"}], "tags": [{"name": "#PreMarket Gainers"}, {"name": "Losers"}, {"name": "Top Gainers"}]}, {"id": 9391909, "author": "Benzinga", "created": "Wed, 03 May 2017 08:46:09 -0400", "updated": "Wed, 03 May 2017 08:46:10 -0400", "title": "The Market In 5 Minutes", "teaser": "", "body": "", "url": "https://www.benzinga.com/node/9391909", "image": [], "channels": [{"name": "News"}, {"name": "Global"}, {"name": "Top Stories"}, {"name": "Pre-Market Outlook"}, {"name": "Markets"}], "stocks": [{"name": "AAPL"}, {"name": "AKAM"}, {"name": "AMZN"}, {"name": "BMY"}, {"name": "DISH"}, {"name": "FEYE"}, {"name": "FSLR"}, {"name": "NFLX"}, {"name": "OAS"}, {"name": "PBPB"}, {"name": "T"}, {"name": "TSLA"}, {"name": "TWTR"}, {"name": "VZ"}], "tags": [{"name": "Market in 5 minutes"}]}, {"id": 9392471, "author": "Benzinga", "created": "Wed, 03 May 2017 09:29:52 -0400", "updated": "Wed, 03 May 2017 09:29:52 -0400", "title": "Gene Munster Talks Apple Growth: 'It's Still All About The iPhone 10'", "teaser": "", "body": "", "url": "https://www.benzinga.com/node/9392471", "image": [], "channels": [{"name": "Analyst Color"}, {"name": "Earnings"}, {"name": "Long Ideas"}, {"name": "News"}, {"name": "Top Stories"}, {"name": "Exclusives"}, {"name": "Tech"}, {"name": "Media"}, {"name": "Trading Ideas"}, {"name": "Interview"}], "stocks": [{"name": "AAPL"}], "tags": [{"name": "Gene Munster"}, {"name": "India"}, {"name": "iPhone"}, {"name": "iPhone X"}, {"name": "Loup Ventures"}, {"name": "WWDC"}]}, {"id": 9392828, "author": "Benzinga", "created": "Wed, 03 May 2017 10:07:49 -0400", "updated": "Wed, 03 May 2017 10:07:50 -0400", "title": "Apple Is The World's Biggest Dividend Payer", "teaser": "", "body": "", "url": "https://www.benzinga.com/node/9392828", "image": [], "channels": [{"name": "CNBC"}, {"name": "News"}, {"name": "Dividends"}, {"name": "Dividends"}, {"name": "Media"}, {"name": "Trading Ideas"}], "stocks": [{"name": "AAPL"}, {"name": "CVX"}, {"name": "GE"}, {"name": "JNJ"}, {"name": "JPM"}, {"name": "MSFT"}, {"name": "PFE"}, {"name": "T"}, {"name": "VZ"}, {"name": "XOM"}], "tags": [{"name": "Apple Dividends"}, {"name": "dividend yields"}]}, {"id": 9389975, "author": "Benzinga", "created": "Wed, 03 May 2017 11:44:01 -0400", "updated": "Wed, 03 May 2017 11:44:01 -0400", "title": "5 Donald Trump-Inspired Leveraged ETFs Make Their Debut", "teaser": "", "body": "", "url": "https://www.benzinga.com/node/9389975", "image": [], "channels": [{"name": "Long Ideas"}, {"name": "News"}, {"name": "Sector ETFs"}, {"name": "Short Ideas"}, {"name": "Emerging Markets"}, {"name": "Specialty ETFs"}, {"name": "New ETFs"}, {"name": "Emerging Market ETFs"}, {"name": "Politics"}, {"name": "Top Stories"}, {"name": "Intraday Update"}, {"name": "Markets"}, {"name": "Trading Ideas"}, {"name": "ETFs"}, {"name": "General"}], "stocks": [{"name": "BA"}, {"name": "D"}, {"name": "DUK"}, {"name": "FDX"}, {"name": "GD"}, {"name": "GE"}, {"name": "HON"}, {"name": "KSU"}, {"name": "LMT"}, {"name": "MMM"}, {"name": "NEE"}, {"name": "NOC"}, {"name": "NSC"}, {"name": "PCG"}, {"name": "RTN"}, {"name": "SC"}, {"name": "UNP"}, {"name": "UPS"}, {"name": "UTLZ"}, {"name": "UTX"}, {"name": "XLI"}, {"name": "DFEN"}, {"name": "DUSL"}, {"name": "UTSL"}, {"name": "TPOR"}, {"name": "MEXX"}], "tags": [{"name": "Aerospace & Defense"}, {"name": "direxion"}, {"name": "Industrials"}]}, {"id": 9394500, "author": "Benzinga", "created": "Wed, 03 May 2017 13:26:05 -0400", "updated": "Wed, 03 May 2017 13:26:05 -0400", "title": "A Bull-Bear Battle Over FleetCor", "teaser": "", "body": "", "url": "https://www.benzinga.com/node/9394500", "image": [], "channels": [{"name": "Long Ideas"}, {"name": "News"}, {"name": "Short Sellers"}, {"name": "Short Ideas"}, {"name": "Legal"}, {"name": "Exclusives"}, {"name": "Analyst Ratings"}, {"name": "Trading Ideas"}], "stocks": [{"name": "CVX"}, {"name": "FLT"}], "tags": [{"name": "Andrew Left"}, {"name": "Citron Research"}]}, {"id": 9394994, "author": "Benzinga", "created": "Wed, 03 May 2017 14:24:28 -0400", "updated": "Wed, 03 May 2017 14:24:30 -0400", "title": "Earnings Preview: What Might Be Expected When FB Reports?", "teaser": "", "body": "", "url": "https://www.benzinga.com/node/9394994", "image": [], "channels": [{"name": "Analyst Color"}, {"name": "Earnings"}, {"name": "News"}, {"name": "Previews"}, {"name": "Options"}, {"name": "Markets"}, {"name": "Tech"}, {"name": "Trading Ideas"}], "stocks": [{"name": "AAPL"}, {"name": "DIS"}, {"name": "FB"}, {"name": "GOOG"}, {"name": "GOOGL"}, {"name": "NVDA"}, {"name": "PCLN"}, {"name": "SNAP"}], "tags": [{"name": "JJ Kinahan"}, {"name": "The Ticker Tape"}]}]