[{"id": 8956079, "author": "Benzinga", "created": "Fri, 27 Jan 2017 05:36:59 -0400", "updated": "Fri, 27 Jan 2017 05:36:59 -0400", "title": "Earnings Scheduled For January 27, 2017", "teaser": "", "body": "", "url": "https://www.benzinga.com/node/8956079", "image": [], "channels": [{"name": "Earnings"}, {"name": "News"}, {"name": "Pre-Market Outlook"}, {"name": "Markets"}], "stocks": [{"name": "AAL"}, {"name": "ABBV"}, {"name": "APD"}, {"name": "BEN"}, {"name": "BT"}, {"name": "CL"}, {"name": "CVX"}, {"name": "DCM"}, {"name": "EVER"}, {"name": "GD"}, {"name": "GNTX"}, {"name": "HON"}, {"name": "HRC"}, {"name": "NEE"}, {"name": "POL"}, {"name": "SSB"}, {"name": "TCB"}, {"name": "UBS"}], "tags": [{"name": "Earnings schedule"}]}, {"id": 8956085, "author": "Benzinga", "created": "Fri, 27 Jan 2017 05:51:47 -0400", "updated": "Fri, 27 Jan 2017 05:51:47 -0400", "title": "10 Stocks You Should Be Watching Today", "teaser": "", "body": "", "url": "https://www.benzinga.com/node/8956085", "image": [], "channels": [{"name": "Earnings"}, {"name": "News"}, {"name": "Guidance"}, {"name": "Pre-Market Outlook"}, {"name": "Markets"}, {"name": "Trading Ideas"}], "stocks": [{"name": "AAL"}, {"name": "CL"}, {"name": "CVX"}, {"name": "GD"}, {"name": "GOOGL"}, {"name": "HON"}, {"name": "INTC"}, {"name": "MSFT"}, {"name": "PYPL"}, {"name": "SBUX"}], "tags": [{"name": "Stocks To Watch"}, {"name": "Stocks to Watch"}]}, {"id": 8956387, "author": "Benzinga", "created": "Fri, 27 Jan 2017 07:58:01 -0400", "updated": "Fri, 27 Jan 2017 07:58:03 -0400", "title": "Wall Street's M&A Chatter From January 26", "teaser": "", "body": "", "url": "https://www.benzinga.com/node/8956387", "image": [], "channels": [{"name": "News"}, {"name": "Rumors"}, {"name": "M&A"}], "stocks": [{"name": "BABA"}, {"name": "CHTR"}, {"name": "MGI"}, {"name": "SNY"}, {"name": "TSRO"}, {"name": "VZ"}], "tags": []}, {"id": 8956583, "author": "Benzinga", "created": "Fri, 27 Jan 2017 08:47:49 -0400", "updated": "Fri, 27 Jan 2017 08:47:50 -0400", "title": "A Peek Into The Markets: U.S. Stock Futures Mostly Flat; Alphabet Shares Drop On Earnings Miss", "teaser": "", "body": "", "url": "https://www.benzinga.com/node/8956583", "image": [], "channels": [{"name": "Earnings"}, {"name": "News"}, {"name": "Eurozone"}, {"name": "Futures"}, {"name": "Global"}, {"name": "Pre-Market Outlook"}, {"name": "Markets"}], "stocks": [{"name": "AAL"}, {"name": "GOOGL"}, {"name": "INTC"}, {"name": "MSFT"}], "tags": [{"name": "A Peek Into The Markets"}, {"name": "Morgan Stanley"}, {"name": "U.S. stock futures"}]}, {"id": 8956501, "author": "Benzinga", "created": "Fri, 27 Jan 2017 09:12:43 -0400", "updated": "Fri, 27 Jan 2017 09:12:43 -0400", "title": "Wunderlich Raises Target On Microsoft From $70 To $75 Following Strong Q2", "teaser": "", "body": "", "url": "https://www.benzinga.com/node/8956501", "image": [], "channels": [{"name": "Analyst Color"}, {"name": "Earnings"}, {"name": "Long Ideas"}, {"name": "News"}, {"name": "Guidance"}, {"name": "Price Target"}, {"name": "Reiteration"}, {"name": "Analyst Ratings"}, {"name": "Movers"}, {"name": "Tech"}, {"name": "Trading Ideas"}], "stocks": [{"name": "MSFT"}], "tags": [{"name": "Azure"}, {"name": "LinkedIn"}, {"name": "Ryan MacDonald"}, {"name": "Wunderlich"}]}, {"id": 8956777, "author": "Benzinga", "created": "Fri, 27 Jan 2017 09:26:54 -0400", "updated": "Fri, 27 Jan 2017 09:26:54 -0400", "title": "25 Stocks Moving In Friday's Pre-Market Session", "teaser": "", "body": "", "url": "https://www.benzinga.com/node/8956777", "image": [], "channels": [{"name": "News"}, {"name": "Movers & Shakers"}, {"name": "Pre-Market Outlook"}, {"name": "Markets"}, {"name": "Movers"}], "stocks": [{"name": "AAL"}, {"name": "APD"}, {"name": "AVGR"}, {"name": "CAFD"}, {"name": "CL"}, {"name": "CMI"}, {"name": "DVAX"}, {"name": "DWCH"}, {"name": "ERIC"}, {"name": "GOGL"}, {"name": "GOOGL"}, {"name": "INTC"}, {"name": "JNPR"}, {"name": "MSFT"}, {"name": "OCN"}, {"name": "PER"}, {"name": "PULM"}, {"name": "PYPL"}, {"name": "RWLK"}, {"name": "SBUX"}, {"name": "SMCI"}, {"name": "SYNA"}, {"name": "VMW"}, {"name": "WKHS"}, {"name": "WYNN"}], "tags": [{"name": "#PreMarket Gainers"}, {"name": "Losers"}, {"name": "Top Gainers"}]}, {"id": 8956622, "author": "Benzinga", "created": "Fri, 27 Jan 2017 10:03:05 -0400", "updated": "Fri, 27 Jan 2017 10:03:06 -0400", "title": "The Market In 5 Minutes: Google And Microsoft And Intel, Oh My!", "teaser": "", "body": "", "url": "https://www.benzinga.com/node/8956622", "image": [], "channels": [{"name": "News"}, {"name": "Global"}, {"name": "Top Stories"}, {"name": "Pre-Market Outlook"}, {"name": "Markets"}], "stocks": [{"name": "AAL"}, {"name": "BABA"}, {"name": "CAT"}, {"name": "CL"}, {"name": "F"}, {"name": "GOOG"}, {"name": "GOOGL"}, {"name": "INTC"}, {"name": "JBLU"}, {"name": "JNPR"}, {"name": "MGI"}, {"name": "MSFT"}, {"name": "SBUX"}, {"name": "SNY"}, {"name": "SPLK"}, {"name": "SPY"}, {"name": "TSRO"}, {"name": "USO"}, {"name": "WHR"}, {"name": "WYNN"}], "tags": [{"name": "Market in 5 minutes"}]}, {"id": 8956743, "author": "Benzinga", "created": "Fri, 27 Jan 2017 10:38:03 -0400", "updated": "Fri, 27 Jan 2017 10:38:04 -0400", "title": "A Review Of Intel's Q4 Results: Await Further Color At The Analyst Day", "teaser": "", "body": "", "url": "https://www.benzinga.com/node/8956743", "image": [], "channels": [{"name": "Analyst Color"}, {"name": "Earnings"}, {"name": "News"}, {"name": "Guidance"}, {"name": "Price Target"}, {"name": "Analyst Ratings"}, {"name": "Movers"}, {"name": "Tech"}], "stocks": [{"name": "INTC"}], "tags": [{"name": "Bernstein"}, {"name": "McAfee"}, {"name": "Stacy A. Rasgon"}]}, {"id": 8957247, "author": "Benzinga", "created": "Fri, 27 Jan 2017 12:11:48 -0400", "updated": "Fri, 27 Jan 2017 12:11:48 -0400", "title": "Intel Upgraded At Morgan Stanley On A Solid Quarter, Achievable Guidance", "teaser": "", "body": "", "url": "https://www.benzinga.com/node/8957247", "image": [], "channels": [{"name": "Analyst Color"}, {"name": "Earnings"}, {"name": "News"}, {"name": "Guidance"}, {"name": "Upgrades"}, {"name": "Price Target"}, {"name": "Analyst Ratings"}, {"name": "Movers"}, {"name": "Tech"}], "stocks": [{"name": "INTC"}], "tags": [{"name": "Joseph Moore"}, {"name": "Morgan Stanley"}]}, {"id": 8957296, "author": "Benzinga", "created": "Fri, 27 Jan 2017 12:37:20 -0400", "updated": "Fri, 27 Jan 2017 12:37:20 -0400", "title": "Potential Verizon-Charter Deal Would Test Merger-Friendliness Of New Administration", "teaser": "", "body": "", "url": "https://www.benzinga.com/node/8957296", "image": [], "channels": [{"name": "Analyst Color"}, {"name": "News"}, {"name": "Rumors"}, {"name": "Politics"}, {"name": "M&A"}, {"name": "Analyst Ratings"}, {"name": "Media"}, {"name": "General"}], "stocks": [{"name": "CHTR"}, {"name": "VZ"}], "tags": [{"name": "Charter Verizon Acquisition"}, {"name": "Donald Trump"}, {"name": "Dow Jones"}, {"name": "Height Securities"}, {"name": "Lowel McAdam"}, {"name": "Reuters"}]}, {"id": 8958044, "author": "Benzinga", "created": "Fri, 27 Jan 2017 13:15:03 -0400", "updated": "Fri, 27 Jan 2017 13:15:03 -0400", "title": "Juniper Shares Slammed Following Q4 Results; Deutsche Bank Reiterates Sell", "teaser": "", "body": "", "url": "https://www.benzinga.com/node/8958044", "image": [], "channels": [{"name": "Analyst Color"}, {"name": "Earnings"}, {"name": "News"}, {"name": "Guidance"}, {"name": "Short Ideas"}, {"name": "Price Target"}, {"name": "Reiteration"}, {"name": "Analyst Ratings"}, {"name": "Movers"}, {"name": "Tech"}, {"name": "Trading Ideas"}], "stocks": [{"name": "ANET"}, {"name": "CSCO"}, {"name": "JNPR"}], "tags": [{"name": "Deutsche Bank"}, {"name": "Vijay Bhagavath"}]}, {"id": 8954039, "author": "Benzinga", "created": "Fri, 27 Jan 2017 13:23:57 -0400", "updated": "Fri, 27 Jan 2017 13:23:57 -0400", "title": "JJ Kinahan Walks Us Through The Most Traded Stocks Among TDA Clients In 2016: Apple, Bank of America & More", "teaser": "", "body": "", "url": "https://www.benzinga.com/node/8954039", "image": [], "channels": [{"name": "Analyst Color"}, {"name": "Long Ideas"}, {"name": "News"}, {"name": "Crowdsourcing"}, {"name": "Markets"}, {"name": "Movers"}, {"name": "Tech"}, {"name": "Trading Ideas"}, {"name": "Interview"}, {"name": "General"}], "stocks": [{"name": "AAPL"}, {"name": "AMTD"}, {"name": "AMZN"}, {"name": "BABA"}, {"name": "BAC"}, {"name": "CVX"}, {"name": "FB"}, {"name": "GE"}, {"name": "GILD"}, {"name": "GOOG"}, {"name": "GOOGL"}, {"name": "MSFT"}, {"name": "NFLX"}, {"name": "T"}, {"name": "VRX"}, {"name": "XOM"}], "tags": [{"name": "JJ Kinahan"}, {"name": "TD Ameritrade"}, {"name": "TDA"}]}, {"id": 8957778, "author": "Benzinga", "created": "Fri, 27 Jan 2017 13:31:56 -0400", "updated": "Fri, 27 Jan 2017 13:31:56 -0400", "title": "Microsoft's Goldilocks Valuation: Not Too Expensive But Not On Sale", "teaser": "", "body": "", "url": "https://www.benzinga.com/node/8957778", "image": [], "channels": [{"name": "Analyst Color"}, {"name": "Earnings"}, {"name": "News"}, {"name": "Guidance"}, {"name": "Reiteration"}, {"name": "Analyst Ratings"}, {"name": "Movers"}, {"name": "Tech"}], "stocks": [{"name": "MSFT"}], "tags": [{"name": "Canaccord Genuity Richard Davis"}, {"name": "Cortana"}, {"name": "Maluuba"}]}, {"id": 8958873, "author": "Benzinga", "created": "Fri, 27 Jan 2017 13:58:32 -0400", "updated": "Fri, 27 Jan 2017 13:58:32 -0400", "title": "15 Biggest Mid-Day Gainers For Friday", "teaser": "", "body": "", "url": "https://www.benzinga.com/node/8958873", "image": [], "channels": [{"name": "News"}, {"name": "Intraday Update"}, {"name": "Markets"}, {"name": "Analyst Ratings"}, {"name": "Movers"}], "stocks": [{"name": "BIVVV"}, {"name": "CFCB"}, {"name": "CLS"}, {"name": "DQ"}, {"name": "DWCH"}, {"name": "GLBS"}, {"name": "LRN"}, {"name": "LTRX"}, {"name": "MSBI"}, {"name": "MSFT"}, {"name": "NBIX"}, {"name": "PULM"}, {"name": "RH"}, {"name": "SGM"}, {"name": "TCCO"}, {"name": "VMW"}, {"name": "WYNN"}], "tags": [{"name": "Biotechnology"}, {"name": "Communications Equipment"}, {"name": "Consumer Discretionary"}, {"name": "Education Services"}, {"name": "Health Care"}, {"name": "Information Technology"}, {"name": "Mid-Day Gainers"}, {"name": "Top Gainers"}]}, {"id": 8958726, "author": "Benzinga", "created": "Fri, 27 Jan 2017 14:58:44 -0400", "updated": "Fri, 27 Jan 2017 14:58:45 -0400", "title": "Microsoft Successfully Pivots To Cloud, Becomes One Of The Largest And Fastest Platforms", "teaser": "", "body": "", "url": "https://www.benzinga.com/node/8958726", "image": [], "channels": [{"name": "Analyst Color"}, {"name": "Earnings"}, {"name": "Long Ideas"}, {"name": "News"}, {"name": "Guidance"}, {"name": "Reiteration"}, {"name": "Analyst Ratings"}, {"name": "Movers"}, {"name": "Tech"}, {"name": "Trading Ideas"}], "stocks": [{"name": "MSFT"}], "tags": [{"name": "Brent Bracelin"}, {"name": "cloud"}, {"name": "Microsoft"}, {"name": "Microsoft cloud"}, {"name": "Microsoft earnings"}, {"name": "Pacific Crest"}]}, {"id": 8959540, "author": "Benzinga", "created": "Fri, 27 Jan 2017 16:02:56 -0400", "updated": "Fri, 27 Jan 2017 16:02:57 -0400", "title": "To The Rescue: Cerberus Capital Riding In To Save Rite Aid?", "teaser": "", "body": "", "url": "https://www.benzinga.com/node/8959540", "image": [], "channels": [{"name": "News"}, {"name": "Health Care"}, {"name": "Rumors"}, {"name": "Retail Sales"}, {"name": "M&A"}, {"name": "Media"}, {"name": "Trading Ideas"}, {"name": "General"}, {"name": "Real Estate"}], "stocks": [{"name": "FRED"}, {"name": "RAD"}, {"name": "WBA"}], "tags": [{"name": "Albertsons"}, {"name": "cerberus capital"}, {"name": "New York Post"}]}, {"id": 8959545, "author": "Benzinga", "created": "Fri, 27 Jan 2017 17:36:03 -0400", "updated": "Fri, 27 Jan 2017 17:36:04 -0400", "title": "A CEO Who's Who Of Trump's Manufacturing Council", "teaser": "", "body": "", "url": "https://www.benzinga.com/node/8959545", "image": [], "channels": [{"name": "News"}, {"name": "Politics"}, {"name": "Management"}, {"name": "General"}], "stocks": [{"name": "AA"}, {"name": "ARNC"}, {"name": "BA"}, {"name": "CAT"}, {"name": "CPB"}, {"name": "DAN"}, {"name": "DOW"}, {"name": "DVMT"}, {"name": "F"}, {"name": "GE"}, {"name": "GLW"}, {"name": "HRS"}, {"name": "INTC"}, {"name": "IP"}, {"name": "JNJ"}, {"name": "KHC"}, {"name": "LEA"}, {"name": "LMT"}, {"name": "MMM"}, {"name": "MRK"}, {"name": "NSRGY"}, {"name": "NUE"}, {"name": "NVS"}, {"name": "NWL"}, {"name": "PEP"}, {"name": "PYPL"}, {"name": "SIEGY"}, {"name": "TKR"}, {"name": "TSLA"}, {"name": "UA"}, {"name": "UAA"}, {"name": "UL"}, {"name": "UTX"}, {"name": "WHR"}, {"name": "X"}], "tags": [{"name": "Alex Gorsky"}, {"name": "Andrew Liveris"}, {"name": "Barack Obama"}, {"name": "Brian Krzanich"}, {"name": "Denise Morrison"}, {"name": "Dennis Muilenburg"}, {"name": "Donald Trump"}, {"name": "Doug Oberhelman"}, {"name": "Elon Musk"}, {"name": "Greg Hayes"}, {"name": "Harris Corporation"}, {"name": "jarden corporation"}, {"name": "Jeff Fettig"}, {"name": "Jeff Immelt"}, {"name": "Jim Kamsickas"}, {"name": "John Ferriola"}, {"name": "Kevin Plank"}, {"name": "Klaus Kleinfeld"}, {"name": "Kohler Co"}, {"name": "Marillyn Hewson"}, {"name": "Mario Longhi"}, {"name": "Mark Fields"}, {"name": "Mark Sutton"}, {"name": "Michael Dell"}, {"name": "Newell Rubbermaid"}, {"name": "Richard Kyle"}, {"name": "Richard Trumka"}, {"name": "Thea Lee"}, {"name": "Wendell Weeks"}, {"name": "Zip2"}]}]