[{"id": 9767463, "author": "Benzinga", "created": "Wed, 12 Jul 2017 08:14:16 -0400", "updated": "Wed, 12 Jul 2017 08:14:16 -0400", "title": "Twitter Names A New CFO: Some Background On Ned Segal", "teaser": "", "body": "", "url": "https://www.benzinga.com/node/9767463", "image": [], "channels": [{"name": "Analyst Color"}, {"name": "News"}, {"name": "Management"}, {"name": "Analyst Ratings"}], "stocks": [{"name": "GS"}, {"name": "INTU"}, {"name": "TWTR"}], "tags": [{"name": "Anthony Noto"}, {"name": "Ned Segal"}]}, {"id": 9767774, "author": "Benzinga", "created": "Wed, 12 Jul 2017 08:59:08 -0400", "updated": "Wed, 12 Jul 2017 08:59:08 -0400", "title": "Investors Cheer News That Apple Has Added PayPal To App Store, iTunes, Apple Music", "teaser": "", "body": "", "url": "https://www.benzinga.com/node/9767774", "image": [], "channels": [{"name": "News"}, {"name": "Tech"}], "stocks": [{"name": "AAPL"}, {"name": "PYPL"}], "tags": [{"name": "App Store"}, {"name": "Apple Music"}, {"name": "iBooks Store"}, {"name": "iTunes Store"}]}, {"id": 9767346, "author": "Benzinga", "created": "Wed, 12 Jul 2017 09:00:34 -0400", "updated": "Wed, 12 Jul 2017 09:00:34 -0400", "title": "The Market In 5 Minutes", "teaser": "", "body": "", "url": "https://www.benzinga.com/node/9767346", "image": [], "channels": [{"name": "News"}, {"name": "Global"}, {"name": "Top Stories"}, {"name": "Pre-Market Outlook"}, {"name": "Markets"}], "stocks": [{"name": "DIS"}, {"name": "GRUB"}, {"name": "ITEK"}, {"name": "KONA"}, {"name": "NVDA"}, {"name": "RCII"}, {"name": "SNAP"}, {"name": "SPN"}, {"name": "SPY"}, {"name": "WPZ"}], "tags": [{"name": "Market in 5 minutes"}]}, {"id": 9766255, "author": "Benzinga", "created": "Wed, 12 Jul 2017 09:38:32 -0400", "updated": "Wed, 12 Jul 2017 09:38:32 -0400", "title": "Attention Sports Fans: An ETF That Tracks Corporate Sponsorships Just Hit The Market", "teaser": "", "body": "", "url": "https://www.benzinga.com/node/9766255", "image": [], "channels": [{"name": "Long Ideas"}, {"name": "News"}, {"name": "Sector ETFs"}, {"name": "Specialty ETFs"}, {"name": "New ETFs"}, {"name": "Sports"}, {"name": "Top Stories"}, {"name": "Trading Ideas"}, {"name": "ETFs"}, {"name": "General"}], "stocks": [{"name": "KO"}, {"name": "LOW"}, {"name": "MNST"}, {"name": "NKE"}, {"name": "UAA"}], "tags": [{"name": "FANZ"}, {"name": "ProSports Sponsors Index"}, {"name": "SportsETFs"}]}, {"id": 9768264, "author": "Benzinga", "created": "Wed, 12 Jul 2017 14:42:33 -0400", "updated": "Wed, 12 Jul 2017 14:42:34 -0400", "title": "Twitter Concludes Search For CFO, Appoints Ned Segal", "teaser": "", "body": "", "url": "https://www.benzinga.com/node/9768264", "image": [], "channels": [{"name": "News"}, {"name": "Management"}], "stocks": [{"name": "FB"}, {"name": "GOOGL"}, {"name": "GS"}, {"name": "TWTR"}], "tags": []}, {"id": 9768723, "author": "Benzinga", "created": "Wed, 12 Jul 2017 14:55:48 -0400", "updated": "Wed, 12 Jul 2017 14:55:48 -0400", "title": "Cigna Buys Zurich Insurance To Expand In UAE, Shares Gain", "teaser": "", "body": "", "url": "https://www.benzinga.com/node/9768723", "image": [], "channels": [{"name": "News"}, {"name": "Health Care"}, {"name": "M&A"}, {"name": "Trading Ideas"}, {"name": "General"}], "stocks": [{"name": "AET"}, {"name": "CI"}, {"name": "UNH"}], "tags": []}]