[{"id": 9821803, "author": "Benzinga", "created": "Wed, 26 Jul 2017 04:22:51 -0400", "updated": "Wed, 26 Jul 2017 04:22:52 -0400", "title": "Earnings Scheduled For July 26, 2017", "teaser": "", "body": "", "url": "https://www.benzinga.com/node/9821803", "image": [], "channels": [{"name": "Earnings"}, {"name": "News"}, {"name": "Pre-Market Outlook"}, {"name": "Markets"}], "stocks": [{"name": "ABX"}, {"name": "ALK"}, {"name": "ANTM"}, {"name": "AOS"}, {"name": "APH"}, {"name": "AXS"}, {"name": "BA"}, {"name": "BAX"}, {"name": "BWLD"}, {"name": "CHDN"}, {"name": "CNO"}, {"name": "CW"}, {"name": "DFS"}, {"name": "DHI"}, {"name": "DTE"}, {"name": "EFX"}, {"name": "EW"}, {"name": "F"}, {"name": "FB"}, {"name": "FFIV"}, {"name": "GD"}, {"name": "GG"}, {"name": "GILD"}, {"name": "GLW"}, {"name": "GSK"}, {"name": "HES"}, {"name": "HST"}, {"name": "HSY"}, {"name": "IR"}, {"name": "KEX"}, {"name": "KO"}, {"name": "KS"}, {"name": "LEA"}, {"name": "LH"}, {"name": "LRCX"}, {"name": "LVS"}, {"name": "NDAQ"}, {"name": "NEE"}, {"name": "NOC"}, {"name": "NSC"}, {"name": "OC"}, {"name": "ORLY"}, {"name": "PKG"}, {"name": "PSA"}, {"name": "PYPL"}, {"name": "R"}, {"name": "RJF"}, {"name": "ROK"}, {"name": "STT"}, {"name": "SU"}, {"name": "TMO"}, {"name": "TSCO"}, {"name": "TUP"}, {"name": "WFM"}, {"name": "WHR"}, {"name": "WM"}, {"name": "XLNX"}], "tags": [{"name": "Casinos & Gaming"}, {"name": "Consumer Discretionary"}, {"name": "Earnings schedule"}, {"name": "Health Care"}, {"name": "Health Care Services"}, {"name": "Information Technology"}, {"name": "Semiconductor Equipment"}]}, {"id": 9821860, "author": "Benzinga", "created": "Wed, 26 Jul 2017 05:02:59 -0400", "updated": "Wed, 26 Jul 2017 05:02:59 -0400", "title": "12 Stocks To Watch For July 26, 2017", "teaser": "", "body": "", "url": "https://www.benzinga.com/node/9821860", "image": [], "channels": [{"name": "Earnings"}, {"name": "News"}, {"name": "Guidance"}, {"name": "Pre-Market Outlook"}, {"name": "Markets"}, {"name": "Trading Ideas"}], "stocks": [{"name": "AMD"}, {"name": "BA"}, {"name": "CMG"}, {"name": "F"}, {"name": "FB"}, {"name": "GILD"}, {"name": "KO"}, {"name": "NOC"}, {"name": "PYPL"}, {"name": "T"}, {"name": "TXN"}, {"name": "WFM"}], "tags": [{"name": "Stocks To Watch"}, {"name": "Stocks to Watch"}]}, {"id": 9822620, "author": "Benzinga", "created": "Wed, 26 Jul 2017 07:13:17 -0400", "updated": "Wed, 26 Jul 2017 07:13:17 -0400", "title": "A Peek Into The Markets: U.S. Stock Futures Up Ahead Of Earnings, Fed Decision", "teaser": "", "body": "", "url": "https://www.benzinga.com/node/9822620", "image": [], "channels": [{"name": "Earnings"}, {"name": "News"}, {"name": "Eurozone"}, {"name": "Futures"}, {"name": "Global"}, {"name": "Pre-Market Outlook"}, {"name": "Markets"}], "stocks": [{"name": "BIIB"}, {"name": "CMG"}, {"name": "F"}, {"name": "HSY"}, {"name": "KO"}], "tags": [{"name": "A Peek Into The Markets"}, {"name": "Goldman Sachs"}, {"name": "U.S. stock futures"}]}, {"id": 9822763, "author": "Benzinga", "created": "Wed, 26 Jul 2017 09:03:49 -0400", "updated": "Wed, 26 Jul 2017 09:03:49 -0400", "title": "The Market In 5 Minutes", "teaser": "", "body": "", "url": "https://www.benzinga.com/node/9822763", "image": [], "channels": [{"name": "News"}, {"name": "Global"}, {"name": "Top Stories"}, {"name": "Pre-Market Outlook"}, {"name": "Markets"}], "stocks": [{"name": "AMD"}, {"name": "BIIB"}, {"name": "CMG"}, {"name": "DSW"}, {"name": "FB"}, {"name": "GOOG"}, {"name": "IIVI"}, {"name": "NTDOY"}, {"name": "SPY"}, {"name": "T"}, {"name": "VZ"}, {"name": "WYNN"}, {"name": "ZTS"}], "tags": [{"name": "Market in 5 minutes"}]}, {"id": 9823701, "author": "Benzinga", "created": "Wed, 26 Jul 2017 09:59:32 -0400", "updated": "Wed, 26 Jul 2017 09:59:33 -0400", "title": "Yellen, Cohn In The Running For Next Fed Chair", "teaser": "", "body": "", "url": "https://www.benzinga.com/node/9823701", "image": [], "channels": [{"name": "News"}, {"name": "Wall Street Journal"}, {"name": "Politics"}, {"name": "Federal Reserve"}, {"name": "Media"}, {"name": "General"}], "stocks": [{"name": "GS"}, {"name": "SPY"}], "tags": [{"name": "Donald Trump"}, {"name": "Gary Cohn"}, {"name": "Janet Yellen"}]}, {"id": 9824849, "author": "Benzinga", "created": "Wed, 26 Jul 2017 11:20:42 -0400", "updated": "Wed, 26 Jul 2017 11:20:42 -0400", "title": "5 Undervalued Stocks That Could Trade 20% Higher", "teaser": "", "body": "", "url": "https://www.benzinga.com/node/9824849", "image": [], "channels": [{"name": "Earnings"}, {"name": "News"}], "stocks": [{"name": "ADM"}, {"name": "ARRS"}, {"name": "CAT"}, {"name": "COL"}, {"name": "DD"}, {"name": "DIS"}, {"name": "HII"}, {"name": "INGR"}, {"name": "LLL"}, {"name": "MCD"}, {"name": "PF"}, {"name": "SJM"}, {"name": "SPR"}, {"name": "THS"}, {"name": "TWX"}, {"name": "VIAB"}, {"name": "CBS"}, {"name": "LGF"}, {"name": "MKC"}], "tags": []}, {"id": 9825277, "author": "Benzinga", "created": "Wed, 26 Jul 2017 12:21:31 -0400", "updated": "Wed, 26 Jul 2017 12:21:31 -0400", "title": "18 Biggest Mid-Day Gainers For Wednesday", "teaser": "", "body": "", "url": "https://www.benzinga.com/node/9825277", "image": [], "channels": [{"name": "News"}, {"name": "Intraday Update"}, {"name": "Markets"}, {"name": "Analyst Ratings"}, {"name": "Movers"}], "stocks": [{"name": "AMD"}, {"name": "BA"}, {"name": "CDNA"}, {"name": "CGI"}, {"name": "ETRM"}, {"name": "EXAS"}, {"name": "FHCO"}, {"name": "HCCI"}, {"name": "IRBT"}, {"name": "MCRI"}, {"name": "OPHT"}, {"name": "RCKY"}, {"name": "SFS"}, {"name": "SKY"}, {"name": "TANH"}, {"name": "TTPH"}, {"name": "X"}], "tags": [{"name": "Casinos & Gaming"}, {"name": "Consumer Discretionary"}, {"name": "Mid-Day Gainers"}, {"name": "Top Gainers"}]}, {"id": 9825472, "author": "Benzinga", "created": "Wed, 26 Jul 2017 15:24:18 -0400", "updated": "Wed, 26 Jul 2017 15:24:18 -0400", "title": "Wall Street Weighs In On AMD's Strong Q2 And What Lies Ahead", "teaser": "", "body": "", "url": "https://www.benzinga.com/node/9825472", "image": [], "channels": [{"name": "Analyst Color"}, {"name": "Earnings"}, {"name": "News"}, {"name": "Price Target"}, {"name": "Top Stories"}, {"name": "Analyst Ratings"}, {"name": "Trading Ideas"}], "stocks": [{"name": "AMD"}, {"name": "INTC"}], "tags": []}, {"id": 9826755, "author": "Benzinga", "created": "Wed, 26 Jul 2017 16:04:57 -0400", "updated": "Wed, 26 Jul 2017 16:04:57 -0400", "title": "Benzinga's Option Alert Recap From July 26", "teaser": "", "body": "", "url": "https://www.benzinga.com/node/9826755", "image": [], "channels": [{"name": "News"}, {"name": "Options"}, {"name": "After-Hours Center"}, {"name": "Markets"}, {"name": "Trading Ideas"}], "stocks": [{"name": "AMD"}, {"name": "ANET"}, {"name": "BA"}, {"name": "CRM"}, {"name": "EA"}, {"name": "FB"}, {"name": "FCEL"}, {"name": "JD"}, {"name": "LEG"}, {"name": "MGM"}, {"name": "SNAP"}, {"name": "SPWR"}, {"name": "SQ"}, {"name": "WTW"}, {"name": "WYNN"}, {"name": "X"}], "tags": []}]