[{"id": 9266407, "author": "Benzinga", "created": "Sat, 08 Apr 2017 13:40:41 -0400", "updated": "Sat, 08 Apr 2017 13:40:41 -0400", "title": "GoFundMe Campaigns Raise Nearly $300,000 To Buy Congress' Internet Data", "teaser": "", "body": "", "url": "https://www.benzinga.com/node/9266407", "image": [], "channels": [{"name": "News"}, {"name": "Politics"}, {"name": "Legal"}, {"name": "Tech"}, {"name": "Media"}, {"name": "General"}], "stocks": [{"name": "CMCSA"}, {"name": "FB"}, {"name": "GOOG"}, {"name": "GOOGL"}, {"name": "T"}, {"name": "VZ"}], "tags": [{"name": "Adam McElhaney"}, {"name": "Blade Technologies"}, {"name": "GoFundMe"}, {"name": "Misha Collins"}, {"name": "Scott Schaffer"}]}]