[{"id": 8929316, "author": "Benzinga", "created": "Sun, 22 Jan 2017 18:25:15 -0400", "updated": "Sun, 22 Jan 2017 18:25:15 -0400", "title": "What To Expect From Intel's Q4 This Week", "teaser": "", "body": "", "url": "https://www.benzinga.com/node/8929316", "image": [], "channels": [{"name": "Analyst Color"}, {"name": "Earnings"}, {"name": "Long Ideas"}, {"name": "News"}, {"name": "Previews"}, {"name": "Reiteration"}, {"name": "Analyst Ratings"}, {"name": "Movers"}, {"name": "Tech"}, {"name": "Trading Ideas"}], "stocks": [{"name": "AMD"}, {"name": "INTC"}], "tags": [{"name": "David Wong"}, {"name": "Wells Fargo"}, {"name": "Wells Fargo Securities"}]}, {"id": 8929414, "author": "Benzinga", "created": "Sun, 22 Jan 2017 18:33:57 -0400", "updated": "Sun, 22 Jan 2017 18:33:57 -0400", "title": "Nike Could Become A Player In An Unexpected Market: Eyewear", "teaser": "", "body": "", "url": "https://www.benzinga.com/node/8929414", "image": [], "channels": [{"name": "News"}, {"name": "Sports"}, {"name": "Trading Ideas"}, {"name": "General"}], "stocks": [{"name": "NKE"}], "tags": []}, {"id": 8930384, "author": "Benzinga", "created": "Sun, 22 Jan 2017 20:17:28 -0400", "updated": "Sun, 22 Jan 2017 20:17:28 -0400", "title": "To Change Or Not To Change: Altaba Coming For Yahoo?", "teaser": "", "body": "", "url": "https://www.benzinga.com/node/8930384", "image": [], "channels": [{"name": "News"}, {"name": "Asset Sales"}, {"name": "Tech"}, {"name": "Media"}], "stocks": [{"name": "BABA"}, {"name": "VZ"}, {"name": "YHOO"}], "tags": [{"name": "CNBC"}, {"name": "Wall Street Journal"}]}, {"id": 8931317, "author": "Benzinga", "created": "Sun, 22 Jan 2017 20:25:50 -0400", "updated": "Sun, 22 Jan 2017 20:25:51 -0400", "title": "Barron's Picks And Pans: More Roundtable Picks, Alphabet, GameStop And More", "teaser": "", "body": "", "url": "https://www.benzinga.com/node/8931317", "image": [], "channels": [{"name": "News"}, {"name": "Barron's"}, {"name": "Media"}, {"name": "Trading Ideas"}, {"name": "General"}], "stocks": [{"name": "AAPL"}, {"name": "AMAT"}, {"name": "GME"}, {"name": "GOOG"}, {"name": "GOOGL"}, {"name": "NFLX"}, {"name": "PDCO"}, {"name": "T"}, {"name": "VIAB"}], "tags": [{"name": "Alphabet"}, {"name": "applied materials"}, {"name": "Barron's"}, {"name": "gamestop"}, {"name": "Google"}, {"name": "Netflix"}, {"name": "patterson companies"}, {"name": "Viacom"}]}]