[{"id": 9562257, "author": "Benzinga", "created": "Mon, 05 Jun 2017 07:41:02 -0400", "updated": "Mon, 05 Jun 2017 07:41:02 -0400", "title": "A Peek Into The Markets: U.S. Stock Futures Edge Lower Ahead Of Economic Data", "teaser": "", "body": "", "url": "https://www.benzinga.com/node/9562257", "image": [], "channels": [{"name": "Earnings"}, {"name": "News"}, {"name": "Guidance"}, {"name": "Eurozone"}, {"name": "Futures"}, {"name": "Global"}, {"name": "Pre-Market Outlook"}, {"name": "Markets"}], "stocks": [{"name": "AAPL"}, {"name": "DHI"}, {"name": "FOR"}, {"name": "HLF"}, {"name": "INN"}, {"name": "JKS"}, {"name": "XHR"}], "tags": [{"name": "A Peek Into The Markets"}, {"name": "Pacific Crest"}, {"name": "U.S. stock futures"}]}, {"id": 9562679, "author": "Benzinga", "created": "Mon, 05 Jun 2017 09:08:22 -0400", "updated": "Mon, 05 Jun 2017 09:08:23 -0400", "title": "The Market In 5 Minutes", "teaser": "", "body": "", "url": "https://www.benzinga.com/node/9562679", "image": [], "channels": [{"name": "News"}, {"name": "Global"}, {"name": "Top Stories"}, {"name": "Pre-Market Outlook"}, {"name": "Markets"}], "stocks": [{"name": "AAP"}, {"name": "AAPL"}, {"name": "AMZN"}, {"name": "AZO"}, {"name": "CVX"}, {"name": "DIS"}, {"name": "ECYT"}, {"name": "GM"}, {"name": "GS"}, {"name": "MSFT"}, {"name": "ORLY"}, {"name": "PRGO"}, {"name": "SKX"}, {"name": "SPY"}, {"name": "TSLA"}, {"name": "TWX"}, {"name": "WEX"}], "tags": [{"name": "Market in 5 minutes"}]}, {"id": 9563392, "author": "Benzinga", "created": "Mon, 05 Jun 2017 10:43:51 -0400", "updated": "Mon, 05 Jun 2017 10:43:52 -0400", "title": "The Most Memorable Moments From Apple's Last 4 WWDC Presentations", "teaser": "", "body": "", "url": "https://www.benzinga.com/node/9563392", "image": [], "channels": [{"name": "News"}, {"name": "Events"}, {"name": "Tech"}, {"name": "Trading Ideas"}], "stocks": [{"name": "AAPL"}], "tags": [{"name": "Worldwide Developers Conference"}, {"name": "WWDC"}]}, {"id": 9563307, "author": "Benzinga", "created": "Mon, 05 Jun 2017 11:06:10 -0400", "updated": "Mon, 05 Jun 2017 11:06:11 -0400", "title": "Sugar Standoff: U.S. & Mexico Race To Ink Deal On Exports To Head Off Higher Prices", "teaser": "", "body": "", "url": "https://www.benzinga.com/node/9563307", "image": [], "channels": [{"name": "News"}, {"name": "Rumors"}, {"name": "Futures"}, {"name": "Commodities"}, {"name": "Previews"}, {"name": "Politics"}, {"name": "Legal"}, {"name": "Global"}, {"name": "Markets"}, {"name": "Trading Ideas"}, {"name": "General"}], "stocks": [{"name": "ADM"}, {"name": "BG"}, {"name": "CAG"}, {"name": "DPS"}, {"name": "FIZZ"}, {"name": "KO"}, {"name": "PEP"}], "tags": [{"name": "Height Securities"}, {"name": "Mexico"}, {"name": "sugar"}]}, {"id": 9564386, "author": "Benzinga", "created": "Mon, 05 Jun 2017 12:30:04 -0400", "updated": "Mon, 05 Jun 2017 12:30:04 -0400", "title": "Analyst: WebMD Buyout Not Aligned With IAC Strategy", "teaser": "", "body": "", "url": "https://www.benzinga.com/node/9564386", "image": [], "channels": [{"name": "Analyst Color"}, {"name": "News"}, {"name": "Rumors"}, {"name": "M&A"}, {"name": "Top Stories"}, {"name": "Exclusives"}], "stocks": [{"name": "ANGI"}, {"name": "IAC"}, {"name": "UNH"}, {"name": "WBA"}, {"name": "WBMD"}], "tags": [{"name": "Benchmark"}, {"name": "Dan Kurnos"}]}, {"id": 9558471, "author": "Benzinga", "created": "Mon, 05 Jun 2017 12:32:42 -0400", "updated": "Mon, 05 Jun 2017 12:32:43 -0400", "title": "Politics' Push And Pull On The Alcohol Industry", "teaser": "", "body": "", "url": "https://www.benzinga.com/node/9558471", "image": [], "channels": [{"name": "News"}, {"name": "Education"}, {"name": "Futures"}, {"name": "Politics"}, {"name": "Topics"}, {"name": "Travel"}, {"name": "Restaurants"}, {"name": "Legal"}, {"name": "Top Stories"}, {"name": "Markets"}, {"name": "General"}], "stocks": [{"name": "BUD"}, {"name": "COST"}, {"name": "DEO"}, {"name": "MO"}, {"name": "STZ"}, {"name": "TAP"}, {"name": "TGT"}, {"name": "WMT"}, {"name": "BEAM"}, {"name": "BF"}], "tags": [{"name": "alcohol"}, {"name": "Beer"}, {"name": "booze"}, {"name": "Dannel Malloy"}, {"name": "Liquor"}, {"name": "Open Secrets"}, {"name": "Rick Scott"}, {"name": "Spirits"}, {"name": "wine"}]}, {"id": 9564646, "author": "Benzinga", "created": "Mon, 05 Jun 2017 13:35:33 -0400", "updated": "Mon, 05 Jun 2017 13:35:34 -0400", "title": "Will Apple Be Able To Bounce Back In The Chinese Smartphone Market?", "teaser": "", "body": "", "url": "https://www.benzinga.com/node/9564646", "image": [], "channels": [{"name": "Analyst Color"}, {"name": "Long Ideas"}, {"name": "News"}, {"name": "Emerging Markets"}, {"name": "Rumors"}, {"name": "Movers & Shakers"}, {"name": "Previews"}, {"name": "Reiteration"}, {"name": "Events"}, {"name": "Global"}, {"name": "Hot"}, {"name": "Markets"}, {"name": "Analyst Ratings"}, {"name": "Tech"}, {"name": "Trading Ideas"}, {"name": "General"}], "stocks": [{"name": "AAPL"}, {"name": "SSNLF"}], "tags": [{"name": "Andy Hargreaves"}, {"name": "Pacific Crest"}, {"name": "Steve Milunovich"}, {"name": "Steven Milunovich"}, {"name": "UBS"}]}, {"id": 9565177, "author": "Benzinga", "created": "Mon, 05 Jun 2017 15:39:39 -0400", "updated": "Mon, 05 Jun 2017 15:39:39 -0400", "title": "JPMorgan's Dimon Makes The Case For The Paris Accord", "teaser": "", "body": "", "url": "https://www.benzinga.com/node/9565177", "image": [], "channels": [{"name": "News"}, {"name": "Futures"}, {"name": "Politics"}, {"name": "Topics"}, {"name": "Management"}, {"name": "Events"}, {"name": "Global"}, {"name": "Markets"}, {"name": "Media"}, {"name": "General"}], "stocks": [{"name": "DIS"}, {"name": "JPM"}, {"name": "TSLA"}], "tags": [{"name": "China"}, {"name": "Global warming"}, {"name": "Jamie Dimon"}, {"name": "Paris Accord"}]}, {"id": 9566095, "author": "Benzinga", "created": "Mon, 05 Jun 2017 16:18:31 -0400", "updated": "Mon, 05 Jun 2017 16:18:32 -0400", "title": "Michael Pachter Says Pandora Isn't A Good Fit For Verizon", "teaser": "", "body": "", "url": "https://www.benzinga.com/node/9566095", "image": [], "channels": [{"name": "Analyst Color"}, {"name": "News"}, {"name": "M&A"}, {"name": "Exclusives"}, {"name": "Tech"}], "stocks": [{"name": "P"}, {"name": "S"}, {"name": "SIRI"}, {"name": "VZ"}], "tags": [{"name": "Michael Pachter"}, {"name": "Wedbush"}]}, {"id": 9565671, "author": "Benzinga", "created": "Mon, 05 Jun 2017 16:29:45 -0400", "updated": "Mon, 05 Jun 2017 16:29:46 -0400", "title": "Everything You Need To Know From Apple's Worldwide Developers Conference 2017 Keynote Address", "teaser": "", "body": "", "url": "https://www.benzinga.com/node/9565671", "image": [], "channels": [{"name": "News"}, {"name": "Events"}, {"name": "Top Stories"}, {"name": "Tech"}, {"name": "Trading Ideas"}], "stocks": [{"name": "AAPL"}, {"name": "AMD"}, {"name": "AMZN"}, {"name": "GOOG"}, {"name": "GOOGL"}], "tags": [{"name": "App Store"}, {"name": "Apple Pay"}, {"name": "Apple TV"}, {"name": "iPad"}, {"name": "MacBook"}, {"name": "macOS"}, {"name": "OS 4"}, {"name": "Tim Cook"}, {"name": "Venmo"}, {"name": "Worldwide Developers Conference"}, {"name": "WWDC"}, {"name": "WWDC 2017"}]}, {"id": 9565856, "author": "Benzinga", "created": "Mon, 05 Jun 2017 16:56:20 -0400", "updated": "Mon, 05 Jun 2017 16:56:21 -0400", "title": "TD Ameritrade's May IMX: Investors Sought To Profit From Good Earnings", "teaser": "", "body": "", "url": "https://www.benzinga.com/node/9565856", "image": [], "channels": [{"name": "News"}, {"name": "Markets"}, {"name": "Trading Ideas"}], "stocks": [{"name": "AMD"}, {"name": "AMTD"}, {"name": "AMZN"}, {"name": "ARNC"}, {"name": "C"}, {"name": "FB"}, {"name": "INTC"}, {"name": "NWL"}, {"name": "WFM"}], "tags": [{"name": "IMX"}, {"name": "TD Ameritrade"}, {"name": "The Ticker Tape"}]}]