[{"id": 9032541, "author": "Benzinga", "created": "Mon, 13 Feb 2017 07:45:36 -0400", "updated": "Mon, 13 Feb 2017 07:45:38 -0400", "title": "Wall Street's M&A Chatter From February 10-12", "teaser": "", "body": "", "url": "https://www.benzinga.com/node/9032541", "image": [], "channels": [{"name": "News"}, {"name": "M&A"}], "stocks": [{"name": "AON"}, {"name": "BX"}, {"name": "FRED"}, {"name": "MJN"}, {"name": "RAD"}, {"name": "RBGLY"}, {"name": "WBA"}], "tags": []}, {"id": 9033168, "author": "Benzinga", "created": "Mon, 13 Feb 2017 09:12:54 -0400", "updated": "Mon, 13 Feb 2017 09:12:54 -0400", "title": "A Peek Into The Markets: U.S. Stock Futures Signal Higher Start On Wall Street", "teaser": "", "body": "", "url": "https://www.benzinga.com/node/9033168", "image": [], "channels": [{"name": "Earnings"}, {"name": "News"}, {"name": "Eurozone"}, {"name": "Futures"}, {"name": "Global"}, {"name": "Pre-Market Outlook"}, {"name": "Markets"}], "stocks": [{"name": "AGN"}, {"name": "DLX"}, {"name": "LEA"}, {"name": "NSP"}, {"name": "TRV"}, {"name": "ZLTQ"}], "tags": [{"name": "A Peek Into The Markets"}, {"name": "FBR Capital"}, {"name": "U.S. stock futures"}]}, {"id": 9032976, "author": "Benzinga", "created": "Mon, 13 Feb 2017 09:38:46 -0400", "updated": "Mon, 13 Feb 2017 09:38:46 -0400", "title": "Galentine's Day: Lilith Fair, Minus The Angst", "teaser": "", "body": "", "url": "https://www.benzinga.com/node/9032976", "image": [], "channels": [{"name": "News"}, {"name": "Events"}, {"name": "Media"}], "stocks": [{"name": "WMT"}], "tags": [{"name": "Amy Poehler"}, {"name": "Galentine's Day"}, {"name": "Parks and Recreation"}, {"name": "retailers"}, {"name": "Valentine's Day"}, {"name": "Wal-Mart"}]}, {"id": 9032985, "author": "Benzinga", "created": "Mon, 13 Feb 2017 10:29:36 -0400", "updated": "Mon, 13 Feb 2017 10:29:37 -0400", "title": "The Market In 5 Minutes: Hello... Can You Hear Me?", "teaser": "", "body": "", "url": "https://www.benzinga.com/node/9032985", "image": [], "channels": [{"name": "News"}, {"name": "Global"}, {"name": "Top Stories"}, {"name": "Pre-Market Outlook"}, {"name": "Markets"}], "stocks": [{"name": "AKS"}, {"name": "CSCO"}, {"name": "FRED"}, {"name": "HAS"}, {"name": "JCP"}, {"name": "LVS"}, {"name": "MAT"}, {"name": "PEP"}, {"name": "RAD"}, {"name": "REGN"}, {"name": "SNY"}, {"name": "SPY"}, {"name": "TEVA"}, {"name": "USO"}, {"name": "WBA"}, {"name": "WSM"}], "tags": [{"name": "Market in 5 minutes"}]}, {"id": 9034989, "author": "Benzinga", "created": "Mon, 13 Feb 2017 13:57:42 -0400", "updated": "Mon, 13 Feb 2017 13:57:42 -0400", "title": "Here's The Cliff Notes On The Latest Chapter In Euro Disney's Controversial Story", "teaser": "", "body": "", "url": "https://www.benzinga.com/node/9034989", "image": [], "channels": [{"name": "News"}, {"name": "Emerging Markets"}, {"name": "Eurozone"}, {"name": "Asset Sales"}, {"name": "Travel"}, {"name": "Global"}, {"name": "Markets"}, {"name": "Trading Ideas"}, {"name": "General"}, {"name": "Real Estate"}], "stocks": [{"name": "DIS"}, {"name": "EUDSF"}], "tags": [{"name": "Al-Waleed Bin Talal"}, {"name": "EDL Holdings LLC"}, {"name": "Loop Capital Markets"}, {"name": "Walt Disney Co."}]}, {"id": 9035820, "author": "Benzinga", "created": "Mon, 13 Feb 2017 16:20:01 -0400", "updated": "Mon, 13 Feb 2017 16:20:02 -0400", "title": "Nvidia Has Beat The Street In Every Quarter Since 2011, How Rivals Measure Up to the Feat?", "teaser": "", "body": "", "url": "https://www.benzinga.com/node/9035820", "image": [], "channels": [{"name": "Analyst Color"}, {"name": "Earnings"}, {"name": "News"}, {"name": "Education"}, {"name": "Guidance"}, {"name": "Movers"}, {"name": "Tech"}, {"name": "Trading Ideas"}, {"name": "General"}], "stocks": [{"name": "AMBA"}, {"name": "AMD"}, {"name": "INTC"}, {"name": "NVDA"}], "tags": [{"name": "StreetInsider"}]}]