[{"id": 9010017, "author": "Benzinga", "created": "Wed, 08 Feb 2017 06:29:19 -0400", "updated": "Wed, 08 Feb 2017 06:29:20 -0400", "title": "12 Stocks You Should Be Watching Today", "teaser": "", "body": "", "url": "https://www.benzinga.com/node/9010017", "image": [], "channels": [{"name": "Earnings"}, {"name": "News"}, {"name": "Guidance"}, {"name": "Pre-Market Outlook"}, {"name": "Markets"}, {"name": "Trading Ideas"}], "stocks": [{"name": "ALK"}, {"name": "BWLD"}, {"name": "CTL"}, {"name": "DIS"}, {"name": "EXC"}, {"name": "GILD"}, {"name": "GT"}, {"name": "HUM"}, {"name": "MDLZ"}, {"name": "PRU"}, {"name": "TWX"}, {"name": "WFM"}], "tags": [{"name": "Stocks To Watch"}, {"name": "Stocks to Watch"}]}, {"id": 9010550, "author": "Benzinga", "created": "Wed, 08 Feb 2017 08:31:12 -0400", "updated": "Wed, 08 Feb 2017 08:31:13 -0400", "title": "A Peek Into The Markets: U.S. Stock Futures Edge Higher Ahead Of Earnings", "teaser": "", "body": "", "url": "https://www.benzinga.com/node/9010550", "image": [], "channels": [{"name": "Earnings"}, {"name": "News"}, {"name": "Eurozone"}, {"name": "Futures"}, {"name": "Global"}, {"name": "Pre-Market Outlook"}, {"name": "Markets"}], "stocks": [{"name": "AGN"}, {"name": "DIS"}, {"name": "HUM"}, {"name": "TWTR"}, {"name": "WCG"}], "tags": [{"name": "A Peek Into The Markets"}, {"name": "BTIG Research"}, {"name": "U.S. stock futures"}]}, {"id": 9007342, "author": "Benzinga", "created": "Wed, 08 Feb 2017 09:26:18 -0400", "updated": "Wed, 08 Feb 2017 09:26:19 -0400", "title": "Exclusive: Energous CEO Shares Update On Financials, Dialog Semi And Apple Rumors", "teaser": "", "body": "", "url": "https://www.benzinga.com/node/9007342", "image": [], "channels": [{"name": "News"}, {"name": "Rumors"}, {"name": "Previews"}, {"name": "M&A"}, {"name": "Top Stories"}, {"name": "Tech"}, {"name": "Trading Ideas"}, {"name": "Interview"}], "stocks": [{"name": "AAPL"}, {"name": "DLGNF"}, {"name": "WATT"}], "tags": [{"name": "Dialog Semi"}, {"name": "Dialog Semiconductor"}, {"name": "Energous"}, {"name": "FCC"}, {"name": "iPhone"}, {"name": "Jersey Telecom"}, {"name": "Rizzone"}, {"name": "SeekingAlpha"}, {"name": "Short-Sellers"}, {"name": "Shorts"}, {"name": "Stephen Rizzone"}, {"name": "WattUp"}]}, {"id": 9010592, "author": "Benzinga", "created": "Wed, 08 Feb 2017 10:03:40 -0400", "updated": "Wed, 08 Feb 2017 10:03:40 -0400", "title": "The Market In 5 Minutes: Disney, Gilead Investors Not Too Pleased", "teaser": "", "body": "", "url": "https://www.benzinga.com/node/9010592", "image": [], "channels": [{"name": "News"}, {"name": "Global"}, {"name": "Top Stories"}, {"name": "Pre-Market Outlook"}, {"name": "Markets"}], "stocks": [{"name": "AGN"}, {"name": "BWLD"}, {"name": "DHI"}, {"name": "DIS"}, {"name": "DRYS"}, {"name": "GILD"}, {"name": "KBH"}, {"name": "LEN"}, {"name": "M"}, {"name": "MDLZ"}, {"name": "MYGN"}, {"name": "NTGR"}, {"name": "PNRA"}, {"name": "SCOR"}, {"name": "SPY"}, {"name": "SRPT"}, {"name": "SYT"}, {"name": "TTWO"}, {"name": "TWLO"}, {"name": "TWTR"}, {"name": "TWX"}, {"name": "USO"}], "tags": [{"name": "Market in 5 minutes"}]}, {"id": 9011582, "author": "Benzinga", "created": "Wed, 08 Feb 2017 11:51:27 -0400", "updated": "Wed, 08 Feb 2017 11:51:28 -0400", "title": "Back, Back, Back... How Can ESPN Buck The Downward Trend?", "teaser": "", "body": "", "url": "https://www.benzinga.com/node/9011582", "image": [], "channels": [{"name": "Analyst Color"}, {"name": "Earnings"}, {"name": "News"}, {"name": "Sports"}, {"name": "Top Stories"}, {"name": "Analyst Ratings"}, {"name": "Tech"}, {"name": "General"}], "stocks": [{"name": "AMCX"}, {"name": "CMCSA"}, {"name": "DIS"}, {"name": "FOXA"}, {"name": "TWX"}, {"name": "VIAB"}], "tags": [{"name": "Bob Iger"}, {"name": "College Football Playoff"}, {"name": "ESPN"}, {"name": "FXX"}, {"name": "HBO"}, {"name": "Hulu"}, {"name": "Nicktoons"}, {"name": "over-the-top"}, {"name": "RBC Capital Markets"}, {"name": "Steve Cahall"}]}, {"id": 9012051, "author": "Benzinga", "created": "Wed, 08 Feb 2017 12:39:39 -0400", "updated": "Wed, 08 Feb 2017 12:39:40 -0400", "title": "Is Twitter Fighting A Losing Battle Against Trolls?", "teaser": "", "body": "", "url": "https://www.benzinga.com/node/9012051", "image": [], "channels": [{"name": "News"}, {"name": "Media"}, {"name": "General"}], "stocks": [{"name": "CRM"}, {"name": "DIS"}, {"name": "FB"}, {"name": "GOOG"}, {"name": "GOOGL"}, {"name": "TWTR"}], "tags": [{"name": "Internet Stocks"}, {"name": "Marc Benioff"}, {"name": "Reddit"}, {"name": "social media"}]}, {"id": 9012080, "author": "Benzinga", "created": "Wed, 08 Feb 2017 13:09:35 -0400", "updated": "Wed, 08 Feb 2017 13:09:35 -0400", "title": "Spotify's Complicated Road Toward An IPO", "teaser": "", "body": "", "url": "https://www.benzinga.com/node/9012080", "image": [], "channels": [{"name": "News"}, {"name": "IPOs"}, {"name": "Tech"}, {"name": "Media"}], "stocks": [{"name": "AAPL"}], "tags": [{"name": "Bloomberg"}, {"name": "Gadfly"}, {"name": "Leila Abboud"}, {"name": "SNAP"}, {"name": "SnapChat"}, {"name": "Spotify"}, {"name": "Spotify IPO"}]}, {"id": 9012406, "author": "Benzinga", "created": "Wed, 08 Feb 2017 14:18:53 -0400", "updated": "Wed, 08 Feb 2017 14:18:54 -0400", "title": "Disney's Top-Line Miss: 'The Force' Was Too Strong With Q1 Last Year", "teaser": "", "body": "", "url": "https://www.benzinga.com/node/9012406", "image": [], "channels": [{"name": "Analyst Color"}, {"name": "Earnings"}, {"name": "Long Ideas"}, {"name": "News"}, {"name": "Price Target"}, {"name": "Reiteration"}, {"name": "Analyst Ratings"}, {"name": "Movers"}, {"name": "Tech"}, {"name": "Media"}, {"name": "Trading Ideas"}], "stocks": [{"name": "DIS"}], "tags": [{"name": "David Miller"}, {"name": "ESPN"}, {"name": "Loop Capital"}]}, {"id": 9013726, "author": "Benzinga", "created": "Wed, 08 Feb 2017 16:12:05 -0400", "updated": "Wed, 08 Feb 2017 16:12:06 -0400", "title": "Traders Circulating Recent AppleInsider Article 'Apple's 10th anniversary 'iPhone X' could cost more than $1,000 - report'", "teaser": "", "body": "", "url": "https://www.benzinga.com/node/9013726", "image": [], "channels": [{"name": "News"}, {"name": "Rumors"}], "stocks": [{"name": "AAPL"}], "tags": []}, {"id": 9014115, "author": "Benzinga", "created": "Wed, 08 Feb 2017 17:01:07 -0400", "updated": "Wed, 08 Feb 2017 17:01:07 -0400", "title": "Apple's 'iPhone X' To Cost $1,000?", "teaser": "", "body": "", "url": "https://www.benzinga.com/node/9014115", "image": [], "channels": [{"name": "News"}, {"name": "Rumors"}, {"name": "Tech"}], "stocks": [{"name": "AAPL"}, {"name": "INTC"}, {"name": "QCOM"}], "tags": [{"name": "Apple iPhone"}, {"name": "apple iphone 8"}, {"name": "ios 10.2.1"}, {"name": "iPhone"}, {"name": "iPhone 6S"}, {"name": "iPhone 7"}, {"name": "iPhone 8"}, {"name": "iphone 8 leak"}, {"name": "iphone 8 release date"}, {"name": "iPhone 8 Rumors"}, {"name": "iPhone X"}, {"name": "new iphone"}]}]