[{"id": 9810075, "author": "Benzinga", "created": "Mon, 24 Jul 2017 07:35:09 -0400", "updated": "Mon, 24 Jul 2017 07:35:11 -0400", "title": "Wall Street's M&A Chatter From July 21-23: WebMD, Asda, GraphIQ, Tesoro-Western Refining Logistics", "teaser": "", "body": "", "url": "https://www.benzinga.com/node/9810075", "image": [], "channels": [{"name": "News"}, {"name": "Rumors"}, {"name": "M&A"}], "stocks": [{"name": "AMZN"}, {"name": "KKR"}, {"name": "TSO"}, {"name": "WBMD"}, {"name": "WMT"}, {"name": "WNRL"}], "tags": []}, {"id": 9810079, "author": "Benzinga", "created": "Mon, 24 Jul 2017 07:36:17 -0400", "updated": "Mon, 24 Jul 2017 07:36:17 -0400", "title": "A Peek Into The Markets: U.S. Stock Futures Edge Lower; Alphabet Earnings In Focus", "teaser": "", "body": "", "url": "https://www.benzinga.com/node/9810079", "image": [], "channels": [{"name": "Earnings"}, {"name": "News"}, {"name": "Guidance"}, {"name": "Eurozone"}, {"name": "Futures"}, {"name": "M&A"}, {"name": "Global"}, {"name": "Pre-Market Outlook"}, {"name": "Markets"}], "stocks": [{"name": "GOOGL"}, {"name": "GS"}, {"name": "HAL"}, {"name": "HIBB"}, {"name": "VFC"}, {"name": "WBMD"}], "tags": [{"name": "A Peek Into The Markets"}, {"name": "U.S. stock futures"}, {"name": "UBS"}]}, {"id": 9811056, "author": "Benzinga", "created": "Mon, 24 Jul 2017 10:55:49 -0400", "updated": "Mon, 24 Jul 2017 10:55:50 -0400", "title": "Bullish Analyst Still Sees Several Of PayPal's Growth Initiatives In Their Early Stages", "teaser": "", "body": "", "url": "https://www.benzinga.com/node/9811056", "image": [], "channels": [{"name": "Analyst Color"}, {"name": "Earnings"}, {"name": "Fintech"}, {"name": "Long Ideas"}, {"name": "News"}, {"name": "Previews"}, {"name": "Reiteration"}, {"name": "Analyst Ratings"}, {"name": "Tech"}, {"name": "Trading Ideas"}], "stocks": [{"name": "AAPL"}, {"name": "JPM"}, {"name": "PYPL"}, {"name": "SQ"}, {"name": "SSNLF"}, {"name": "V"}], "tags": [{"name": "btig"}, {"name": "Mark Palmer"}]}, {"id": 9811058, "author": "Benzinga", "created": "Mon, 24 Jul 2017 11:20:19 -0400", "updated": "Mon, 24 Jul 2017 11:20:19 -0400", "title": "BMO Previews Apple Earnings: 'OLED On Time But Limited'", "teaser": "", "body": "", "url": "https://www.benzinga.com/node/9811058", "image": [], "channels": [{"name": "Analyst Color"}, {"name": "Earnings"}, {"name": "Long Ideas"}, {"name": "News"}, {"name": "Previews"}, {"name": "Reiteration"}, {"name": "Analyst Ratings"}, {"name": "Tech"}, {"name": "Trading Ideas"}], "stocks": [{"name": "AAPL"}], "tags": [{"name": "BMO Capital Markets"}, {"name": "iPhone 8"}, {"name": "OLED"}, {"name": "Tim Long"}]}, {"id": 9776865, "author": "Benzinga", "created": "Mon, 24 Jul 2017 11:51:55 -0400", "updated": "Mon, 24 Jul 2017 11:51:55 -0400", "title": "Two Ways To Trade This Week's Healthcare Earnings", "teaser": "", "body": "", "url": "https://www.benzinga.com/node/9776865", "image": [], "channels": [{"name": "Earnings"}, {"name": "Long Ideas"}, {"name": "News"}, {"name": "Sector ETFs"}, {"name": "Short Ideas"}, {"name": "Specialty ETFs"}, {"name": "Health Care"}, {"name": "Previews"}, {"name": "Markets"}, {"name": "Trading Ideas"}, {"name": "ETFs"}, {"name": "General"}], "stocks": [{"name": "ABBV"}, {"name": "AMGN"}, {"name": "BIIB"}, {"name": "CELG"}, {"name": "CURE"}, {"name": "GILD"}, {"name": "JNJ"}, {"name": "LLY"}, {"name": "PFE"}, {"name": "SICK"}], "tags": []}, {"id": 9811939, "author": "Benzinga", "created": "Mon, 24 Jul 2017 13:29:54 -0400", "updated": "Mon, 24 Jul 2017 13:30:01 -0400", "title": "Cramer Asks If Wall Street's Bullish Analysts Are Wrong About Blue Apron", "teaser": "", "body": "", "url": "https://www.benzinga.com/node/9811939", "image": [], "channels": [{"name": "Analyst Color"}, {"name": "Long Ideas"}, {"name": "News"}, {"name": "Jim Cramer"}, {"name": "Initiation"}, {"name": "M&A"}, {"name": "IPOs"}, {"name": "Analyst Ratings"}, {"name": "Movers"}, {"name": "Media"}, {"name": "Trading Ideas"}], "stocks": [{"name": "AMZN"}, {"name": "APRN"}, {"name": "GRUB"}, {"name": "WFM"}, {"name": "WMT"}], "tags": [{"name": "Blue Apron"}, {"name": "food"}, {"name": "Food Delivery"}, {"name": "Meal Delivery Kit"}]}, {"id": 9811861, "author": "Benzinga", "created": "Mon, 24 Jul 2017 13:44:55 -0400", "updated": "Mon, 24 Jul 2017 13:45:03 -0400", "title": "Latest Rally In Chinese Commodity Prices Could Be Largely Rooted In Speculation", "teaser": "", "body": "", "url": "https://www.benzinga.com/node/9811861", "image": [], "channels": [{"name": "Analyst Color"}, {"name": "News"}, {"name": "Short Ideas"}, {"name": "Emerging Markets"}, {"name": "Commodities"}, {"name": "Global"}, {"name": "Econ #s"}, {"name": "Markets"}, {"name": "Analyst Ratings"}, {"name": "Trading Ideas"}], "stocks": [{"name": "CAT"}, {"name": "CLF"}, {"name": "GATX"}, {"name": "RIO"}, {"name": "TRN"}, {"name": "URI"}, {"name": "X"}], "tags": [{"name": "axiom"}, {"name": "Gordon Johnson"}]}, {"id": 9811718, "author": "Benzinga", "created": "Mon, 24 Jul 2017 14:04:43 -0400", "updated": "Mon, 24 Jul 2017 14:04:47 -0400", "title": "Supersize Me Again: McDonald's Wants You To Curl Up With A Big Mac In New Sweats, Jammies Lines", "teaser": "", "body": "", "url": "https://www.benzinga.com/node/9811718", "image": [], "channels": [{"name": "News"}, {"name": "Psychology"}, {"name": "Restaurants"}, {"name": "Media"}, {"name": "General"}], "stocks": [{"name": "AEO"}, {"name": "MCD"}], "tags": [{"name": "AdFreak"}, {"name": "Fast Food"}, {"name": "Lauren Altmin"}, {"name": "McDelivery Collection"}, {"name": "nutrition"}, {"name": "obesity"}, {"name": "UberEATS"}]}, {"id": 9812257, "author": "Benzinga", "created": "Mon, 24 Jul 2017 14:22:21 -0400", "updated": "Mon, 24 Jul 2017 14:22:23 -0400", "title": "Earnings Preview: Search Giant Alphabet Kicks Off A Busy Week", "teaser": "", "body": "", "url": "https://www.benzinga.com/node/9812257", "image": [], "channels": [{"name": "Earnings"}, {"name": "News"}, {"name": "Previews"}, {"name": "Options"}, {"name": "Markets"}, {"name": "Tech"}, {"name": "Trading Ideas"}], "stocks": [{"name": "AMZN"}, {"name": "CMG"}, {"name": "GOOG"}, {"name": "GOOGL"}, {"name": "KO"}, {"name": "MCD"}], "tags": [{"name": "Consumer Discretionary"}, {"name": "JJ Kinahan"}, {"name": "Restaurants"}, {"name": "TD Ameritrade"}, {"name": "The Ticker Tape"}]}, {"id": 9810827, "author": "Benzinga", "created": "Mon, 24 Jul 2017 14:28:24 -0400", "updated": "Mon, 24 Jul 2017 14:28:24 -0400", "title": "Charter Communication Q2 Earnings: What's In Store?", "teaser": "", "body": "", "url": "https://www.benzinga.com/node/9810827", "image": [], "channels": [{"name": "Earnings"}, {"name": "News"}, {"name": "Previews"}, {"name": "Trading Ideas"}], "stocks": [{"name": "CHTR"}, {"name": "CMCSA"}, {"name": "HFC"}, {"name": "NFLX"}, {"name": "PENN"}, {"name": "VZ"}, {"name": "MSO"}], "tags": []}, {"id": 9810868, "author": "Benzinga", "created": "Mon, 24 Jul 2017 14:30:43 -0400", "updated": "Mon, 24 Jul 2017 14:30:43 -0400", "title": "Factors To Consider Before Whole Foods' Q3 Earnings", "teaser": "", "body": "", "url": "https://www.benzinga.com/node/9810868", "image": [], "channels": [{"name": "Earnings"}, {"name": "News"}, {"name": "Previews"}, {"name": "Trading Ideas"}], "stocks": [{"name": "AMZN"}, {"name": "KR"}, {"name": "WFM"}, {"name": "WMT"}], "tags": []}, {"id": 9812323, "author": "Benzinga", "created": "Mon, 24 Jul 2017 14:36:04 -0400", "updated": "Mon, 24 Jul 2017 14:36:06 -0400", "title": "Earnings Roundup: McDonald's, Chipotle And Coca-Cola Report Q2 Results This Week", "teaser": "", "body": "", "url": "https://www.benzinga.com/node/9812323", "image": [], "channels": [{"name": "Earnings"}, {"name": "News"}, {"name": "Previews"}, {"name": "Options"}, {"name": "Restaurants"}, {"name": "Markets"}, {"name": "Trading Ideas"}, {"name": "General"}], "stocks": [{"name": "AMZN"}, {"name": "CMG"}, {"name": "FB"}, {"name": "GOOGL"}, {"name": "KO"}, {"name": "MCD"}, {"name": "TWTR"}], "tags": [{"name": "Consumer Discretionary"}, {"name": "JJ Kinahan"}, {"name": "Restaurants"}, {"name": "TD Ameritrade"}, {"name": "The Ticker Tape"}]}, {"id": 9810831, "author": "Benzinga", "created": "Mon, 24 Jul 2017 14:51:37 -0400", "updated": "Mon, 24 Jul 2017 14:51:37 -0400", "title": "Why 3M Might Surprise This Earnings Season", "teaser": "", "body": "", "url": "https://www.benzinga.com/node/9810831", "image": [], "channels": [{"name": "Earnings"}, {"name": "News"}, {"name": "Previews"}, {"name": "Trading Ideas"}], "stocks": [{"name": "MMM"}], "tags": []}, {"id": 9811665, "author": "Benzinga", "created": "Mon, 24 Jul 2017 15:01:30 -0400", "updated": "Mon, 24 Jul 2017 15:01:30 -0400", "title": "Stephens' Cheat Sheet For Restaurant Sector's Earnings", "teaser": "", "body": "", "url": "https://www.benzinga.com/node/9811665", "image": [], "channels": [{"name": "Analyst Color"}, {"name": "Earnings"}, {"name": "Long Ideas"}, {"name": "News"}, {"name": "Short Ideas"}, {"name": "Price Target"}, {"name": "Previews"}, {"name": "Reiteration"}, {"name": "Restaurants"}, {"name": "Analyst Ratings"}, {"name": "Trading Ideas"}, {"name": "General"}], "stocks": [{"name": "BJRI"}, {"name": "BOJA"}, {"name": "BWLD"}, {"name": "CMG"}, {"name": "DNKN"}, {"name": "DPZ"}, {"name": "MCD"}, {"name": "SBUX"}], "tags": [{"name": "Restaurant Earnings"}, {"name": "restaurants"}, {"name": "same store sales"}, {"name": "Stephens"}]}, {"id": 9812288, "author": "Benzinga", "created": "Mon, 24 Jul 2017 15:29:49 -0400", "updated": "Mon, 24 Jul 2017 15:29:49 -0400", "title": "Ahead Of Earnings: Why You Should Be Buying Merck And Selling Bristol-Myers", "teaser": "", "body": "", "url": "https://www.benzinga.com/node/9812288", "image": [], "channels": [{"name": "Analyst Color"}, {"name": "Biotech"}, {"name": "Earnings"}, {"name": "Long Ideas"}, {"name": "News"}, {"name": "Short Ideas"}, {"name": "Health Care"}, {"name": "Previews"}, {"name": "Reiteration"}, {"name": "Analyst Ratings"}, {"name": "Trading Ideas"}, {"name": "General"}], "stocks": [{"name": "BMY"}, {"name": "MRK"}], "tags": [{"name": "Alex Arfaei"}, {"name": "BMO"}, {"name": "bristol-myers squibb"}, {"name": "Keytruda"}, {"name": "merck"}]}, {"id": 9811396, "author": "Benzinga", "created": "Mon, 24 Jul 2017 16:08:44 -0400", "updated": "Mon, 24 Jul 2017 16:08:45 -0400", "title": "What You Need To Know About Dow Components Reporting This Week", "teaser": "", "body": "", "url": "https://www.benzinga.com/node/9811396", "image": [], "channels": [{"name": "Biotech"}, {"name": "Earnings"}, {"name": "News"}, {"name": "Health Care"}, {"name": "Commodities"}, {"name": "Previews"}, {"name": "Topics"}, {"name": "Travel"}, {"name": "Markets"}, {"name": "Tech"}, {"name": "Trading Ideas"}, {"name": "General"}], "stocks": [{"name": "BA"}, {"name": "CAT"}, {"name": "CVX"}, {"name": "DD"}, {"name": "INTC"}, {"name": "KO"}, {"name": "MCD"}, {"name": "MMM"}, {"name": "MRK"}, {"name": "PG"}, {"name": "T"}, {"name": "TRV"}, {"name": "UTX"}, {"name": "VZ"}, {"name": "XOM"}], "tags": [{"name": "Dow 30"}, {"name": "Dow Jones"}]}, {"id": 9812841, "author": "Benzinga", "created": "Mon, 24 Jul 2017 16:18:55 -0400", "updated": "Mon, 24 Jul 2017 16:18:56 -0400", "title": "Benzinga's Option Alert Recap From July 24", "teaser": "", "body": "", "url": "https://www.benzinga.com/node/9812841", "image": [], "channels": [{"name": "News"}, {"name": "Options"}, {"name": "After-Hours Center"}, {"name": "Markets"}, {"name": "Trading Ideas"}], "stocks": [{"name": "AAPL"}, {"name": "AN"}, {"name": "CAT"}, {"name": "CMI"}, {"name": "CVNA"}, {"name": "FB"}, {"name": "FOSL"}, {"name": "GRA"}, {"name": "HCA"}, {"name": "LC"}, {"name": "LUV"}, {"name": "LVS"}, {"name": "MCD"}, {"name": "MIK"}, {"name": "PYPL"}, {"name": "SBUX"}, {"name": "STMP"}, {"name": "TEX"}, {"name": "XRAY"}, {"name": "YNDX"}], "tags": []}]