[{"id": 9504474, "author": "Benzinga", "created": "Tue, 23 May 2017 08:04:32 -0400", "updated": "Tue, 23 May 2017 08:04:32 -0400", "title": "20 Stocks Moving In Tuesday's Pre-Market Session", "teaser": "", "body": "", "url": "https://www.benzinga.com/node/9504474", "image": [], "channels": [{"name": "News"}, {"name": "Movers & Shakers"}, {"name": "Pre-Market Outlook"}, {"name": "Markets"}, {"name": "Analyst Ratings"}, {"name": "Movers"}], "stocks": [{"name": "A"}, {"name": "AAP"}, {"name": "AAPL"}, {"name": "ATW"}, {"name": "AZO"}, {"name": "CLB"}, {"name": "CTIC"}, {"name": "CVNA"}, {"name": "ERIC"}, {"name": "ETRM"}, {"name": "KOS"}, {"name": "NOK"}, {"name": "ONDK"}, {"name": "PBCT"}, {"name": "PLSE"}, {"name": "PRGO"}, {"name": "SORL"}, {"name": "TOL"}, {"name": "TTWO"}, {"name": "WKHS"}, {"name": "XLNX"}], "tags": [{"name": "#PreMarket Gainers"}, {"name": "Losers"}, {"name": "Top Gainers"}]}, {"id": 9502030, "author": "Benzinga", "created": "Tue, 23 May 2017 08:59:04 -0400", "updated": "Tue, 23 May 2017 08:59:04 -0400", "title": "The Current State Of The Breast Cancer Treatment Space", "teaser": "", "body": "", "url": "https://www.benzinga.com/node/9502030", "image": [], "channels": [{"name": "Analyst Color"}, {"name": "Biotech"}, {"name": "News"}, {"name": "Health Care"}, {"name": "FDA"}, {"name": "Trading Ideas"}, {"name": "General"}], "stocks": [{"name": "AMGN"}, {"name": "MRUS"}, {"name": "NVS"}, {"name": "PBYI"}, {"name": "PFE"}, {"name": "RHHBY"}, {"name": "TSRO"}], "tags": [{"name": "BRCA"}, {"name": "breast cancer"}, {"name": "FDA"}, {"name": "Food and Drug Administration"}, {"name": "HER2"}, {"name": "U.S. Food and Drug Administration"}]}, {"id": 9504628, "author": "Benzinga", "created": "Tue, 23 May 2017 09:05:33 -0400", "updated": "Tue, 23 May 2017 09:05:34 -0400", "title": "From Frenemies To Friends? Apple Is Now Working With Nokia To Explore Health Tech", "teaser": "", "body": "", "url": "https://www.benzinga.com/node/9504628", "image": [], "channels": [{"name": "CNBC"}, {"name": "News"}, {"name": "Health Care"}, {"name": "Contracts"}, {"name": "Movers"}, {"name": "Tech"}, {"name": "Media"}, {"name": "General"}], "stocks": [{"name": "AAPL"}, {"name": "ACTG"}, {"name": "NOK"}], "tags": [{"name": "Apple"}, {"name": "Apple Patent"}, {"name": "CNBC"}, {"name": "Digital Health"}, {"name": "Maria Varsellona"}, {"name": "Nokia"}]}, {"id": 9505168, "author": "Benzinga", "created": "Tue, 23 May 2017 09:10:43 -0400", "updated": "Tue, 23 May 2017 09:10:45 -0400", "title": "The Market In 5 Minutes", "teaser": "", "body": "", "url": "https://www.benzinga.com/node/9505168", "image": [], "channels": [{"name": "News"}, {"name": "Global"}, {"name": "Top Stories"}, {"name": "Pre-Market Outlook"}, {"name": "Markets"}], "stocks": [{"name": "AAPL"}, {"name": "ATW"}, {"name": "BBRY"}, {"name": "F"}, {"name": "FRSH"}, {"name": "HP"}, {"name": "MCK"}, {"name": "RS"}, {"name": "SPY"}, {"name": "USO"}, {"name": "XLNX"}], "tags": [{"name": "Health Care"}, {"name": "Health Care Distributors"}, {"name": "Market in 5 minutes"}]}, {"id": 9505319, "author": "Benzinga", "created": "Tue, 23 May 2017 09:48:38 -0400", "updated": "Tue, 23 May 2017 09:48:38 -0400", "title": "Apple China Checks: China Demand Disappointing, Expect An In-Line Quarter", "teaser": "", "body": "", "url": "https://www.benzinga.com/node/9505319", "image": [], "channels": [{"name": "Analyst Color"}, {"name": "Earnings"}, {"name": "Long Ideas"}, {"name": "News"}, {"name": "Guidance"}, {"name": "Emerging Markets"}, {"name": "Previews"}, {"name": "Reiteration"}, {"name": "Markets"}, {"name": "Analyst Ratings"}, {"name": "Tech"}, {"name": "Trading Ideas"}], "stocks": [{"name": "AAPL"}, {"name": "APH"}, {"name": "DIOD"}, {"name": "ON"}, {"name": "VSH"}], "tags": []}, {"id": 9505077, "author": "Benzinga", "created": "Tue, 23 May 2017 09:55:16 -0400", "updated": "Tue, 23 May 2017 09:55:16 -0400", "title": "Strippers And Stocks: Warren Buffett's Purposeful Ad Space", "teaser": "", "body": "", "url": "https://www.benzinga.com/node/9505077", "image": [], "channels": [{"name": "News"}, {"name": "Legal"}, {"name": "Media"}], "stocks": [{"name": "AXP"}], "tags": [{"name": "American Express"}, {"name": "Bloomberg"}, {"name": "new york daily news"}, {"name": "Oracle of Omaha"}, {"name": "Warren Buffett"}]}, {"id": 9506144, "author": "Benzinga", "created": "Tue, 23 May 2017 11:55:24 -0400", "updated": "Tue, 23 May 2017 11:55:25 -0400", "title": "Major Keys From Xilinx's Analyst Day", "teaser": "", "body": "", "url": "https://www.benzinga.com/node/9506144", "image": [], "channels": [{"name": "Analyst Color"}, {"name": "Long Ideas"}, {"name": "News"}, {"name": "Guidance"}, {"name": "Price Target"}, {"name": "Reiteration"}, {"name": "Events"}, {"name": "Analyst Ratings"}, {"name": "Movers"}, {"name": "Tech"}, {"name": "Trading Ideas"}], "stocks": [{"name": "INTC"}, {"name": "XLNX"}], "tags": [{"name": "altera"}, {"name": "Ambrish Srivastava"}, {"name": "BMO Capital Markets"}, {"name": "Xilinx"}]}, {"id": 9506817, "author": "Benzinga", "created": "Tue, 23 May 2017 12:23:59 -0400", "updated": "Tue, 23 May 2017 12:24:00 -0400", "title": "15 Biggest Mid-Day Gainers For Tuesday", "teaser": "", "body": "", "url": "https://www.benzinga.com/node/9506817", "image": [], "channels": [{"name": "News"}, {"name": "Intraday Update"}, {"name": "Markets"}, {"name": "Analyst Ratings"}, {"name": "Movers"}], "stocks": [{"name": "A"}, {"name": "AAPL"}, {"name": "AEGN"}, {"name": "CRMT"}, {"name": "ETRM"}, {"name": "GSOL"}, {"name": "HMNY"}, {"name": "IHC"}, {"name": "NK"}, {"name": "NOK"}, {"name": "ONDK"}, {"name": "PBYI"}, {"name": "RGSE"}, {"name": "SMRT"}, {"name": "SONS"}, {"name": "TTWO"}], "tags": [{"name": "Mid-Day Gainers"}, {"name": "Top Gainers"}]}, {"id": 9502984, "author": "Benzinga", "created": "Tue, 23 May 2017 13:42:58 -0400", "updated": "Tue, 23 May 2017 13:42:59 -0400", "title": "What The Massive SoftBank Investment 'Vision Fund' Means For Tech", "teaser": "", "body": "", "url": "https://www.benzinga.com/node/9502984", "image": [], "channels": [{"name": "News"}, {"name": "Emerging Markets"}, {"name": "Financing"}, {"name": "M&A"}, {"name": "Global"}, {"name": "Economics"}, {"name": "Markets"}, {"name": "Tech"}, {"name": "Media"}], "stocks": [{"name": "AAPL"}, {"name": "QCOM"}, {"name": "ARMH"}], "tags": [{"name": "accenture"}, {"name": "AI"}, {"name": "artificial intelligence"}, {"name": "Autonomous Driving"}, {"name": "autonomous vehicles"}, {"name": "Bloomberg"}, {"name": "David Brophy"}, {"name": "Didi Chuxing"}, {"name": "Felicio Egidio"}, {"name": "Masayoshi Son"}, {"name": "Preqin"}, {"name": "Softbank"}]}, {"id": 9506563, "author": "Benzinga", "created": "Tue, 23 May 2017 14:09:44 -0400", "updated": "Tue, 23 May 2017 14:09:45 -0400", "title": "Zymeworks: Early But Compelling Data, Large Biopharma Partners And A Potential June Catalyst", "teaser": "", "body": "", "url": "https://www.benzinga.com/node/9506563", "image": [], "channels": [{"name": "Analyst Color"}, {"name": "Biotech"}, {"name": "Earnings"}, {"name": "Long Ideas"}, {"name": "News"}, {"name": "Guidance"}, {"name": "Health Care"}, {"name": "Price Target"}, {"name": "Initiation"}, {"name": "Previews"}, {"name": "Events"}, {"name": "Analyst Ratings"}, {"name": "Trading Ideas"}, {"name": "General"}], "stocks": [{"name": "CELG"}, {"name": "GSK"}, {"name": "LLY"}, {"name": "MRK"}, {"name": "ZYME"}], "tags": [{"name": "Barclays"}, {"name": "cancer"}, {"name": "Geoff Meacham"}, {"name": "ZW25"}, {"name": "ZW33"}]}, {"id": 9508748, "author": "Benzinga", "created": "Tue, 23 May 2017 16:36:57 -0400", "updated": "Tue, 23 May 2017 16:36:58 -0400", "title": "Benzinga's Option Alert Recap From May 23", "teaser": "", "body": "", "url": "https://www.benzinga.com/node/9508748", "image": [], "channels": [{"name": "News"}, {"name": "Options"}, {"name": "After-Hours Center"}, {"name": "Markets"}, {"name": "Movers"}, {"name": "Trading Ideas"}], "stocks": [{"name": "AA"}, {"name": "AEG"}, {"name": "AIG"}, {"name": "AKS"}, {"name": "BBRY"}, {"name": "CHS"}, {"name": "CIT"}, {"name": "DOW"}, {"name": "DYN"}, {"name": "EBAY"}, {"name": "EXEL"}, {"name": "GPRO"}, {"name": "GPX"}, {"name": "IMPV"}, {"name": "LOW"}, {"name": "MAR"}, {"name": "NAK"}, {"name": "NQ"}, {"name": "RAD"}, {"name": "RBS"}, {"name": "SGMO"}, {"name": "SHLD"}, {"name": "SQ"}, {"name": "STLD"}, {"name": "TGT"}, {"name": "TIME"}, {"name": "TLRD"}, {"name": "TWLO"}, {"name": "URBN"}, {"name": "X"}], "tags": [{"name": "option trading"}, {"name": "options"}, {"name": "Options Alerts"}, {"name": "options definition"}, {"name": "Options Recap"}, {"name": "options trading"}, {"name": "options trading for dummies"}, {"name": "options trading strategies"}, {"name": "Optionshouse"}, {"name": "trading stock options"}, {"name": "types of options"}]}]