[{"id": 9553438, "author": "Benzinga", "created": "Fri, 02 Jun 2017 08:39:08 -0400", "updated": "Fri, 02 Jun 2017 08:39:09 -0400", "title": "Shares Of McDonald's Haven't Seen A Run Like This In 50 Years", "teaser": "", "body": "", "url": "https://www.benzinga.com/node/9553438", "image": [], "channels": [{"name": "Earnings"}, {"name": "News"}, {"name": "Guidance"}, {"name": "Short Ideas"}, {"name": "Dividends"}, {"name": "Technicals"}, {"name": "Movers & Shakers"}, {"name": "Restaurants"}, {"name": "Markets"}, {"name": "Trading Ideas"}, {"name": "General"}], "stocks": [{"name": "MCD"}, {"name": "QSR"}], "tags": [{"name": "McDonald's"}, {"name": "Wall Street Journal"}, {"name": "WSJ"}]}, {"id": 9555778, "author": "Benzinga", "created": "Fri, 02 Jun 2017 09:05:50 -0400", "updated": "Fri, 02 Jun 2017 09:05:51 -0400", "title": "The Market In 5 Minutes", "teaser": "", "body": "", "url": "https://www.benzinga.com/node/9555778", "image": [], "channels": [{"name": "News"}, {"name": "Global"}, {"name": "Top Stories"}, {"name": "Pre-Market Outlook"}, {"name": "Markets"}], "stocks": [{"name": "ADP"}, {"name": "DIS"}, {"name": "F"}, {"name": "GM"}, {"name": "JACK"}, {"name": "LULU"}, {"name": "TCO"}, {"name": "TSLA"}, {"name": "VSAT"}, {"name": "WDAY"}, {"name": "WLL"}, {"name": "WSBC"}], "tags": [{"name": "Market in 5 minutes"}]}, {"id": 9556529, "author": "Benzinga", "created": "Fri, 02 Jun 2017 10:29:10 -0400", "updated": "Fri, 02 Jun 2017 10:29:10 -0400", "title": "White House Says The Paris Climate Accord Hurt American Businesses; Do American Businesses Agree?", "teaser": "", "body": "", "url": "https://www.benzinga.com/node/9556529", "image": [], "channels": [{"name": "CNBC"}, {"name": "News"}, {"name": "Futures"}, {"name": "Politics"}, {"name": "Topics"}, {"name": "Legal"}, {"name": "Events"}, {"name": "Global"}, {"name": "Markets"}, {"name": "Media"}, {"name": "General"}], "stocks": [{"name": "AAPL"}, {"name": "ADBE"}, {"name": "BP"}, {"name": "CLF"}, {"name": "CRM"}, {"name": "DIS"}, {"name": "F"}, {"name": "FB"}, {"name": "GE"}, {"name": "GM"}, {"name": "GOOG"}, {"name": "GOOGL"}, {"name": "GPS"}, {"name": "GS"}, {"name": "HPE"}, {"name": "INTC"}, {"name": "IR"}, {"name": "MS"}, {"name": "MSFT"}, {"name": "NKE"}, {"name": "TIF"}, {"name": "TSLA"}, {"name": "TWTR"}], "tags": [{"name": "Brad Smith"}, {"name": "Donald Trump"}, {"name": "Elon Musk"}, {"name": "Jeff Immelt"}, {"name": "Lloyd Blankfein"}, {"name": "Lourenco Goncalves"}, {"name": "Marc Benioff"}, {"name": "Mark Zuckerberg"}, {"name": "Robert Iger"}, {"name": "Sundar Pichai"}, {"name": "Tim Cook"}]}, {"id": 9556978, "author": "Benzinga", "created": "Fri, 02 Jun 2017 12:25:56 -0400", "updated": "Fri, 02 Jun 2017 12:25:56 -0400", "title": "Citron's Andrew Left Hits The Airwaves To Explain His Bullish BlackBerry Stance", "teaser": "", "body": "", "url": "https://www.benzinga.com/node/9556978", "image": [], "channels": [{"name": "Long Ideas"}, {"name": "News"}, {"name": "Short Sellers"}, {"name": "Movers"}, {"name": "Tech"}, {"name": "Media"}, {"name": "Trading Ideas"}], "stocks": [{"name": "BBRY"}, {"name": "INTC"}, {"name": "MBLY"}, {"name": "NVDA"}], "tags": [{"name": "Andrew Left"}, {"name": "Blackberry"}, {"name": "Bloomberg Markets"}, {"name": "Citron"}, {"name": "Citron Research"}, {"name": "NVIDIA"}]}, {"id": 9556432, "author": "Benzinga", "created": "Fri, 02 Jun 2017 12:41:13 -0400", "updated": "Fri, 02 Jun 2017 12:41:13 -0400", "title": "Analysts Are Pumped About Broadcom's Double Beat", "teaser": "", "body": "", "url": "https://www.benzinga.com/node/9556432", "image": [], "channels": [{"name": "Analyst Color"}, {"name": "Earnings"}, {"name": "Long Ideas"}, {"name": "News"}, {"name": "Guidance"}, {"name": "Price Target"}, {"name": "Reiteration"}, {"name": "M&A"}, {"name": "Analyst Ratings"}, {"name": "Movers"}, {"name": "Tech"}, {"name": "Trading Ideas"}], "stocks": [{"name": "AAPL"}, {"name": "AVGO"}, {"name": "BRCD"}], "tags": [{"name": "Betsy Van Hees"}, {"name": "Credit Suisse"}, {"name": "John Pitzer"}, {"name": "Loop Capital Markets"}]}, {"id": 9558392, "author": "Benzinga", "created": "Fri, 02 Jun 2017 15:59:31 -0400", "updated": "Fri, 02 Jun 2017 15:59:31 -0400", "title": "Why Is Advanced Micro Devices Slashing Prices Of Ryzen 7 Chips?", "teaser": "", "body": "", "url": "https://www.benzinga.com/node/9558392", "image": [], "channels": [{"name": "Earnings"}, {"name": "News"}, {"name": "Guidance"}, {"name": "Analyst Ratings"}, {"name": "Tech"}, {"name": "Media"}], "stocks": [{"name": "AMD"}, {"name": "INTC"}, {"name": "NVDA"}], "tags": [{"name": "digital trends"}, {"name": "Ryzen"}, {"name": "Ryzen Threadripper"}]}]