[{"id": 9238458, "author": "Benzinga", "created": "Fri, 31 Mar 2017 09:00:47 -0400", "updated": "Fri, 31 Mar 2017 09:00:47 -0400", "title": "McDonald's Is Getting Serious About Menu Changes", "teaser": "", "body": "", "url": "https://www.benzinga.com/node/9238458", "image": [], "channels": [{"name": "News"}, {"name": "Psychology"}, {"name": "Restaurants"}, {"name": "Events"}, {"name": "General"}], "stocks": [{"name": "MCD"}, {"name": "SBUX"}], "tags": [{"name": "gullane capital partners"}, {"name": "mcdonalds"}, {"name": "Starbucks"}, {"name": "Steve Easterbrook"}, {"name": "trip miller"}]}, {"id": 9241552, "author": "Benzinga", "created": "Fri, 31 Mar 2017 10:40:16 -0400", "updated": "Fri, 31 Mar 2017 10:40:16 -0400", "title": "Here's Why Amazon And Wal-Mart's Price War Is Bad News For Major Brands", "teaser": "", "body": "", "url": "https://www.benzinga.com/node/9241552", "image": [], "channels": [{"name": "News"}, {"name": "Commodities"}, {"name": "Markets"}, {"name": "Movers"}, {"name": "Media"}, {"name": "Trading Ideas"}], "stocks": [{"name": "AMZN"}, {"name": "WMT"}], "tags": [{"name": "brand names"}, {"name": "brands"}, {"name": "ReCode"}]}, {"id": 9240349, "author": "Benzinga", "created": "Fri, 31 Mar 2017 12:34:26 -0400", "updated": "Fri, 31 Mar 2017 12:34:26 -0400", "title": "The Marines And Navy To Test Emerging Technologies in April; Can Defense Suppliers Make Windfall?", "teaser": "", "body": "", "url": "https://www.benzinga.com/node/9240349", "image": [], "channels": [{"name": "News"}, {"name": "Topics"}, {"name": "Markets"}, {"name": "Tech"}, {"name": "Trading Ideas"}, {"name": "General"}], "stocks": [{"name": "BA"}, {"name": "BAESY"}, {"name": "BAH"}, {"name": "GD"}, {"name": "HON"}, {"name": "LLL"}, {"name": "LMT"}, {"name": "MANT"}, {"name": "NOC"}, {"name": "RTN"}, {"name": "SAIC"}, {"name": "UTX"}], "tags": [{"name": "marines"}, {"name": "military"}, {"name": "Navy"}, {"name": "U.S. Marine Corps"}, {"name": "US Armed Forces"}, {"name": "US Navy"}, {"name": "USMC"}]}]