[{"id": 9071417, "author": "Benzinga", "created": "Tue, 21 Feb 2017 05:29:57 -0400", "updated": "Tue, 21 Feb 2017 05:29:57 -0400", "title": "Earnings Scheduled For February 21, 2017", "teaser": "", "body": "", "url": "https://www.benzinga.com/node/9071417", "image": [], "channels": [{"name": "Earnings"}, {"name": "News"}, {"name": "Pre-Market Outlook"}, {"name": "Markets"}], "stocks": [{"name": "AAP"}, {"name": "AER"}, {"name": "AWK"}, {"name": "CBRL"}, {"name": "CHEF"}, {"name": "CPRT"}, {"name": "CYOU"}, {"name": "ECL"}, {"name": "EIX"}, {"name": "ENBL"}, {"name": "EXPD"}, {"name": "FDP"}, {"name": "FE"}, {"name": "FSLR"}, {"name": "GPC"}, {"name": "HD"}, {"name": "HSBC"}, {"name": "HSIC"}, {"name": "IHG"}, {"name": "KALU"}, {"name": "KAR"}, {"name": "LL"}, {"name": "LZB"}, {"name": "M"}, {"name": "MDR"}, {"name": "MDT"}, {"name": "NEM"}, {"name": "NFX"}, {"name": "PWR"}, {"name": "PZZA"}, {"name": "RRGB"}, {"name": "SAH"}, {"name": "SNI"}, {"name": "SOHU"}, {"name": "SPN"}, {"name": "TVPT"}, {"name": "TX"}, {"name": "TXRH"}, {"name": "VMI"}, {"name": "VRSK"}, {"name": "WAB"}, {"name": "WCN"}, {"name": "WLK"}, {"name": "WLL"}, {"name": "WMT"}], "tags": [{"name": "Consumer Discretionary"}, {"name": "Department Stores"}, {"name": "Earnings schedule"}, {"name": "Home Furnishings"}, {"name": "Home Improvement Retail"}]}, {"id": 9071473, "author": "Benzinga", "created": "Tue, 21 Feb 2017 06:12:46 -0400", "updated": "Tue, 21 Feb 2017 06:12:46 -0400", "title": "10 Must Watch Stocks for February 21, 2017", "teaser": "", "body": "", "url": "https://www.benzinga.com/node/9071473", "image": [], "channels": [{"name": "Earnings"}, {"name": "News"}, {"name": "Pre-Market Outlook"}, {"name": "Markets"}, {"name": "Trading Ideas"}], "stocks": [{"name": "AAP"}, {"name": "EIX"}, {"name": "FDP"}, {"name": "FSLR"}, {"name": "HD"}, {"name": "HSIC"}, {"name": "LMIA"}, {"name": "LZB"}, {"name": "M"}, {"name": "WMT"}], "tags": [{"name": "Aerospace & Defense"}, {"name": "Consumer Discretionary"}, {"name": "Department Stores"}, {"name": "Home Furnishings"}, {"name": "Industrials"}, {"name": "Stocks To Watch"}, {"name": "Stocks to Watch"}]}, {"id": 9072655, "author": "Benzinga", "created": "Tue, 21 Feb 2017 09:08:29 -0400", "updated": "Tue, 21 Feb 2017 09:08:29 -0400", "title": "A Peek Into The Markets: U.S. Stock Futures Signal Higher Start On Wall Street", "teaser": "", "body": "", "url": "https://www.benzinga.com/node/9072655", "image": [], "channels": [{"name": "Earnings"}, {"name": "News"}, {"name": "Eurozone"}, {"name": "Futures"}, {"name": "Global"}, {"name": "Pre-Market Outlook"}, {"name": "Markets"}], "stocks": [{"name": "BLMN"}, {"name": "DGAS"}, {"name": "HD"}, {"name": "LL"}, {"name": "WMT"}], "tags": [{"name": "A Peek Into The Markets"}, {"name": "Consumer Discretionary"}, {"name": "Home Improvement Retail"}, {"name": "JP Morgan"}, {"name": "U.S. stock futures"}]}, {"id": 9072429, "author": "Benzinga", "created": "Tue, 21 Feb 2017 09:14:59 -0400", "updated": "Tue, 21 Feb 2017 09:14:59 -0400", "title": "Workday Could Have Additional Upside On Q4 Earnings, Even After A 29% Run", "teaser": "", "body": "", "url": "https://www.benzinga.com/node/9072429", "image": [], "channels": [{"name": "Analyst Color"}, {"name": "Earnings"}, {"name": "Long Ideas"}, {"name": "News"}, {"name": "Upgrades"}, {"name": "Price Target"}, {"name": "Previews"}, {"name": "Analyst Ratings"}, {"name": "Movers"}, {"name": "Tech"}, {"name": "Trading Ideas"}], "stocks": [{"name": "WDAY"}, {"name": "WMT"}], "tags": [{"name": "Alex J. Zukin"}, {"name": "Piper Jaffray"}]}, {"id": 9073029, "author": "Benzinga", "created": "Tue, 21 Feb 2017 09:59:14 -0400", "updated": "Tue, 21 Feb 2017 09:59:15 -0400", "title": "Wal-Mart Q4 EPS Tops Estimates As Online Sales Beef Up Results", "teaser": "", "body": "", "url": "https://www.benzinga.com/node/9073029", "image": [], "channels": [{"name": "Earnings"}, {"name": "News"}, {"name": "Guidance"}], "stocks": [{"name": "WMT"}], "tags": []}, {"id": 9072770, "author": "Benzinga", "created": "Tue, 21 Feb 2017 10:05:14 -0400", "updated": "Tue, 21 Feb 2017 10:05:15 -0400", "title": "Verizon Will Pay $350 Million Less For Yahoo's Operating Business", "teaser": "", "body": "", "url": "https://www.benzinga.com/node/9072770", "image": [], "channels": [{"name": "News"}, {"name": "Legal"}, {"name": "M&A"}, {"name": "Movers"}, {"name": "Tech"}, {"name": "Media"}, {"name": "Trading Ideas"}], "stocks": [{"name": "VZ"}, {"name": "YHOO"}, {"name": "YAHOO"}], "tags": [{"name": "Bloomberg"}, {"name": "Marissa Mayer"}, {"name": "Marnie Walden"}, {"name": "Verizon Yahoo Acquisition"}, {"name": "Yahoo"}]}, {"id": 9072922, "author": "Benzinga", "created": "Tue, 21 Feb 2017 10:31:31 -0400", "updated": "Tue, 21 Feb 2017 10:31:31 -0400", "title": "Big Retail's Big Tuesday", "teaser": "", "body": "", "url": "https://www.benzinga.com/node/9072922", "image": [], "channels": [{"name": "Earnings"}, {"name": "News"}, {"name": "Guidance"}, {"name": "Movers"}], "stocks": [{"name": "HD"}, {"name": "M"}, {"name": "WMT"}], "tags": [{"name": "Craig Menear"}, {"name": "Doug McMillion"}, {"name": "Earnings"}, {"name": "retail"}, {"name": "retail earnings"}, {"name": "retailers"}, {"name": "Terry Lundgren"}]}, {"id": 9071149, "author": "Benzinga", "created": "Tue, 21 Feb 2017 10:43:00 -0400", "updated": "Tue, 21 Feb 2017 10:43:01 -0400", "title": "Diverse, Efficient Energy Sector Exposure", "teaser": "", "body": "", "url": "https://www.benzinga.com/node/9071149", "image": [], "channels": [{"name": "Earnings"}, {"name": "Long Ideas"}, {"name": "News"}, {"name": "Sector ETFs"}, {"name": "Commodities"}, {"name": "Markets"}, {"name": "Trading Ideas"}, {"name": "ETFs"}], "stocks": [{"name": "CVX"}, {"name": "XLE"}, {"name": "XOM"}], "tags": [{"name": "morningstar"}]}, {"id": 9073730, "author": "Benzinga", "created": "Tue, 21 Feb 2017 10:55:07 -0400", "updated": "Tue, 21 Feb 2017 10:55:08 -0400", "title": "Mid-Morning Market Update: Markets Open Higher; Wal-Mart Earnings Beat Views", "teaser": "", "body": "", "url": "https://www.benzinga.com/node/9073730", "image": [], "channels": [{"name": "Earnings"}, {"name": "News"}, {"name": "Eurozone"}, {"name": "Commodities"}, {"name": "M&A"}, {"name": "Global"}, {"name": "Intraday Update"}, {"name": "Markets"}, {"name": "Movers"}], "stocks": [{"name": "CYH"}, {"name": "DGAS"}, {"name": "EYEG"}, {"name": "HLX"}, {"name": "KHC"}, {"name": "MNTA"}, {"name": "SDRL"}, {"name": "TRVN"}, {"name": "UL"}, {"name": "UN"}, {"name": "VRX"}, {"name": "WAB"}, {"name": "WMT"}], "tags": [{"name": "Mid-Morning Market Update"}]}, {"id": 9069259, "author": "Benzinga", "created": "Tue, 21 Feb 2017 11:36:47 -0400", "updated": "Tue, 21 Feb 2017 11:36:47 -0400", "title": "SpaceX Reopens Historic Launch Site, Advances American Position In International Space Marathon", "teaser": "", "body": "", "url": "https://www.benzinga.com/node/9069259", "image": [], "channels": [{"name": "News"}, {"name": "Travel"}, {"name": "Events"}, {"name": "Global"}, {"name": "Tech"}, {"name": "Media"}, {"name": "General"}], "stocks": [{"name": "BA"}, {"name": "LMT"}, {"name": "NYT"}, {"name": "OA"}], "tags": [{"name": "Blue Origin"}, {"name": "Cape Canaveral"}, {"name": "Elon Musk"}, {"name": "Jeff Bezos"}, {"name": "Kennedy Space Center"}, {"name": "NASA"}, {"name": "Sierra Nevada Corporation"}, {"name": "SpaceX"}]}, {"id": 9073263, "author": "Benzinga", "created": "Tue, 21 Feb 2017 12:23:47 -0400", "updated": "Tue, 21 Feb 2017 12:23:47 -0400", "title": "iPhone 8: Sales Likely To Grow, But Not The 'Super Cycle' Some Expect", "teaser": "", "body": "", "url": "https://www.benzinga.com/node/9073263", "image": [], "channels": [{"name": "Analyst Color"}, {"name": "Earnings"}, {"name": "News"}, {"name": "Guidance"}, {"name": "Price Target"}, {"name": "Previews"}, {"name": "Analyst Ratings"}, {"name": "Tech"}, {"name": "Media"}, {"name": "Trading Ideas"}], "stocks": [{"name": "AAPL"}], "tags": [{"name": "Deutsche Bank"}, {"name": "Sherri Scribner"}]}, {"id": 9073727, "author": "Benzinga", "created": "Tue, 21 Feb 2017 12:28:55 -0400", "updated": "Tue, 21 Feb 2017 12:28:56 -0400", "title": "Here's Why A Sprint/T-Mobile Tie-Up Is Such A Big Deal", "teaser": "", "body": "", "url": "https://www.benzinga.com/node/9073727", "image": [], "channels": [{"name": "Analyst Color"}, {"name": "News"}, {"name": "Rumors"}, {"name": "M&A"}, {"name": "Analyst Ratings"}, {"name": "Tech"}, {"name": "Media"}, {"name": "Trading Ideas"}], "stocks": [{"name": "S"}, {"name": "T"}, {"name": "TMUS"}, {"name": "VZ"}], "tags": [{"name": "Brett Feldman"}, {"name": "Deutsche Telekom"}, {"name": "Softbank"}]}, {"id": 9074589, "author": "Benzinga", "created": "Tue, 21 Feb 2017 13:06:32 -0400", "updated": "Tue, 21 Feb 2017 13:06:32 -0400", "title": "Wal-Mart Vs. Amazon: 2016 E-Commerce Breakdown", "teaser": "", "body": "", "url": "https://www.benzinga.com/node/9074589", "image": [], "channels": [{"name": "Earnings"}, {"name": "News"}, {"name": "Movers"}, {"name": "Trading Ideas"}], "stocks": [{"name": "AMZN"}, {"name": "WMT"}], "tags": [{"name": "e-commerce"}, {"name": "Warren Buffett"}]}, {"id": 9074871, "author": "Benzinga", "created": "Tue, 21 Feb 2017 13:21:29 -0400", "updated": "Tue, 21 Feb 2017 13:21:29 -0400", "title": "Mid-Day Market Update: Community Health Systems Gains On Earnings Beat; Trevena Shares Plunge", "teaser": "", "body": "", "url": "https://www.benzinga.com/node/9074871", "image": [], "channels": [{"name": "Earnings"}, {"name": "News"}, {"name": "Eurozone"}, {"name": "Commodities"}, {"name": "M&A"}, {"name": "Global"}, {"name": "Intraday Update"}, {"name": "Markets"}, {"name": "Movers"}], "stocks": [{"name": "CDTX"}, {"name": "CYH"}, {"name": "DGAS"}, {"name": "EYEG"}, {"name": "HLX"}, {"name": "RTK"}, {"name": "SDRL"}, {"name": "TRVN"}, {"name": "UN"}, {"name": "VRX"}, {"name": "WAB"}, {"name": "WMT"}], "tags": [{"name": "Mid-Day Market Update"}]}, {"id": 9074793, "author": "Benzinga", "created": "Tue, 21 Feb 2017 14:28:58 -0400", "updated": "Tue, 21 Feb 2017 14:28:58 -0400", "title": "Boeing, Pfizer And Others Band Together To Ask Congress For More Taxes", "teaser": "", "body": "", "url": "https://www.benzinga.com/node/9074793", "image": [], "channels": [{"name": "News"}, {"name": "Education"}, {"name": "Emerging Markets"}, {"name": "Commodities"}, {"name": "Politics"}, {"name": "Management"}, {"name": "Global"}, {"name": "Markets"}, {"name": "Media"}, {"name": "Trading Ideas"}, {"name": "General"}], "stocks": [{"name": "BA"}, {"name": "CAT"}, {"name": "DOW"}, {"name": "GE"}, {"name": "MRK"}, {"name": "PFE"}, {"name": "UTX"}], "tags": [{"name": "Capitol Hill"}, {"name": "Chuck Shumer"}, {"name": "Congress"}, {"name": "Donald Trump"}, {"name": "Height Securities"}, {"name": "House of Representatives"}, {"name": "Mitch McConnel"}, {"name": "Nancy Pelosi"}, {"name": "Paul Ryan"}, {"name": "Senate"}]}, {"id": 9074769, "author": "Benzinga", "created": "Tue, 21 Feb 2017 14:38:05 -0400", "updated": "Tue, 21 Feb 2017 14:38:06 -0400", "title": "Following Home Depot, Lowe's Q4 Comps Set To Beat Estimates", "teaser": "", "body": "", "url": "https://www.benzinga.com/node/9074769", "image": [], "channels": [{"name": "Analyst Color"}, {"name": "Earnings"}, {"name": "News"}, {"name": "Price Target"}, {"name": "Previews"}, {"name": "Reiteration"}, {"name": "Analyst Ratings"}, {"name": "Trading Ideas"}], "stocks": [{"name": "HD"}, {"name": "LOW"}], "tags": [{"name": "Seth Basham"}, {"name": "Wedbush"}]}, {"id": 9074651, "author": "Benzinga", "created": "Tue, 21 Feb 2017 14:46:35 -0400", "updated": "Tue, 21 Feb 2017 14:46:35 -0400", "title": "T-Mobile Continues To Gobble Up Market Share, Now 3rd Place In The U.S.", "teaser": "", "body": "", "url": "https://www.benzinga.com/node/9074651", "image": [], "channels": [{"name": "News"}, {"name": "Price Target"}, {"name": "Reiteration"}, {"name": "Analyst Ratings"}, {"name": "Tech"}, {"name": "Media"}], "stocks": [{"name": "S"}, {"name": "T"}, {"name": "TMUS"}, {"name": "VZ"}], "tags": [{"name": "Argus Research"}]}, {"id": 9075389, "author": "Benzinga", "created": "Tue, 21 Feb 2017 15:35:24 -0400", "updated": "Tue, 21 Feb 2017 15:35:25 -0400", "title": "Why Street Sentiment On Best Buy May Depend On Apple", "teaser": "", "body": "", "url": "https://www.benzinga.com/node/9075389", "image": [], "channels": [{"name": "Analyst Color"}, {"name": "Earnings"}, {"name": "Long Ideas"}, {"name": "News"}, {"name": "Previews"}, {"name": "Reiteration"}, {"name": "Analyst Ratings"}, {"name": "Movers"}, {"name": "Tech"}, {"name": "Trading Ideas"}], "stocks": [{"name": "AAPL"}, {"name": "BBY"}], "tags": [{"name": "Loop Capital"}]}, {"id": 9075676, "author": "Benzinga", "created": "Tue, 21 Feb 2017 15:36:24 -0400", "updated": "Tue, 21 Feb 2017 15:36:25 -0400", "title": "Mid-Afternoon Market Update: Dow Surges Over 100 Points; Eyegate Pharmaceuticals Shares Spike Higher", "teaser": "", "body": "", "url": "https://www.benzinga.com/node/9075676", "image": [], "channels": [{"name": "Earnings"}, {"name": "News"}, {"name": "Eurozone"}, {"name": "Commodities"}, {"name": "M&A"}, {"name": "Global"}, {"name": "Intraday Update"}, {"name": "Markets"}], "stocks": [{"name": "CYH"}, {"name": "ENT"}, {"name": "EYEG"}, {"name": "HLX"}, {"name": "MAGS"}, {"name": "RTK"}, {"name": "SPWR"}, {"name": "TROX"}, {"name": "TRVN"}, {"name": "UN"}, {"name": "VRX"}, {"name": "WMT"}], "tags": [{"name": "Electronic Equipment Manufacturers"}, {"name": "Energy"}, {"name": "Information Technology"}, {"name": "Mid-Afternoon Market Update"}, {"name": "Oil & Gas Exploration & Production"}]}, {"id": 9075446, "author": "Benzinga", "created": "Tue, 21 Feb 2017 15:49:29 -0400", "updated": "Tue, 21 Feb 2017 15:49:29 -0400", "title": "Why Mr. Wonderful Is Both Uber-Bullish And A Seller Of Apple's Stock", "teaser": "", "body": "", "url": "https://www.benzinga.com/node/9075446", "image": [], "channels": [{"name": "Analyst Color"}, {"name": "CNBC"}, {"name": "Long Ideas"}, {"name": "News"}, {"name": "Short Ideas"}, {"name": "Tech"}, {"name": "Media"}, {"name": "Trading Ideas"}], "stocks": [{"name": "AAPL"}], "tags": [{"name": "Apple Services"}, {"name": "iPhone"}, {"name": "iPhone 8"}, {"name": "iPhone Rumors"}, {"name": "Kevin O'Leary"}, {"name": "Shark Tank"}]}, {"id": 9075433, "author": "Benzinga", "created": "Tue, 21 Feb 2017 16:31:18 -0400", "updated": "Tue, 21 Feb 2017 16:31:18 -0400", "title": "The Biggest Name In Cutting Edge Wearable Tech Is... Warren Buffett?", "teaser": "", "body": "", "url": "https://www.benzinga.com/node/9075433", "image": [], "channels": [{"name": "News"}, {"name": "Movers"}, {"name": "Tech"}], "stocks": [{"name": "AAPL"}, {"name": "FIT"}, {"name": "GOOG"}, {"name": "GOOGL"}, {"name": "BRK"}], "tags": [{"name": "Cliff Ulrich"}, {"name": "Ela"}, {"name": "Elegant Lifeline Accessories"}, {"name": "Richline Group"}, {"name": "Warren Buffett"}, {"name": "ZDNet"}]}, {"id": 9076029, "author": "Benzinga", "created": "Tue, 21 Feb 2017 16:38:37 -0400", "updated": "Tue, 21 Feb 2017 16:38:37 -0400", "title": "Advanced Micro Devices Establishes New 2017 High As New Ryzen Processors To Ship Next Week", "teaser": "", "body": "", "url": "https://www.benzinga.com/node/9076029", "image": [], "channels": [{"name": "News"}, {"name": "Movers"}, {"name": "Tech"}, {"name": "Trading Ideas"}], "stocks": [{"name": "AMD"}, {"name": "INTC"}], "tags": [{"name": "Drew Prairie"}]}, {"id": 9076742, "author": "Benzinga", "created": "Tue, 21 Feb 2017 17:48:20 -0400", "updated": "Tue, 21 Feb 2017 17:48:20 -0400", "title": "Icahn Takes Bristol-Myers Stake With M&A In Mind; Who Could Be The Acquirer?", "teaser": "", "body": "", "url": "https://www.benzinga.com/node/9076742", "image": [], "channels": [{"name": "Biotech"}, {"name": "News"}, {"name": "Wall Street Journal"}, {"name": "Health Care"}, {"name": "Hedge Funds"}, {"name": "Media"}, {"name": "General"}], "stocks": [{"name": "AMGN"}, {"name": "BMY"}, {"name": "GILD"}, {"name": "JNJ"}, {"name": "MRK"}, {"name": "NVS"}, {"name": "PFE"}, {"name": "SNY"}], "tags": [{"name": "Carl Icahn"}, {"name": "Deutsche Bank"}, {"name": "Jeffrey Holford"}, {"name": "Jeffries"}]}]