[{"id": 9454222, "author": "Benzinga", "created": "Fri, 12 May 2017 10:51:46 -0400", "updated": "Fri, 12 May 2017 10:51:47 -0400", "title": "The Simple Case For Being A Chemours Bull", "teaser": "", "body": "", "url": "https://www.benzinga.com/node/9454222", "image": [], "channels": [{"name": "Analyst Color"}, {"name": "Long Ideas"}, {"name": "News"}, {"name": "Upgrades"}, {"name": "Price Target"}, {"name": "Commodities"}, {"name": "Markets"}, {"name": "Analyst Ratings"}, {"name": "Movers"}, {"name": "Trading Ideas"}], "stocks": [{"name": "CC"}, {"name": "CE"}, {"name": "EMN"}, {"name": "HON"}], "tags": [{"name": "Jeffrey Zekauskas"}, {"name": "JPMorgan"}, {"name": "Silke Kueck"}, {"name": "Youyou Yan"}]}, {"id": 9452050, "author": "Benzinga", "created": "Fri, 12 May 2017 11:55:30 -0400", "updated": "Fri, 12 May 2017 11:55:30 -0400", "title": "Sympathy Moves, Explained: Unsympathetic Earnings Season Continues As Nvidia, Advanced Micro Devices Diverge", "teaser": "", "body": "", "url": "https://www.benzinga.com/node/9452050", "image": [], "channels": [{"name": "Earnings"}, {"name": "News"}, {"name": "Education"}, {"name": "Guidance"}, {"name": "Movers"}, {"name": "Tech"}, {"name": "Trading Ideas"}, {"name": "General"}], "stocks": [{"name": "AMBA"}, {"name": "AMD"}, {"name": "BMY"}, {"name": "GPRO"}, {"name": "HAS"}, {"name": "MAT"}, {"name": "MRK"}, {"name": "NUE"}, {"name": "NVDA"}, {"name": "X"}], "tags": [{"name": "Keytruda"}, {"name": "Opdivo"}, {"name": "sympathy moves"}, {"name": "sympathy plays"}, {"name": "Yervoy"}]}, {"id": 9455648, "author": "Benzinga", "created": "Fri, 12 May 2017 13:58:21 -0400", "updated": "Fri, 12 May 2017 13:58:22 -0400", "title": "Apple's Billion Dollar Fund Found Its First Recipient", "teaser": "", "body": "", "url": "https://www.benzinga.com/node/9455648", "image": [], "channels": [{"name": "CNBC"}, {"name": "News"}, {"name": "Contracts"}, {"name": "Tech"}, {"name": "Media"}], "stocks": [{"name": "AAPL"}, {"name": "GLW"}], "tags": [{"name": "Apple"}, {"name": "corning"}, {"name": "Jeff Williams"}, {"name": "Jim Cramer"}, {"name": "jobs"}, {"name": "manufacturing"}, {"name": "techcrunch"}, {"name": "Tim Cook"}]}, {"id": 9457983, "author": "Benzinga", "created": "Fri, 12 May 2017 17:10:17 -0400", "updated": "Fri, 12 May 2017 17:10:18 -0400", "title": "Benzinga's Option Alert Recap From May 12", "teaser": "", "body": "", "url": "https://www.benzinga.com/node/9457983", "image": [], "channels": [{"name": "News"}, {"name": "Options"}, {"name": "After-Hours Center"}, {"name": "Markets"}, {"name": "Movers"}, {"name": "Trading Ideas"}], "stocks": [{"name": "AMD"}, {"name": "ASNA"}, {"name": "CLR"}, {"name": "CRM"}, {"name": "CZR"}, {"name": "ETSY"}, {"name": "FEYE"}, {"name": "FTNT"}, {"name": "GLW"}, {"name": "GSAT"}, {"name": "LE"}, {"name": "P"}, {"name": "PANW"}, {"name": "ROST"}, {"name": "SNAP"}, {"name": "V"}, {"name": "VER"}], "tags": [{"name": "option trading"}, {"name": "options"}, {"name": "Options Alerts"}, {"name": "options definition"}, {"name": "Options Recap"}, {"name": "options trading"}, {"name": "options trading for dummies"}, {"name": "options trading strategies"}, {"name": "Optionshouse"}, {"name": "trading stock options"}, {"name": "types of options"}]}]