[{"id": 9617899, "author": "Benzinga", "created": "Fri, 16 Jun 2017 09:08:34 -0400", "updated": "Fri, 16 Jun 2017 09:08:34 -0400", "title": "The Market In 5 Minutes", "teaser": "", "body": "", "url": "https://www.benzinga.com/node/9617899", "image": [], "channels": [{"name": "News"}, {"name": "Global"}, {"name": "Top Stories"}, {"name": "Pre-Market Outlook"}, {"name": "Markets"}], "stocks": [{"name": "AAPL"}, {"name": "AMZN"}, {"name": "BA"}, {"name": "BAH"}, {"name": "BIP"}, {"name": "FB"}, {"name": "GOOGL"}, {"name": "NKE"}, {"name": "REG"}, {"name": "SKT"}, {"name": "SNAP"}, {"name": "SPY"}, {"name": "TEVA"}, {"name": "WFM"}], "tags": [{"name": "Market in 5 minutes"}]}, {"id": 9618477, "author": "Benzinga", "created": "Fri, 16 Jun 2017 09:26:20 -0400", "updated": "Fri, 16 Jun 2017 09:26:20 -0400", "title": "Amazon Will Buy Whole Foods For $13.7 Billion", "teaser": "", "body": "", "url": "https://www.benzinga.com/node/9618477", "image": [], "channels": [{"name": "News"}, {"name": "M&A"}, {"name": "Top Stories"}], "stocks": [{"name": "AMZN"}, {"name": "KR"}, {"name": "WFM"}, {"name": "WMT"}], "tags": []}, {"id": 9618812, "author": "Benzinga", "created": "Fri, 16 Jun 2017 09:45:41 -0400", "updated": "Fri, 16 Jun 2017 09:45:42 -0400", "title": "The Effects Of Amazon-Whole Foods Deal Will Be Wide Spanning; Grocers Already Taking A Big Hit", "teaser": "", "body": "", "url": "https://www.benzinga.com/node/9618812", "image": [], "channels": [{"name": "Analyst Color"}, {"name": "News"}, {"name": "M&A"}, {"name": "Intraday Update"}, {"name": "Analyst Ratings"}, {"name": "Movers"}], "stocks": [{"name": "AMZN"}, {"name": "COST"}, {"name": "KR"}, {"name": "SFM"}, {"name": "SPTN"}, {"name": "SVU"}, {"name": "TGT"}, {"name": "UNFI"}, {"name": "WFM"}, {"name": "WMT"}], "tags": [{"name": "Michael Pachter"}, {"name": "Wedbush"}]}, {"id": 9618213, "author": "Benzinga", "created": "Fri, 16 Jun 2017 09:46:51 -0400", "updated": "Fri, 16 Jun 2017 09:46:51 -0400", "title": "McDonald's No Longer A Premier Olympic Sponsor", "teaser": "", "body": "", "url": "https://www.benzinga.com/node/9618213", "image": [], "channels": [{"name": "News"}, {"name": "Contracts"}, {"name": "Sports"}, {"name": "Media"}, {"name": "General"}], "stocks": [{"name": "BABA"}, {"name": "MCD"}, {"name": "TM"}], "tags": [{"name": "2018 Olympics"}, {"name": "mcdonalds"}, {"name": "Olympics"}, {"name": "Silvia Lagnado"}]}, {"id": 9618805, "author": "Benzinga", "created": "Fri, 16 Jun 2017 10:22:50 -0400", "updated": "Fri, 16 Jun 2017 10:22:50 -0400", "title": "Kroger Won't Have It Easy Over The Next Few Years, But Others May Struggle More", "teaser": "", "body": "", "url": "https://www.benzinga.com/node/9618805", "image": [], "channels": [{"name": "Analyst Color"}, {"name": "News"}, {"name": "Reiteration"}, {"name": "Analyst Ratings"}, {"name": "Movers"}], "stocks": [{"name": "AMZN"}, {"name": "KR"}, {"name": "WFM"}, {"name": "WMT"}], "tags": [{"name": "Barclays"}, {"name": "Karen Short"}]}, {"id": 9619071, "author": "Benzinga", "created": "Fri, 16 Jun 2017 11:18:31 -0400", "updated": "Fri, 16 Jun 2017 11:18:32 -0400", "title": "Comparing Walmart And Amazon's Recent Acquisitions", "teaser": "", "body": "", "url": "https://www.benzinga.com/node/9619071", "image": [], "channels": [{"name": "News"}, {"name": "M&A"}, {"name": "Movers"}, {"name": "Trading Ideas"}], "stocks": [{"name": "AMZN"}, {"name": "WFM"}, {"name": "WMT"}], "tags": [{"name": "Bonobos"}, {"name": "Jet.com"}, {"name": "Modcloth"}, {"name": "Moosejaw"}, {"name": "Souq.com"}, {"name": "Thinkbox Software"}]}, {"id": 9619595, "author": "Benzinga", "created": "Fri, 16 Jun 2017 12:40:33 -0400", "updated": "Fri, 16 Jun 2017 12:40:33 -0400", "title": "Amazon's Acquisition Of Whole Foods Should Create Lower Prices, Offer Better Consumer Experience", "teaser": "", "body": "", "url": "https://www.benzinga.com/node/9619595", "image": [], "channels": [{"name": "Analyst Color"}, {"name": "News"}, {"name": "M&A"}, {"name": "Exclusives"}, {"name": "Movers"}, {"name": "Tech"}, {"name": "Interview"}], "stocks": [{"name": "AMZN"}, {"name": "KR"}, {"name": "WFM"}, {"name": "WMT"}], "tags": [{"name": "Bankrate"}, {"name": "Bankrate.com"}, {"name": "Mark Hamrick"}]}, {"id": 9619998, "author": "Benzinga", "created": "Fri, 16 Jun 2017 12:59:05 -0400", "updated": "Fri, 16 Jun 2017 12:59:06 -0400", "title": "15 Biggest Mid-Day Losers For Friday", "teaser": "", "body": "", "url": "https://www.benzinga.com/node/9619998", "image": [], "channels": [{"name": "News"}, {"name": "Movers & Shakers"}, {"name": "Intraday Update"}, {"name": "Markets"}, {"name": "Analyst Ratings"}], "stocks": [{"name": "BAH"}, {"name": "CALM"}, {"name": "COST"}, {"name": "GPRO"}, {"name": "HTGM"}, {"name": "KR"}, {"name": "LAD"}, {"name": "MKC"}, {"name": "NKE"}, {"name": "SFM"}, {"name": "SFS"}, {"name": "SVU"}, {"name": "TGT"}, {"name": "UNFI"}, {"name": "WMT"}], "tags": [{"name": "Mid-Day Losers"}, {"name": "Top Losers"}]}, {"id": 9619517, "author": "Benzinga", "created": "Fri, 16 Jun 2017 13:40:16 -0400", "updated": "Fri, 16 Jun 2017 13:40:16 -0400", "title": "Analysis: Food Sector Weakness In Response To Amazon\u2013Whole Foods Deal Is 'Overblown'", "teaser": "", "body": "", "url": "https://www.benzinga.com/node/9619517", "image": [], "channels": [{"name": "Analyst Color"}, {"name": "News"}, {"name": "M&A"}, {"name": "Analyst Ratings"}, {"name": "Movers"}], "stocks": [{"name": "AMZN"}, {"name": "COST"}, {"name": "KR"}, {"name": "PFGC"}, {"name": "SYY"}, {"name": "TGT"}, {"name": "USFD"}, {"name": "WFM"}, {"name": "WMT"}], "tags": [{"name": "food"}, {"name": "Food Delivery"}, {"name": "Grocery"}, {"name": "grocery stocks"}, {"name": "Wells Fargo"}, {"name": "Zachary Fadem"}]}, {"id": 9619754, "author": "Benzinga", "created": "Fri, 16 Jun 2017 13:58:08 -0400", "updated": "Fri, 16 Jun 2017 13:58:09 -0400", "title": "Nike Circumvents Adidas Obstacles By Commandeering Its Strategies, But Is It Enough?", "teaser": "", "body": "", "url": "https://www.benzinga.com/node/9619754", "image": [], "channels": [{"name": "Analyst Color"}, {"name": "News"}, {"name": "Downgrades"}, {"name": "Price Target"}, {"name": "Analyst Ratings"}, {"name": "Movers"}], "stocks": [{"name": "ADDYY"}, {"name": "NKE"}], "tags": [{"name": "JPMorgan"}, {"name": "Matthew Boss"}, {"name": "Matthew R. Boss"}]}, {"id": 9620486, "author": "Benzinga", "created": "Fri, 16 Jun 2017 15:38:02 -0400", "updated": "Fri, 16 Jun 2017 15:38:03 -0400", "title": "When Will Marketers Embrace Snap?", "teaser": "", "body": "", "url": "https://www.benzinga.com/node/9620486", "image": [], "channels": [{"name": "News"}, {"name": "Movers"}, {"name": "Tech"}, {"name": "Media"}], "stocks": [{"name": "FB"}, {"name": "GOOG"}, {"name": "GOOGL"}, {"name": "MSFT"}, {"name": "SNAP"}, {"name": "TWTR"}], "tags": [{"name": "SnapChat"}, {"name": "Social Media Examiner"}, {"name": "Statista"}]}]