[{"id": 8893622, "author": "Benzinga", "created": "Wed, 11 Jan 2017 07:48:36 -0400", "updated": "Wed, 11 Jan 2017 07:48:37 -0400", "title": "Wall Street's M&A Chatter From January 10", "teaser": "", "body": "", "url": "https://www.benzinga.com/node/8893622", "image": [], "channels": [{"name": "News"}, {"name": "Rumors"}, {"name": "M&A"}], "stocks": [{"name": "BKD"}, {"name": "BX"}, {"name": "CHTR"}, {"name": "CMCSA"}, {"name": "DIS"}, {"name": "FB"}, {"name": "LGF"}, {"name": "LMCA"}, {"name": "NFLX"}, {"name": "TMUS"}], "tags": [{"name": "Consumer Discretionary"}, {"name": "Movies & Entertainment"}]}, {"id": 8893998, "author": "Benzinga", "created": "Wed, 11 Jan 2017 09:22:45 -0400", "updated": "Wed, 11 Jan 2017 09:22:45 -0400", "title": "22 Stocks Moving In Wednesday's Pre-Market Session", "teaser": "", "body": "", "url": "https://www.benzinga.com/node/8893998", "image": [], "channels": [{"name": "News"}, {"name": "Movers & Shakers"}, {"name": "Pre-Market Outlook"}, {"name": "Markets"}, {"name": "Movers"}], "stocks": [{"name": "ADM"}, {"name": "AKAO"}, {"name": "ARWR"}, {"name": "BIOC"}, {"name": "BRG"}, {"name": "CUR"}, {"name": "DFFN"}, {"name": "DSCI"}, {"name": "ENPH"}, {"name": "ETRM"}, {"name": "GERN"}, {"name": "GNVC"}, {"name": "IART"}, {"name": "KERX"}, {"name": "MRK"}, {"name": "NVDQ"}, {"name": "PE"}, {"name": "PFGC"}, {"name": "SGMO"}, {"name": "SGNL"}, {"name": "SIG"}, {"name": "TGTX"}, {"name": "WGBS"}], "tags": [{"name": "#PreMarket Gainers"}, {"name": "Losers"}, {"name": "Top Gainers"}]}, {"id": 8893789, "author": "Benzinga", "created": "Wed, 11 Jan 2017 10:03:41 -0400", "updated": "Wed, 11 Jan 2017 10:03:42 -0400", "title": "The Market In 5 Minutes: Big Bank Earnings, GM Guidance And #GoldenShowerGate", "teaser": "", "body": "", "url": "https://www.benzinga.com/node/8893789", "image": [], "channels": [{"name": "News"}, {"name": "Global"}, {"name": "Top Stories"}, {"name": "Pre-Market Outlook"}, {"name": "Markets"}], "stocks": [{"name": "BAC"}, {"name": "BKD"}, {"name": "BX"}, {"name": "C"}, {"name": "CHTR"}, {"name": "CMCSA"}, {"name": "GM"}, {"name": "GOLF"}, {"name": "JPM"}, {"name": "LMCA"}, {"name": "SPY"}, {"name": "T"}, {"name": "TMUS"}, {"name": "USO"}, {"name": "VC"}, {"name": "WPZ"}], "tags": [{"name": "the market in 5 minutes"}]}, {"id": 8895148, "author": "Benzinga", "created": "Wed, 11 Jan 2017 13:06:53 -0400", "updated": "Wed, 11 Jan 2017 13:06:53 -0400", "title": "Nutanix Named An Underappreciated Top 2017 Pick At Oppenheimer", "teaser": "", "body": "", "url": "https://www.benzinga.com/node/8895148", "image": [], "channels": [{"name": "Analyst Color"}, {"name": "Long Ideas"}, {"name": "News"}, {"name": "Price Target"}, {"name": "Reiteration"}, {"name": "Analyst Ratings"}, {"name": "Movers"}, {"name": "Tech"}, {"name": "Trading Ideas"}], "stocks": [{"name": "CSCO"}, {"name": "HPE"}, {"name": "NTNX"}], "tags": [{"name": "Ittai Kidron"}, {"name": "Oppenheimer"}]}, {"id": 8891995, "author": "Benzinga", "created": "Wed, 11 Jan 2017 13:29:14 -0400", "updated": "Wed, 11 Jan 2017 13:29:14 -0400", "title": "Companies That Have The Most To Lose If Obamacare Is Repealed", "teaser": "", "body": "", "url": "https://www.benzinga.com/node/8891995", "image": [], "channels": [{"name": "News"}, {"name": "Health Care"}, {"name": "Politics"}, {"name": "Legal"}, {"name": "Trading Ideas"}, {"name": "General"}], "stocks": [{"name": "AET"}, {"name": "ANTM"}, {"name": "CYH"}, {"name": "HCA"}, {"name": "HLS"}, {"name": "MOH"}, {"name": "SEM"}, {"name": "THC"}, {"name": "UHS"}, {"name": "UNH"}], "tags": [{"name": "ACA"}, {"name": "Affordable Care Act"}, {"name": "Barack Obama"}, {"name": "Donald Trump"}, {"name": "Medicaid"}, {"name": "obamacare"}, {"name": "Patient Protection and Affordable Care Act"}]}, {"id": 8895802, "author": "Benzinga", "created": "Wed, 11 Jan 2017 13:35:12 -0400", "updated": "Wed, 11 Jan 2017 13:35:12 -0400", "title": "15 Biggest Mid-Day Gainers For Wednesday", "teaser": "", "body": "", "url": "https://www.benzinga.com/node/8895802", "image": [], "channels": [{"name": "News"}, {"name": "Intraday Update"}, {"name": "Markets"}, {"name": "Analyst Ratings"}, {"name": "Movers"}], "stocks": [{"name": "AKAO"}, {"name": "ARWR"}, {"name": "BIOC"}, {"name": "DSCI"}, {"name": "DXTR"}, {"name": "ECAC"}, {"name": "ENPH"}, {"name": "IART"}, {"name": "KERX"}, {"name": "KRNT"}, {"name": "MRK"}, {"name": "MYOS"}, {"name": "SGMO"}, {"name": "TGTX"}, {"name": "URRE"}, {"name": "WPZ"}], "tags": [{"name": "Mid-Day Gainers"}, {"name": "Top Gainers"}]}, {"id": 8895661, "author": "Benzinga", "created": "Wed, 11 Jan 2017 14:01:17 -0400", "updated": "Wed, 11 Jan 2017 14:01:17 -0400", "title": "With Lattner And Casebolt Additions, Tesla Continues To Poach Apple's Talent", "teaser": "", "body": "", "url": "https://www.benzinga.com/node/8895661", "image": [], "channels": [{"name": "News"}, {"name": "Rumors"}, {"name": "Tech"}, {"name": "Media"}], "stocks": [{"name": "AAPL"}, {"name": "TSLA"}], "tags": [{"name": "9TO5Mac"}, {"name": "Apple Mac"}, {"name": "Apple Touch Bar"}, {"name": "Charles Kuehmann"}, {"name": "Elon Musk"}, {"name": "Jim Keller"}]}, {"id": 8894515, "author": "Benzinga", "created": "Wed, 11 Jan 2017 14:15:34 -0400", "updated": "Wed, 11 Jan 2017 14:15:35 -0400", "title": "The Chinese Fast Food Market", "teaser": "", "body": "", "url": "https://www.benzinga.com/node/8894515", "image": [], "channels": [{"name": "News"}, {"name": "Education"}, {"name": "Emerging Markets"}, {"name": "Restaurants"}, {"name": "Global"}, {"name": "Markets"}, {"name": "Trading Ideas"}, {"name": "General"}], "stocks": [{"name": "MCD"}, {"name": "YUM"}, {"name": "YUMC"}], "tags": [{"name": "KFC"}, {"name": "Pizza Hut"}, {"name": "Shanghai Husi Food Company"}, {"name": "Taco Bell"}]}, {"id": 8891798, "author": "Benzinga", "created": "Wed, 11 Jan 2017 14:38:48 -0400", "updated": "Wed, 11 Jan 2017 14:38:48 -0400", "title": "Will Fintech Perish Or Prosper Under President Trump?", "teaser": "", "body": "", "url": "https://www.benzinga.com/node/8891798", "image": [], "channels": [{"name": "Fintech"}, {"name": "News"}, {"name": "Global"}, {"name": "Opinion"}, {"name": "Tech"}], "stocks": [{"name": "AAPL"}, {"name": "AMZN"}, {"name": "FB"}, {"name": "GOOG"}, {"name": "GOOGL"}, {"name": "MA"}, {"name": "SQ"}], "tags": []}, {"id": 8896032, "author": "Benzinga", "created": "Wed, 11 Jan 2017 14:51:06 -0400", "updated": "Wed, 11 Jan 2017 14:51:06 -0400", "title": "Workday Signs Big HR Deal With Wal-Mart", "teaser": "", "body": "", "url": "https://www.benzinga.com/node/8896032", "image": [], "channels": [{"name": "News"}, {"name": "Contracts"}, {"name": "Movers"}], "stocks": [{"name": "WDAY"}, {"name": "WMT"}], "tags": []}, {"id": 8895067, "author": "Benzinga", "created": "Wed, 11 Jan 2017 14:59:46 -0400", "updated": "Wed, 11 Jan 2017 14:59:46 -0400", "title": "What To Expect When You're Expecting Big Banks' Earnings", "teaser": "", "body": "", "url": "https://www.benzinga.com/node/8895067", "image": [], "channels": [{"name": "Analyst Color"}, {"name": "Earnings"}, {"name": "Long Ideas"}, {"name": "News"}, {"name": "Price Target"}, {"name": "Previews"}, {"name": "Reiteration"}, {"name": "Analyst Ratings"}, {"name": "Movers"}, {"name": "Trading Ideas"}], "stocks": [{"name": "BAC"}, {"name": "COF"}, {"name": "GS"}, {"name": "JPM"}, {"name": "MS"}, {"name": "WFC"}], "tags": [{"name": "Barclays"}, {"name": "cabela's"}, {"name": "Jason Goldberg"}]}, {"id": 8891553, "author": "Benzinga", "created": "Wed, 11 Jan 2017 15:17:36 -0400", "updated": "Wed, 11 Jan 2017 15:17:37 -0400", "title": "From The Driver's Seat At Detroit's NAIAS: Ford And Toyota Steal Day One's Spotlight", "teaser": "", "body": "", "url": "https://www.benzinga.com/node/8891553", "image": [], "channels": [{"name": "News"}, {"name": "Travel"}, {"name": "Tech"}, {"name": "Media"}, {"name": "Trading Ideas"}, {"name": "Interview"}, {"name": "General"}], "stocks": [{"name": "AAPL"}, {"name": "F"}, {"name": "FCAU"}, {"name": "GOOG"}, {"name": "GOOGL"}, {"name": "TM"}, {"name": "TSLA"}], "tags": [{"name": "Lexus Chariot"}, {"name": "Mark Fields"}, {"name": "Michael Bloomberg"}, {"name": "NAIAS"}, {"name": "Nick Donato"}, {"name": "North American International Auto Show"}]}, {"id": 8895927, "author": "Benzinga", "created": "Wed, 11 Jan 2017 15:26:40 -0400", "updated": "Wed, 11 Jan 2017 15:26:41 -0400", "title": "Here's What Merck's Keytruda News Means For Bristol-Myers", "teaser": "", "body": "", "url": "https://www.benzinga.com/node/8895927", "image": [], "channels": [{"name": "Biotech"}, {"name": "News"}, {"name": "Health Care"}, {"name": "FDA"}, {"name": "Movers"}, {"name": "Trading Ideas"}, {"name": "General"}], "stocks": [{"name": "AZN"}, {"name": "BMY"}, {"name": "MRK"}, {"name": "RHHBY"}], "tags": [{"name": "anti-PD-1"}, {"name": "Keytruda"}, {"name": "Opdivo"}]}, {"id": 8896461, "author": "Benzinga", "created": "Wed, 11 Jan 2017 16:51:14 -0400", "updated": "Wed, 11 Jan 2017 16:51:14 -0400", "title": "All The Markets Trump Moved During His Speech Today", "teaser": "", "body": "", "url": "https://www.benzinga.com/node/8896461", "image": [], "channels": [{"name": "Biotech"}, {"name": "News"}, {"name": "Health Care"}, {"name": "Technicals"}, {"name": "Politics"}, {"name": "Forex"}, {"name": "Topics"}, {"name": "Events"}, {"name": "Global"}, {"name": "Markets"}, {"name": "Movers"}, {"name": "Media"}, {"name": "Trading Ideas"}, {"name": "ETFs"}, {"name": "General"}], "stocks": [{"name": "ABT"}, {"name": "BA"}, {"name": "BIIB"}, {"name": "EWW"}, {"name": "F"}, {"name": "FCAU"}, {"name": "FEYE"}, {"name": "FXI"}, {"name": "HACK"}, {"name": "IBB"}, {"name": "LABD"}, {"name": "LABU"}, {"name": "LMT"}, {"name": "MRK"}, {"name": "MYL"}, {"name": "NLNK"}, {"name": "PFE"}, {"name": "PPA"}, {"name": "RSX"}, {"name": "SYMC"}, {"name": "XBI"}], "tags": [{"name": "Donald Trump"}]}]