[{"id": 9292553, "author": "Benzinga", "created": "Wed, 12 Apr 2017 09:10:42 -0400", "updated": "Wed, 12 Apr 2017 09:10:42 -0400", "title": "19 Stocks Moving In Wednesday's Pre-Market Session", "teaser": "", "body": "", "url": "https://www.benzinga.com/node/9292553", "image": [], "channels": [{"name": "News"}, {"name": "Movers & Shakers"}, {"name": "Pre-Market Outlook"}, {"name": "Markets"}, {"name": "Movers"}, {"name": "General"}], "stocks": [{"name": "AAPL"}, {"name": "AAXN"}, {"name": "AZUL"}, {"name": "BHP"}, {"name": "CEL"}, {"name": "CGI"}, {"name": "CLF"}, {"name": "HPQ"}, {"name": "MDIV"}, {"name": "MNOV"}, {"name": "MZOR"}, {"name": "NBIX"}, {"name": "NOVN"}, {"name": "NS"}, {"name": "PME"}, {"name": "RIO"}, {"name": "VAL"}, {"name": "VRSN"}, {"name": "WFM"}, {"name": "XON"}], "tags": [{"name": "Losers"}, {"name": "Pre-Market Gainers"}]}, {"id": 9292711, "author": "Benzinga", "created": "Wed, 12 Apr 2017 09:40:07 -0400", "updated": "Wed, 12 Apr 2017 09:40:07 -0400", "title": "PC Shipments Fall Below 63 Million Units For First Time Since 2007", "teaser": "", "body": "", "url": "https://www.benzinga.com/node/9292711", "image": [], "channels": [{"name": "News"}, {"name": "Retail Sales"}, {"name": "Tech"}], "stocks": [{"name": "AAPL"}, {"name": "HPQ"}], "tags": [{"name": "DELL"}, {"name": "Gartner"}, {"name": "Lenovo"}, {"name": "PC"}, {"name": "PC Makers"}, {"name": "PC units"}]}]