[{"id": 9338633, "author": "Benzinga", "created": "Tue, 25 Apr 2017 05:03:49 -0400", "updated": "Tue, 25 Apr 2017 05:03:50 -0400", "title": "Earnings Scheduled For April 25, 2017", "teaser": "", "body": "", "url": "https://www.benzinga.com/node/9338633", "image": [], "channels": [{"name": "Earnings"}, {"name": "News"}, {"name": "Pre-Market Outlook"}, {"name": "Markets"}], "stocks": [{"name": "AKS"}, {"name": "AMX"}, {"name": "AN"}, {"name": "ASH"}, {"name": "BA"}, {"name": "BHI"}, {"name": "BIIB"}, {"name": "CAT"}, {"name": "CHRW"}, {"name": "CLGX"}, {"name": "CMG"}, {"name": "CNC"}, {"name": "COF"}, {"name": "CREE"}, {"name": "DD"}, {"name": "DFS"}, {"name": "EAT"}, {"name": "ERIC"}, {"name": "EW"}, {"name": "FCX"}, {"name": "FITB"}, {"name": "GLW"}, {"name": "JBLU"}, {"name": "JNPR"}, {"name": "KO"}, {"name": "LH"}, {"name": "LLY"}, {"name": "LMT"}, {"name": "LOGI"}, {"name": "MCD"}, {"name": "MDR"}, {"name": "MMM"}, {"name": "NLSN"}, {"name": "NVS"}, {"name": "PHM"}, {"name": "PII"}, {"name": "PNRA"}, {"name": "RAD"}, {"name": "SAP"}, {"name": "SYK"}, {"name": "T"}, {"name": "TROW"}, {"name": "TUP"}, {"name": "TXN"}, {"name": "VLO"}, {"name": "WIT"}, {"name": "X"}], "tags": [{"name": "Aerospace & Defense"}, {"name": "Computer Storage & Peripherals"}, {"name": "Consumer Discretionary"}, {"name": "Earnings schedule"}, {"name": "Health Care"}, {"name": "Health Care Services"}, {"name": "Industrials"}, {"name": "Information Technology"}, {"name": "Restaurants"}]}, {"id": 9338686, "author": "Benzinga", "created": "Tue, 25 Apr 2017 05:46:01 -0400", "updated": "Tue, 25 Apr 2017 05:46:01 -0400", "title": "15 Stocks To Watch For April 25, 2017", "teaser": "", "body": "", "url": "https://www.benzinga.com/node/9338686", "image": [], "channels": [{"name": "Earnings"}, {"name": "News"}, {"name": "M&A"}, {"name": "Pre-Market Outlook"}, {"name": "Markets"}, {"name": "Trading Ideas"}], "stocks": [{"name": "AA"}, {"name": "AKRX"}, {"name": "ANTM"}, {"name": "CAT"}, {"name": "COF"}, {"name": "DFS"}, {"name": "ESRX"}, {"name": "JBLU"}, {"name": "KO"}, {"name": "LLY"}, {"name": "LMT"}, {"name": "MCD"}, {"name": "RAD"}, {"name": "T"}, {"name": "TXN"}, {"name": "X"}], "tags": [{"name": "Aerospace & Defense"}, {"name": "Consumer Discretionary"}, {"name": "Industrials"}, {"name": "Restaurants"}, {"name": "Stocks To Watch"}, {"name": "Stocks to Watch"}]}, {"id": 9339591, "author": "Benzinga", "created": "Tue, 25 Apr 2017 07:47:22 -0400", "updated": "Tue, 25 Apr 2017 07:47:23 -0400", "title": "A Peek Into The Markets: U.S. Stock Futures Rise Ahead Of Earnings", "teaser": "", "body": "", "url": "https://www.benzinga.com/node/9339591", "image": [], "channels": [{"name": "Earnings"}, {"name": "News"}, {"name": "Eurozone"}, {"name": "Futures"}, {"name": "Global"}, {"name": "Pre-Market Outlook"}, {"name": "Markets"}], "stocks": [{"name": "ANTM"}, {"name": "CAT"}, {"name": "ESRX"}, {"name": "JBLU"}, {"name": "JPM"}, {"name": "LMT"}], "tags": [{"name": "A Peek Into The Markets"}, {"name": "Aerospace & Defense"}, {"name": "Guggenheim"}, {"name": "Industrials"}, {"name": "U.S. stock futures"}]}, {"id": 9339625, "author": "Benzinga", "created": "Tue, 25 Apr 2017 08:15:21 -0400", "updated": "Tue, 25 Apr 2017 08:15:22 -0400", "title": "Coca-Cola's Stock Unmoved After Mixed Q1 Report", "teaser": "", "body": "", "url": "https://www.benzinga.com/node/9339625", "image": [], "channels": [{"name": "Earnings"}, {"name": "News"}, {"name": "Guidance"}], "stocks": [{"name": "KO"}], "tags": [{"name": "beverages"}, {"name": "Coca Cola"}, {"name": "Coca Cola Earnings"}, {"name": "Muhtar Kent"}]}, {"id": 9339949, "author": "Benzinga", "created": "Tue, 25 Apr 2017 08:21:35 -0400", "updated": "Tue, 25 Apr 2017 08:21:35 -0400", "title": "22 Stocks Moving In Tuesday's Pre-Market Session", "teaser": "", "body": "", "url": "https://www.benzinga.com/node/9339949", "image": [], "channels": [{"name": "News"}, {"name": "Movers & Shakers"}, {"name": "Pre-Market Outlook"}, {"name": "Markets"}, {"name": "Movers"}], "stocks": [{"name": "AA"}, {"name": "ABT"}, {"name": "ABX"}, {"name": "AER"}, {"name": "ANTM"}, {"name": "BIIB"}, {"name": "CANF"}, {"name": "CAPR"}, {"name": "CAT"}, {"name": "EGO"}, {"name": "ESRX"}, {"name": "GCI"}, {"name": "IDRA"}, {"name": "JBLU"}, {"name": "LLNW"}, {"name": "LMT"}, {"name": "MCD"}, {"name": "MYOS"}, {"name": "NGL"}, {"name": "PHM"}, {"name": "QURE"}, {"name": "RAD"}, {"name": "UIS"}], "tags": [{"name": "#PreMarket Gainers"}, {"name": "Aerospace & Defense"}, {"name": "Consumer Discretionary"}, {"name": "Industrials"}, {"name": "Information Technology"}, {"name": "Internet Software & Services"}, {"name": "Losers"}, {"name": "Restaurants"}, {"name": "Top Gainers"}]}, {"id": 9337406, "author": "Benzinga", "created": "Tue, 25 Apr 2017 08:26:04 -0400", "updated": "Tue, 25 Apr 2017 08:26:04 -0400", "title": "Assessing Volatility In Tech Ahead Of Earnings", "teaser": "", "body": "", "url": "https://www.benzinga.com/node/9337406", "image": [], "channels": [{"name": "Earnings"}, {"name": "Long Ideas"}, {"name": "News"}, {"name": "Sector ETFs"}, {"name": "Previews"}, {"name": "Options"}, {"name": "Markets"}, {"name": "Tech"}, {"name": "Trading Ideas"}, {"name": "ETFs"}], "stocks": [{"name": "AAPL"}, {"name": "FB"}, {"name": "GOOG"}, {"name": "GOOGL"}, {"name": "MSFT"}, {"name": "XLK"}], "tags": [{"name": "AltaVista"}, {"name": "Neil Azous"}, {"name": "Rareview Macro"}, {"name": "tech ETFs"}]}, {"id": 9339594, "author": "Benzinga", "created": "Tue, 25 Apr 2017 08:50:32 -0400", "updated": "Tue, 25 Apr 2017 08:50:32 -0400", "title": "The Market In 5 Minutes", "teaser": "", "body": "", "url": "https://www.benzinga.com/node/9339594", "image": [], "channels": [{"name": "News"}, {"name": "Short Sellers"}, {"name": "Global"}, {"name": "Top Stories"}, {"name": "Pre-Market Outlook"}, {"name": "Markets"}], "stocks": [{"name": "AAPL"}, {"name": "ADI"}, {"name": "AMZN"}, {"name": "CDNS"}, {"name": "FB"}, {"name": "FMCC"}, {"name": "FNMA"}, {"name": "NCS"}, {"name": "SSYS"}, {"name": "TEX"}, {"name": "VZ"}, {"name": "W"}, {"name": "WFC"}, {"name": "YHOO"}], "tags": [{"name": "Andrew Left"}, {"name": "Citron Research"}, {"name": "Market in 5 minutes"}]}, {"id": 9340121, "author": "Benzinga", "created": "Tue, 25 Apr 2017 09:03:31 -0400", "updated": "Tue, 25 Apr 2017 09:03:31 -0400", "title": "Mac Jr., Dollar Coffee Credited For McDonald's Q1 Top-Line Strength", "teaser": "", "body": "", "url": "https://www.benzinga.com/node/9340121", "image": [], "channels": [{"name": "Earnings"}, {"name": "News"}, {"name": "Restaurants"}, {"name": "Movers"}, {"name": "General"}], "stocks": [{"name": "MCD"}], "tags": [{"name": "mcdonalds"}, {"name": "McDonalds Earnings"}, {"name": "Restaurant Earnings"}, {"name": "restaurants"}, {"name": "Steve Easterbrook"}]}, {"id": 9341261, "author": "Benzinga", "created": "Tue, 25 Apr 2017 10:09:34 -0400", "updated": "Tue, 25 Apr 2017 10:09:34 -0400", "title": "Mid-Morning Market Update: Markets Open Higher; McDonald's Earnings Beat Estimates", "teaser": "", "body": "", "url": "https://www.benzinga.com/node/9341261", "image": [], "channels": [{"name": "Earnings"}, {"name": "News"}, {"name": "Eurozone"}, {"name": "Commodities"}, {"name": "M&A"}, {"name": "Global"}, {"name": "Intraday Update"}, {"name": "Markets"}, {"name": "Movers"}], "stocks": [{"name": "CAPR"}, {"name": "CIG"}, {"name": "CTRV"}, {"name": "GABC"}, {"name": "HSII"}, {"name": "LKFN"}, {"name": "LXU"}, {"name": "MCD"}, {"name": "NGL"}, {"name": "NORD"}, {"name": "SBS"}], "tags": [{"name": "Consumer Discretionary"}, {"name": "Diversified Chemicals"}, {"name": "Financials"}, {"name": "Materials"}, {"name": "Mid-Morning Market Updat"}, {"name": "Regional Banks"}, {"name": "Restaurants"}]}, {"id": 9341246, "author": "Benzinga", "created": "Tue, 25 Apr 2017 10:18:22 -0400", "updated": "Tue, 25 Apr 2017 10:18:22 -0400", "title": "T-Mobile: Market Share Gains Continue, Time To Talk M&A?", "teaser": "", "body": "", "url": "https://www.benzinga.com/node/9341246", "image": [], "channels": [{"name": "Analyst Color"}, {"name": "Earnings"}, {"name": "News"}, {"name": "Reiteration"}, {"name": "M&A"}, {"name": "Analyst Ratings"}, {"name": "Tech"}, {"name": "Media"}], "stocks": [{"name": "CHTR"}, {"name": "CMCSA"}, {"name": "T"}, {"name": "TMUS"}, {"name": "VZ"}], "tags": [{"name": "T Mobile"}, {"name": "T Mobile Earnings"}, {"name": "William Power"}]}, {"id": 9341499, "author": "Benzinga", "created": "Tue, 25 Apr 2017 10:51:53 -0400", "updated": "Tue, 25 Apr 2017 10:51:53 -0400", "title": "A Trio Of Financial Upgrades: American Express, JPMorgan And Wells Fargo", "teaser": "", "body": "", "url": "https://www.benzinga.com/node/9341499", "image": [], "channels": [{"name": "Analyst Color"}, {"name": "Long Ideas"}, {"name": "News"}, {"name": "Upgrades"}, {"name": "Price Target"}, {"name": "Analyst Ratings"}, {"name": "Movers"}, {"name": "Trading Ideas"}], "stocks": [{"name": "ADS"}, {"name": "ALLY"}, {"name": "AXP"}, {"name": "C"}, {"name": "JPM"}, {"name": "MS"}, {"name": "SYF"}, {"name": "WFC"}], "tags": [{"name": "Eric Wasserstrom"}, {"name": "Guggenheim"}]}, {"id": 9341599, "author": "Benzinga", "created": "Tue, 25 Apr 2017 11:26:09 -0400", "updated": "Tue, 25 Apr 2017 11:26:10 -0400", "title": "CVS The Likely Winner If Anthem Is Moving On From Express Scripts", "teaser": "", "body": "", "url": "https://www.benzinga.com/node/9341599", "image": [], "channels": [{"name": "Analyst Color"}, {"name": "Biotech"}, {"name": "News"}, {"name": "Health Care"}, {"name": "Rumors"}, {"name": "M&A"}, {"name": "Analyst Ratings"}, {"name": "General"}], "stocks": [{"name": "ABC"}, {"name": "ANTM"}, {"name": "CVS"}, {"name": "ESRX"}, {"name": "WBA"}], "tags": [{"name": "Anthem"}, {"name": "David Larsen"}, {"name": "express scripts"}, {"name": "Leerink"}]}, {"id": 9342024, "author": "Benzinga", "created": "Tue, 25 Apr 2017 12:10:37 -0400", "updated": "Tue, 25 Apr 2017 12:10:37 -0400", "title": "ESPN Layoffs Said To Be Larger Than Expected, Including 'Significant' On-Air Names", "teaser": "", "body": "", "url": "https://www.benzinga.com/node/9342024", "image": [], "channels": [{"name": "News"}, {"name": "Sports"}, {"name": "Management"}, {"name": "Tech"}, {"name": "Media"}, {"name": "General"}], "stocks": [{"name": "DIS"}], "tags": [{"name": "Anthony DiClemente"}, {"name": "Cord Cutting"}, {"name": "ESPN"}, {"name": "ESPN Layoffs"}, {"name": "Nomura"}, {"name": "Richard Deitsch"}]}, {"id": 9342346, "author": "Benzinga", "created": "Tue, 25 Apr 2017 12:23:05 -0400", "updated": "Tue, 25 Apr 2017 12:23:06 -0400", "title": "Mid-Day Market Update: NASDAQ Hits 6,000; Heidrick & Struggles Shares Drop On Downbeat Results", "teaser": "", "body": "", "url": "https://www.benzinga.com/node/9342346", "image": [], "channels": [{"name": "Earnings"}, {"name": "News"}, {"name": "Eurozone"}, {"name": "Commodities"}, {"name": "M&A"}, {"name": "Global"}, {"name": "Intraday Update"}, {"name": "Markets"}, {"name": "Movers"}], "stocks": [{"name": "CTIC"}, {"name": "CTRV"}, {"name": "HSII"}, {"name": "HSTM"}, {"name": "LXU"}, {"name": "MCD"}, {"name": "MGEE"}, {"name": "NGL"}, {"name": "NORD"}, {"name": "SBS"}], "tags": [{"name": "Consumer Discretionary"}, {"name": "Diversified Chemicals"}, {"name": "Materials"}, {"name": "Mid-Day Market Update"}, {"name": "Restaurants"}]}, {"id": 9342457, "author": "Benzinga", "created": "Tue, 25 Apr 2017 12:43:27 -0400", "updated": "Tue, 25 Apr 2017 12:43:27 -0400", "title": "20 Biggest Mid-Day Gainers For Tuesday", "teaser": "", "body": "", "url": "https://www.benzinga.com/node/9342457", "image": [], "channels": [{"name": "News"}, {"name": "Intraday Update"}, {"name": "Markets"}, {"name": "Analyst Ratings"}, {"name": "Movers"}], "stocks": [{"name": "AA"}, {"name": "BIIB"}, {"name": "CANF"}, {"name": "CAPR"}, {"name": "CAT"}, {"name": "CATB"}, {"name": "CTIC"}, {"name": "EPZM"}, {"name": "GCI"}, {"name": "HSTM"}, {"name": "JBLU"}, {"name": "LLNW"}, {"name": "LXU"}, {"name": "MCD"}, {"name": "NORD"}, {"name": "RAD"}, {"name": "SVU"}, {"name": "TEX"}, {"name": "TUP"}, {"name": "UIS"}], "tags": [{"name": "Consumer Discretionary"}, {"name": "Diversified Chemicals"}, {"name": "Information Technology"}, {"name": "Internet Software & Services"}, {"name": "Materials"}, {"name": "Mid-Day Gainers"}, {"name": "Restaurants"}, {"name": "Top Gainers"}]}, {"id": 9342420, "author": "Benzinga", "created": "Tue, 25 Apr 2017 13:16:34 -0400", "updated": "Tue, 25 Apr 2017 13:16:35 -0400", "title": "David Einhorn's Letter To Greenlight Investors Reveals New Perrigo Position", "teaser": "", "body": "", "url": "https://www.benzinga.com/node/9342420", "image": [], "channels": [{"name": "News"}, {"name": "Trading Ideas"}], "stocks": [{"name": "AAPL"}, {"name": "CC"}, {"name": "CI"}, {"name": "DSW"}, {"name": "FRED"}, {"name": "GLRE"}, {"name": "GM"}, {"name": "LYB"}, {"name": "MON"}, {"name": "PRGO"}, {"name": "RAD"}, {"name": "RES"}, {"name": "SIG"}, {"name": "SYT"}, {"name": "TWX"}, {"name": "XRX"}, {"name": "YELP"}, {"name": "YHOO"}], "tags": [{"name": "David Einhorn"}, {"name": "Greenlight Capital"}]}, {"id": 9341495, "author": "Benzinga", "created": "Tue, 25 Apr 2017 13:44:54 -0400", "updated": "Tue, 25 Apr 2017 13:44:55 -0400", "title": "Mark Your Calendar For These Days In May To Play The Volatility Around FDA Decision Dates", "teaser": "", "body": "", "url": "https://www.benzinga.com/node/9341495", "image": [], "channels": [{"name": "Biotech"}, {"name": "News"}, {"name": "Health Care"}, {"name": "Previews"}, {"name": "FDA"}, {"name": "Trading Ideas"}, {"name": "General"}], "stocks": [{"name": "BMRN"}, {"name": "IBB"}, {"name": "INCY"}, {"name": "LLY"}, {"name": "MRK"}, {"name": "NBIX"}, {"name": "NVO"}, {"name": "NVS"}, {"name": "TEVA"}, {"name": "TXMD"}], "tags": []}, {"id": 9342773, "author": "Benzinga", "created": "Tue, 25 Apr 2017 14:32:24 -0400", "updated": "Tue, 25 Apr 2017 14:32:25 -0400", "title": "Toy Stories Turn As Hasbro Vanquishes Bigger Brother Mattel", "teaser": "", "body": "", "url": "https://www.benzinga.com/node/9342773", "image": [], "channels": [{"name": "Analyst Color"}, {"name": "Earnings"}, {"name": "News"}, {"name": "Guidance"}, {"name": "Analyst Ratings"}, {"name": "Movers"}], "stocks": [{"name": "DIS"}, {"name": "HAS"}, {"name": "MAT"}], "tags": [{"name": "Margo Georgiadis"}]}, {"id": 9342612, "author": "Benzinga", "created": "Tue, 25 Apr 2017 15:21:34 -0400", "updated": "Tue, 25 Apr 2017 15:21:34 -0400", "title": "Is The Selloff In Goldman Sachs A Buying Opportunity?", "teaser": "", "body": "", "url": "https://www.benzinga.com/node/9342612", "image": [], "channels": [{"name": "Analyst Color"}, {"name": "Earnings"}, {"name": "Long Ideas"}, {"name": "News"}, {"name": "Upgrades"}, {"name": "Downgrades"}, {"name": "Technicals"}, {"name": "Analyst Ratings"}, {"name": "Movers"}, {"name": "Trading Ideas"}], "stocks": [{"name": "GS"}], "tags": [{"name": "Atlantic Equities"}, {"name": "Citigroup"}, {"name": "Dick Bove"}, {"name": "Rafferty"}]}, {"id": 9333134, "author": "Benzinga", "created": "Tue, 25 Apr 2017 15:24:20 -0400", "updated": "Tue, 25 Apr 2017 15:24:20 -0400", "title": "Which Leveraged ETFs Will Be Hot This Week?", "teaser": "", "body": "", "url": "https://www.benzinga.com/node/9333134", "image": [], "channels": [{"name": "Earnings"}, {"name": "Long Ideas"}, {"name": "News"}, {"name": "Sector ETFs"}, {"name": "Short Ideas"}, {"name": "Specialty ETFs"}, {"name": "Eurozone"}, {"name": "Pre-Market Outlook"}, {"name": "Markets"}, {"name": "Trading Ideas"}, {"name": "ETFs"}], "stocks": [{"name": "AAPL"}, {"name": "AMGN"}, {"name": "ANTM"}, {"name": "CELG"}, {"name": "DRN"}, {"name": "DULL"}, {"name": "EUFS"}, {"name": "EURL"}, {"name": "LABD"}, {"name": "LABU"}, {"name": "TECL"}, {"name": "TECS"}, {"name": "EUFL"}], "tags": [{"name": "direxion"}]}, {"id": 9343666, "author": "Benzinga", "created": "Tue, 25 Apr 2017 15:52:36 -0400", "updated": "Tue, 25 Apr 2017 15:52:36 -0400", "title": "Mid-Afternoon Market Update: Dow Gains 250 Points; HealthStream Shares Surge On Earnings Beat", "teaser": "", "body": "", "url": "https://www.benzinga.com/node/9343666", "image": [], "channels": [{"name": "Earnings"}, {"name": "News"}, {"name": "Eurozone"}, {"name": "Commodities"}, {"name": "M&A"}, {"name": "Global"}, {"name": "Intraday Update"}, {"name": "Markets"}, {"name": "Movers"}], "stocks": [{"name": "AT"}, {"name": "BBGI"}, {"name": "CTRV"}, {"name": "HSII"}, {"name": "HSTM"}, {"name": "LEE"}, {"name": "LXU"}, {"name": "MCD"}, {"name": "NGL"}, {"name": "NORD"}, {"name": "SBS"}], "tags": [{"name": "Consumer Discretionary"}, {"name": "Diversified Chemicals"}, {"name": "Materials"}, {"name": "Mid-Afternoon Market Update"}, {"name": "Publishing"}, {"name": "Restaurants"}]}]