[{"id": 8910049, "author": "Benzinga", "created": "Tue, 17 Jan 2017 07:03:36 -0400", "updated": "Tue, 17 Jan 2017 07:03:36 -0400", "title": "Earnings Scheduled For January 17, 2017", "teaser": "", "body": "", "url": "https://www.benzinga.com/node/8910049", "image": [], "channels": [{"name": "Earnings"}, {"name": "News"}, {"name": "Pre-Market Outlook"}, {"name": "Markets"}], "stocks": [{"name": "ADTN"}, {"name": "CMA"}, {"name": "CSX"}, {"name": "EDU"}, {"name": "FULT"}, {"name": "HBHC"}, {"name": "IBKR"}, {"name": "INFO"}, {"name": "MBWM"}, {"name": "MS"}, {"name": "OZRK"}, {"name": "PNFP"}, {"name": "RNST"}, {"name": "SHLO"}, {"name": "SNV"}, {"name": "UAL"}, {"name": "UNH"}], "tags": [{"name": "Earnings schedule"}, {"name": "Financials"}, {"name": "Regional Banks"}]}, {"id": 8910245, "author": "Benzinga", "created": "Tue, 17 Jan 2017 07:21:08 -0400", "updated": "Tue, 17 Jan 2017 07:21:09 -0400", "title": "Must Watch Stocks for January 17, 2017", "teaser": "", "body": "", "url": "https://www.benzinga.com/node/8910245", "image": [], "channels": [{"name": "Earnings"}, {"name": "News"}, {"name": "M&A"}, {"name": "Pre-Market Outlook"}, {"name": "Markets"}, {"name": "Trading Ideas"}], "stocks": [{"name": "CMA"}, {"name": "CSX"}, {"name": "CWEI"}, {"name": "ESLOY"}, {"name": "LUX"}, {"name": "MS"}, {"name": "NBL"}, {"name": "OZRK"}, {"name": "RMBS"}, {"name": "UAL"}, {"name": "UNH"}], "tags": [{"name": "Apparel, Accessories & Luxury Goods"}, {"name": "Consumer Discretionary"}, {"name": "Energy"}, {"name": "Oil & Gas Exploration & Production"}, {"name": "Stocks To Watch"}, {"name": "Stocks to Watch"}]}, {"id": 8910588, "author": "Benzinga", "created": "Tue, 17 Jan 2017 08:39:47 -0400", "updated": "Tue, 17 Jan 2017 08:39:48 -0400", "title": "A Peek Into The Markets: U.S. Stock Futures Signal Lower Start On Wall Street", "teaser": "", "body": "", "url": "https://www.benzinga.com/node/8910588", "image": [], "channels": [{"name": "Earnings"}, {"name": "News"}, {"name": "Eurozone"}, {"name": "Futures"}, {"name": "M&A"}, {"name": "Global"}, {"name": "Pre-Market Outlook"}, {"name": "Markets"}], "stocks": [{"name": "CWEI"}, {"name": "MS"}, {"name": "NBL"}, {"name": "NFLX"}, {"name": "TIF"}, {"name": "UNH"}], "tags": [{"name": "A Peek Into The Markets"}, {"name": "Energy"}, {"name": "mizuho"}, {"name": "Oil & Gas Exploration & Production"}, {"name": "U.S. stock futures"}]}, {"id": 8910642, "author": "Benzinga", "created": "Tue, 17 Jan 2017 09:08:24 -0400", "updated": "Tue, 17 Jan 2017 09:08:24 -0400", "title": "Wal-Mart To Add 34,000 Jobs In 2017 Following Other Major Employers", "teaser": "", "body": "", "url": "https://www.benzinga.com/node/8910642", "image": [], "channels": [{"name": "News"}], "stocks": [{"name": "AMZN"}, {"name": "WMT"}], "tags": []}, {"id": 8910523, "author": "Benzinga", "created": "Tue, 17 Jan 2017 10:06:46 -0400", "updated": "Tue, 17 Jan 2017 10:06:47 -0400", "title": "The Market In 5 Minutes: Morgan Stanley Beats Estimates, Disney And Netflix Get Big Upgrades", "teaser": "", "body": "", "url": "https://www.benzinga.com/node/8910523", "image": [], "channels": [{"name": "News"}, {"name": "Global"}, {"name": "Top Stories"}, {"name": "Pre-Market Outlook"}, {"name": "Markets"}], "stocks": [{"name": "AXP"}, {"name": "BTI"}, {"name": "CMG"}, {"name": "CSX"}, {"name": "CWEI"}, {"name": "DIS"}, {"name": "ESLOY"}, {"name": "JWN"}, {"name": "LUX"}, {"name": "MIK"}, {"name": "MS"}, {"name": "NBL"}, {"name": "NFLX"}, {"name": "OMF"}, {"name": "RAI"}, {"name": "SPY"}, {"name": "TWTR"}, {"name": "UAL"}, {"name": "UNH"}, {"name": "UNP"}, {"name": "USO"}], "tags": [{"name": "the market in 5 minutes"}]}, {"id": 8912398, "author": "Benzinga", "created": "Tue, 17 Jan 2017 14:33:27 -0400", "updated": "Tue, 17 Jan 2017 14:33:27 -0400", "title": "Winners And Losers From Trump's U.S. Dollar Comments", "teaser": "", "body": "", "url": "https://www.benzinga.com/node/8912398", "image": [], "channels": [{"name": "Long Ideas"}, {"name": "News"}, {"name": "Education"}, {"name": "Wall Street Journal"}, {"name": "Politics"}, {"name": "Forex"}, {"name": "Markets"}, {"name": "Movers"}, {"name": "Media"}, {"name": "Trading Ideas"}, {"name": "General"}], "stocks": [{"name": "CEW"}, {"name": "GLD"}, {"name": "KO"}, {"name": "MCD"}, {"name": "MDC"}, {"name": "UDN"}, {"name": "UUP"}, {"name": "WMT"}], "tags": [{"name": "Donald Trump"}]}, {"id": 8913304, "author": "Benzinga", "created": "Tue, 17 Jan 2017 14:45:25 -0400", "updated": "Tue, 17 Jan 2017 14:45:27 -0400", "title": "5 Undervalued Stocks to Watch Ahead of Earnings", "teaser": "", "body": "", "url": "https://www.benzinga.com/node/8913304", "image": [], "channels": [{"name": "Earnings"}, {"name": "News"}, {"name": "Price Target"}, {"name": "Markets"}, {"name": "Analyst Ratings"}, {"name": "Tech"}], "stocks": [{"name": "BAC"}, {"name": "EDU"}, {"name": "JPM"}, {"name": "NLS"}, {"name": "SLB"}, {"name": "SWKS"}, {"name": "UAL"}, {"name": "WFC"}], "tags": []}, {"id": 8912654, "author": "Benzinga", "created": "Tue, 17 Jan 2017 16:15:52 -0400", "updated": "Tue, 17 Jan 2017 16:15:52 -0400", "title": "Does Luxottica Now Have A Monopoly On The Eyeglass Space?", "teaser": "", "body": "", "url": "https://www.benzinga.com/node/8912654", "image": [], "channels": [{"name": "News"}, {"name": "M&A"}, {"name": "General"}], "stocks": [{"name": "ESLOY"}, {"name": "JNJ"}, {"name": "LUX"}], "tags": [{"name": "eyewear"}]}, {"id": 8913610, "author": "Benzinga", "created": "Tue, 17 Jan 2017 16:44:22 -0400", "updated": "Tue, 17 Jan 2017 16:44:22 -0400", "title": "Why Apparel Retailers Moved Higher On Trump's Comments About The Dollar", "teaser": "", "body": "", "url": "https://www.benzinga.com/node/8913610", "image": [], "channels": [{"name": "News"}, {"name": "Politics"}, {"name": "Forex"}, {"name": "Topics"}, {"name": "Events"}, {"name": "Markets"}, {"name": "Movers"}, {"name": "General"}], "stocks": [{"name": "COH"}, {"name": "GLD"}, {"name": "HBI"}, {"name": "NKE"}, {"name": "RL"}, {"name": "XRT"}], "tags": [{"name": "Donald Trump"}, {"name": "U.S. Dollar"}, {"name": "Wall Street Journal"}]}]