[{"id": 9779493, "author": "Benzinga", "created": "Sat, 15 Jul 2017 10:38:35 -0400", "updated": "Sat, 15 Jul 2017 10:38:35 -0400", "title": "Emmy 2017: Streaming, Premium Cable Earns More And More Recognition", "teaser": "", "body": "", "url": "https://www.benzinga.com/node/9779493", "image": [], "channels": [{"name": "News"}, {"name": "Events"}, {"name": "Top Stories"}, {"name": "Media"}, {"name": "Trading Ideas"}, {"name": "General"}], "stocks": [{"name": "AMCX"}, {"name": "AMZN"}, {"name": "CBS"}, {"name": "CMCSA"}, {"name": "DIS"}, {"name": "DISCA"}, {"name": "FOX"}, {"name": "GOOG"}, {"name": "GOOGL"}, {"name": "NFLX"}, {"name": "SNI"}, {"name": "TRCO"}, {"name": "TWX"}, {"name": "VIAB"}], "tags": [{"name": "ABC"}, {"name": "Academy Awards"}, {"name": "Amazon Prime"}, {"name": "CBS"}, {"name": "Emmy Awards"}, {"name": "Emmys"}, {"name": "Entertainment Industry"}, {"name": "Golden Globe Awards"}, {"name": "Golden Globes"}, {"name": "HBO"}, {"name": "Hulu"}, {"name": "NBC"}, {"name": "Oscars"}, {"name": "Showtime"}]}]