[{"id": 9194859, "author": "Benzinga", "created": "Tue, 21 Mar 2017 04:11:34 -0400", "updated": "Tue, 21 Mar 2017 04:11:34 -0400", "title": "Earnings Scheduled For March 21, 2017", "teaser": "", "body": "", "url": "https://www.benzinga.com/node/9194859", "image": [], "channels": [{"name": "Earnings"}, {"name": "News"}, {"name": "Pre-Market Outlook"}, {"name": "Markets"}], "stocks": [{"name": "AIR"}, {"name": "ATTO"}, {"name": "CCE"}, {"name": "CMCM"}, {"name": "CSIQ"}, {"name": "DLTH"}, {"name": "FDX"}, {"name": "FRAN"}, {"name": "FSAM"}, {"name": "GIS"}, {"name": "HQY"}, {"name": "LE"}, {"name": "LEN"}, {"name": "LOV"}, {"name": "NEOG"}, {"name": "NKE"}, {"name": "PBR"}, {"name": "SCS"}, {"name": "SLW"}, {"name": "VKTX"}], "tags": [{"name": "Consumer Discretionary"}, {"name": "Earnings schedule"}, {"name": "Homebuilding"}, {"name": "Information Technology"}, {"name": "Internet Software & Services"}]}, {"id": 9194891, "author": "Benzinga", "created": "Tue, 21 Mar 2017 04:39:52 -0400", "updated": "Tue, 21 Mar 2017 04:39:52 -0400", "title": "7 Stocks To Watch For March 21, 2017", "teaser": "", "body": "", "url": "https://www.benzinga.com/node/9194891", "image": [], "channels": [{"name": "Earnings"}, {"name": "News"}, {"name": "Pre-Market Outlook"}, {"name": "Markets"}, {"name": "Trading Ideas"}], "stocks": [{"name": "AIR"}, {"name": "CSIQ"}, {"name": "FDX"}, {"name": "FRAN"}, {"name": "GIS"}, {"name": "NKE"}, {"name": "SCS"}], "tags": [{"name": "Stocks To Watch"}, {"name": "Stocks to Watch"}]}, {"id": 9196251, "author": "Benzinga", "created": "Tue, 21 Mar 2017 09:25:01 -0400", "updated": "Tue, 21 Mar 2017 09:25:01 -0400", "title": "Apple Releases New iPad, Red iPhone", "teaser": "", "body": "", "url": "https://www.benzinga.com/node/9196251", "image": [], "channels": [{"name": "News"}, {"name": "Movers"}, {"name": "Tech"}, {"name": "Media"}, {"name": "General"}], "stocks": [{"name": "AAPL"}], "tags": [{"name": "Apple Watch"}, {"name": "Apps"}, {"name": "Clips"}, {"name": "FaceTime"}, {"name": "iPad"}, {"name": "iPhone"}, {"name": "RED"}, {"name": "Video Apps"}]}, {"id": 9196309, "author": "Benzinga", "created": "Tue, 21 Mar 2017 09:26:50 -0400", "updated": "Tue, 21 Mar 2017 09:26:50 -0400", "title": "The Market In 5 Minutes", "teaser": "", "body": "", "url": "https://www.benzinga.com/node/9196309", "image": [], "channels": [{"name": "News"}, {"name": "Global"}, {"name": "Top Stories"}, {"name": "Markets"}], "stocks": [{"name": "AAPL"}, {"name": "CCL"}, {"name": "DIS"}, {"name": "FB"}, {"name": "GIS"}, {"name": "GOOGL"}, {"name": "MD"}, {"name": "MSI"}, {"name": "SFM"}, {"name": "SPY"}, {"name": "WMT"}], "tags": [{"name": "Market in 5 minutes"}]}, {"id": 9193330, "author": "Benzinga", "created": "Tue, 21 Mar 2017 09:55:42 -0400", "updated": "Tue, 21 Mar 2017 09:55:42 -0400", "title": "2017's Biggest Hacks (And It's Only March)", "teaser": "", "body": "", "url": "https://www.benzinga.com/node/9193330", "image": [], "channels": [{"name": "News"}, {"name": "Politics"}, {"name": "Legal"}, {"name": "Tech"}, {"name": "Media"}, {"name": "General"}], "stocks": [{"name": "AAPL"}, {"name": "DIS"}, {"name": "FB"}, {"name": "HBAYF"}, {"name": "MCD"}, {"name": "MSFT"}, {"name": "SSI"}, {"name": "SSNLF"}], "tags": [{"name": "Business Wire"}, {"name": "BuzzFeed"}, {"name": "CIA"}, {"name": "HMA Acquisition"}, {"name": "Saks Fifth Avenue"}, {"name": "SEC"}, {"name": "WikiLeaks"}]}, {"id": 9196400, "author": "Benzinga", "created": "Tue, 21 Mar 2017 10:20:08 -0400", "updated": "Tue, 21 Mar 2017 10:20:08 -0400", "title": "National Beverage Could Be A Major Beneficiary Of The Sugar Tax", "teaser": "", "body": "", "url": "https://www.benzinga.com/node/9196400", "image": [], "channels": [{"name": "Long Ideas"}, {"name": "News"}, {"name": "Commodities"}, {"name": "Politics"}, {"name": "Topics"}, {"name": "Legal"}, {"name": "Markets"}, {"name": "Trading Ideas"}, {"name": "General"}], "stocks": [{"name": "FIZZ"}, {"name": "KO"}, {"name": "PEP"}], "tags": [{"name": "carbonated beverages"}, {"name": "Coke"}, {"name": "Credit Suisse"}, {"name": "Fran McGorry"}, {"name": "LaCroix"}, {"name": "LIFEWTR"}, {"name": "Naked Juice"}, {"name": "New Castle Equity Research"}, {"name": "Propel Water"}, {"name": "Pure Leaf"}, {"name": "Smartwater"}, {"name": "SODA"}, {"name": "Sugar tax"}, {"name": "sugar wars"}, {"name": "Zico"}]}, {"id": 9196393, "author": "Benzinga", "created": "Tue, 21 Mar 2017 10:43:42 -0400", "updated": "Tue, 21 Mar 2017 10:43:42 -0400", "title": "Disney's Film Success Keeps Company In 'Beast' Mode", "teaser": "", "body": "", "url": "https://www.benzinga.com/node/9196393", "image": [], "channels": [{"name": "Analyst Color"}, {"name": "News"}, {"name": "Analyst Ratings"}, {"name": "Tech"}, {"name": "Media"}, {"name": "Trading Ideas"}, {"name": "General"}], "stocks": [{"name": "DIS"}], "tags": [{"name": "Anthony DiClemente"}, {"name": "Beauty and the Beast"}, {"name": "Deadline"}, {"name": "disney"}, {"name": "Disney Films"}, {"name": "Disney Studio"}]}, {"id": 9196769, "author": "Benzinga", "created": "Tue, 21 Mar 2017 12:09:53 -0400", "updated": "Tue, 21 Mar 2017 12:09:53 -0400", "title": "Despite Many Factors Stacking Up Against JPMorgan, Rafferty Capital Wants You To Own The Stock", "teaser": "", "body": "", "url": "https://www.benzinga.com/node/9196769", "image": [], "channels": [{"name": "Analyst Color"}, {"name": "Long Ideas"}, {"name": "News"}, {"name": "Price Target"}, {"name": "Analyst Ratings"}, {"name": "Movers"}, {"name": "Trading Ideas"}], "stocks": [{"name": "JPM"}], "tags": [{"name": "Rafferty Capital Markets"}, {"name": "Richard X. Bove"}]}, {"id": 9197920, "author": "Benzinga", "created": "Tue, 21 Mar 2017 13:49:58 -0400", "updated": "Tue, 21 Mar 2017 13:49:59 -0400", "title": "Gene Munster Talks About Apple's New Video Making App", "teaser": "", "body": "", "url": "https://www.benzinga.com/node/9197920", "image": [], "channels": [{"name": "Analyst Color"}, {"name": "CNBC"}, {"name": "News"}, {"name": "Tech"}, {"name": "Media"}, {"name": "Trading Ideas"}], "stocks": [{"name": "AAPL"}, {"name": "SNAP"}], "tags": [{"name": "Apple"}, {"name": "CNBC"}, {"name": "Gene Munster"}, {"name": "Loup Capital"}, {"name": "SnapChat"}, {"name": "social media"}, {"name": "Squawk Alley"}]}, {"id": 9198738, "author": "Benzinga", "created": "Tue, 21 Mar 2017 16:01:58 -0400", "updated": "Tue, 21 Mar 2017 16:01:59 -0400", "title": "Disney Could Be In Some Serious Legal Trouble Over 'Zootopia'", "teaser": "", "body": "", "url": "https://www.benzinga.com/node/9198738", "image": [], "channels": [{"name": "News"}, {"name": "Legal"}, {"name": "Media"}, {"name": "Interview"}, {"name": "General"}], "stocks": [{"name": "DIS"}], "tags": [{"name": "Byron Howard"}, {"name": "Darren Adam Heitner"}, {"name": "Esplanade Productions"}, {"name": "Gary Goldman"}, {"name": "Gary L. Goldman"}, {"name": "Hollywood Reporter"}, {"name": "Inside Out"}, {"name": "Looney"}, {"name": "Minority Report"}, {"name": "Quinn Emanuel"}, {"name": "The Lion King"}, {"name": "Total Recall"}, {"name": "Toy Story"}, {"name": "Up"}, {"name": "Zootopia"}]}, {"id": 9199068, "author": "Benzinga", "created": "Tue, 21 Mar 2017 16:30:02 -0400", "updated": "Tue, 21 Mar 2017 16:30:04 -0400", "title": "Nike Misses Q3 Sales Estimates", "teaser": "", "body": "", "url": "https://www.benzinga.com/node/9199068", "image": [], "channels": [{"name": "Earnings"}, {"name": "News"}, {"name": "After-Hours Center"}, {"name": "Movers"}], "stocks": [{"name": "NKE"}], "tags": []}, {"id": 9199233, "author": "Benzinga", "created": "Tue, 21 Mar 2017 16:45:36 -0400", "updated": "Tue, 21 Mar 2017 16:45:36 -0400", "title": "Benzinga's Option Alert Recap From March 21", "teaser": "", "body": "", "url": "https://www.benzinga.com/node/9199233", "image": [], "channels": [{"name": "News"}, {"name": "Options"}, {"name": "After-Hours Center"}, {"name": "Markets"}, {"name": "Movers"}, {"name": "Trading Ideas"}], "stocks": [{"name": "AMRN"}, {"name": "ATVI"}, {"name": "CIT"}, {"name": "ESPR"}, {"name": "EXAS"}, {"name": "FOSL"}, {"name": "FRED"}, {"name": "GNC"}, {"name": "HTZ"}, {"name": "JCP"}, {"name": "MDLZ"}, {"name": "MET"}, {"name": "MU"}, {"name": "NKE"}, {"name": "ON"}, {"name": "RAD"}, {"name": "RHT"}, {"name": "SNAP"}, {"name": "TXN"}, {"name": "URBN"}, {"name": "VRX"}, {"name": "WSM"}, {"name": "ZIOP"}], "tags": [{"name": "option trading"}, {"name": "options"}, {"name": "Options Alerts"}, {"name": "options definition"}, {"name": "Options Recap"}, {"name": "options trading"}, {"name": "options trading for dummies"}, {"name": "options trading strategies"}, {"name": "Optionshouse"}, {"name": "trading stock options"}, {"name": "types of options"}]}, {"id": 9199575, "author": "Benzinga", "created": "Tue, 21 Mar 2017 17:26:30 -0400", "updated": "Tue, 21 Mar 2017 17:26:31 -0400", "title": "FDA Links Breast Implants To A Rare Form Of Cancer", "teaser": "", "body": "", "url": "https://www.benzinga.com/node/9199575", "image": [], "channels": [{"name": "News"}, {"name": "Health Care"}, {"name": "FDA"}, {"name": "Media"}, {"name": "General"}], "stocks": [{"name": "AGN"}, {"name": "JNJ"}, {"name": "SIEN"}], "tags": [{"name": "anaplastic large cell lymphoma"}, {"name": "breast inplants"}, {"name": "cancer"}, {"name": "FDA"}, {"name": "Karen McDougal"}, {"name": "NBC News"}, {"name": "Silicon"}]}]