[{"id": 9381612, "author": "Benzinga", "created": "Tue, 02 May 2017 04:31:46 -0400", "updated": "Tue, 02 May 2017 04:31:46 -0400", "title": "Earnings Scheduled For May 2, 2017", "teaser": "", "body": "", "url": "https://www.benzinga.com/node/9381612", "image": [], "channels": [{"name": "Earnings"}, {"name": "News"}, {"name": "Pre-Market Outlook"}, {"name": "Markets"}], "stocks": [{"name": "AAPL"}, {"name": "ADM"}, {"name": "AET"}, {"name": "AIZ"}, {"name": "APC"}, {"name": "BP"}, {"name": "CMI"}, {"name": "COH"}, {"name": "COP"}, {"name": "CVS"}, {"name": "DAN"}, {"name": "DVN"}, {"name": "EMR"}, {"name": "EPD"}, {"name": "ETN"}, {"name": "FDP"}, {"name": "FEYE"}, {"name": "FIS"}, {"name": "FSLR"}, {"name": "FTR"}, {"name": "GILD"}, {"name": "GWR"}, {"name": "HBI"}, {"name": "HCA"}, {"name": "KGC"}, {"name": "MA"}, {"name": "MDLZ"}, {"name": "MO"}, {"name": "MRK"}, {"name": "OCN"}, {"name": "OKE"}, {"name": "OMI"}, {"name": "PCG"}, {"name": "PFE"}, {"name": "SHPG"}, {"name": "SMG"}, {"name": "SPB"}, {"name": "WNR"}, {"name": "WTW"}, {"name": "WU"}], "tags": [{"name": "Data Processing & Outsourced Services"}, {"name": "Earnings schedule"}, {"name": "Information Technology"}]}, {"id": 9381662, "author": "Benzinga", "created": "Tue, 02 May 2017 05:06:50 -0400", "updated": "Tue, 02 May 2017 05:06:51 -0400", "title": "12 Stocks To Watch For May 2, 2017", "teaser": "", "body": "", "url": "https://www.benzinga.com/node/9381662", "image": [], "channels": [{"name": "Earnings"}, {"name": "News"}, {"name": "M&A"}, {"name": "Pre-Market Outlook"}, {"name": "Markets"}, {"name": "Trading Ideas"}], "stocks": [{"name": "AAPL"}, {"name": "ADM"}, {"name": "AMD"}, {"name": "ANGI"}, {"name": "COH"}, {"name": "CVS"}, {"name": "GILD"}, {"name": "IAC"}, {"name": "MA"}, {"name": "MDLZ"}, {"name": "MRK"}, {"name": "PFE"}], "tags": [{"name": "Data Processing & Outsourced Services"}, {"name": "Information Technology"}, {"name": "Stocks To Watch"}, {"name": "Stocks to Watch"}]}, {"id": 9382526, "author": "Benzinga", "created": "Tue, 02 May 2017 07:15:21 -0400", "updated": "Tue, 02 May 2017 07:15:21 -0400", "title": "A Peek Into The Markets: U.S. Stock Futures Mostly Lower; Apple Earnings In Focus", "teaser": "", "body": "", "url": "https://www.benzinga.com/node/9382526", "image": [], "channels": [{"name": "Earnings"}, {"name": "News"}, {"name": "Eurozone"}, {"name": "Futures"}, {"name": "Global"}, {"name": "Pre-Market Outlook"}, {"name": "Markets"}], "stocks": [{"name": "AAPL"}, {"name": "AMD"}, {"name": "ANGI"}, {"name": "COH"}, {"name": "IAC"}, {"name": "MRK"}, {"name": "PFE"}], "tags": [{"name": "A Peek Into The Markets"}, {"name": "Macquarie"}, {"name": "U.S. stock futures"}]}, {"id": 9382930, "author": "Benzinga", "created": "Tue, 02 May 2017 08:34:24 -0400", "updated": "Tue, 02 May 2017 08:34:24 -0400", "title": "The Latest iPhone 8 Rumor Could Be Worrisome", "teaser": "", "body": "", "url": "https://www.benzinga.com/node/9382930", "image": [], "channels": [{"name": "Analyst Color"}, {"name": "Earnings"}, {"name": "News"}, {"name": "Rumors"}, {"name": "Movers"}, {"name": "Tech"}, {"name": "Media"}, {"name": "Trading Ideas"}], "stocks": [{"name": "AAPL"}], "tags": [{"name": "9TO5Mac"}, {"name": "Apple Supply Chain"}, {"name": "Deutsche Bank"}, {"name": "iPhone"}, {"name": "iPhone 8"}]}, {"id": 9383259, "author": "Benzinga", "created": "Tue, 02 May 2017 09:00:47 -0400", "updated": "Tue, 02 May 2017 09:00:48 -0400", "title": "The Market In 5 Minutes", "teaser": "", "body": "", "url": "https://www.benzinga.com/node/9383259", "image": [], "channels": [{"name": "News"}, {"name": "Global"}, {"name": "Top Stories"}, {"name": "Pre-Market Outlook"}, {"name": "Markets"}], "stocks": [{"name": "AAPL"}, {"name": "AMD"}, {"name": "CHGG"}, {"name": "DD"}, {"name": "DFT"}, {"name": "DOW"}, {"name": "FTV"}, {"name": "GS"}, {"name": "JIVE"}, {"name": "SNAP"}, {"name": "TWTR"}, {"name": "WCC"}], "tags": [{"name": "Market in 5 minutes"}]}, {"id": 9383305, "author": "Benzinga", "created": "Tue, 02 May 2017 09:34:57 -0400", "updated": "Tue, 02 May 2017 09:34:58 -0400", "title": "Gadfly's Liam Denning: Disney Movies Are More Exciting Than OPEC Meetings", "teaser": "", "body": "", "url": "https://www.benzinga.com/node/9383305", "image": [], "channels": [{"name": "News"}, {"name": "Emerging Markets"}, {"name": "Commodities"}, {"name": "Previews"}, {"name": "Events"}, {"name": "Global"}, {"name": "Top Stories"}, {"name": "Economics"}, {"name": "Markets"}, {"name": "Movers"}, {"name": "Tech"}, {"name": "Media"}, {"name": "Trading Ideas"}], "stocks": [{"name": "DIS"}, {"name": "USO"}], "tags": [{"name": "Liam Denning"}, {"name": "oil prices"}, {"name": "OPEC"}, {"name": "OPEC Agreements"}]}, {"id": 9383749, "author": "Benzinga", "created": "Tue, 02 May 2017 09:51:43 -0400", "updated": "Tue, 02 May 2017 09:51:43 -0400", "title": "Analyst On Advanced Micro Devices: 'Margins Not Ryzen'", "teaser": "", "body": "", "url": "https://www.benzinga.com/node/9383749", "image": [], "channels": [{"name": "Analyst Color"}, {"name": "Earnings"}, {"name": "News"}, {"name": "Guidance"}, {"name": "Reiteration"}, {"name": "Analyst Ratings"}, {"name": "Movers"}, {"name": "Tech"}], "stocks": [{"name": "AMD"}, {"name": "INTC"}, {"name": "MSFT"}, {"name": "NVDA"}, {"name": "SNE"}], "tags": [{"name": "Goldman Sachs"}, {"name": "Oppenheimer"}]}, {"id": 9383472, "author": "Benzinga", "created": "Tue, 02 May 2017 10:45:20 -0400", "updated": "Tue, 02 May 2017 10:45:20 -0400", "title": "Apple Earnings: Analyst Expects Overall 'Solid' Quarter, But Longer-Term Concerns Remain", "teaser": "", "body": "", "url": "https://www.benzinga.com/node/9383472", "image": [], "channels": [{"name": "Analyst Color"}, {"name": "Earnings"}, {"name": "News"}, {"name": "Previews"}, {"name": "Reiteration"}, {"name": "Analyst Ratings"}, {"name": "Movers"}, {"name": "Tech"}, {"name": "Trading Ideas"}], "stocks": [{"name": "AAPL"}, {"name": "QCOM"}], "tags": [{"name": "Apple"}, {"name": "Apple Earnings"}, {"name": "iPhone"}, {"name": "iPhone 8"}, {"name": "Maynard Um"}]}, {"id": 9384403, "author": "Benzinga", "created": "Tue, 02 May 2017 11:14:54 -0400", "updated": "Tue, 02 May 2017 11:14:55 -0400", "title": "Cash Burn, Model 3 Remain In Focus For Tesla's Q1", "teaser": "", "body": "", "url": "https://www.benzinga.com/node/9384403", "image": [], "channels": [{"name": "Analyst Color"}, {"name": "Earnings"}, {"name": "News"}, {"name": "Guidance"}, {"name": "Short Ideas"}, {"name": "Previews"}, {"name": "Reiteration"}, {"name": "Travel"}, {"name": "Analyst Ratings"}, {"name": "Movers"}, {"name": "Tech"}, {"name": "Trading Ideas"}, {"name": "General"}], "stocks": [{"name": "AAPL"}, {"name": "TSLA"}], "tags": [{"name": "Apple"}, {"name": "Apple Earnings"}, {"name": "Colin Langan"}, {"name": "iPhone"}, {"name": "Model 3"}, {"name": "Tesla"}, {"name": "Tesla Earnings"}, {"name": "Tesla Model 3"}, {"name": "UBS"}]}, {"id": 9384233, "author": "Benzinga", "created": "Tue, 02 May 2017 11:38:30 -0400", "updated": "Tue, 02 May 2017 11:38:30 -0400", "title": "For Apple, Services Segment Beginning To Outshine The iPhone", "teaser": "", "body": "", "url": "https://www.benzinga.com/node/9384233", "image": [], "channels": [{"name": "Analyst Color"}, {"name": "Earnings"}, {"name": "News"}, {"name": "Guidance"}, {"name": "Previews"}, {"name": "Reiteration"}, {"name": "Analyst Ratings"}, {"name": "Tech"}, {"name": "Trading Ideas"}], "stocks": [{"name": "AAPL"}], "tags": [{"name": "Apple"}, {"name": "Apple Earnings"}, {"name": "Apple Services"}, {"name": "Barclays"}, {"name": "iPhone"}, {"name": "iPhone sales"}, {"name": "Mark Moskowitz"}]}, {"id": 9388119, "author": "Benzinga", "created": "Tue, 02 May 2017 16:52:35 -0400", "updated": "Tue, 02 May 2017 16:52:36 -0400", "title": "Apple Adds $50 Billion To Buyback Plan; iPhone, iPad Sales Down", "teaser": "", "body": "", "url": "https://www.benzinga.com/node/9388119", "image": [], "channels": [{"name": "Earnings"}, {"name": "News"}, {"name": "Guidance"}, {"name": "Dividends"}, {"name": "Top Stories"}, {"name": "After-Hours Center"}, {"name": "Movers"}, {"name": "Tech"}], "stocks": [{"name": "AAPL"}], "tags": [{"name": "Apple"}, {"name": "iPad"}, {"name": "iPhone"}, {"name": "Mac"}, {"name": "Tim Cook"}]}]