[{"id": 8915888, "author": "Benzinga", "created": "Wed, 18 Jan 2017 05:33:08 -0400", "updated": "Wed, 18 Jan 2017 05:33:08 -0400", "title": "Earnings Scheduled For January 18, 2017", "teaser": "", "body": "", "url": "https://www.benzinga.com/node/8915888", "image": [], "channels": [{"name": "Earnings"}, {"name": "News"}, {"name": "Pre-Market Outlook"}, {"name": "Markets"}], "stocks": [{"name": "AMTD"}, {"name": "ASML"}, {"name": "C"}, {"name": "CARO"}, {"name": "CLC"}, {"name": "CNS"}, {"name": "CP"}, {"name": "FAST"}, {"name": "FNB"}, {"name": "FUL"}, {"name": "GS"}, {"name": "KMI"}, {"name": "NFLX"}, {"name": "NTRS"}, {"name": "NVEC"}, {"name": "PLXS"}, {"name": "PTC"}, {"name": "SCHW"}, {"name": "SFNC"}, {"name": "SLM"}, {"name": "USB"}, {"name": "WTFC"}], "tags": [{"name": "Earnings schedule"}]}, {"id": 8915932, "author": "Benzinga", "created": "Wed, 18 Jan 2017 06:10:49 -0400", "updated": "Wed, 18 Jan 2017 06:10:49 -0400", "title": "10 Stocks You Should Be Watching Today", "teaser": "", "body": "", "url": "https://www.benzinga.com/node/8915932", "image": [], "channels": [{"name": "Earnings"}, {"name": "News"}, {"name": "M&A"}, {"name": "Pre-Market Outlook"}, {"name": "Markets"}, {"name": "Trading Ideas"}], "stocks": [{"name": "ADTN"}, {"name": "C"}, {"name": "FAST"}, {"name": "GS"}, {"name": "HPE"}, {"name": "KMI"}, {"name": "NFLX"}, {"name": "SCHW"}, {"name": "UAL"}, {"name": "USB"}], "tags": [{"name": "Stocks To Watch"}, {"name": "Stocks to Watch"}]}, {"id": 8916240, "author": "Benzinga", "created": "Wed, 18 Jan 2017 07:56:25 -0400", "updated": "Wed, 18 Jan 2017 07:56:26 -0400", "title": "Wall Street's M&A Chatter From January 17", "teaser": "", "body": "", "url": "https://www.benzinga.com/node/8916240", "image": [], "channels": [{"name": "News"}, {"name": "M&A"}], "stocks": [{"name": "HPE"}, {"name": "MSFT"}, {"name": "XOM"}], "tags": []}, {"id": 8916454, "author": "Benzinga", "created": "Wed, 18 Jan 2017 08:56:57 -0400", "updated": "Wed, 18 Jan 2017 08:56:57 -0400", "title": "A Peek Into The Markets: U.S. Stock Futures Edge Higher Ahead Of Economic Data, Yellen Speech", "teaser": "", "body": "", "url": "https://www.benzinga.com/node/8916454", "image": [], "channels": [{"name": "Earnings"}, {"name": "News"}, {"name": "Guidance"}, {"name": "Eurozone"}, {"name": "Futures"}, {"name": "M&A"}, {"name": "Global"}, {"name": "Pre-Market Outlook"}, {"name": "Markets"}], "stocks": [{"name": "CLCD"}, {"name": "DIS"}, {"name": "FAST"}, {"name": "GS"}, {"name": "LLY"}, {"name": "TGT"}], "tags": [{"name": "A Peek Into The Markets"}, {"name": "BMO Capital"}, {"name": "U.S. stock futures"}]}, {"id": 8916590, "author": "Benzinga", "created": "Wed, 18 Jan 2017 09:17:18 -0400", "updated": "Wed, 18 Jan 2017 09:17:18 -0400", "title": "Goldman Sachs, Citigroup Wrap Up Big Bank Q4 Earnings", "teaser": "", "body": "", "url": "https://www.benzinga.com/node/8916590", "image": [], "channels": [{"name": "Earnings"}, {"name": "News"}, {"name": "Movers"}], "stocks": [{"name": "C"}, {"name": "GS"}], "tags": [{"name": "bank earnings"}, {"name": "bank stocks"}, {"name": "Lloyd Blankfein"}, {"name": "Michael Corbat"}]}, {"id": 8913534, "author": "Benzinga", "created": "Wed, 18 Jan 2017 09:41:26 -0400", "updated": "Wed, 18 Jan 2017 09:41:26 -0400", "title": "What If Trump Brands China A Currency Manipulator?", "teaser": "", "body": "", "url": "https://www.benzinga.com/node/8913534", "image": [], "channels": [{"name": "News"}, {"name": "Education"}, {"name": "Emerging Markets"}, {"name": "Wall Street Journal"}, {"name": "Politics"}, {"name": "Forex"}, {"name": "Markets"}, {"name": "Movers"}, {"name": "Media"}, {"name": "General"}], "stocks": [{"name": "AAPL"}, {"name": "BA"}, {"name": "FXI"}, {"name": "GLD"}, {"name": "SPY"}, {"name": "UUP"}], "tags": [{"name": "China"}, {"name": "currency manipulator"}, {"name": "Donald Trump"}]}, {"id": 8916561, "author": "Benzinga", "created": "Wed, 18 Jan 2017 09:50:34 -0400", "updated": "Wed, 18 Jan 2017 09:50:34 -0400", "title": "BMO Says Sell Disney, Wall Street Is Too Excited For 2018 Films", "teaser": "", "body": "", "url": "https://www.benzinga.com/node/8916561", "image": [], "channels": [{"name": "Analyst Color"}, {"name": "News"}, {"name": "Short Ideas"}, {"name": "Downgrades"}, {"name": "Price Target"}, {"name": "Previews"}, {"name": "Analyst Ratings"}, {"name": "Movers"}, {"name": "Media"}, {"name": "Trading Ideas"}], "stocks": [{"name": "DIS"}], "tags": [{"name": "BMO Capital Markets"}, {"name": "Daniel Salmon"}, {"name": "ESPN"}, {"name": "Marvel"}, {"name": "Pixar"}]}, {"id": 8916391, "author": "Benzinga", "created": "Wed, 18 Jan 2017 10:03:11 -0400", "updated": "Wed, 18 Jan 2017 10:03:12 -0400", "title": "The Market In 5 Minutes: Goldman Sachs, Chelsea Manning And Jerry Seinfeld", "teaser": "", "body": "", "url": "https://www.benzinga.com/node/8916391", "image": [], "channels": [{"name": "News"}, {"name": "Global"}, {"name": "Top Stories"}, {"name": "Pre-Market Outlook"}, {"name": "Markets"}], "stocks": [{"name": "AMTD"}, {"name": "AMZN"}, {"name": "C"}, {"name": "CLCD"}, {"name": "DECK"}, {"name": "DIS"}, {"name": "GS"}, {"name": "JCP"}, {"name": "JWN"}, {"name": "KSS"}, {"name": "LLY"}, {"name": "NFLX"}, {"name": "SPY"}, {"name": "UAL"}, {"name": "USB"}, {"name": "USO"}, {"name": "XOM"}], "tags": [{"name": "the market in 5 minutes"}]}, {"id": 8913831, "author": "Benzinga", "created": "Wed, 18 Jan 2017 10:57:05 -0400", "updated": "Wed, 18 Jan 2017 10:57:06 -0400", "title": "How Many Jobs Has Wal-Mart Created Over The Last 5 Years?", "teaser": "", "body": "", "url": "https://www.benzinga.com/node/8913831", "image": [], "channels": [{"name": "News"}, {"name": "Education"}, {"name": "Topics"}, {"name": "Econ #s"}, {"name": "Trading Ideas"}, {"name": "General"}], "stocks": [{"name": "WMT"}], "tags": []}, {"id": 8916849, "author": "Benzinga", "created": "Wed, 18 Jan 2017 11:09:43 -0400", "updated": "Wed, 18 Jan 2017 11:09:43 -0400", "title": "Everything You Need To Know About Aetna And Human's Pending Merger", "teaser": "", "body": "", "url": "https://www.benzinga.com/node/8916849", "image": [], "channels": [{"name": "News"}, {"name": "Health Care"}, {"name": "Politics"}, {"name": "Legal"}, {"name": "M&A"}, {"name": "Trading Ideas"}, {"name": "General"}], "stocks": [{"name": "AET"}, {"name": "ANTM"}, {"name": "CI"}, {"name": "HUM"}, {"name": "UNH"}], "tags": [{"name": "Health Insurance"}, {"name": "insurance"}, {"name": "John Bates"}, {"name": "Mark Bertolini"}, {"name": "Medicare Advantage"}]}, {"id": 8917585, "author": "Benzinga", "created": "Wed, 18 Jan 2017 11:19:28 -0400", "updated": "Wed, 18 Jan 2017 11:19:29 -0400", "title": "Mid-Morning Market Update: Markets Mixed; Goldman Sachs Profit Beats Views", "teaser": "", "body": "", "url": "https://www.benzinga.com/node/8917585", "image": [], "channels": [{"name": "Earnings"}, {"name": "News"}, {"name": "Eurozone"}, {"name": "Commodities"}, {"name": "M&A"}, {"name": "Global"}, {"name": "Intraday Update"}, {"name": "Markets"}, {"name": "Movers"}], "stocks": [{"name": "APRI"}, {"name": "CLCD"}, {"name": "ETRM"}, {"name": "GIMO"}, {"name": "GS"}, {"name": "LLY"}, {"name": "NXTD"}, {"name": "PSO"}, {"name": "TUES"}], "tags": [{"name": "Mid-Morning Market Update"}]}, {"id": 8913863, "author": "Benzinga", "created": "Wed, 18 Jan 2017 11:40:29 -0400", "updated": "Wed, 18 Jan 2017 11:40:30 -0400", "title": "Orphan Drugs Among 2015's Top 10 Best-Selling Medications", "teaser": "", "body": "", "url": "https://www.benzinga.com/node/8913863", "image": [], "channels": [{"name": "Biotech"}, {"name": "News"}, {"name": "Health Care"}, {"name": "Media"}, {"name": "Trading Ideas"}, {"name": "General"}], "stocks": [{"name": "ABBV"}, {"name": "AMGN"}, {"name": "BIIB"}, {"name": "CELG"}, {"name": "GILD"}, {"name": "PFE"}, {"name": "SNY"}, {"name": "TEVA"}], "tags": [{"name": "Copaxone"}, {"name": "Enbrel"}, {"name": "Genentech"}, {"name": "Harvoni"}, {"name": "Humira"}, {"name": "Janssen Biotech"}, {"name": "Lantus"}, {"name": "Neulasta"}, {"name": "orphan drugs"}, {"name": "prvnar"}, {"name": "REMICADE"}, {"name": "Revlimid"}, {"name": "Rituxan"}]}, {"id": 8916824, "author": "Benzinga", "created": "Wed, 18 Jan 2017 11:51:29 -0400", "updated": "Wed, 18 Jan 2017 11:51:29 -0400", "title": "Artificial Intelligence, Machine Learning Could Threaten Apps", "teaser": "", "body": "", "url": "https://www.benzinga.com/node/8916824", "image": [], "channels": [{"name": "Analyst Color"}, {"name": "Long Ideas"}, {"name": "News"}, {"name": "Reiteration"}, {"name": "Events"}, {"name": "Analyst Ratings"}, {"name": "Tech"}, {"name": "Trading Ideas"}], "stocks": [{"name": "AMZN"}, {"name": "BIDU"}, {"name": "CRM"}, {"name": "FB"}, {"name": "GOOG"}, {"name": "GOOGL"}, {"name": "INTC"}, {"name": "MSFT"}, {"name": "TSLA"}], "tags": [{"name": "AI Frontiers Conference"}, {"name": "artificial intelligence"}, {"name": "Baird"}, {"name": "Colin Sebastian"}, {"name": "machine learning"}]}, {"id": 8917291, "author": "Benzinga", "created": "Wed, 18 Jan 2017 12:00:03 -0400", "updated": "Wed, 18 Jan 2017 12:00:03 -0400", "title": "Use Any Further Pullbacks In Restaurant Stocks To Add Exposure", "teaser": "", "body": "", "url": "https://www.benzinga.com/node/8917291", "image": [], "channels": [{"name": "Analyst Color"}, {"name": "Long Ideas"}, {"name": "News"}, {"name": "Price Target"}, {"name": "Reiteration"}, {"name": "Restaurants"}, {"name": "Analyst Ratings"}, {"name": "Trading Ideas"}, {"name": "General"}], "stocks": [{"name": "BWLD"}, {"name": "DNKN"}, {"name": "HABT"}, {"name": "JACK"}, {"name": "MCD"}, {"name": "PNRA"}, {"name": "SBUX"}, {"name": "ZOES"}], "tags": [{"name": "Baird"}, {"name": "David Tarantino"}]}, {"id": 8916998, "author": "Benzinga", "created": "Wed, 18 Jan 2017 12:33:41 -0400", "updated": "Wed, 18 Jan 2017 12:33:41 -0400", "title": "Here's How Financials Performed In Q4", "teaser": "", "body": "", "url": "https://www.benzinga.com/node/8916998", "image": [], "channels": [{"name": "Earnings"}, {"name": "News"}, {"name": "Movers"}], "stocks": [{"name": "BAC"}, {"name": "C"}, {"name": "GS"}, {"name": "JPM"}, {"name": "PNC"}, {"name": "WFC"}], "tags": [{"name": "bank earnings"}, {"name": "bank stocks"}, {"name": "earnings season"}]}, {"id": 8918328, "author": "Benzinga", "created": "Wed, 18 Jan 2017 13:12:14 -0400", "updated": "Wed, 18 Jan 2017 13:12:15 -0400", "title": "Mid-Day Market Update: CoLucid Jumps On Acquisition News; Pearson Shares Tumble", "teaser": "", "body": "", "url": "https://www.benzinga.com/node/8918328", "image": [], "channels": [{"name": "Earnings"}, {"name": "News"}, {"name": "Guidance"}, {"name": "Eurozone"}, {"name": "Commodities"}, {"name": "M&A"}, {"name": "Global"}, {"name": "Intraday Update"}, {"name": "Markets"}, {"name": "Movers"}], "stocks": [{"name": "APRI"}, {"name": "CCJ"}, {"name": "CLCD"}, {"name": "ETRM"}, {"name": "GIMO"}, {"name": "GS"}, {"name": "LIFE"}, {"name": "LLY"}, {"name": "PSO"}, {"name": "UNT"}], "tags": [{"name": "Mid-Day Market Update"}]}, {"id": 8918026, "author": "Benzinga", "created": "Wed, 18 Jan 2017 14:29:42 -0400", "updated": "Wed, 18 Jan 2017 14:29:43 -0400", "title": "Nvidia's Machine Learning Business Seems Very Strong", "teaser": "", "body": "", "url": "https://www.benzinga.com/node/8918026", "image": [], "channels": [{"name": "Analyst Color"}, {"name": "Long Ideas"}, {"name": "News"}, {"name": "Events"}, {"name": "Analyst Ratings"}, {"name": "Tech"}, {"name": "Trading Ideas"}], "stocks": [{"name": "AAPL"}, {"name": "AMZN"}, {"name": "GOOG"}, {"name": "GOOGL"}, {"name": "MSFT"}, {"name": "NVDA"}], "tags": [{"name": "Global Equities Research"}, {"name": "GPU"}, {"name": "hackathons"}, {"name": "NVIDIA"}, {"name": "Trip Chowdhry"}]}, {"id": 8918135, "author": "Benzinga", "created": "Wed, 18 Jan 2017 15:20:30 -0400", "updated": "Wed, 18 Jan 2017 15:20:30 -0400", "title": "How Important Are Big Bank Earnings?", "teaser": "", "body": "", "url": "https://www.benzinga.com/node/8918135", "image": [], "channels": [{"name": "Earnings"}, {"name": "News"}, {"name": "Education"}, {"name": "General"}], "stocks": [{"name": "BAC"}, {"name": "C"}, {"name": "GS"}, {"name": "JPM"}, {"name": "MS"}, {"name": "WFC"}, {"name": "XLF"}], "tags": [{"name": "banks"}, {"name": "big banks"}]}, {"id": 8918930, "author": "Benzinga", "created": "Wed, 18 Jan 2017 15:31:07 -0400", "updated": "Wed, 18 Jan 2017 15:31:08 -0400", "title": "Mid-Afternoon Market Update: Crude Oil Down 2.5%; Gigamon Shares Drop After Issuing Lower Forecast", "teaser": "", "body": "", "url": "https://www.benzinga.com/node/8918930", "image": [], "channels": [{"name": "Earnings"}, {"name": "News"}, {"name": "Guidance"}, {"name": "Eurozone"}, {"name": "Commodities"}, {"name": "M&A"}, {"name": "Global"}, {"name": "Intraday Update"}, {"name": "Markets"}, {"name": "Movers"}], "stocks": [{"name": "APRI"}, {"name": "BTE"}, {"name": "CCJ"}, {"name": "CLCD"}, {"name": "ETRM"}, {"name": "GIMO"}, {"name": "GS"}, {"name": "LLY"}, {"name": "PSO"}, {"name": "SHLO"}, {"name": "X"}, {"name": "ZEUS"}], "tags": [{"name": "Mid-Afternoon Market Update"}]}, {"id": 8913917, "author": "Benzinga", "created": "Wed, 18 Jan 2017 15:33:32 -0400", "updated": "Wed, 18 Jan 2017 15:33:32 -0400", "title": "All The Retailers That Could Feel The Effects Of The GOP's Tax Efforts", "teaser": "", "body": "", "url": "https://www.benzinga.com/node/8913917", "image": [], "channels": [{"name": "News"}, {"name": "Politics"}, {"name": "Trading Ideas"}, {"name": "General"}], "stocks": [{"name": "BBY"}, {"name": "COST"}, {"name": "HD"}, {"name": "WMT"}], "tags": [{"name": "Donald Trump"}, {"name": "GOP"}, {"name": "National Retail Federation"}, {"name": "NRF"}, {"name": "republican"}, {"name": "RetailDive"}, {"name": "Scott Ciccarelli"}, {"name": "taxes"}, {"name": "William Dudley"}]}, {"id": 8919114, "author": "Benzinga", "created": "Wed, 18 Jan 2017 16:17:03 -0400", "updated": "Wed, 18 Jan 2017 16:17:03 -0400", "title": "U.S. Deptartment Of Labor Slaps Discrimination Suits On Oracle, JPMorgan", "teaser": "", "body": "", "url": "https://www.benzinga.com/node/8919114", "image": [], "channels": [{"name": "News"}, {"name": "Legal"}], "stocks": [{"name": "JPM"}, {"name": "ORCL"}], "tags": [{"name": "Department of Labor"}]}]