[{"id": 9418681, "author": "Benzinga", "created": "Mon, 08 May 2017 09:00:26 -0400", "updated": "Mon, 08 May 2017 09:00:26 -0400", "title": "The Market In 5 Minutes", "teaser": "", "body": "", "url": "https://www.benzinga.com/node/9418681", "image": [], "channels": [{"name": "News"}, {"name": "Global"}, {"name": "Top Stories"}, {"name": "Pre-Market Outlook"}, {"name": "Markets"}], "stocks": [{"name": "AAPL"}, {"name": "BPL"}, {"name": "CHTR"}, {"name": "CMCSA"}, {"name": "FB"}, {"name": "HTGC"}, {"name": "LPX"}, {"name": "MU"}, {"name": "NFLX"}, {"name": "SHLD"}, {"name": "TSS"}, {"name": "WMB"}], "tags": [{"name": "Market in 5 minutes"}]}, {"id": 9419537, "author": "Benzinga", "created": "Mon, 08 May 2017 09:57:20 -0400", "updated": "Mon, 08 May 2017 09:57:20 -0400", "title": "One Year Later: A Look At The 2016 Ira Sohn Conference Picks", "teaser": "", "body": "", "url": "https://www.benzinga.com/node/9419537", "image": [], "channels": [{"name": "Analyst Color"}, {"name": "News"}, {"name": "Short Sellers"}, {"name": "Events"}, {"name": "Analyst Ratings"}, {"name": "Media"}, {"name": "Trading Ideas"}], "stocks": [{"name": "ANTM"}, {"name": "CAT"}, {"name": "DEPO"}, {"name": "GM"}, {"name": "MTNOY"}, {"name": "WOOF"}], "tags": [{"name": "David Einhorn"}, {"name": "Hedge Funds"}, {"name": "James Chanos"}, {"name": "Jeffrey Gundlach"}, {"name": "Jeffrey Smith"}, {"name": "Jim Chanos"}, {"name": "Kynikos Capital"}, {"name": "Larry Robbins"}, {"name": "Sohns Conference"}, {"name": "Stanley Druckenmiller"}]}, {"id": 9420231, "author": "Benzinga", "created": "Mon, 08 May 2017 14:08:10 -0400", "updated": "Mon, 08 May 2017 14:08:10 -0400", "title": "4 Key Points Will Determine How This Year Goes For Fossil Group", "teaser": "", "body": "", "url": "https://www.benzinga.com/node/9420231", "image": [], "channels": [{"name": "Analyst Color"}, {"name": "Earnings"}, {"name": "News"}, {"name": "Guidance"}, {"name": "Price Target"}, {"name": "Previews"}, {"name": "Reiteration"}, {"name": "Analyst Ratings"}, {"name": "Tech"}, {"name": "Trading Ideas"}], "stocks": [{"name": "AAPL"}, {"name": "FOSL"}, {"name": "KORS"}], "tags": [{"name": "Erinn Murphy"}, {"name": "Piper Jaffray"}]}, {"id": 9421435, "author": "Benzinga", "created": "Mon, 08 May 2017 14:21:14 -0400", "updated": "Mon, 08 May 2017 14:21:14 -0400", "title": "Microsoft Expected To Unveil Its Smart Home Assistant This Week", "teaser": "", "body": "", "url": "https://www.benzinga.com/node/9421435", "image": [], "channels": [{"name": "CNBC"}, {"name": "News"}, {"name": "Tech"}, {"name": "Media"}], "stocks": [{"name": "AMZN"}, {"name": "GOOG"}, {"name": "GOOGL"}, {"name": "MSFT"}], "tags": [{"name": "Amazon"}, {"name": "Amazon Echo"}, {"name": "Cortana"}, {"name": "Google Home"}, {"name": "Harman Kardon"}, {"name": "Home Assistant"}, {"name": "Invoke"}, {"name": "Microsoft Cortana"}, {"name": "Microsoft Invoke"}, {"name": "Skype"}]}, {"id": 9419454, "author": "Benzinga", "created": "Mon, 08 May 2017 14:29:41 -0400", "updated": "Mon, 08 May 2017 14:29:41 -0400", "title": "Straight Path Crossed: Speculative Short To M&A Darling, A Look Back At StraightPath Communications Journey", "teaser": "", "body": "", "url": "https://www.benzinga.com/node/9419454", "image": [], "channels": [{"name": "News"}, {"name": "Short Sellers"}, {"name": "Short Ideas"}, {"name": "Rumors"}, {"name": "M&A"}, {"name": "Movers"}, {"name": "Tech"}, {"name": "Media"}, {"name": "Trading Ideas"}], "stocks": [{"name": "DISH"}, {"name": "GSAT"}, {"name": "STRP"}, {"name": "T"}, {"name": "VZ"}], "tags": [{"name": "5G"}, {"name": "Chardan Capital Markets"}, {"name": "Kerrisdale"}, {"name": "Reuters"}, {"name": "Sahm Adrangi"}, {"name": "TheStreetSweeper"}]}, {"id": 9421359, "author": "Benzinga", "created": "Mon, 08 May 2017 15:06:31 -0400", "updated": "Mon, 08 May 2017 15:06:32 -0400", "title": "Berkshire Could Hoard Cash And Complete 4 Different $100 Billion Deals In The Next 10 Years", "teaser": "", "body": "", "url": "https://www.benzinga.com/node/9421359", "image": [], "channels": [{"name": "CNBC"}, {"name": "News"}, {"name": "Media"}], "stocks": [{"name": "AAPL"}], "tags": [{"name": "Berkshire"}, {"name": "Berkshire Hathaway"}, {"name": "David Rolfe"}, {"name": "Squawk on the Street"}, {"name": "Warren Buffett"}]}, {"id": 9421465, "author": "Benzinga", "created": "Mon, 08 May 2017 15:58:10 -0400", "updated": "Mon, 08 May 2017 15:58:10 -0400", "title": "What The Comcast/Charter Deal Means For Wireless, Spectrum Companies", "teaser": "", "body": "", "url": "https://www.benzinga.com/node/9421465", "image": [], "channels": [{"name": "Analyst Color"}, {"name": "News"}, {"name": "M&A"}, {"name": "Analyst Ratings"}, {"name": "Tech"}, {"name": "Trading Ideas"}], "stocks": [{"name": "CHTR"}, {"name": "CMCSA"}, {"name": "GSAT"}, {"name": "S"}, {"name": "SBGI"}, {"name": "TMUS"}, {"name": "TRCO"}, {"name": "VZ"}], "tags": [{"name": "Ajit Pai"}, {"name": "Height Securities"}, {"name": "Ligado Networks"}]}]