[{"id": 9111262, "author": "Benzinga", "created": "Wed, 01 Mar 2017 06:23:07 -0400", "updated": "Wed, 01 Mar 2017 06:23:07 -0400", "title": "12 Must Watch Stocks for March 1, 2017", "teaser": "", "body": "", "url": "https://www.benzinga.com/node/9111262", "image": [], "channels": [{"name": "Earnings"}, {"name": "News"}, {"name": "Guidance"}, {"name": "Pre-Market Outlook"}, {"name": "Markets"}, {"name": "Trading Ideas"}], "stocks": [{"name": "AEO"}, {"name": "AMBA"}, {"name": "AVGO"}, {"name": "BBY"}, {"name": "CRM"}, {"name": "DLTR"}, {"name": "HSY"}, {"name": "LOW"}, {"name": "MNST"}, {"name": "PANW"}, {"name": "ROST"}, {"name": "WTW"}], "tags": [{"name": "Consumer Discretionary"}, {"name": "Home Improvement Retail"}, {"name": "Stocks To Watch"}, {"name": "Stocks to Watch"}]}, {"id": 9111938, "author": "Benzinga", "created": "Wed, 01 Mar 2017 08:29:16 -0400", "updated": "Wed, 01 Mar 2017 08:29:16 -0400", "title": "A Peek Into The Markets: U.S. Stock Futures Surge Ahead Of Economic Data", "teaser": "", "body": "", "url": "https://www.benzinga.com/node/9111938", "image": [], "channels": [{"name": "Earnings"}, {"name": "News"}, {"name": "Eurozone"}, {"name": "Futures"}, {"name": "Global"}, {"name": "Pre-Market Outlook"}, {"name": "Markets"}], "stocks": [{"name": "BBY"}, {"name": "CRM"}, {"name": "LOW"}, {"name": "PANW"}], "tags": [{"name": "A Peek Into The Markets"}, {"name": "Consumer Discretionary"}, {"name": "Home Improvement Retail"}, {"name": "U.S. stock futures"}, {"name": "Wunderlich"}]}, {"id": 9112410, "author": "Benzinga", "created": "Wed, 01 Mar 2017 09:19:45 -0400", "updated": "Wed, 01 Mar 2017 09:19:45 -0400", "title": "25 Stocks Moving In Wednesday's Pre-Market Session", "teaser": "", "body": "", "url": "https://www.benzinga.com/node/9112410", "image": [], "channels": [{"name": "News"}, {"name": "Movers & Shakers"}, {"name": "Pre-Market Outlook"}, {"name": "Markets"}, {"name": "Movers"}], "stocks": [{"name": "AMBA"}, {"name": "BBW"}, {"name": "BBY"}, {"name": "BGFV"}, {"name": "BP"}, {"name": "CALA"}, {"name": "CLNE"}, {"name": "CRM"}, {"name": "CXW"}, {"name": "DLTR"}, {"name": "DVAX"}, {"name": "ENPH"}, {"name": "ETSY"}, {"name": "FOLD"}, {"name": "IPXL"}, {"name": "LOW"}, {"name": "LQDT"}, {"name": "LXRX"}, {"name": "NDRM"}, {"name": "NRG"}, {"name": "PANW"}, {"name": "PDLI"}, {"name": "PHMD"}, {"name": "SRPT"}, {"name": "TRCO"}, {"name": "WTW"}], "tags": [{"name": "#PreMarket Gainers"}, {"name": "Biotechnology"}, {"name": "Consumer Discretionary"}, {"name": "Health Care"}, {"name": "Home Improvement Retail"}, {"name": "Information Technology"}, {"name": "Internet Software & Services"}, {"name": "Losers"}, {"name": "Top Gainers"}]}, {"id": 9113130, "author": "Benzinga", "created": "Wed, 01 Mar 2017 10:26:14 -0400", "updated": "Wed, 01 Mar 2017 10:26:20 -0400", "title": "The Market In 5 Minutes", "teaser": "", "body": "", "url": "https://www.benzinga.com/node/9113130", "image": [], "channels": [{"name": "News"}, {"name": "Global"}, {"name": "Markets"}], "stocks": [{"name": "AMBA"}, {"name": "AMZN"}, {"name": "BBY"}, {"name": "FMCC"}, {"name": "FNMA"}, {"name": "INTC"}, {"name": "MRVL"}, {"name": "PANW"}, {"name": "SPY"}, {"name": "TGT"}], "tags": [{"name": "Market in 5 minutes"}]}, {"id": 9114813, "author": "Benzinga", "created": "Wed, 01 Mar 2017 13:39:40 -0400", "updated": "Wed, 01 Mar 2017 13:39:40 -0400", "title": "Everything You Need To Know About McDonald's Investor Day Presentation", "teaser": "", "body": "", "url": "https://www.benzinga.com/node/9114813", "image": [], "channels": [{"name": "News"}, {"name": "Restaurants"}, {"name": "Events"}, {"name": "General"}], "stocks": [{"name": "GRUB"}, {"name": "MCD"}], "tags": [{"name": "mcdonalds"}, {"name": "McDonalds China"}, {"name": "McDonalds Presentation"}]}, {"id": 9114604, "author": "Benzinga", "created": "Wed, 01 Mar 2017 15:26:11 -0400", "updated": "Wed, 01 Mar 2017 15:26:12 -0400", "title": "With Confidence In AWS Shaken, Who Could Benefit?", "teaser": "", "body": "", "url": "https://www.benzinga.com/node/9114604", "image": [], "channels": [{"name": "News"}, {"name": "Tech"}, {"name": "Trading Ideas"}], "stocks": [{"name": "AMZN"}, {"name": "CSCO"}, {"name": "GOOGL"}, {"name": "IBM"}, {"name": "MSFT"}, {"name": "ORCL"}, {"name": "RAX"}], "tags": [{"name": "Amazon"}, {"name": "Amazon Web Services"}, {"name": "AWS"}, {"name": "cloud computing"}, {"name": "Google"}, {"name": "Microsoft"}, {"name": "Oracle"}]}, {"id": 9115487, "author": "Benzinga", "created": "Wed, 01 Mar 2017 16:24:48 -0400", "updated": "Wed, 01 Mar 2017 16:24:49 -0400", "title": "Wells Fargo Brass Join Ranks Of Execs Seeing Compensation Cuts", "teaser": "", "body": "", "url": "https://www.benzinga.com/node/9115487", "image": [], "channels": [{"name": "News"}, {"name": "Politics"}, {"name": "Management"}, {"name": "General"}], "stocks": [{"name": "AAPL"}, {"name": "UN"}, {"name": "WFC"}], "tags": [{"name": "CEO"}, {"name": "Dodd-Frank"}, {"name": "income inequality"}, {"name": "Tim Cook"}]}, {"id": 9116620, "author": "Benzinga", "created": "Wed, 01 Mar 2017 17:50:59 -0400", "updated": "Wed, 01 Mar 2017 17:51:00 -0400", "title": "Benzinga's Option Alert Recap From March 1", "teaser": "", "body": "", "url": "https://www.benzinga.com/node/9116620", "image": [], "channels": [{"name": "News"}, {"name": "Options"}, {"name": "After-Hours Center"}, {"name": "Markets"}, {"name": "Movers"}, {"name": "Trading Ideas"}], "stocks": [{"name": "ANF"}, {"name": "BID"}, {"name": "CRBP"}, {"name": "FEYE"}, {"name": "FRED"}, {"name": "FRO"}, {"name": "GLW"}, {"name": "HIMX"}, {"name": "KR"}, {"name": "KSS"}, {"name": "MRVL"}, {"name": "NKE"}, {"name": "P"}, {"name": "PSTG"}, {"name": "SWFT"}, {"name": "TWTR"}, {"name": "VOC"}, {"name": "WFM"}, {"name": "YPF"}], "tags": [{"name": "option trading"}, {"name": "options"}, {"name": "Options Alerts"}, {"name": "options definition"}, {"name": "Options Recap"}, {"name": "options trading"}, {"name": "options trading for dummies"}, {"name": "options trading strategies"}, {"name": "Optionshouse"}, {"name": "trading stock options"}, {"name": "types of options"}]}]