[{"id": 8855879, "author": "Benzinga", "created": "Tue, 03 Jan 2017 07:47:15 -0400", "updated": "Tue, 03 Jan 2017 07:47:15 -0400", "title": "New Year's Earnings: Constellation Brands, Monsanto, Walgreens", "teaser": "", "body": "", "url": "https://www.benzinga.com/node/8855879", "image": [], "channels": [{"name": "Earnings"}, {"name": "News"}, {"name": "Previews"}, {"name": "Trading Ideas"}], "stocks": [{"name": "MON"}, {"name": "STZ"}, {"name": "WBA"}], "tags": [{"name": "Constellation Brands"}, {"name": "Earnings Expectations"}, {"name": "Monsanto"}, {"name": "Walgreens"}, {"name": "Walgreens Boots Alliance"}]}, {"id": 8857424, "author": "Benzinga", "created": "Tue, 03 Jan 2017 09:43:07 -0400", "updated": "Tue, 03 Jan 2017 09:43:07 -0400", "title": "Trump To General Motors: Make Cars In The US Or Pay Big Border Tax!", "teaser": "", "body": "", "url": "https://www.benzinga.com/node/8857424", "image": [], "channels": [{"name": "News"}, {"name": "Markets"}, {"name": "Movers"}], "stocks": [{"name": "BA"}, {"name": "F"}, {"name": "GM"}, {"name": "LMT"}], "tags": [{"name": "Donald Trump"}, {"name": "Donald Trump Tariffs"}, {"name": "Donald Trump Taxes"}, {"name": "Donald Trump Twitter"}, {"name": "Mary Barra"}]}, {"id": 8857033, "author": "Benzinga", "created": "Tue, 03 Jan 2017 10:01:45 -0400", "updated": "Tue, 03 Jan 2017 10:01:46 -0400", "title": "The Market In 5 Minutes: Oil Pushes Markets Higher To Kick Off The New Year", "teaser": "", "body": "", "url": "https://www.benzinga.com/node/8857033", "image": [], "channels": [{"name": "News"}, {"name": "Global"}, {"name": "Top Stories"}, {"name": "Markets"}], "stocks": [{"name": "BX"}, {"name": "CAH"}, {"name": "DEPO"}, {"name": "DSW"}, {"name": "GM"}, {"name": "GRPN"}, {"name": "KKR"}, {"name": "MCK"}, {"name": "MON"}, {"name": "SHOO"}, {"name": "SPY"}, {"name": "STZ"}, {"name": "USO"}, {"name": "WBA"}, {"name": "XRX"}], "tags": [{"name": "the market in 5 minutes"}]}, {"id": 8858520, "author": "Benzinga", "created": "Tue, 03 Jan 2017 13:30:51 -0400", "updated": "Tue, 03 Jan 2017 13:30:51 -0400", "title": "Overshadowed By CES, Citi's Media Conference Still Boasts Some Marquee Names", "teaser": "", "body": "", "url": "https://www.benzinga.com/node/8858520", "image": [], "channels": [{"name": "News"}, {"name": "Previews"}, {"name": "Events"}, {"name": "Tech"}, {"name": "Trading Ideas"}], "stocks": [{"name": "CCOI"}, {"name": "CHTR"}, {"name": "DIS"}, {"name": "DLR"}, {"name": "EQIX"}, {"name": "GOGO"}, {"name": "HSNI"}, {"name": "LBTYA"}, {"name": "P"}, {"name": "VG"}, {"name": "VZ"}], "tags": [{"name": "CES"}, {"name": "Citi Internet Media And Telecommunications Conference"}, {"name": "Conferences"}, {"name": "Consumer Electronic Show"}, {"name": "presentations"}]}]