[{"id": 9439408, "author": "Benzinga", "created": "Sat, 13 May 2017 09:38:16 -0400", "updated": "Sat, 13 May 2017 09:38:16 -0400", "title": "Apple Quietly Acquired A Sleep Tracking App", "teaser": "", "body": "", "url": "https://www.benzinga.com/node/9439408", "image": [], "channels": [{"name": "CNBC"}, {"name": "News"}, {"name": "Health Care"}, {"name": "Psychology"}, {"name": "M&A"}, {"name": "Tech"}, {"name": "Media"}, {"name": "General"}], "stocks": [{"name": "AAPL"}, {"name": "DIS"}, {"name": "NFLX"}], "tags": [{"name": "Apple"}, {"name": "Apple M&A"}, {"name": "Apple Watch"}, {"name": "Beddit"}, {"name": "CNBC"}, {"name": "Health And Wellness"}, {"name": "Sleep"}]}, {"id": 9440950, "author": "Benzinga", "created": "Sat, 13 May 2017 21:02:15 -0400", "updated": "Sat, 13 May 2017 21:02:15 -0400", "title": "Apple Nears $1 Trillion Valuation; Here's The Story Of The Company First To Break The $1 Billion Mark", "teaser": "", "body": "", "url": "https://www.benzinga.com/node/9440950", "image": [], "channels": [{"name": "Analyst Color"}, {"name": "News"}, {"name": "Downgrades"}, {"name": "Commodities"}, {"name": "Markets"}, {"name": "Analyst Ratings"}, {"name": "Tech"}, {"name": "Media"}, {"name": "Trading Ideas"}], "stocks": [{"name": "AAPL"}, {"name": "AMZN"}, {"name": "FB"}, {"name": "GOOG"}, {"name": "GOOGL"}, {"name": "MRO"}, {"name": "MSFT"}, {"name": "X"}], "tags": [{"name": "Cowen"}, {"name": "Warren Buffett"}]}]