[{"id": 9614460, "author": "Benzinga", "created": "Fri, 23 Jun 2017 08:56:07 -0400", "updated": "Fri, 23 Jun 2017 08:56:08 -0400", "title": "The Most and Least Useful New Features Coming To The iPhone", "teaser": "", "body": "", "url": "https://www.benzinga.com/node/9614460", "image": [], "channels": [{"name": "News"}, {"name": "Events"}, {"name": "Tech"}, {"name": "General"}], "stocks": [{"name": "AAPL"}], "tags": [{"name": "iOS 11"}, {"name": "iPhone"}, {"name": "Worldwide Developer Conference"}, {"name": "WWDC"}]}, {"id": 9646512, "author": "Benzinga", "created": "Fri, 23 Jun 2017 09:00:04 -0400", "updated": "Fri, 23 Jun 2017 09:00:07 -0400", "title": "The Market In 5 Minutes", "teaser": "", "body": "", "url": "https://www.benzinga.com/node/9646512", "image": [], "channels": [{"name": "News"}, {"name": "Global"}, {"name": "Top Stories"}, {"name": "Pre-Market Outlook"}, {"name": "Markets"}], "stocks": [{"name": "AMD"}, {"name": "BMS"}, {"name": "CSCO"}, {"name": "ENOC"}, {"name": "FB"}, {"name": "GCP"}, {"name": "HAIN"}, {"name": "IBM"}, {"name": "OCUL"}, {"name": "SAP"}, {"name": "X"}], "tags": [{"name": "Market in 5 minutes"}]}, {"id": 9616385, "author": "Benzinga", "created": "Fri, 23 Jun 2017 09:19:52 -0400", "updated": "Fri, 23 Jun 2017 09:19:53 -0400", "title": "SHIFT Tech Summit To Highlight Innovation In Home Furnishing", "teaser": "", "body": "", "url": "https://www.benzinga.com/node/9616385", "image": [], "channels": [{"name": "News"}, {"name": "Events"}, {"name": "Startups"}, {"name": "Exclusives"}, {"name": "Tech"}, {"name": "Interview"}], "stocks": [{"name": "BBBY"}, {"name": "GOOGL"}, {"name": "MSFT"}], "tags": [{"name": "Amber Engine"}, {"name": "AnnMarie Stenglein"}, {"name": "Dan Gilbert"}, {"name": "Detroit"}, {"name": "Doodle Home"}, {"name": "Jennifer Gilbert"}, {"name": "Quicken Loans"}, {"name": "SHIFT Tech Summit"}, {"name": "virtual reality"}]}, {"id": 9646675, "author": "Benzinga", "created": "Fri, 23 Jun 2017 09:40:05 -0400", "updated": "Fri, 23 Jun 2017 09:40:05 -0400", "title": "Why Oracle Expects 2018 To Be The Cloud Sales 'Tipping Point'", "teaser": "", "body": "", "url": "https://www.benzinga.com/node/9646675", "image": [], "channels": [{"name": "Analyst Color"}, {"name": "Earnings"}, {"name": "Long Ideas"}, {"name": "News"}, {"name": "Guidance"}, {"name": "Upgrades"}, {"name": "Analyst Ratings"}, {"name": "Tech"}, {"name": "Trading Ideas"}], "stocks": [{"name": "AMZN"}, {"name": "CRM"}, {"name": "GOOG"}, {"name": "GOOGL"}, {"name": "MSFT"}, {"name": "ORCL"}], "tags": [{"name": "Argus"}, {"name": "Joseph Bonner"}, {"name": "NetSuite"}]}, {"id": 9647390, "author": "Benzinga", "created": "Fri, 23 Jun 2017 11:24:18 -0400", "updated": "Fri, 23 Jun 2017 11:24:18 -0400", "title": "Deutsche Bank: Caterpillar's Consensus Has Undergone Metamorphosis", "teaser": "", "body": "", "url": "https://www.benzinga.com/node/9647390", "image": [], "channels": [{"name": "Analyst Color"}, {"name": "Earnings"}, {"name": "News"}, {"name": "Downgrades"}, {"name": "Price Target"}, {"name": "Previews"}, {"name": "Analyst Ratings"}, {"name": "Trading Ideas"}], "stocks": [{"name": "CAT"}], "tags": [{"name": "Caterpillar"}, {"name": "Deutsche Bank"}]}, {"id": 9645222, "author": "Benzinga", "created": "Fri, 23 Jun 2017 12:11:58 -0400", "updated": "Fri, 23 Jun 2017 12:11:58 -0400", "title": "A New ETF For Low Vol ETFs", "teaser": "", "body": "", "url": "https://www.benzinga.com/node/9645222", "image": [], "channels": [{"name": "Long Ideas"}, {"name": "News"}, {"name": "Broad U.S. Equity ETFs"}, {"name": "New ETFs"}, {"name": "Markets"}, {"name": "Trading Ideas"}, {"name": "ETFs"}], "stocks": [{"name": "AAPL"}, {"name": "JNJ"}, {"name": "VSMV"}], "tags": [{"name": "ETF Trends"}, {"name": "Mannik Dhillon"}]}]