[{"id": 9587728, "author": "Benzinga", "created": "Fri, 09 Jun 2017 06:51:25 -0400", "updated": "Fri, 09 Jun 2017 06:51:27 -0400", "title": "Wall Street's M&A Chatter From June 8: Cabelas, SciClone Pharma, Microsoft-Hexadite, Athenahealth-Praxify", "teaser": "", "body": "", "url": "https://www.benzinga.com/node/9587728", "image": [], "channels": [{"name": "News"}, {"name": "Rumors"}, {"name": "M&A"}], "stocks": [{"name": "ATHN"}, {"name": "CAB"}, {"name": "MSFT"}, {"name": "SCLN"}], "tags": []}, {"id": 9588190, "author": "Benzinga", "created": "Fri, 09 Jun 2017 09:11:23 -0400", "updated": "Fri, 09 Jun 2017 09:11:23 -0400", "title": "The Market In 5 Minutes", "teaser": "", "body": "", "url": "https://www.benzinga.com/node/9588190", "image": [], "channels": [{"name": "News"}, {"name": "Global"}, {"name": "Top Stories"}, {"name": "Pre-Market Outlook"}, {"name": "Markets"}], "stocks": [{"name": "ACFC"}, {"name": "AMZN"}, {"name": "C"}, {"name": "CMA"}, {"name": "DB"}, {"name": "DISH"}, {"name": "DPZ"}, {"name": "JPM"}, {"name": "PTHN"}, {"name": "SPY"}, {"name": "ZNGA"}], "tags": [{"name": "Market in 5 minutes"}]}, {"id": 9589686, "author": "Benzinga", "created": "Fri, 09 Jun 2017 12:18:30 -0400", "updated": "Fri, 09 Jun 2017 12:18:31 -0400", "title": "Johnson & Johnson, Tesaro Niraparib Trial Enrollment Suspension Not Related To Safety", "teaser": "", "body": "", "url": "https://www.benzinga.com/node/9589686", "image": [], "channels": [{"name": "News"}, {"name": "Health Care"}, {"name": "Top Stories"}, {"name": "Exclusives"}, {"name": "General"}], "stocks": [{"name": "JNJ"}, {"name": "TSRO"}], "tags": [{"name": "Kellie Mclaughlin"}, {"name": "Niraparib"}, {"name": "PDUFA"}]}, {"id": 9585251, "author": "Benzinga", "created": "Fri, 09 Jun 2017 14:00:11 -0400", "updated": "Fri, 09 Jun 2017 14:00:12 -0400", "title": "Loan Underwriting Gets Artificial Intelligence Upgrade", "teaser": "", "body": "", "url": "https://www.benzinga.com/node/9585251", "image": [], "channels": [{"name": "Fintech"}, {"name": "News"}, {"name": "Tech"}], "stocks": [{"name": "ANGI"}, {"name": "FB"}, {"name": "GOOG"}, {"name": "GOOGL"}, {"name": "MSFT"}, {"name": "TWTR"}, {"name": "VZ"}, {"name": "YELP"}], "tags": [{"name": "Datanomers"}, {"name": "Deepak Dube"}, {"name": "loan underwriting"}, {"name": "Meeta Pandey"}]}, {"id": 9590420, "author": "Benzinga", "created": "Fri, 09 Jun 2017 14:22:45 -0400", "updated": "Fri, 09 Jun 2017 14:22:45 -0400", "title": "Walgreens, Rite Aid, Fred's Shake On News Of FTC Plans To Advise Merger Block", "teaser": "", "body": "", "url": "https://www.benzinga.com/node/9590420", "image": [], "channels": [{"name": "News"}, {"name": "Rumors"}, {"name": "Legal"}, {"name": "M&A"}, {"name": "Movers"}], "stocks": [{"name": "FRED"}, {"name": "RAD"}, {"name": "WBA"}], "tags": [{"name": "Federal Trade Commission"}, {"name": "FTC"}]}, {"id": 9576512, "author": "Benzinga", "created": "Fri, 09 Jun 2017 14:42:36 -0400", "updated": "Fri, 09 Jun 2017 14:42:36 -0400", "title": "Ever Had An App Idea? This Contest Can Make It Come To Life - And Even Bring In Some Cash", "teaser": "", "body": "", "url": "https://www.benzinga.com/node/9576512", "image": [], "channels": [{"name": "News"}, {"name": "Topics"}, {"name": "Crowdsourcing"}, {"name": "Events"}, {"name": "Be Your Own Boss"}, {"name": "Startups"}, {"name": "Exclusives"}, {"name": "Tech"}, {"name": "Media"}, {"name": "Interview"}, {"name": "General"}], "stocks": [{"name": "AAPL"}, {"name": "GOOG"}, {"name": "GOOGL"}], "tags": [{"name": "#MakeAnApp"}, {"name": "Airbnb"}, {"name": "Apps"}, {"name": "Appy Pie"}, {"name": "Contest"}, {"name": "mobile apps"}, {"name": "Uber"}]}, {"id": 9589777, "author": "Benzinga", "created": "Fri, 09 Jun 2017 14:57:19 -0400", "updated": "Fri, 09 Jun 2017 14:57:19 -0400", "title": "Could Alphabet's New Ad Rules Bruise Its Own Bottom Line?", "teaser": "", "body": "", "url": "https://www.benzinga.com/node/9589777", "image": [], "channels": [{"name": "News"}, {"name": "Short Sellers"}, {"name": "Exclusives"}, {"name": "Markets"}, {"name": "Tech"}, {"name": "Media"}, {"name": "Interview"}], "stocks": [{"name": "AAPL"}, {"name": "GOOG"}, {"name": "GOOGL"}], "tags": [{"name": "ads"}, {"name": "advertisements"}, {"name": "advertising"}, {"name": "Andrew Left"}, {"name": "Business Insider"}, {"name": "Citron Research"}, {"name": "Coalition for Better Ads"}, {"name": "Credit Suisse"}, {"name": "Digital Content Next"}, {"name": "Jason Kint"}, {"name": "Nomura Instanet"}, {"name": "Wall Street Journal"}, {"name": "YouTube Red"}]}, {"id": 9577741, "author": "Benzinga", "created": "Fri, 09 Jun 2017 15:36:46 -0400", "updated": "Fri, 09 Jun 2017 15:36:47 -0400", "title": "Retail Job Losses: Does This Point Toward Protracted Sectoral Weakness?", "teaser": "", "body": "", "url": "https://www.benzinga.com/node/9577741", "image": [], "channels": [{"name": "Earnings"}, {"name": "News"}, {"name": "REIT"}, {"name": "Sector ETFs"}, {"name": "Top Stories"}, {"name": "Economics"}, {"name": "Trading Ideas"}, {"name": "ETFs"}, {"name": "Real Estate"}], "stocks": [{"name": "AAP"}, {"name": "DDS"}, {"name": "HD"}, {"name": "KSS"}, {"name": "LVMUY"}, {"name": "M"}, {"name": "RL"}, {"name": "SHLD"}, {"name": "TJX"}, {"name": "XRT"}], "tags": [{"name": "Alix Partners"}, {"name": "Business Insider"}, {"name": "CNBC"}, {"name": "Gander Mountain"}, {"name": "Karen Hoguet"}, {"name": "Limited Stores"}, {"name": "Mark Cohen"}, {"name": "National Bureau of Economic Research"}, {"name": "NBER"}, {"name": "radioshack"}, {"name": "usa today"}, {"name": "Wet Seal"}]}, {"id": 9584211, "author": "Benzinga", "created": "Fri, 09 Jun 2017 15:51:34 -0400", "updated": "Fri, 09 Jun 2017 15:51:34 -0400", "title": "A Preview Of An Important Upcoming Event: The William Blair Growth Stock Conference", "teaser": "", "body": "", "url": "https://www.benzinga.com/node/9584211", "image": [], "channels": [{"name": "Earnings"}, {"name": "News"}, {"name": "Guidance"}, {"name": "Previews"}, {"name": "Tech"}, {"name": "Trading Ideas"}], "stocks": [{"name": "AAPL"}, {"name": "ACIA"}, {"name": "ALK"}, {"name": "ALRM"}, {"name": "AYX"}, {"name": "BL"}, {"name": "BLD"}, {"name": "CALD"}, {"name": "CAVM"}, {"name": "CRM"}, {"name": "CVLT"}, {"name": "DLB"}, {"name": "EPAM"}, {"name": "GOGO"}, {"name": "GTT"}, {"name": "HUBS"}, {"name": "PCTY"}, {"name": "SAP"}, {"name": "SCWX"}, {"name": "SSTK"}, {"name": "TEAM"}, {"name": "TLND"}, {"name": "TRMB"}, {"name": "VEEV"}, {"name": "VG"}, {"name": "VIAV"}, {"name": "VMW"}, {"name": "WDAY"}, {"name": "WIFI"}, {"name": "XTLY"}, {"name": "ZEN"}, {"name": "QLGC"}], "tags": [{"name": "Connect"}, {"name": "Icontrol"}, {"name": "Intercompany Hub"}, {"name": "William Blair"}]}]