[{"id": 8847983, "author": "Benzinga", "created": "Mon, 02 Jan 2017 11:04:16 -0400", "updated": "Mon, 02 Jan 2017 11:04:17 -0400", "title": "7 Things Younger Than iPhone As The Device Prepares To Turn 10", "teaser": "", "body": "", "url": "https://www.benzinga.com/node/8847983", "image": [], "channels": [{"name": "News"}, {"name": "Education"}, {"name": "Events"}, {"name": "Tech"}, {"name": "General"}], "stocks": [{"name": "AAPL"}, {"name": "AMZN"}, {"name": "FB"}, {"name": "GOOG"}, {"name": "GOOGL"}, {"name": "NFLX"}, {"name": "T"}, {"name": "TSLA"}], "tags": [{"name": "Android"}, {"name": "Barack Obama"}, {"name": "Donald Trump"}, {"name": "Instagram"}, {"name": "iPhone"}, {"name": "Kindle"}, {"name": "Spotify"}, {"name": "Tesla Roadster"}]}]