[{"id": 9777128, "author": "Benzinga", "created": "Fri, 14 Jul 2017 04:37:04 -0400", "updated": "Fri, 14 Jul 2017 04:37:04 -0400", "title": "Earnings Scheduled For July 14, 2017", "teaser": "", "body": "", "url": "https://www.benzinga.com/node/9777128", "image": [], "channels": [{"name": "Earnings"}, {"name": "News"}, {"name": "Pre-Market Outlook"}, {"name": "Markets"}], "stocks": [{"name": "C"}, {"name": "FHN"}, {"name": "FRC"}, {"name": "JPM"}, {"name": "PNC"}, {"name": "PPHM"}, {"name": "WFC"}], "tags": [{"name": "Earnings schedule"}]}, {"id": 9777177, "author": "Benzinga", "created": "Fri, 14 Jul 2017 05:20:32 -0400", "updated": "Fri, 14 Jul 2017 05:20:32 -0400", "title": "7 Stocks To Watch For July 14, 2017", "teaser": "", "body": "", "url": "https://www.benzinga.com/node/9777177", "image": [], "channels": [{"name": "Earnings"}, {"name": "News"}, {"name": "Guidance"}, {"name": "Pre-Market Outlook"}, {"name": "Markets"}, {"name": "Trading Ideas"}], "stocks": [{"name": "ATEN"}, {"name": "C"}, {"name": "CYBR"}, {"name": "FRC"}, {"name": "JPM"}, {"name": "PNC"}, {"name": "WFC"}], "tags": [{"name": "Stocks To Watch"}, {"name": "Stocks to Watch"}]}, {"id": 9777544, "author": "Benzinga", "created": "Fri, 14 Jul 2017 07:16:15 -0400", "updated": "Fri, 14 Jul 2017 07:16:15 -0400", "title": "A Peek Into The Markets: U.S. Stock Futures Flat; Citigroup Earnings In Focus", "teaser": "", "body": "", "url": "https://www.benzinga.com/node/9777544", "image": [], "channels": [{"name": "Earnings"}, {"name": "News"}, {"name": "Guidance"}, {"name": "Eurozone"}, {"name": "Futures"}, {"name": "Global"}, {"name": "Pre-Market Outlook"}, {"name": "Markets"}], "stocks": [{"name": "ATEN"}, {"name": "C"}, {"name": "CYBR"}, {"name": "JPM"}, {"name": "PNC"}, {"name": "SNAP"}, {"name": "WFC"}], "tags": [{"name": "A Peek Into The Markets"}, {"name": "Cowen & Co."}, {"name": "U.S. stock futures"}]}, {"id": 9774919, "author": "Benzinga", "created": "Fri, 14 Jul 2017 08:26:51 -0400", "updated": "Fri, 14 Jul 2017 08:26:51 -0400", "title": "FDA's 60-Day Extension For Medical Device Defects Not Likely Obstructive To Public Health", "teaser": "", "body": "", "url": "https://www.benzinga.com/node/9774919", "image": [], "channels": [{"name": "News"}, {"name": "Health Care"}, {"name": "FDA"}, {"name": "Legal"}, {"name": "Interview"}, {"name": "General"}], "stocks": [{"name": "ABT"}, {"name": "BSX"}, {"name": "JNJ"}, {"name": "LIVN"}, {"name": "SYK"}, {"name": "ZBH"}], "tags": [{"name": "Biotech"}, {"name": "David Hammond"}, {"name": "FDA"}, {"name": "Hammond Clinical Trial Consulting"}]}, {"id": 9776823, "author": "Benzinga", "created": "Fri, 14 Jul 2017 08:46:53 -0400", "updated": "Fri, 14 Jul 2017 08:46:53 -0400", "title": "Tech ETFs Are Still Tempting", "teaser": "", "body": "", "url": "https://www.benzinga.com/node/9776823", "image": [], "channels": [{"name": "Earnings"}, {"name": "Long Ideas"}, {"name": "News"}, {"name": "Sector ETFs"}, {"name": "Markets"}, {"name": "Tech"}, {"name": "Trading Ideas"}, {"name": "ETFs"}], "stocks": [{"name": "AAPL"}, {"name": "AMZN"}, {"name": "FB"}, {"name": "GOOG"}, {"name": "GOOGL"}, {"name": "NFLX"}, {"name": "XLK"}], "tags": [{"name": "SSgA"}, {"name": "State Street Global Advisors"}]}, {"id": 9777826, "author": "Benzinga", "created": "Fri, 14 Jul 2017 08:56:10 -0400", "updated": "Fri, 14 Jul 2017 08:56:11 -0400", "title": "Big Bank Earnings Begin Trickling In With JPMorgan, Citi, PNC And Wells Fargo Reporting", "teaser": "", "body": "", "url": "https://www.benzinga.com/node/9777826", "image": [], "channels": [{"name": "CNBC"}, {"name": "Earnings"}, {"name": "News"}, {"name": "Media"}], "stocks": [{"name": "C"}, {"name": "JPM"}, {"name": "PNC"}, {"name": "WFC"}, {"name": "XLF"}], "tags": [{"name": "banks"}, {"name": "ETF"}, {"name": "financial sector"}, {"name": "financial stocks"}, {"name": "Matt Maley"}]}, {"id": 9777556, "author": "Benzinga", "created": "Fri, 14 Jul 2017 09:05:17 -0400", "updated": "Fri, 14 Jul 2017 09:05:17 -0400", "title": "The Market In 5 Minutes", "teaser": "", "body": "", "url": "https://www.benzinga.com/node/9777556", "image": [], "channels": [{"name": "News"}, {"name": "Global"}, {"name": "Top Stories"}, {"name": "Pre-Market Outlook"}, {"name": "Markets"}], "stocks": [{"name": "ATEN"}, {"name": "AZN"}, {"name": "BA"}, {"name": "BJRI"}, {"name": "CYBR"}, {"name": "DAL"}, {"name": "DRYS"}, {"name": "S"}, {"name": "SNAP"}, {"name": "SPY"}, {"name": "TEVA"}, {"name": "WMT"}], "tags": [{"name": "Market in 5 minutes"}]}, {"id": 9778079, "author": "Benzinga", "created": "Fri, 14 Jul 2017 10:08:46 -0400", "updated": "Fri, 14 Jul 2017 10:08:46 -0400", "title": "Previewing IBM's Q2 Earnings: Key Questions Remain For 2H'17", "teaser": "", "body": "", "url": "https://www.benzinga.com/node/9778079", "image": [], "channels": [{"name": "Earnings"}, {"name": "News"}, {"name": "Previews"}, {"name": "Trading Ideas"}], "stocks": [{"name": "IBM"}], "tags": [{"name": "Bernstein"}, {"name": "Toni Sacconaghi"}]}, {"id": 9778261, "author": "Benzinga", "created": "Fri, 14 Jul 2017 10:32:48 -0400", "updated": "Fri, 14 Jul 2017 10:32:48 -0400", "title": "Jamie Dimon: 'It's Almost An Embarrassment Being An American Citizen'", "teaser": "", "body": "", "url": "https://www.benzinga.com/node/9778261", "image": [], "channels": [{"name": "Earnings"}, {"name": "News"}, {"name": "Futures"}, {"name": "Politics"}, {"name": "Management"}, {"name": "Markets"}, {"name": "Media"}, {"name": "General"}], "stocks": [{"name": "JPM"}], "tags": [{"name": "JPMorgan Chase"}]}, {"id": 9778396, "author": "Benzinga", "created": "Fri, 14 Jul 2017 10:50:43 -0400", "updated": "Fri, 14 Jul 2017 10:50:43 -0400", "title": "'Well-Positioned' Walmart Added To Goldman's Conviction List", "teaser": "", "body": "", "url": "https://www.benzinga.com/node/9778396", "image": [], "channels": [{"name": "Analyst Color"}, {"name": "Long Ideas"}, {"name": "News"}, {"name": "Upgrades"}, {"name": "Price Target"}, {"name": "Reiteration"}, {"name": "Analyst Ratings"}, {"name": "Trading Ideas"}], "stocks": [{"name": "AMZN"}, {"name": "WMT"}], "tags": [{"name": "Conviction List"}, {"name": "Goldman"}, {"name": "Matthew Fassler"}]}, {"id": 9778573, "author": "Benzinga", "created": "Fri, 14 Jul 2017 10:56:33 -0400", "updated": "Fri, 14 Jul 2017 10:56:35 -0400", "title": "Takeaway From Big Bank Earnings? Consumers Looking Healthier As Loans Grow", "teaser": "", "body": "", "url": "https://www.benzinga.com/node/9778573", "image": [], "channels": [{"name": "Biotech"}, {"name": "Earnings"}, {"name": "News"}, {"name": "Commodities"}, {"name": "Retail Sales"}, {"name": "Econ #s"}, {"name": "Markets"}, {"name": "Tech"}, {"name": "General"}], "stocks": [{"name": "C"}, {"name": "DLTR"}, {"name": "GPS"}, {"name": "JPM"}, {"name": "M"}, {"name": "TGT"}, {"name": "WFC"}, {"name": "WMT"}], "tags": [{"name": "Consumer Discretionary"}, {"name": "Department Stores"}, {"name": "JJ Kinahan"}, {"name": "TD Ameritrade"}, {"name": "The Ticker Tape"}]}, {"id": 9778624, "author": "Benzinga", "created": "Fri, 14 Jul 2017 11:39:19 -0400", "updated": "Fri, 14 Jul 2017 11:39:20 -0400", "title": "Analyst Sees 10-25% Upside In Aero Stocks", "teaser": "", "body": "", "url": "https://www.benzinga.com/node/9778624", "image": [], "channels": [{"name": "Analyst Color"}, {"name": "Long Ideas"}, {"name": "News"}, {"name": "Upgrades"}, {"name": "Reiteration"}, {"name": "Travel"}, {"name": "Analyst Ratings"}, {"name": "Tech"}, {"name": "Trading Ideas"}, {"name": "General"}], "stocks": [{"name": "ARNC"}, {"name": "BA"}, {"name": "COL"}], "tags": [{"name": "JPMorgan"}, {"name": "Seth Seifman"}]}, {"id": 9778951, "author": "Benzinga", "created": "Fri, 14 Jul 2017 13:24:58 -0400", "updated": "Fri, 14 Jul 2017 13:24:59 -0400", "title": "Goldman Sachs Updates Its Conviction List: What That Means For Investors", "teaser": "", "body": "", "url": "https://www.benzinga.com/node/9778951", "image": [], "channels": [{"name": "Analyst Color"}, {"name": "Long Ideas"}, {"name": "News"}, {"name": "Upgrades"}, {"name": "Exclusives"}, {"name": "Analyst Ratings"}, {"name": "Trading Ideas"}, {"name": "Interview"}], "stocks": [{"name": "DKS"}, {"name": "INTU"}, {"name": "NTAP"}, {"name": "NTNX"}, {"name": "ULTA"}, {"name": "WMT"}], "tags": [{"name": "Conviction List"}, {"name": "Goldman Sachs"}, {"name": "Simona Jankowski"}]}, {"id": 9741770, "author": "Benzinga", "created": "Fri, 14 Jul 2017 13:39:57 -0400", "updated": "Fri, 14 Jul 2017 13:39:57 -0400", "title": "6 Dividend-Trap Stocks That Could Follow Mattel And GNC's Lead, Cutting Or Suspending Payouts", "teaser": "", "body": "", "url": "https://www.benzinga.com/node/9741770", "image": [], "channels": [{"name": "News"}, {"name": "Education"}, {"name": "Dividends"}, {"name": "Dividends"}, {"name": "Top Stories"}, {"name": "Trading Ideas"}, {"name": "General"}], "stocks": [{"name": "AMZN"}, {"name": "ANF"}, {"name": "BKS"}, {"name": "CTL"}, {"name": "FTR"}, {"name": "GNC"}, {"name": "HAS"}, {"name": "MAT"}, {"name": "STX"}, {"name": "T"}, {"name": "VZ"}], "tags": [{"name": "dividends"}, {"name": "payouts"}, {"name": "Seeking Alpha"}]}, {"id": 9779199, "author": "Benzinga", "created": "Fri, 14 Jul 2017 14:11:49 -0400", "updated": "Fri, 14 Jul 2017 14:11:49 -0400", "title": "Phil's Stock World: Funtime Friday \u2013 Earnings Season Starts Today", "teaser": "", "body": "", "url": "https://www.benzinga.com/node/9779199", "image": [], "channels": [{"name": "Earnings"}, {"name": "News"}, {"name": "Hedge Funds"}, {"name": "General"}], "stocks": [{"name": "C"}, {"name": "JPM"}, {"name": "WFC"}, {"name": "XLF"}], "tags": []}, {"id": 9780026, "author": "Benzinga", "created": "Fri, 14 Jul 2017 16:16:03 -0400", "updated": "Fri, 14 Jul 2017 16:16:04 -0400", "title": "Benzinga's Option Alert Recap From July 14", "teaser": "", "body": "", "url": "https://www.benzinga.com/node/9780026", "image": [], "channels": [{"name": "News"}, {"name": "Options"}, {"name": "After-Hours Center"}, {"name": "Markets"}, {"name": "Movers"}, {"name": "Trading Ideas"}], "stocks": [{"name": "AAXN"}, {"name": "CDK"}, {"name": "CNC"}, {"name": "CPN"}, {"name": "HIMX"}, {"name": "MLCO"}, {"name": "MT"}, {"name": "MU"}, {"name": "PVG"}, {"name": "TRUE"}, {"name": "UA"}, {"name": "VNTV"}, {"name": "WDC"}, {"name": "WMT"}, {"name": "WYNN"}], "tags": []}]