[{"id": 9593848, "author": "Benzinga", "created": "Mon, 12 Jun 2017 07:04:07 -0400", "updated": "Mon, 12 Jun 2017 07:04:09 -0400", "title": "Wall Street's M&A Chatter From June 9-11: Nordstrom, Sarepta, Walgreens-Rite Aid", "teaser": "", "body": "", "url": "https://www.benzinga.com/node/9593848", "image": [], "channels": [{"name": "News"}, {"name": "Rumors"}, {"name": "M&A"}], "stocks": [{"name": "JWN"}, {"name": "RAD"}, {"name": "SRPT"}, {"name": "WBA"}], "tags": []}, {"id": 9593981, "author": "Benzinga", "created": "Mon, 12 Jun 2017 07:31:42 -0400", "updated": "Mon, 12 Jun 2017 07:31:42 -0400", "title": "A Peek Into The Markets: U.S. Stock Futures Signal Lower Start On Wall Street", "teaser": "", "body": "", "url": "https://www.benzinga.com/node/9593981", "image": [], "channels": [{"name": "News"}, {"name": "Eurozone"}, {"name": "Futures"}, {"name": "M&A"}, {"name": "Global"}, {"name": "Pre-Market Outlook"}, {"name": "Markets"}], "stocks": [{"name": "BIVV"}, {"name": "DFT"}, {"name": "GDEN"}, {"name": "PLXP"}, {"name": "RAD"}, {"name": "WBA"}], "tags": [{"name": "Baird"}, {"name": "Peek Into The Markets"}, {"name": "U.S. stock futures"}]}, {"id": 9594449, "author": "Benzinga", "created": "Mon, 12 Jun 2017 08:57:20 -0400", "updated": "Mon, 12 Jun 2017 08:57:20 -0400", "title": "Analysis: Even An iPhone Super Cycle Doesn't Make Apple Shares A Buy At These Levels", "teaser": "", "body": "", "url": "https://www.benzinga.com/node/9594449", "image": [], "channels": [{"name": "Analyst Color"}, {"name": "News"}, {"name": "Downgrades"}, {"name": "Previews"}, {"name": "Events"}, {"name": "Analyst Ratings"}, {"name": "Tech"}, {"name": "Trading Ideas"}], "stocks": [{"name": "AAPL"}], "tags": [{"name": "Abhey Lamba"}, {"name": "Apple"}, {"name": "Apple China"}, {"name": "Apple India"}, {"name": "Apple Services"}, {"name": "iPhone"}, {"name": "iPhone 8"}]}, {"id": 9594224, "author": "Benzinga", "created": "Mon, 12 Jun 2017 09:00:51 -0400", "updated": "Mon, 12 Jun 2017 09:00:51 -0400", "title": "The Market In 5 Minutes", "teaser": "", "body": "", "url": "https://www.benzinga.com/node/9594224", "image": [], "channels": [{"name": "News"}, {"name": "Global"}, {"name": "Top Stories"}, {"name": "Pre-Market Outlook"}, {"name": "Markets"}], "stocks": [{"name": "AAPL"}, {"name": "ADBE"}, {"name": "AMT"}, {"name": "CACI"}, {"name": "DLR"}, {"name": "SPY"}, {"name": "UPL"}], "tags": [{"name": "Market in 5 minutes"}]}, {"id": 9565062, "author": "Benzinga", "created": "Mon, 12 Jun 2017 09:26:59 -0400", "updated": "Mon, 12 Jun 2017 09:26:59 -0400", "title": "Gearing Up For E3, The Gaming Event Of 2017", "teaser": "", "body": "", "url": "https://www.benzinga.com/node/9565062", "image": [], "channels": [{"name": "News"}, {"name": "Previews"}, {"name": "Events"}, {"name": "Tech"}, {"name": "Media"}, {"name": "Trading Ideas"}, {"name": "General"}], "stocks": [{"name": "ATVI"}, {"name": "EA"}, {"name": "MSFT"}, {"name": "NTDOY"}, {"name": "SNE"}, {"name": "TTWO"}, {"name": "UBSFF"}], "tags": [{"name": "Assassin's Creed"}, {"name": "Days Gone"}, {"name": "E3"}, {"name": "Electronic Entertainment Expo"}, {"name": "Entertainment Software Association"}, {"name": "Far Cry 5"}, {"name": "FIFA 18"}, {"name": "Forbes"}, {"name": "Last of Us Part 2"}, {"name": "Madden NFL 18"}, {"name": "NBA Live 18"}, {"name": "Paul Tassi"}, {"name": "Pokemon Direct"}, {"name": "Star Wars Battlefront 2"}, {"name": "The Crew 2"}, {"name": "Xbox Scorpio"}]}, {"id": 9594621, "author": "Benzinga", "created": "Mon, 12 Jun 2017 09:37:26 -0400", "updated": "Mon, 12 Jun 2017 09:37:26 -0400", "title": "Pivotal Likes Adobe, But Loves Salesforce", "teaser": "", "body": "", "url": "https://www.benzinga.com/node/9594621", "image": [], "channels": [{"name": "Analyst Color"}, {"name": "Earnings"}, {"name": "Long Ideas"}, {"name": "News"}, {"name": "Short Ideas"}, {"name": "Downgrades"}, {"name": "Previews"}, {"name": "Analyst Ratings"}, {"name": "Movers"}, {"name": "Tech"}, {"name": "Trading Ideas"}], "stocks": [{"name": "ADBE"}, {"name": "CRM"}, {"name": "ABDE"}], "tags": []}, {"id": 9594534, "author": "Benzinga", "created": "Mon, 12 Jun 2017 09:59:16 -0400", "updated": "Mon, 12 Jun 2017 09:59:16 -0400", "title": "Intel, And Other Winners From Seasonal Strength In iPhones And Internet Of Things", "teaser": "", "body": "", "url": "https://www.benzinga.com/node/9594534", "image": [], "channels": [{"name": "Analyst Color"}, {"name": "News"}, {"name": "Events"}, {"name": "Analyst Ratings"}, {"name": "Tech"}, {"name": "Trading Ideas"}], "stocks": [{"name": "AMD"}, {"name": "CAVM"}, {"name": "CY"}, {"name": "INTC"}, {"name": "MCHP"}, {"name": "MXIM"}, {"name": "NVDA"}, {"name": "SWKS"}, {"name": "TXN"}], "tags": [{"name": "auto"}, {"name": "Autonomous Driving"}, {"name": "data centers"}, {"name": "Industrial"}, {"name": "mobile"}, {"name": "semiconductor stocks"}, {"name": "semiconductors"}]}, {"id": 9595073, "author": "Benzinga", "created": "Mon, 12 Jun 2017 10:08:48 -0400", "updated": "Mon, 12 Jun 2017 10:08:48 -0400", "title": "Pegfilgrastim To Help Chemotherapy Patients Fails To Clear Regulatory Hurdle; Coherus Receives CRL", "teaser": "", "body": "", "url": "https://www.benzinga.com/node/9595073", "image": [], "channels": [{"name": "Biotech"}, {"name": "News"}, {"name": "Health Care"}, {"name": "FDA"}, {"name": "Movers"}, {"name": "Trading Ideas"}, {"name": "General"}], "stocks": [{"name": "AMGN"}, {"name": "CHRS"}, {"name": "MYL"}, {"name": "NVS"}], "tags": [{"name": "Apotex"}, {"name": "Neulasta"}, {"name": "Pegfilgrastim"}, {"name": "Sandoz"}]}, {"id": 9565417, "author": "Benzinga", "created": "Mon, 12 Jun 2017 10:16:06 -0400", "updated": "Mon, 12 Jun 2017 10:16:07 -0400", "title": "Considering High-Profile IPOs: How Do These Stocks Trade The Day After Their First Earnings Report?", "teaser": "", "body": "", "url": "https://www.benzinga.com/node/9565417", "image": [], "channels": [{"name": "News"}, {"name": "IPOs"}, {"name": "Trading Ideas"}, {"name": "General"}], "stocks": [{"name": "BABA"}, {"name": "FB"}, {"name": "FIT"}, {"name": "GOOS"}, {"name": "LC"}, {"name": "SNAP"}, {"name": "SQ"}, {"name": "TWLO"}, {"name": "TWTR"}, {"name": "V"}], "tags": []}, {"id": 9595428, "author": "Benzinga", "created": "Mon, 12 Jun 2017 10:44:31 -0400", "updated": "Mon, 12 Jun 2017 10:44:32 -0400", "title": "Tech Sector Set To Lead Stocks Lower Again", "teaser": "", "body": "", "url": "https://www.benzinga.com/node/9595428", "image": [], "channels": [{"name": "News"}, {"name": "Intraday Update"}, {"name": "Markets"}, {"name": "Movers"}, {"name": "Tech"}], "stocks": [{"name": "AAPL"}, {"name": "AMD"}, {"name": "AMZN"}, {"name": "AVGO"}, {"name": "BABA"}, {"name": "CRM"}, {"name": "CSCO"}, {"name": "FB"}, {"name": "GOOG"}, {"name": "GOOGL"}, {"name": "MSFT"}, {"name": "NFLX"}, {"name": "NVDA"}, {"name": "P"}, {"name": "SIRI"}, {"name": "SNAP"}, {"name": "TWTR"}, {"name": "VZ"}, {"name": "WDC"}, {"name": "XLK"}, {"name": "YHOO"}], "tags": []}, {"id": 9594532, "author": "Benzinga", "created": "Mon, 12 Jun 2017 11:23:18 -0400", "updated": "Mon, 12 Jun 2017 11:23:19 -0400", "title": "Upcoming Volatility In Apple Could Create Attractive Entry Point Ahead Of iPhone 8 OLED Launch", "teaser": "", "body": "", "url": "https://www.benzinga.com/node/9594532", "image": [], "channels": [{"name": "Analyst Color"}, {"name": "Long Ideas"}, {"name": "News"}, {"name": "Price Target"}, {"name": "Reiteration"}, {"name": "Events"}, {"name": "Analyst Ratings"}, {"name": "Tech"}, {"name": "Trading Ideas"}], "stocks": [{"name": "AAPL"}], "tags": [{"name": "Citi"}, {"name": "iPhone"}, {"name": "iPhone 8"}, {"name": "Jim Suva"}, {"name": "OLED"}]}, {"id": 9595899, "author": "Benzinga", "created": "Mon, 12 Jun 2017 12:32:13 -0400", "updated": "Mon, 12 Jun 2017 12:32:13 -0400", "title": "Cramer: The Mizuho Analyst Who Downgraded Apple Is Looking To Make A Name For Himself", "teaser": "", "body": "", "url": "https://www.benzinga.com/node/9595899", "image": [], "channels": [{"name": "Analyst Color"}, {"name": "CNBC"}, {"name": "News"}, {"name": "Jim Cramer"}, {"name": "Downgrades"}, {"name": "Analyst Ratings"}, {"name": "Movers"}, {"name": "Tech"}, {"name": "Media"}, {"name": "Trading Ideas"}], "stocks": [{"name": "AAPL"}], "tags": [{"name": "Abhey Lamba"}, {"name": "Apple"}, {"name": "iPhone"}, {"name": "iPhone 8"}, {"name": "mizuho"}]}, {"id": 9596443, "author": "Benzinga", "created": "Mon, 12 Jun 2017 13:02:59 -0400", "updated": "Mon, 12 Jun 2017 13:03:00 -0400", "title": "10 Biggest Mid-Day Losers For Monday", "teaser": "", "body": "", "url": "https://www.benzinga.com/node/9596443", "image": [], "channels": [{"name": "News"}, {"name": "Movers & Shakers"}, {"name": "Intraday Update"}, {"name": "Markets"}, {"name": "Analyst Ratings"}], "stocks": [{"name": "AAPL"}, {"name": "ADBE"}, {"name": "BRN"}, {"name": "CHRS"}, {"name": "FSI"}, {"name": "NVMI"}, {"name": "OLED"}, {"name": "P"}, {"name": "STM"}, {"name": "VISI"}], "tags": [{"name": "Mid-Day Losers"}, {"name": "Top Losers"}]}, {"id": 9596454, "author": "Benzinga", "created": "Mon, 12 Jun 2017 14:02:00 -0400", "updated": "Mon, 12 Jun 2017 14:02:00 -0400", "title": "Jeff Immelt's Legacy, Or Lack Thereof", "teaser": "", "body": "", "url": "https://www.benzinga.com/node/9596454", "image": [], "channels": [{"name": "CNBC"}, {"name": "News"}, {"name": "Jim Cramer"}, {"name": "Management"}, {"name": "Media"}], "stocks": [{"name": "GE"}, {"name": "HON"}, {"name": "UTX"}], "tags": [{"name": "Jack Welch"}, {"name": "Jeff Immelt"}, {"name": "Squawk on the Street"}]}, {"id": 9596239, "author": "Benzinga", "created": "Mon, 12 Jun 2017 15:17:22 -0400", "updated": "Mon, 12 Jun 2017 15:17:23 -0400", "title": "6 Deals Are Live In Chemical Sector: Where Do They Stand?", "teaser": "", "body": "", "url": "https://www.benzinga.com/node/9596239", "image": [], "channels": [{"name": "Analyst Color"}, {"name": "News"}, {"name": "Commodities"}, {"name": "Contracts"}, {"name": "M&A"}, {"name": "Markets"}, {"name": "Analyst Ratings"}, {"name": "Tech"}, {"name": "General"}], "stocks": [{"name": "AGU"}, {"name": "AKZOY"}, {"name": "BAYRY"}, {"name": "CF"}, {"name": "CLZNY"}, {"name": "DD"}, {"name": "DOW"}, {"name": "FMC"}, {"name": "HUN"}, {"name": "LNEGY"}, {"name": "MON"}, {"name": "MOS"}, {"name": "POT"}, {"name": "PPG"}, {"name": "PX"}, {"name": "SYT"}], "tags": [{"name": "Aaron Gal"}, {"name": "Bernstein"}, {"name": "Gunter Zechmann"}, {"name": "Jeremy Redenius"}, {"name": "Jonas Oxgaard"}]}, {"id": 9597120, "author": "Benzinga", "created": "Mon, 12 Jun 2017 15:37:56 -0400", "updated": "Mon, 12 Jun 2017 15:37:56 -0400", "title": "Under Armour In The Midst Of An NBA Finals Rally", "teaser": "", "body": "", "url": "https://www.benzinga.com/node/9597120", "image": [], "channels": [{"name": "News"}, {"name": "Technicals"}, {"name": "Sports"}, {"name": "Events"}, {"name": "Intraday Update"}, {"name": "Movers"}, {"name": "Trading Ideas"}, {"name": "General"}], "stocks": [{"name": "NKE"}, {"name": "UA"}, {"name": "UAA"}], "tags": [{"name": "Cleveland Cavaliers"}, {"name": "Golden State Warriors"}, {"name": "LeBron James"}, {"name": "NBA Finals"}, {"name": "Steph Curry"}]}, {"id": 9597583, "author": "Benzinga", "created": "Mon, 12 Jun 2017 16:31:22 -0400", "updated": "Mon, 12 Jun 2017 16:31:22 -0400", "title": "Nike Vs. Under Amour: How Has This NBA Finals Trilogy Played Out For These Apparel Titans?", "teaser": "", "body": "", "url": "https://www.benzinga.com/node/9597583", "image": [], "channels": [{"name": "Analyst Color"}, {"name": "News"}, {"name": "Previews"}, {"name": "Sports"}, {"name": "Events"}, {"name": "Analyst Ratings"}, {"name": "Trading Ideas"}, {"name": "General"}], "stocks": [{"name": "ADDYY"}, {"name": "NKE"}, {"name": "UAA"}], "tags": [{"name": "Adidas"}, {"name": "Kevin Plank"}, {"name": "LeBron James"}, {"name": "NBA"}, {"name": "Nike"}, {"name": "Steph Curry"}, {"name": "Tom Nikic"}, {"name": "under armour"}, {"name": "Wells Fargo"}]}]