[{"id": 9031467, "author": "Benzinga", "created": "Sun, 12 Feb 2017 12:36:33 -0400", "updated": "Sun, 12 Feb 2017 12:36:33 -0400", "title": "High Earnings Expectations For Pepsi, Not So Much For Cisco", "teaser": "", "body": "", "url": "https://www.benzinga.com/node/9031467", "image": [], "channels": [{"name": "Earnings"}, {"name": "News"}, {"name": "Previews"}, {"name": "Trading Ideas"}], "stocks": [{"name": "CSCO"}, {"name": "PEP"}], "tags": [{"name": "Cisco"}, {"name": "Cisco Systems"}, {"name": "Earnings Expectations"}, {"name": "pepsico"}]}]