[{"id": 9315196, "author": "Benzinga", "created": "Wed, 19 Apr 2017 04:57:16 -0400", "updated": "Wed, 19 Apr 2017 04:57:16 -0400", "title": "Earnings Scheduled For April 19, 2017", "teaser": "", "body": "", "url": "https://www.benzinga.com/node/9315196", "image": [], "channels": [{"name": "Earnings"}, {"name": "News"}, {"name": "Pre-Market Outlook"}, {"name": "Markets"}], "stocks": [{"name": "ABT"}, {"name": "AMTD"}, {"name": "ASML"}, {"name": "AXP"}, {"name": "BHE"}, {"name": "BLK"}, {"name": "CCK"}, {"name": "CP"}, {"name": "CSX"}, {"name": "EBAY"}, {"name": "EWBC"}, {"name": "GPC"}, {"name": "HBAN"}, {"name": "HNI"}, {"name": "HXL"}, {"name": "KALU"}, {"name": "KMI"}, {"name": "LAD"}, {"name": "MS"}, {"name": "PLXS"}, {"name": "PTC"}, {"name": "QCOM"}, {"name": "SBNY"}, {"name": "SCSS"}, {"name": "STLD"}, {"name": "TXT"}, {"name": "URI"}, {"name": "USB"}, {"name": "VMI"}], "tags": [{"name": "Earnings schedule"}]}, {"id": 9315276, "author": "Benzinga", "created": "Wed, 19 Apr 2017 05:58:19 -0400", "updated": "Wed, 19 Apr 2017 05:58:19 -0400", "title": "10 Stocks To Watch For April 19, 2017", "teaser": "", "body": "", "url": "https://www.benzinga.com/node/9315276", "image": [], "channels": [{"name": "Earnings"}, {"name": "News"}, {"name": "Guidance"}, {"name": "Pre-Market Outlook"}, {"name": "Markets"}, {"name": "Trading Ideas"}], "stocks": [{"name": "ABT"}, {"name": "AXP"}, {"name": "CSX"}, {"name": "EBAY"}, {"name": "IBM"}, {"name": "ISRG"}, {"name": "MS"}, {"name": "QCOM"}, {"name": "USB"}, {"name": "YHOO"}], "tags": [{"name": "Stocks To Watch"}, {"name": "Stocks to Watch"}]}, {"id": 9315823, "author": "Benzinga", "created": "Wed, 19 Apr 2017 07:35:23 -0400", "updated": "Wed, 19 Apr 2017 07:35:24 -0400", "title": "A Peek Into The Markets: U.S. Stock Futures Up Ahead Of Earnings", "teaser": "", "body": "", "url": "https://www.benzinga.com/node/9315823", "image": [], "channels": [{"name": "Earnings"}, {"name": "News"}, {"name": "Eurozone"}, {"name": "Futures"}, {"name": "Global"}, {"name": "Pre-Market Outlook"}, {"name": "Markets"}], "stocks": [{"name": "HPQ"}, {"name": "IBM"}, {"name": "MS"}, {"name": "USB"}, {"name": "YHOO"}], "tags": [{"name": "A Peek Into The Markets"}, {"name": "Barclays"}, {"name": "U.S. stock futures"}]}, {"id": 9316459, "author": "Benzinga", "created": "Wed, 19 Apr 2017 08:53:41 -0400", "updated": "Wed, 19 Apr 2017 08:53:41 -0400", "title": "22 Stocks Moving In Wednesday's Pre-Market Session", "teaser": "", "body": "", "url": "https://www.benzinga.com/node/9316459", "image": [], "channels": [{"name": "News"}, {"name": "Movers & Shakers"}, {"name": "Pre-Market Outlook"}, {"name": "Markets"}, {"name": "Movers"}], "stocks": [{"name": "ABT"}, {"name": "ADPT"}, {"name": "ADTN"}, {"name": "CEL"}, {"name": "DSX"}, {"name": "ENDP"}, {"name": "GNTX"}, {"name": "IBKR"}, {"name": "IBM"}, {"name": "IMGN"}, {"name": "IP"}, {"name": "ISRG"}, {"name": "LC"}, {"name": "LRCX"}, {"name": "MS"}, {"name": "NRG"}, {"name": "NVLS"}, {"name": "PLG"}, {"name": "RARE"}, {"name": "SBGL"}, {"name": "SNGX"}, {"name": "TXT"}], "tags": [{"name": "#PreMarket Gainers"}, {"name": "Information Technology"}, {"name": "Losers"}, {"name": "Semiconductor Equipment"}, {"name": "Top Gainers"}]}, {"id": 9316781, "author": "Benzinga", "created": "Wed, 19 Apr 2017 09:26:52 -0400", "updated": "Wed, 19 Apr 2017 09:26:53 -0400", "title": "The Market In 5 Minutes", "teaser": "", "body": "", "url": "https://www.benzinga.com/node/9316781", "image": [], "channels": [{"name": "News"}, {"name": "Global"}, {"name": "Top Stories"}, {"name": "Markets"}], "stocks": [{"name": "BLK"}, {"name": "ENR"}, {"name": "FB"}, {"name": "GS"}, {"name": "GWW"}, {"name": "HPQ"}, {"name": "KO"}, {"name": "PSIX"}, {"name": "SIRI"}, {"name": "SNAP"}], "tags": [{"name": "Market in 5 minutes"}]}, {"id": 9316748, "author": "Benzinga", "created": "Wed, 19 Apr 2017 09:35:44 -0400", "updated": "Wed, 19 Apr 2017 09:35:44 -0400", "title": "Your Big Bank Q1 Earnings Roundup", "teaser": "", "body": "", "url": "https://www.benzinga.com/node/9316748", "image": [], "channels": [{"name": "Earnings"}, {"name": "News"}, {"name": "Top Stories"}, {"name": "Trading Ideas"}], "stocks": [{"name": "BAC"}, {"name": "C"}, {"name": "GS"}, {"name": "JPM"}, {"name": "MS"}, {"name": "WFC"}, {"name": "XLF"}], "tags": [{"name": "bank earnings"}, {"name": "bank stocks"}, {"name": "banks"}]}, {"id": 9318266, "author": "Benzinga", "created": "Wed, 19 Apr 2017 12:52:30 -0400", "updated": "Wed, 19 Apr 2017 12:52:31 -0400", "title": "15 Biggest Mid-Day Losers For Wednesday", "teaser": "", "body": "", "url": "https://www.benzinga.com/node/9318266", "image": [], "channels": [{"name": "News"}, {"name": "Movers & Shakers"}, {"name": "Intraday Update"}, {"name": "Markets"}, {"name": "Analyst Ratings"}], "stocks": [{"name": "ADPT"}, {"name": "CGI"}, {"name": "DSX"}, {"name": "ENR"}, {"name": "FNSR"}, {"name": "IBKR"}, {"name": "IBM"}, {"name": "LBY"}, {"name": "LCUT"}, {"name": "MUSA"}, {"name": "NVLS"}, {"name": "PLG"}, {"name": "PLSE"}, {"name": "SBGL"}, {"name": "SSH"}], "tags": [{"name": "Mid-Day Losers"}, {"name": "Top Losers"}]}]