[{"id": 9801632, "author": "Benzinga", "created": "Sun, 23 Jul 2017 16:08:17 -0400", "updated": "Sun, 23 Jul 2017 16:08:17 -0400", "title": "Good News For Those With Student Loan Debt: Your Creditor May Have Lost The Paperwork", "teaser": "", "body": "", "url": "https://www.benzinga.com/node/9801632", "image": [], "channels": [{"name": "News"}, {"name": "Education"}, {"name": "Legal"}, {"name": "General"}], "stocks": [{"name": "BAC"}, {"name": "JPM"}], "tags": [{"name": "National Collegiate Student Loan Trusts"}, {"name": "student debt"}, {"name": "student loans"}]}, {"id": 9806569, "author": "Benzinga", "created": "Sun, 23 Jul 2017 17:14:33 -0400", "updated": "Sun, 23 Jul 2017 17:14:34 -0400", "title": "Previewing Q2 Earnings For The 5 Big Players In The Restaurant Space", "teaser": "", "body": "", "url": "https://www.benzinga.com/node/9806569", "image": [], "channels": [{"name": "Analyst Color"}, {"name": "Earnings"}, {"name": "Long Ideas"}, {"name": "News"}, {"name": "Previews"}, {"name": "Reiteration"}, {"name": "Restaurants"}, {"name": "Analyst Ratings"}, {"name": "Trading Ideas"}, {"name": "General"}], "stocks": [{"name": "CMG"}, {"name": "DPZ"}, {"name": "EAT"}, {"name": "MCD"}, {"name": "SBUX"}, {"name": "WEN"}, {"name": "YUM"}], "tags": [{"name": "Bernstein"}, {"name": "Sara Senatore"}]}]