[{"id": 9533873, "author": "Benzinga", "created": "Tue, 30 May 2017 07:31:23 -0400", "updated": "Tue, 30 May 2017 07:31:24 -0400", "title": "A Peek Into The Markets: U.S. Stock Futures Down Ahead Of Economic Data", "teaser": "", "body": "", "url": "https://www.benzinga.com/node/9533873", "image": [], "channels": [{"name": "News"}, {"name": "Eurozone"}, {"name": "Futures"}, {"name": "Global"}, {"name": "Pre-Market Outlook"}, {"name": "Markets"}], "stocks": [{"name": "ARRY"}, {"name": "BMY"}, {"name": "BWLD"}, {"name": "LOXO"}, {"name": "MRK"}, {"name": "PN"}], "tags": [{"name": "A Peek Into The Markets"}, {"name": "U.S. stock futures"}, {"name": "Wedbush"}]}, {"id": 9534287, "author": "Benzinga", "created": "Tue, 30 May 2017 08:31:06 -0400", "updated": "Tue, 30 May 2017 08:31:06 -0400", "title": "Monday's Market In 5 Minutes", "teaser": "", "body": "", "url": "https://www.benzinga.com/node/9534287", "image": [], "channels": [{"name": "News"}, {"name": "Global"}, {"name": "Top Stories"}, {"name": "Pre-Market Outlook"}, {"name": "Markets"}], "stocks": [{"name": "AAPL"}, {"name": "AMWD"}, {"name": "AVXS"}, {"name": "BAC"}, {"name": "BKE"}, {"name": "BWLD"}, {"name": "CANF"}, {"name": "DIA"}, {"name": "F"}, {"name": "GOOG"}, {"name": "GOOGL"}, {"name": "HAS"}, {"name": "HUBG"}, {"name": "ILMN"}, {"name": "MAC"}, {"name": "MDSO"}, {"name": "NVS"}, {"name": "PCG"}, {"name": "QQQ"}, {"name": "SAVE"}, {"name": "SFM"}, {"name": "SPY"}, {"name": "SYMC"}, {"name": "TECK"}, {"name": "TLT"}, {"name": "UAL"}, {"name": "WLL"}], "tags": [{"name": "Market in 5 minutes"}]}, {"id": 9503323, "author": "Benzinga", "created": "Tue, 30 May 2017 08:58:59 -0400", "updated": "Tue, 30 May 2017 08:59:00 -0400", "title": "Tracking The Busy June PDUFA Calendar", "teaser": "", "body": "", "url": "https://www.benzinga.com/node/9503323", "image": [], "channels": [{"name": "Biotech"}, {"name": "News"}, {"name": "Health Care"}, {"name": "Previews"}, {"name": "FDA"}, {"name": "Trading Ideas"}, {"name": "General"}], "stocks": [{"name": "ADMP"}, {"name": "ALKS"}, {"name": "AMGN"}, {"name": "AZN"}, {"name": "CHRS"}, {"name": "IBB"}, {"name": "JNJ"}, {"name": "LGND"}, {"name": "MRK"}, {"name": "MYL"}, {"name": "NEOS"}, {"name": "PTLA"}, {"name": "TXMD"}], "tags": [{"name": "Aristada"}, {"name": "betrixaban"}, {"name": "Cotempla XR-ODT"}, {"name": "durvalumab"}, {"name": "Keytruda"}, {"name": "Neulasta"}, {"name": "Radicava"}, {"name": "Yuvvexy"}]}, {"id": 9515874, "author": "Benzinga", "created": "Tue, 30 May 2017 09:11:14 -0400", "updated": "Tue, 30 May 2017 09:11:14 -0400", "title": "Retail Roundup: 9 Fresh M&A Rumors", "teaser": "", "body": "", "url": "https://www.benzinga.com/node/9515874", "image": [], "channels": [{"name": "News"}, {"name": "Rumors"}, {"name": "Topics"}, {"name": "M&A"}, {"name": "General"}], "stocks": [{"name": "AEO"}, {"name": "AMZN"}, {"name": "ANF"}, {"name": "BAC"}, {"name": "COH"}, {"name": "DB"}, {"name": "DECK"}, {"name": "EXPR"}, {"name": "KATE"}, {"name": "KORS"}, {"name": "LULU"}, {"name": "M"}, {"name": "NKE"}, {"name": "RAD"}, {"name": "RH"}, {"name": "UAA"}, {"name": "W"}, {"name": "WBA"}, {"name": "WMT"}, {"name": "WSM"}], "tags": [{"name": "Deckers Outdoor"}, {"name": "Jimmy Choo"}, {"name": "lululemon"}, {"name": "macy's"}, {"name": "Michael Kors"}, {"name": "Rite Aid"}, {"name": "Walgreens"}, {"name": "Wayfair"}, {"name": "Williams-Sonoma"}]}, {"id": 9515232, "author": "Benzinga", "created": "Tue, 30 May 2017 09:20:39 -0400", "updated": "Tue, 30 May 2017 09:20:40 -0400", "title": "Alternative Paths To The Public Markets: Nexeon MedSystems' Form 10 IPO And Capital Consciousness", "teaser": "", "body": "", "url": "https://www.benzinga.com/node/9515232", "image": [], "channels": [{"name": "Biotech"}, {"name": "News"}, {"name": "Health Care"}, {"name": "Financing"}, {"name": "Topics"}, {"name": "IPOs"}, {"name": "Success Stories"}, {"name": "Startups"}, {"name": "Exclusives"}, {"name": "Interview"}, {"name": "General"}], "stocks": [{"name": "FB"}, {"name": "GSK"}, {"name": "INTC"}, {"name": "TSLA"}], "tags": [{"name": "Arizona Diamondbacks"}, {"name": "Diamondbacks"}, {"name": "Elon Musk"}, {"name": "Form 10"}, {"name": "IPO"}, {"name": "IPOs"}, {"name": "Mark Zukerberg"}, {"name": "Matrix"}, {"name": "neurotech"}, {"name": "neurotechnology"}, {"name": "Nexeon"}, {"name": "Nexeon MedSystems"}, {"name": "SEC"}, {"name": "Will Rosellini"}]}, {"id": 9534721, "author": "Benzinga", "created": "Tue, 30 May 2017 10:40:16 -0400", "updated": "Tue, 30 May 2017 10:40:17 -0400", "title": "Here's What To Look For At Apple's WWDC Next Week", "teaser": "", "body": "", "url": "https://www.benzinga.com/node/9534721", "image": [], "channels": [{"name": "Analyst Color"}, {"name": "News"}, {"name": "Rumors"}, {"name": "Previews"}, {"name": "Events"}, {"name": "Tech"}, {"name": "Trading Ideas"}], "stocks": [{"name": "AAPL"}], "tags": [{"name": "Loop Ventures"}, {"name": "MacBook Pros"}, {"name": "MacRumors"}, {"name": "SIRI"}, {"name": "Siri Home Assistant"}]}, {"id": 9536187, "author": "Benzinga", "created": "Tue, 30 May 2017 12:22:52 -0400", "updated": "Tue, 30 May 2017 12:22:52 -0400", "title": "Mid-Day Market Update: Crude Oil Down 1%; China New Borun Shares Spike Higher", "teaser": "", "body": "", "url": "https://www.benzinga.com/node/9536187", "image": [], "channels": [{"name": "Earnings"}, {"name": "News"}, {"name": "Eurozone"}, {"name": "Commodities"}, {"name": "M&A"}, {"name": "Global"}, {"name": "Intraday Update"}, {"name": "Markets"}, {"name": "Movers"}], "stocks": [{"name": "AMBA"}, {"name": "ATW"}, {"name": "BORN"}, {"name": "CNSL"}, {"name": "ESV"}, {"name": "PES"}, {"name": "PTGX"}, {"name": "PTNR"}, {"name": "VZ"}, {"name": "WAC"}, {"name": "WLL"}], "tags": [{"name": "Mid-Day Market Update"}]}, {"id": 9517311, "author": "Benzinga", "created": "Tue, 30 May 2017 12:46:04 -0400", "updated": "Tue, 30 May 2017 12:46:05 -0400", "title": "Subscription-Based Services Make A Big Push Into India", "teaser": "", "body": "", "url": "https://www.benzinga.com/node/9517311", "image": [], "channels": [{"name": "News"}, {"name": "Emerging Markets"}, {"name": "Futures"}, {"name": "Psychology"}, {"name": "Global"}, {"name": "Top Stories"}, {"name": "Markets"}, {"name": "Tech"}, {"name": "Media"}, {"name": "Trading Ideas"}, {"name": "General"}], "stocks": [{"name": "AAPL"}, {"name": "AMZN"}, {"name": "FB"}, {"name": "FOXA"}, {"name": "GOOG"}, {"name": "GOOGL"}, {"name": "NFLX"}, {"name": "VIAB"}, {"name": "WWE"}], "tags": [{"name": "Bain & Company"}, {"name": "Economic Times"}, {"name": "Ed Wells"}, {"name": "Hindustan"}, {"name": "Hotstar"}, {"name": "India"}, {"name": "India media"}, {"name": "India media consumption habits"}, {"name": "Jinder Mahal"}, {"name": "Lovepreet Sangha"}, {"name": "media consumption"}, {"name": "media consumption habits"}, {"name": "Reed Hastings"}, {"name": "Satender Dagar"}, {"name": "Sri Rajan"}, {"name": "Star"}, {"name": "TV18"}, {"name": "Voot"}]}, {"id": 9539471, "author": "Benzinga", "created": "Tue, 30 May 2017 17:50:26 -0400", "updated": "Tue, 30 May 2017 17:50:28 -0400", "title": "Left: Exact Sciences Cologuard Test Is Not Worth The Cost", "teaser": "", "body": "", "url": "https://www.benzinga.com/node/9539471", "image": [], "channels": [{"name": "Biotech"}, {"name": "News"}, {"name": "Short Sellers"}, {"name": "Exclusives"}, {"name": "General"}], "stocks": [{"name": "EXAS"}, {"name": "UNH"}], "tags": [{"name": "Andrew Left"}, {"name": "Citron Research"}]}]