[{"id": 8997003, "author": "Benzinga", "created": "Mon, 06 Feb 2017 10:03:00 -0400", "updated": "Mon, 06 Feb 2017 10:03:00 -0400", "title": "The Market In 5 Minutes: One For The Thumb", "teaser": "", "body": "", "url": "https://www.benzinga.com/node/8997003", "image": [], "channels": [{"name": "News"}, {"name": "Global"}, {"name": "Top Stories"}, {"name": "Pre-Market Outlook"}, {"name": "Markets"}], "stocks": [{"name": "AAL"}, {"name": "ACAD"}, {"name": "AZN"}, {"name": "BIVV"}, {"name": "BLUE"}, {"name": "CG"}, {"name": "DAL"}, {"name": "DHT"}, {"name": "DIS"}, {"name": "FRO"}, {"name": "GLUU"}, {"name": "HAS"}, {"name": "KO"}, {"name": "LH"}, {"name": "M"}, {"name": "MCIG"}, {"name": "PNTV"}, {"name": "SPY"}, {"name": "TIF"}, {"name": "TRUE"}, {"name": "USO"}], "tags": [{"name": "Market in 5 minutes"}]}, {"id": 8994743, "author": "Benzinga", "created": "Mon, 06 Feb 2017 10:33:57 -0400", "updated": "Mon, 06 Feb 2017 10:33:57 -0400", "title": "How Has The First IPO Of The Trump Age Performed?", "teaser": "", "body": "", "url": "https://www.benzinga.com/node/8994743", "image": [], "channels": [{"name": "News"}, {"name": "Politics"}, {"name": "Topics"}, {"name": "IPOs"}, {"name": "Markets"}, {"name": "Movers"}, {"name": "Trading Ideas"}, {"name": "General"}], "stocks": [{"name": "CSCO"}, {"name": "FRAC"}], "tags": [{"name": "AppDynamics"}, {"name": "Donald Trump"}, {"name": "SNAP"}, {"name": "SnapChat"}]}, {"id": 8998183, "author": "Benzinga", "created": "Mon, 06 Feb 2017 12:13:01 -0400", "updated": "Mon, 06 Feb 2017 12:13:02 -0400", "title": "Intel's Drones Create Halftime Wonder For Lady Gaga", "teaser": "", "body": "", "url": "https://www.benzinga.com/node/8998183", "image": [], "channels": [{"name": "News"}, {"name": "Sports"}, {"name": "Events"}, {"name": "Tech"}, {"name": "Media"}, {"name": "General"}], "stocks": [{"name": "DIS"}, {"name": "INTC"}], "tags": [{"name": "drones"}, {"name": "Engadget"}, {"name": "Intel Drones"}, {"name": "Intel Shooting Star Drones"}, {"name": "ReCode"}, {"name": "Shooting Star Drones"}, {"name": "Super Bowl"}]}, {"id": 8997814, "author": "Benzinga", "created": "Mon, 06 Feb 2017 12:59:49 -0400", "updated": "Mon, 06 Feb 2017 12:59:50 -0400", "title": "Which Super Bowl LI Commercials Were Social Hits?", "teaser": "", "body": "", "url": "https://www.benzinga.com/node/8997814", "image": [], "channels": [{"name": "Analyst Color"}, {"name": "News"}, {"name": "Politics"}, {"name": "Psychology"}, {"name": "Topics"}, {"name": "Sports"}, {"name": "Events"}, {"name": "Tech"}, {"name": "Media"}, {"name": "Trading Ideas"}, {"name": "General"}], "stocks": [{"name": "BUD"}, {"name": "GM"}, {"name": "HMC"}, {"name": "KO"}, {"name": "PEP"}, {"name": "PG"}, {"name": "TMUS"}, {"name": "VLKAY"}], "tags": [{"name": "Andy Swan"}, {"name": "LikeFolio"}, {"name": "Nicole Sherrod"}, {"name": "Super Bowl"}, {"name": "Super Bowl commercials"}, {"name": "TD Ameritrade"}, {"name": "TD Ameritrate Ad Challenge"}]}, {"id": 8998852, "author": "Benzinga", "created": "Mon, 06 Feb 2017 14:45:39 -0400", "updated": "Mon, 06 Feb 2017 14:45:39 -0400", "title": "Hasbro, Mattel Just Proved That Sympathy Plays Don't Always Pay Off", "teaser": "", "body": "", "url": "https://www.benzinga.com/node/8998852", "image": [], "channels": [{"name": "News"}, {"name": "Technicals"}, {"name": "Movers"}, {"name": "Trading Ideas"}], "stocks": [{"name": "DIS"}, {"name": "HAS"}, {"name": "MAT"}], "tags": []}, {"id": 8999273, "author": "Benzinga", "created": "Mon, 06 Feb 2017 14:54:05 -0400", "updated": "Mon, 06 Feb 2017 14:54:06 -0400", "title": "Short Seller On Energous: 'Game Over...Again'", "teaser": "", "body": "", "url": "https://www.benzinga.com/node/8999273", "image": [], "channels": [{"name": "News"}, {"name": "Movers"}, {"name": "Tech"}, {"name": "Media"}, {"name": "Trading Ideas"}, {"name": "Interview"}], "stocks": [{"name": "AAPL"}, {"name": "WATT"}], "tags": [{"name": "BGR"}, {"name": "Copperfield Research"}, {"name": "Stephen Rizzon"}, {"name": "Wireless Charging"}, {"name": "Wireless Charging Technology"}, {"name": "Zach Epstein"}]}, {"id": 8995852, "author": "Benzinga", "created": "Mon, 06 Feb 2017 15:31:12 -0400", "updated": "Mon, 06 Feb 2017 15:31:12 -0400", "title": "American Staples Earnings Preview: Low Expectations For Coca-Cola, Disney", "teaser": "", "body": "", "url": "https://www.benzinga.com/node/8995852", "image": [], "channels": [{"name": "Analyst Color"}, {"name": "Earnings"}, {"name": "News"}, {"name": "Guidance"}, {"name": "Commodities"}, {"name": "Previews"}, {"name": "Crowdsourcing"}, {"name": "Markets"}, {"name": "Analyst Ratings"}, {"name": "Movers"}, {"name": "Trading Ideas"}, {"name": "General"}], "stocks": [{"name": "DIS"}, {"name": "KO"}], "tags": [{"name": "Ahmet Muhtar Kent"}, {"name": "Earnings Expectations"}, {"name": "Estimize"}, {"name": "Star Wars"}]}, {"id": 8998815, "author": "Benzinga", "created": "Mon, 06 Feb 2017 15:42:06 -0400", "updated": "Mon, 06 Feb 2017 15:42:06 -0400", "title": "FDA Watch: February's Notable PDUFA Dates", "teaser": "", "body": "", "url": "https://www.benzinga.com/node/8998815", "image": [], "channels": [{"name": "Biotech"}, {"name": "News"}, {"name": "Health Care"}, {"name": "Previews"}, {"name": "Movers"}, {"name": "Trading Ideas"}, {"name": "General"}], "stocks": [{"name": "AMGN"}, {"name": "AMPH"}, {"name": "AZN"}, {"name": "CELG"}, {"name": "CLCD"}, {"name": "IBB"}, {"name": "LXRX"}, {"name": "VRX"}, {"name": "XBI"}], "tags": []}, {"id": 8999606, "author": "Benzinga", "created": "Mon, 06 Feb 2017 16:03:29 -0400", "updated": "Mon, 06 Feb 2017 16:03:30 -0400", "title": "Advanced Micro Devices Continues To Rip On Potential Intel Deal", "teaser": "", "body": "", "url": "https://www.benzinga.com/node/8999606", "image": [], "channels": [{"name": "News"}, {"name": "Rumors"}, {"name": "Contracts"}, {"name": "Movers"}, {"name": "Tech"}, {"name": "Trading Ideas"}], "stocks": [{"name": "AMD"}, {"name": "INTC"}, {"name": "NVDA"}], "tags": [{"name": "HardOC"}, {"name": "Kyle Bennet"}, {"name": "semiconductors"}, {"name": "Tiernan Ray"}]}, {"id": 8998705, "author": "Benzinga", "created": "Mon, 06 Feb 2017 16:42:18 -0400", "updated": "Mon, 06 Feb 2017 16:42:18 -0400", "title": "Here's Your Sell-Side Conference Preview", "teaser": "", "body": "", "url": "https://www.benzinga.com/node/8998705", "image": [], "channels": [{"name": "News"}, {"name": "Previews"}, {"name": "Events"}, {"name": "Trading Ideas"}], "stocks": [{"name": "AKTX"}, {"name": "APTO"}, {"name": "AUPH"}, {"name": "BA"}, {"name": "BX"}, {"name": "COL"}, {"name": "DFS"}, {"name": "ETFC"}, {"name": "GEMP"}, {"name": "GS"}, {"name": "ICE"}, {"name": "JCI"}, {"name": "KPTI"}, {"name": "LDOS"}, {"name": "LMT"}, {"name": "MS"}, {"name": "NAVI"}, {"name": "NDAQ"}, {"name": "NYCB"}, {"name": "OSIS"}, {"name": "RTN"}, {"name": "SELB"}, {"name": "SLM"}, {"name": "STI"}, {"name": "STT"}, {"name": "USB"}, {"name": "UTX"}, {"name": "WFC"}], "tags": [{"name": "aerospace"}, {"name": "Canaccaord Genuity Rare Disease Biopharma"}, {"name": "Cowen"}, {"name": "Credit Suisse Financial Services Forum"}, {"name": "Investor Conferences"}, {"name": "KBW"}]}, {"id": 8999667, "author": "Benzinga", "created": "Mon, 06 Feb 2017 16:49:20 -0400", "updated": "Mon, 06 Feb 2017 16:49:20 -0400", "title": "Exclusive: Energous CEO Responds To Short-Seller Allegations, Says 'Their Only Purpose Is To Get Rich'", "teaser": "", "body": "", "url": "https://www.benzinga.com/node/8999667", "image": [], "channels": [{"name": "Long Ideas"}, {"name": "News"}, {"name": "Short Ideas"}, {"name": "Rumors"}, {"name": "Legal"}, {"name": "Movers"}, {"name": "Tech"}, {"name": "Trading Ideas"}, {"name": "Interview"}], "stocks": [{"name": "AAPL"}, {"name": "DLGNF"}, {"name": "WATT"}], "tags": [{"name": "Dialog Semiconductor"}, {"name": "Energous"}, {"name": "FCC"}, {"name": "Jersey Telecom"}, {"name": "Rizzone"}, {"name": "SeekingAlpha"}, {"name": "Short-Sellers"}, {"name": "Shorts"}, {"name": "Stephen Rizzone"}, {"name": "WattUp"}]}]