[{"id": 9057973, "author": "Benzinga", "created": "Thu, 16 Feb 2017 06:59:50 -0400", "updated": "Thu, 16 Feb 2017 06:59:50 -0400", "title": "Keep an Eye on These 12 Stocks for February 16, 2017", "teaser": "", "body": "", "url": "https://www.benzinga.com/node/9057973", "image": [], "channels": [{"name": "Earnings"}, {"name": "News"}, {"name": "Guidance"}, {"name": "Pre-Market Outlook"}, {"name": "Markets"}, {"name": "Trading Ideas"}], "stocks": [{"name": "AMAT"}, {"name": "AVP"}, {"name": "CSCO"}, {"name": "DF"}, {"name": "ED"}, {"name": "HII"}, {"name": "MAR"}, {"name": "MGM"}, {"name": "NTAP"}, {"name": "PCG"}, {"name": "TRIP"}, {"name": "WM"}], "tags": [{"name": "Consumer Discretionary"}, {"name": "Hotels, Resorts & Cruise Lines"}, {"name": "Stocks To Watch"}, {"name": "Stocks to Watch"}]}, {"id": 9058204, "author": "Benzinga", "created": "Thu, 16 Feb 2017 07:46:27 -0400", "updated": "Thu, 16 Feb 2017 07:46:30 -0400", "title": "Wall Street's M&A Chatter From February 15", "teaser": "", "body": "", "url": "https://www.benzinga.com/node/9058204", "image": [], "channels": [{"name": "News"}, {"name": "Rumors"}, {"name": "M&A"}], "stocks": [{"name": "CHD"}, {"name": "OXY"}, {"name": "PG"}, {"name": "VZ"}, {"name": "WMT"}, {"name": "YHOO"}], "tags": []}, {"id": 9058414, "author": "Benzinga", "created": "Thu, 16 Feb 2017 08:18:41 -0400", "updated": "Thu, 16 Feb 2017 08:18:42 -0400", "title": "A Peek Into The Markets: U.S. Stock Futures Down Ahead Of Jobless Claims, Housing Starts Data", "teaser": "", "body": "", "url": "https://www.benzinga.com/node/9058414", "image": [], "channels": [{"name": "Earnings"}, {"name": "News"}, {"name": "Eurozone"}, {"name": "Futures"}, {"name": "Global"}, {"name": "Pre-Market Outlook"}, {"name": "Markets"}], "stocks": [{"name": "ADI"}, {"name": "AVP"}, {"name": "CSCO"}, {"name": "TRIP"}, {"name": "WEN"}], "tags": [{"name": "A Peek Into The Markets"}, {"name": "U.S. stock futures"}, {"name": "Wells Fargo"}]}, {"id": 9054476, "author": "Benzinga", "created": "Thu, 16 Feb 2017 09:24:04 -0400", "updated": "Thu, 16 Feb 2017 09:24:05 -0400", "title": "SodaStream Quietly Had A Really Nice Run", "teaser": "", "body": "", "url": "https://www.benzinga.com/node/9054476", "image": [], "channels": [{"name": "Earnings"}, {"name": "News"}, {"name": "Guidance"}, {"name": "Media"}, {"name": "Trading Ideas"}, {"name": "Interview"}], "stocks": [{"name": "KO"}, {"name": "PEP"}, {"name": "SODA"}], "tags": [{"name": "Dennis Dick"}, {"name": "Jeffries & Company Inc"}, {"name": "keurig"}, {"name": "PreMarket Prep"}, {"name": "Roth Capital"}, {"name": "Susquehanna Financial"}, {"name": "Teleios Capital Partners"}]}, {"id": 9059007, "author": "Benzinga", "created": "Thu, 16 Feb 2017 10:29:15 -0400", "updated": "Thu, 16 Feb 2017 10:29:15 -0400", "title": "The Market In 5 Minutes", "teaser": "", "body": "", "url": "https://www.benzinga.com/node/9059007", "image": [], "channels": [{"name": "News"}, {"name": "Global"}, {"name": "Top Stories"}, {"name": "Pre-Market Outlook"}, {"name": "Markets"}], "stocks": [{"name": "BA"}, {"name": "BAC"}, {"name": "CIM"}, {"name": "GDDY"}, {"name": "GRPN"}, {"name": "GS"}, {"name": "HSY"}, {"name": "JPM"}, {"name": "RAD"}, {"name": "RF"}, {"name": "SPY"}, {"name": "TCO"}, {"name": "TSLA"}, {"name": "TWTR"}, {"name": "USO"}, {"name": "VZ"}, {"name": "WBA"}, {"name": "YHOO"}], "tags": [{"name": "Market in 5 minutes"}]}, {"id": 9055845, "author": "Benzinga", "created": "Thu, 16 Feb 2017 11:16:14 -0400", "updated": "Thu, 16 Feb 2017 11:16:15 -0400", "title": "Facebook's Revenue Growth Rate 50x That Of Twitter", "teaser": "", "body": "", "url": "https://www.benzinga.com/node/9055845", "image": [], "channels": [{"name": "News"}, {"name": "Movers"}, {"name": "Tech"}, {"name": "Media"}, {"name": "Trading Ideas"}, {"name": "General"}], "stocks": [{"name": "AAPL"}, {"name": "AMZN"}, {"name": "EBAY"}, {"name": "FB"}, {"name": "GOOG"}, {"name": "GOOGL"}, {"name": "INTC"}, {"name": "MSFT"}, {"name": "PYPL"}, {"name": "TWTR"}], "tags": [{"name": "David Wehner"}, {"name": "Jack Dorsey"}]}, {"id": 9060879, "author": "Benzinga", "created": "Thu, 16 Feb 2017 14:56:39 -0400", "updated": "Thu, 16 Feb 2017 14:56:39 -0400", "title": "JPMorgan, BofA, Wells Fargo Push For Rewrite Of Money Laundering Rules", "teaser": "", "body": "", "url": "https://www.benzinga.com/node/9060879", "image": [], "channels": [{"name": "News"}, {"name": "Movers & Shakers"}, {"name": "Legal"}, {"name": "Trading Ideas"}, {"name": "General"}], "stocks": [{"name": "BAC"}, {"name": "HSBC"}, {"name": "JPM"}, {"name": "WFC"}], "tags": [{"name": "Clearing House"}]}, {"id": 9060978, "author": "Benzinga", "created": "Thu, 16 Feb 2017 15:56:44 -0400", "updated": "Thu, 16 Feb 2017 15:56:44 -0400", "title": "Cisco Orders Weak In All Regions Outside The Americas; Does It Matter?", "teaser": "", "body": "", "url": "https://www.benzinga.com/node/9060978", "image": [], "channels": [{"name": "Analyst Color"}, {"name": "Earnings"}, {"name": "News"}, {"name": "Guidance"}, {"name": "Reiteration"}, {"name": "Analyst Ratings"}, {"name": "Movers"}, {"name": "Tech"}], "stocks": [{"name": "CSCO"}], "tags": [{"name": "Michael Genovese"}, {"name": "MKM Partners"}]}, {"id": 9061803, "author": "Benzinga", "created": "Thu, 16 Feb 2017 17:13:24 -0400", "updated": "Thu, 16 Feb 2017 17:13:24 -0400", "title": "After Merck Stops Study, What Remains Of The Alzheimer's Drug Pipeline?", "teaser": "", "body": "", "url": "https://www.benzinga.com/node/9061803", "image": [], "channels": [{"name": "Biotech"}, {"name": "News"}, {"name": "Health Care"}, {"name": "FDA"}, {"name": "Exclusives"}, {"name": "Movers"}, {"name": "Interview"}, {"name": "General"}], "stocks": [{"name": "ACIU"}, {"name": "AGN"}, {"name": "AXON"}, {"name": "AZN"}, {"name": "BIIB"}, {"name": "LLY"}, {"name": "MRK"}, {"name": "NTRP"}, {"name": "RHHBY"}], "tags": [{"name": "Bryostatin"}, {"name": "crenezumab"}, {"name": "Intepirdine"}, {"name": "verubecestat"}]}]