[{"id": 9815114, "author": "Benzinga", "created": "Tue, 25 Jul 2017 05:52:39 -0400", "updated": "Tue, 25 Jul 2017 05:52:40 -0400", "title": "Earnings Scheduled For July 25, 2017", "teaser": "", "body": "", "url": "https://www.benzinga.com/node/9815114", "image": [], "channels": [{"name": "Earnings"}, {"name": "News"}, {"name": "Pre-Market Outlook"}, {"name": "Markets"}], "stocks": [{"name": "ABG"}, {"name": "AKS"}, {"name": "AMD"}, {"name": "AMGN"}, {"name": "AMP"}, {"name": "AVY"}, {"name": "BIIB"}, {"name": "CAT"}, {"name": "CB"}, {"name": "CMG"}, {"name": "CNC"}, {"name": "CNI"}, {"name": "CSL"}, {"name": "DD"}, {"name": "DGX"}, {"name": "DPZ"}, {"name": "ESRX"}, {"name": "EW"}, {"name": "FCX"}, {"name": "GM"}, {"name": "HA"}, {"name": "HCA"}, {"name": "IEX"}, {"name": "JBLU"}, {"name": "KMB"}, {"name": "LLY"}, {"name": "MCD"}, {"name": "MDR"}, {"name": "MMM"}, {"name": "PCAR"}, {"name": "PHM"}, {"name": "STX"}, {"name": "SVU"}, {"name": "T"}, {"name": "TXN"}, {"name": "UHS"}, {"name": "USNA"}, {"name": "UTX"}, {"name": "WAB"}, {"name": "WSO"}, {"name": "WYNN"}, {"name": "X"}, {"name": "ZION"}], "tags": [{"name": "Consumer Discretionary"}, {"name": "Earnings schedule"}, {"name": "Restaurants"}]}, {"id": 9815117, "author": "Benzinga", "created": "Tue, 25 Jul 2017 05:58:16 -0400", "updated": "Tue, 25 Jul 2017 05:58:16 -0400", "title": "12 Stocks To Watch For July 25, 2017", "teaser": "", "body": "", "url": "https://www.benzinga.com/node/9815117", "image": [], "channels": [{"name": "Earnings"}, {"name": "News"}, {"name": "Guidance"}, {"name": "Pre-Market Outlook"}, {"name": "Markets"}, {"name": "Trading Ideas"}], "stocks": [{"name": "CAT"}, {"name": "CE"}, {"name": "CMG"}, {"name": "GM"}, {"name": "GOOGL"}, {"name": "JBLU"}, {"name": "LLY"}, {"name": "MCD"}, {"name": "SANM"}, {"name": "T"}, {"name": "UTX"}, {"name": "X"}], "tags": [{"name": "Consumer Discretionary"}, {"name": "Restaurants"}, {"name": "Stocks To Watch"}, {"name": "Stocks to Watch"}]}, {"id": 9814646, "author": "Benzinga", "created": "Tue, 25 Jul 2017 07:21:49 -0400", "updated": "Tue, 25 Jul 2017 07:21:49 -0400", "title": "'Thor' Hammers 'Justice League' In Post-San Diego Comic-Con Social Media Wars", "teaser": "", "body": "", "url": "https://www.benzinga.com/node/9814646", "image": [], "channels": [{"name": "News"}, {"name": "Events"}, {"name": "Media"}, {"name": "General"}], "stocks": [{"name": "DIS"}, {"name": "TWX"}], "tags": [{"name": "Chris Hemsworth"}, {"name": "Comic-Con"}, {"name": "Justice League"}, {"name": "Marvel"}, {"name": "Taika Waititi"}, {"name": "Thor"}, {"name": "Thor: Ragnarok"}, {"name": "Wonder Woman"}]}, {"id": 9815869, "author": "Benzinga", "created": "Tue, 25 Jul 2017 07:49:35 -0400", "updated": "Tue, 25 Jul 2017 07:49:35 -0400", "title": "A Peek Into The Markets: U.S. Stock Futures Gain Ahead Of Earnings", "teaser": "", "body": "", "url": "https://www.benzinga.com/node/9815869", "image": [], "channels": [{"name": "Earnings"}, {"name": "News"}, {"name": "Eurozone"}, {"name": "Futures"}, {"name": "Global"}, {"name": "Pre-Market Outlook"}, {"name": "Markets"}], "stocks": [{"name": "CAT"}, {"name": "GM"}, {"name": "GOOGL"}, {"name": "JBLU"}, {"name": "WBMD"}], "tags": [{"name": "A Peek Into The Markets"}, {"name": "Raymond James"}, {"name": "U.S. stock futures"}]}, {"id": 9816289, "author": "Benzinga", "created": "Tue, 25 Jul 2017 08:24:37 -0400", "updated": "Tue, 25 Jul 2017 08:24:37 -0400", "title": "25 Stocks Moving In Tuesday's Pre-Market Session", "teaser": "", "body": "", "url": "https://www.benzinga.com/node/9816289", "image": [], "channels": [{"name": "News"}, {"name": "Movers & Shakers"}, {"name": "Pre-Market Outlook"}, {"name": "Markets"}, {"name": "Movers"}], "stocks": [{"name": "AEZS"}, {"name": "BIIB"}, {"name": "BKS"}, {"name": "CAT"}, {"name": "CGEN"}, {"name": "EDU"}, {"name": "EQR"}, {"name": "ETRM"}, {"name": "FTI"}, {"name": "GM"}, {"name": "GNCA"}, {"name": "GOOG"}, {"name": "GOOGL"}, {"name": "IPG"}, {"name": "LOGI"}, {"name": "MDCO"}, {"name": "MDR"}, {"name": "MLCO"}, {"name": "MMM"}, {"name": "MOH"}, {"name": "OMNT"}, {"name": "PCRX"}, {"name": "STX"}, {"name": "TNTR"}, {"name": "ZN"}], "tags": [{"name": "#PreMarket Gainers"}, {"name": "Computer Storage & Peripherals"}, {"name": "Information Technology"}, {"name": "Losers"}, {"name": "Top Gainers"}]}, {"id": 9816227, "author": "Benzinga", "created": "Tue, 25 Jul 2017 08:34:31 -0400", "updated": "Tue, 25 Jul 2017 08:34:31 -0400", "title": "Apple Wins A New Bull A Week Before Earnings", "teaser": "", "body": "", "url": "https://www.benzinga.com/node/9816227", "image": [], "channels": [{"name": "Analyst Color"}, {"name": "Earnings"}, {"name": "Long Ideas"}, {"name": "News"}, {"name": "Dividends"}, {"name": "Price Target"}, {"name": "Initiation"}, {"name": "Previews"}, {"name": "Analyst Ratings"}, {"name": "Tech"}, {"name": "Trading Ideas"}], "stocks": [{"name": "AAPL"}], "tags": [{"name": "Ananda Baruah"}, {"name": "Augmented Reality"}, {"name": "iPhone"}, {"name": "iPhone 8"}, {"name": "iPhone 8 Demand"}]}, {"id": 9812171, "author": "Benzinga", "created": "Tue, 25 Jul 2017 08:54:10 -0400", "updated": "Tue, 25 Jul 2017 08:54:10 -0400", "title": "What Amazon Hopes to Achieve With The Amazon Spark", "teaser": "", "body": "", "url": "https://www.benzinga.com/node/9812171", "image": [], "channels": [{"name": "News"}, {"name": "Tech"}, {"name": "Trading Ideas"}], "stocks": [{"name": "AAPL"}, {"name": "AMZN"}, {"name": "FB"}, {"name": "GOOG"}, {"name": "GOOGL"}, {"name": "TWTR"}], "tags": [{"name": "Amazon Spark"}, {"name": "Instagram"}, {"name": "pinterest"}, {"name": "Spark"}]}, {"id": 9817007, "author": "Benzinga", "created": "Tue, 25 Jul 2017 10:09:03 -0400", "updated": "Tue, 25 Jul 2017 10:09:04 -0400", "title": "Battling Billionaires: Elon Musk Says Mark Zuckerberg's Knowledge Of AI Threat Is 'Limited'", "teaser": "", "body": "", "url": "https://www.benzinga.com/node/9817007", "image": [], "channels": [{"name": "News"}, {"name": "Psychology"}, {"name": "Topics"}, {"name": "Events"}, {"name": "Tech"}, {"name": "Media"}, {"name": "General"}], "stocks": [{"name": "FB"}, {"name": "MSFT"}, {"name": "TSLA"}, {"name": "TWTR"}], "tags": [{"name": "Bill Gates"}, {"name": "Dallas Mavericks"}, {"name": "Elon Musk"}, {"name": "Facebook"}, {"name": "Mark Cuban"}, {"name": "Mark Zuckerberg"}, {"name": "SpaceX"}, {"name": "Tesla"}]}, {"id": 9817568, "author": "Benzinga", "created": "Tue, 25 Jul 2017 11:08:36 -0400", "updated": "Tue, 25 Jul 2017 11:08:36 -0400", "title": "Analyst: Google Cloud Revenue Up 85% In Q2", "teaser": "", "body": "", "url": "https://www.benzinga.com/node/9817568", "image": [], "channels": [{"name": "Analyst Color"}, {"name": "Earnings"}, {"name": "News"}, {"name": "Analyst Ratings"}, {"name": "Movers"}, {"name": "Tech"}], "stocks": [{"name": "AMZN"}, {"name": "GOOG"}, {"name": "GOOGL"}, {"name": "MSFT"}], "tags": [{"name": "Global Equities Research"}, {"name": "Sundar Pichai"}, {"name": "Trip Chowdhry"}]}, {"id": 9817892, "author": "Benzinga", "created": "Tue, 25 Jul 2017 11:49:11 -0400", "updated": "Tue, 25 Jul 2017 11:49:11 -0400", "title": "What's The 'Pig In A Python' Theory And What Does It Have To Do With Apple's New iPhone?", "teaser": "", "body": "", "url": "https://www.benzinga.com/node/9817892", "image": [], "channels": [{"name": "Analyst Color"}, {"name": "Earnings"}, {"name": "Long Ideas"}, {"name": "News"}, {"name": "Education"}, {"name": "Guidance"}, {"name": "Previews"}, {"name": "Reiteration"}, {"name": "Top Stories"}, {"name": "Analyst Ratings"}, {"name": "Tech"}, {"name": "Trading Ideas"}, {"name": "General"}], "stocks": [{"name": "AAPL"}], "tags": [{"name": "Credit Suisse"}, {"name": "iPhone 8"}, {"name": "Kulbinder Garcha"}, {"name": "Steven Milunovich"}, {"name": "UBS"}]}, {"id": 9818008, "author": "Benzinga", "created": "Tue, 25 Jul 2017 11:55:25 -0400", "updated": "Tue, 25 Jul 2017 11:55:26 -0400", "title": "Cramer: The Title For 'Most Serious' Beat And Raise This Quarter Goes To Caterpillar", "teaser": "", "body": "", "url": "https://www.benzinga.com/node/9818008", "image": [], "channels": [{"name": "Earnings"}, {"name": "News"}, {"name": "Jim Cramer"}, {"name": "Movers"}, {"name": "Media"}], "stocks": [{"name": "CAT"}], "tags": [{"name": "construction"}, {"name": "construction equipment"}, {"name": "energy"}, {"name": "Infrastructure Spending"}, {"name": "oil prices"}]}, {"id": 9818444, "author": "Benzinga", "created": "Tue, 25 Jul 2017 12:25:41 -0400", "updated": "Tue, 25 Jul 2017 12:25:41 -0400", "title": "20 Biggest Mid-Day Gainers For Tuesday", "teaser": "", "body": "", "url": "https://www.benzinga.com/node/9818444", "image": [], "channels": [{"name": "News"}, {"name": "Intraday Update"}, {"name": "Markets"}, {"name": "Analyst Ratings"}, {"name": "Movers"}], "stocks": [{"name": "AIMC"}, {"name": "AKS"}, {"name": "ATI"}, {"name": "BKS"}, {"name": "BSRR"}, {"name": "CAT"}, {"name": "CGEN"}, {"name": "COT"}, {"name": "DSW"}, {"name": "ELF"}, {"name": "FCX"}, {"name": "FLKS"}, {"name": "GNCA"}, {"name": "HDP"}, {"name": "IVC"}, {"name": "MDCO"}, {"name": "OMNT"}, {"name": "TEAM"}, {"name": "TNTR"}, {"name": "WERN"}], "tags": [{"name": "Mid-Day Gainers"}, {"name": "Top Gainers"}]}, {"id": 9811029, "author": "Benzinga", "created": "Tue, 25 Jul 2017 12:29:36 -0400", "updated": "Tue, 25 Jul 2017 12:29:37 -0400", "title": "Meet Avicanna, The First Marijuana Company To Be Accepted Into Johnson & Johnson Innovation, JLABS @ Toronto", "teaser": "", "body": "", "url": "https://www.benzinga.com/node/9811029", "image": [], "channels": [{"name": "Biotech"}, {"name": "Long Ideas"}, {"name": "News"}, {"name": "Emerging Markets"}, {"name": "Health Care"}, {"name": "Topics"}, {"name": "Global"}, {"name": "Top Stories"}, {"name": "Markets"}, {"name": "Trading Ideas"}, {"name": "Interview"}, {"name": "General"}], "stocks": [{"name": "AAPC"}, {"name": "ABBV"}, {"name": "ACBFF"}, {"name": "APHQF"}, {"name": "CANN"}, {"name": "CARA"}, {"name": "CBDS"}, {"name": "CNBX"}, {"name": "GWPH"}, {"name": "IIPR"}, {"name": "INSY"}, {"name": "JNJ"}, {"name": "MJNA"}, {"name": "PRMCF"}, {"name": "SMG"}, {"name": "THC"}, {"name": "THCBF"}, {"name": "TRTC"}, {"name": "TWMJF"}, {"name": "XXII"}, {"name": "ZYNE"}], "tags": [{"name": "Aras Azadian"}, {"name": "Avicanna"}, {"name": "Canabis"}, {"name": "Canada"}, {"name": "cannabis"}, {"name": "cannabis news"}, {"name": "cannabis oil"}, {"name": "Dr. Justin Grant"}, {"name": "Ganja"}, {"name": "Hemp"}, {"name": "how to invest in marijuana"}, {"name": "invest in marijuana"}, {"name": "JLABS"}, {"name": "Johnson & Johnson Innovation"}, {"name": "legal marijuana"}, {"name": "legal marijuana stocks"}, {"name": "legal weed"}, {"name": "legalization of weed"}, {"name": "Lucas Nosiglia"}, {"name": "marijuana"}, {"name": "marijuana legalization"}, {"name": "marijuana news"}, {"name": "marijuana stocks"}, {"name": "medical cannabis"}, {"name": "medical marijuana"}, {"name": "pot"}, {"name": "PURA"}, {"name": "PURA ELEMENTS"}, {"name": "Rebecca Yu"}, {"name": "Recreational Marijuana"}, {"name": "recreational weed"}, {"name": "smoking weed"}, {"name": "THC"}, {"name": "Toronto"}, {"name": "Trump weed"}, {"name": "weed"}, {"name": "weed California"}, {"name": "weed Canada"}, {"name": "weed legalization"}, {"name": "weed news"}, {"name": "weed stock"}]}, {"id": 9818499, "author": "Benzinga", "created": "Tue, 25 Jul 2017 12:36:32 -0400", "updated": "Tue, 25 Jul 2017 12:36:33 -0400", "title": "AMD Earnings Preview: A Look At What Might Be Expected For The Chipmakers' Q2 Results", "teaser": "", "body": "", "url": "https://www.benzinga.com/node/9818499", "image": [], "channels": [{"name": "Earnings"}, {"name": "News"}, {"name": "Previews"}, {"name": "Options"}, {"name": "Markets"}, {"name": "Tech"}, {"name": "Trading Ideas"}], "stocks": [{"name": "AMD"}, {"name": "INTC"}, {"name": "NVDA"}], "tags": [{"name": "JJ Kinahan"}, {"name": "TD Ameritrade"}, {"name": "The Ticker Tape"}]}, {"id": 9818555, "author": "Benzinga", "created": "Tue, 25 Jul 2017 12:50:48 -0400", "updated": "Tue, 25 Jul 2017 12:50:49 -0400", "title": "20 Biggest Mid-Day Losers For Tuesday", "teaser": "", "body": "", "url": "https://www.benzinga.com/node/9818555", "image": [], "channels": [{"name": "News"}, {"name": "Movers & Shakers"}, {"name": "Intraday Update"}, {"name": "Markets"}, {"name": "Analyst Ratings"}, {"name": "Movers"}], "stocks": [{"name": "ASTE"}, {"name": "CUR"}, {"name": "CYTX"}, {"name": "DPZ"}, {"name": "EDU"}, {"name": "GOOG"}, {"name": "GOOGL"}, {"name": "HNI"}, {"name": "HSII"}, {"name": "IPG"}, {"name": "JAKK"}, {"name": "LECO"}, {"name": "LOGI"}, {"name": "MMM"}, {"name": "PCRX"}, {"name": "POWI"}, {"name": "SANM"}, {"name": "STX"}, {"name": "TISI"}, {"name": "ZN"}], "tags": [{"name": "Computer Storage & Peripherals"}, {"name": "Information Technology"}, {"name": "Mid-Day Losers"}, {"name": "Top Losers"}]}, {"id": 9817157, "author": "Benzinga", "created": "Tue, 25 Jul 2017 15:35:37 -0400", "updated": "Tue, 25 Jul 2017 15:35:38 -0400", "title": "Coming In Hot: Samsung Hopes To Ignite Interest In New Galaxy Note 8", "teaser": "", "body": "", "url": "https://www.benzinga.com/node/9817157", "image": [], "channels": [{"name": "News"}, {"name": "Previews"}, {"name": "Events"}, {"name": "Tech"}, {"name": "Media"}, {"name": "Trading Ideas"}], "stocks": [{"name": "AAPL"}, {"name": "SSNLF"}], "tags": [{"name": "Galaxy Note 7"}, {"name": "Galaxy Note 8"}, {"name": "Samsung"}, {"name": "Samsung Galaxy"}]}]