[{"id": 9132087, "author": "Benzinga", "created": "Mon, 06 Mar 2017 08:42:17 -0400", "updated": "Mon, 06 Mar 2017 08:42:17 -0400", "title": "A Peek Into The Markets: U.S. Stock Futures Edge Lower Ahead Of Factory Orders Data", "teaser": "", "body": "", "url": "https://www.benzinga.com/node/9132087", "image": [], "channels": [{"name": "Earnings"}, {"name": "News"}, {"name": "Eurozone"}, {"name": "Futures"}, {"name": "Global"}, {"name": "Pre-Market Outlook"}, {"name": "Markets"}], "stocks": [{"name": "CNCE"}, {"name": "DB"}, {"name": "DOW"}, {"name": "FRP"}, {"name": "JAKK"}, {"name": "VRTX"}], "tags": [{"name": "A Peek Into The Markets"}, {"name": "Jefferies"}, {"name": "U.S. stock futures"}]}, {"id": 9132146, "author": "Benzinga", "created": "Mon, 06 Mar 2017 09:22:23 -0400", "updated": "Mon, 06 Mar 2017 09:22:23 -0400", "title": "Logitech Is Ready To Show It Is Bigger Than Just Computer Mouses", "teaser": "", "body": "", "url": "https://www.benzinga.com/node/9132146", "image": [], "channels": [{"name": "News"}, {"name": "Previews"}, {"name": "Events"}, {"name": "Tech"}, {"name": "Media"}, {"name": "Trading Ideas"}, {"name": "General"}], "stocks": [{"name": "AAPL"}, {"name": "AMZN"}, {"name": "LOGI"}], "tags": [{"name": "Bloomberg"}, {"name": "Bracken Darrell"}, {"name": "Logitech"}, {"name": "technology companies"}]}, {"id": 9132469, "author": "Benzinga", "created": "Mon, 06 Mar 2017 10:24:57 -0400", "updated": "Mon, 06 Mar 2017 10:24:58 -0400", "title": "The Market In 5 Minutes", "teaser": "", "body": "", "url": "https://www.benzinga.com/node/9132469", "image": [], "channels": [{"name": "News"}, {"name": "Global"}, {"name": "Top Stories"}, {"name": "Markets"}], "stocks": [{"name": "DB"}, {"name": "DOW"}, {"name": "FDX"}, {"name": "GM"}, {"name": "GPRO"}, {"name": "MET"}, {"name": "NFLX"}, {"name": "SNAP"}, {"name": "SPY"}, {"name": "TSLA"}, {"name": "TSN"}, {"name": "TWX"}, {"name": "VZ"}, {"name": "XLI"}], "tags": [{"name": "Market in 5 minutes"}]}, {"id": 9132418, "author": "Benzinga", "created": "Mon, 06 Mar 2017 10:59:44 -0400", "updated": "Mon, 06 Mar 2017 10:59:44 -0400", "title": "Analyst Says Verizon's Unlimited Data Offering Is 'Dangerous'", "teaser": "", "body": "", "url": "https://www.benzinga.com/node/9132418", "image": [], "channels": [{"name": "Analyst Color"}, {"name": "News"}, {"name": "Analyst Ratings"}, {"name": "Tech"}, {"name": "Media"}], "stocks": [{"name": "TMUS"}, {"name": "VZ"}], "tags": [{"name": "Bloomberg"}, {"name": "Roger Entner"}, {"name": "unlimited data"}, {"name": "Verizon"}, {"name": "Verizon Unlimited Data"}, {"name": "Wireless Carriers"}]}, {"id": 9132495, "author": "Benzinga", "created": "Mon, 06 Mar 2017 11:05:20 -0400", "updated": "Mon, 06 Mar 2017 11:05:20 -0400", "title": "Apple Momentum Will Continue; BlueFin Raises New Model Estimates", "teaser": "", "body": "", "url": "https://www.benzinga.com/node/9132495", "image": [], "channels": [{"name": "Analyst Color"}, {"name": "News"}, {"name": "Analyst Ratings"}, {"name": "Tech"}], "stocks": [{"name": "AAPL"}, {"name": "TSM"}], "tags": [{"name": "Bluefin"}, {"name": "John Donovan"}]}, {"id": 9132587, "author": "Benzinga", "created": "Mon, 06 Mar 2017 11:17:29 -0400", "updated": "Mon, 06 Mar 2017 11:17:29 -0400", "title": "7 Things Americans Spend More On Than Climate Protection Under The EPA's New Budget Proposal", "teaser": "", "body": "", "url": "https://www.benzinga.com/node/9132587", "image": [], "channels": [{"name": "News"}, {"name": "Politics"}, {"name": "Topics"}, {"name": "Legal"}, {"name": "Personal Finance"}, {"name": "General"}], "stocks": [{"name": "DIS"}, {"name": "FOXA"}, {"name": "SBUX"}], "tags": [{"name": "climate"}, {"name": "climate change"}, {"name": "climate protection"}, {"name": "Disney World"}, {"name": "Environmental Protection Agency"}, {"name": "EPA"}, {"name": "Marvel"}, {"name": "Reuters"}, {"name": "Trump Administration"}, {"name": "Valentine's Day"}]}, {"id": 9134281, "author": "Benzinga", "created": "Mon, 06 Mar 2017 13:49:01 -0400", "updated": "Mon, 06 Mar 2017 13:49:03 -0400", "title": "TD Ameritrade's Investor Movement Index (IMX) For February 2017", "teaser": "", "body": "", "url": "https://www.benzinga.com/node/9134281", "image": [], "channels": [{"name": "Long Ideas"}, {"name": "News"}, {"name": "Short Ideas"}, {"name": "Commodities"}, {"name": "Retail Sales"}, {"name": "Markets"}, {"name": "Tech"}, {"name": "Media"}, {"name": "Trading Ideas"}], "stocks": [{"name": "AAPL"}, {"name": "AMZN"}, {"name": "BAC"}, {"name": "CHK"}, {"name": "DIS"}, {"name": "DRYS"}, {"name": "F"}, {"name": "JPM"}, {"name": "M"}, {"name": "TEVA"}, {"name": "TSLA"}, {"name": "YHOO"}], "tags": [{"name": "Consumer Discretionary"}, {"name": "Department Stores"}, {"name": "The Ticker Tape"}]}, {"id": 9134149, "author": "Benzinga", "created": "Mon, 06 Mar 2017 16:51:13 -0400", "updated": "Mon, 06 Mar 2017 16:51:14 -0400", "title": "Virtual Assistants, Voice Technology: Winners And Losers", "teaser": "", "body": "", "url": "https://www.benzinga.com/node/9134149", "image": [], "channels": [{"name": "Analyst Color"}, {"name": "News"}, {"name": "Topics"}, {"name": "Analyst Ratings"}, {"name": "Movers"}, {"name": "Tech"}, {"name": "Trading Ideas"}, {"name": "General"}], "stocks": [{"name": "AAPL"}, {"name": "AMZN"}, {"name": "BABA"}, {"name": "FB"}, {"name": "GOOG"}, {"name": "GOOGL"}, {"name": "IBM"}, {"name": "MSFT"}, {"name": "PYPL"}, {"name": "SSNLF"}, {"name": "TWTR"}, {"name": "YELP"}], "tags": [{"name": "Amazon Echo"}, {"name": "Amazon Prime"}, {"name": "Apple Siri"}, {"name": "Baird"}, {"name": "Brian Roemmele"}, {"name": "Colin Sebastian"}, {"name": "Echo"}, {"name": "Google Home Assistant"}, {"name": "Samsung Viv"}]}, {"id": 9134851, "author": "Benzinga", "created": "Mon, 06 Mar 2017 17:10:18 -0400", "updated": "Mon, 06 Mar 2017 17:10:18 -0400", "title": "9 Stocks That Were Net Sold By Retail Investors In February", "teaser": "", "body": "", "url": "https://www.benzinga.com/node/9134851", "image": [], "channels": [{"name": "News"}, {"name": "Markets"}], "stocks": [{"name": "AA"}, {"name": "AAPL"}, {"name": "AMTD"}, {"name": "ARNC"}, {"name": "BABA"}, {"name": "CMG"}, {"name": "COP"}, {"name": "DIS"}, {"name": "KMI"}, {"name": "TSLA"}, {"name": "YHOO"}], "tags": [{"name": "Dow Stocks"}, {"name": "IMX"}, {"name": "stocks"}, {"name": "TD Ameritrade"}]}]