[{"id": 9643307, "author": "Benzinga", "created": "Sat, 24 Jun 2017 09:47:00 -0400", "updated": "Sat, 24 Jun 2017 09:47:00 -0400", "title": "Bob Seger Finally Joined The Streaming World: Here Are 8 Music Icons Still Holding Out", "teaser": "", "body": "", "url": "https://www.benzinga.com/node/9643307", "image": [], "channels": [{"name": "News"}, {"name": "Movers & Shakers"}, {"name": "Opinion"}, {"name": "Tech"}, {"name": "Media"}, {"name": "General"}], "stocks": [{"name": "AAPL"}, {"name": "P"}], "tags": [{"name": "Aaliyah"}, {"name": "Bob Seger"}, {"name": "De La Soul"}, {"name": "Def Leppard"}, {"name": "iTunes"}, {"name": "King Crimson"}, {"name": "Peter Gabriel"}, {"name": "Radiohead"}, {"name": "Spotify"}, {"name": "The KLF"}, {"name": "Thom Yorke"}, {"name": "Tool"}]}]