[{"id": 9623410, "author": "Benzinga", "created": "Mon, 19 Jun 2017 06:50:33 -0400", "updated": "Mon, 19 Jun 2017 06:50:35 -0400", "title": "Wall Street's M&A Chatter From June 16-18: Amazon-Whole Foods, Walmart, Norsat International", "teaser": "", "body": "", "url": "https://www.benzinga.com/node/9623410", "image": [], "channels": [{"name": "News"}, {"name": "Rumors"}, {"name": "M&A"}], "stocks": [{"name": "AMZN"}, {"name": "NSAT"}, {"name": "WFM"}, {"name": "WMT"}], "tags": []}, {"id": 9623919, "author": "Benzinga", "created": "Mon, 19 Jun 2017 09:07:42 -0400", "updated": "Mon, 19 Jun 2017 09:07:42 -0400", "title": "The Market In 5 Minutes", "teaser": "", "body": "", "url": "https://www.benzinga.com/node/9623919", "image": [], "channels": [{"name": "News"}, {"name": "Global"}, {"name": "Top Stories"}, {"name": "Pre-Market Outlook"}, {"name": "Markets"}], "stocks": [{"name": "AMZN"}, {"name": "ATH"}, {"name": "ATW"}, {"name": "BIIB"}, {"name": "COST"}, {"name": "DIS"}, {"name": "GOOGL"}, {"name": "TRIP"}, {"name": "X"}], "tags": [{"name": "Market in 5 minutes"}]}, {"id": 9624064, "author": "Benzinga", "created": "Mon, 19 Jun 2017 09:28:51 -0400", "updated": "Mon, 19 Jun 2017 09:28:52 -0400", "title": "Wayfair Shares Are Fully Valued; Maxim Downgrades To Hold", "teaser": "", "body": "", "url": "https://www.benzinga.com/node/9624064", "image": [], "channels": [{"name": "Analyst Color"}, {"name": "News"}, {"name": "Downgrades"}, {"name": "Analyst Ratings"}], "stocks": [{"name": "COST"}, {"name": "TGT"}, {"name": "W"}, {"name": "WMT"}], "tags": [{"name": "Maxim"}, {"name": "Tom Forte"}]}, {"id": 9624162, "author": "Benzinga", "created": "Mon, 19 Jun 2017 09:37:10 -0400", "updated": "Mon, 19 Jun 2017 09:37:10 -0400", "title": "Boeing Announces Biggest Jet Yet At Paris Air Show", "teaser": "", "body": "", "url": "https://www.benzinga.com/node/9624162", "image": [], "channels": [{"name": "News"}, {"name": "Travel"}, {"name": "Media"}, {"name": "General"}], "stocks": [{"name": "BA"}], "tags": [{"name": "737 Max 10"}, {"name": "Airbus"}, {"name": "Boeing"}, {"name": "cnn"}, {"name": "John Leahy"}, {"name": "Kevin McAllister"}, {"name": "Paris Air Show"}, {"name": "Reuters"}, {"name": "SpiceJet"}]}, {"id": 9624280, "author": "Benzinga", "created": "Mon, 19 Jun 2017 11:29:47 -0400", "updated": "Mon, 19 Jun 2017 11:29:47 -0400", "title": "Morgan Stanley Sees Microsoft Resuming An Upward Trajectory", "teaser": "", "body": "", "url": "https://www.benzinga.com/node/9624280", "image": [], "channels": [{"name": "Analyst Color"}, {"name": "Long Ideas"}, {"name": "News"}, {"name": "Upgrades"}, {"name": "Price Target"}, {"name": "Analyst Ratings"}, {"name": "Tech"}, {"name": "Trading Ideas"}], "stocks": [{"name": "MSFT"}], "tags": [{"name": "Keith Weiss"}, {"name": "Morgan Stanley"}]}, {"id": 9625216, "author": "Benzinga", "created": "Mon, 19 Jun 2017 12:20:17 -0400", "updated": "Mon, 19 Jun 2017 12:20:17 -0400", "title": "Tech CEOs Descend On The White House: Who Won't Be There?", "teaser": "", "body": "", "url": "https://www.benzinga.com/node/9625216", "image": [], "channels": [{"name": "News"}, {"name": "Futures"}, {"name": "Politics"}, {"name": "Management"}, {"name": "Events"}, {"name": "Markets"}, {"name": "Tech"}, {"name": "Trading Ideas"}, {"name": "General"}], "stocks": [{"name": "AAPL"}, {"name": "ACN"}, {"name": "ADBE"}, {"name": "AKAM"}, {"name": "AMZN"}, {"name": "CRM"}, {"name": "GOOG"}, {"name": "GOOGL"}, {"name": "IBM"}, {"name": "INTC"}, {"name": "MA"}, {"name": "MSFT"}, {"name": "ORCL"}, {"name": "QCOM"}, {"name": "SAP"}, {"name": "TSLA"}, {"name": "VMW"}], "tags": [{"name": "American Technology Council"}, {"name": "Founders Fund"}, {"name": "Kleiner Perkins"}, {"name": "OpenGov"}, {"name": "Palantir"}, {"name": "Uber"}]}, {"id": 9624962, "author": "Benzinga", "created": "Mon, 19 Jun 2017 12:28:49 -0400", "updated": "Mon, 19 Jun 2017 12:28:49 -0400", "title": "Dogfight Over Syria: U.S. Fighter Shoots Down Russian-Built Warplane; Moscow Warns U.S. Aircraft Now 'Targets'", "teaser": "", "body": "", "url": "https://www.benzinga.com/node/9624962", "image": [], "channels": [{"name": "News"}, {"name": "Futures"}, {"name": "Politics"}, {"name": "Events"}, {"name": "Global"}, {"name": "Markets"}, {"name": "General"}], "stocks": [{"name": "BA"}], "tags": [{"name": "Bashar al-Assad"}, {"name": "BBC"}, {"name": "F-18"}, {"name": "ISIS"}, {"name": "Islamic State"}, {"name": "Ja'Din"}, {"name": "Justin Bronk"}, {"name": "Kremlin"}, {"name": "Royal United Services Institute"}, {"name": "Russia"}, {"name": "SU-22"}, {"name": "Super Hornet"}, {"name": "Syria"}, {"name": "Tabqah"}, {"name": "US Air Force"}]}, {"id": 9625762, "author": "Benzinga", "created": "Mon, 19 Jun 2017 13:03:48 -0400", "updated": "Mon, 19 Jun 2017 13:03:49 -0400", "title": "Snap Secures Time Warner Partnership On Content, Ads", "teaser": "", "body": "", "url": "https://www.benzinga.com/node/9625762", "image": [], "channels": [{"name": "News"}, {"name": "Contracts"}, {"name": "Tech"}, {"name": "Media"}], "stocks": [{"name": "CBS"}, {"name": "CMCSA"}, {"name": "DIS"}, {"name": "DISCA"}, {"name": "SNAP"}, {"name": "SNI"}, {"name": "TWX"}], "tags": [{"name": "Gary Ginsberg"}, {"name": "HBO"}, {"name": "SnapChat"}, {"name": "Turner"}, {"name": "Warner Bros."}]}, {"id": 9596110, "author": "Benzinga", "created": "Mon, 19 Jun 2017 15:07:30 -0400", "updated": "Mon, 19 Jun 2017 15:07:30 -0400", "title": "Trading A Weakened El Nino", "teaser": "", "body": "", "url": "https://www.benzinga.com/node/9596110", "image": [], "channels": [{"name": "News"}, {"name": "Education"}, {"name": "Commodities"}, {"name": "Topics"}, {"name": "Events"}, {"name": "Global"}, {"name": "Markets"}, {"name": "Trading Ideas"}, {"name": "General"}], "stocks": [{"name": "ADM"}, {"name": "ALL"}, {"name": "CB"}, {"name": "COST"}, {"name": "DAL"}, {"name": "DIN"}, {"name": "DIS"}, {"name": "DLTR"}, {"name": "FDX"}, {"name": "FLR"}, {"name": "GVA"}, {"name": "HD"}, {"name": "HES"}, {"name": "HLT"}, {"name": "JBHT"}, {"name": "LOW"}, {"name": "MA"}, {"name": "MAR"}, {"name": "PBF"}, {"name": "PGR"}, {"name": "RAD"}, {"name": "SEAS"}, {"name": "SEB"}, {"name": "SWFT"}, {"name": "TGT"}, {"name": "TRV"}, {"name": "UAL"}, {"name": "UPS"}, {"name": "V"}, {"name": "WBA"}, {"name": "WMT"}, {"name": "YUM"}], "tags": [{"name": "Hurricane Katrina"}, {"name": "Hurricane Rita"}, {"name": "Hurricane Sandy"}, {"name": "Hurricane Season"}]}, {"id": 9625988, "author": "Benzinga", "created": "Mon, 19 Jun 2017 16:12:17 -0400", "updated": "Mon, 19 Jun 2017 16:12:17 -0400", "title": "Congressman Lists Lawmakers Concerns Surrounding Amazon's Acquisition Of Whole Foods", "teaser": "", "body": "", "url": "https://www.benzinga.com/node/9625988", "image": [], "channels": [{"name": "CNBC"}, {"name": "News"}, {"name": "Legal"}, {"name": "M&A"}, {"name": "Media"}], "stocks": [{"name": "AMZN"}, {"name": "KR"}, {"name": "WFM"}, {"name": "WMT"}], "tags": [{"name": "food"}, {"name": "Food Prices"}, {"name": "Grocery"}, {"name": "grocery stocks"}]}]