[{"id": 9515019, "author": "Benzinga", "created": "Sun, 28 May 2017 15:21:36 -0400", "updated": "Sun, 28 May 2017 15:21:36 -0400", "title": "Where Would Apple And Google Rank In Terms Of World's Richest Countries?", "teaser": "", "body": "", "url": "https://www.benzinga.com/node/9515019", "image": [], "channels": [{"name": "News"}, {"name": "Futures"}, {"name": "Politics"}, {"name": "Global"}, {"name": "Econ #s"}, {"name": "Markets"}, {"name": "Tech"}, {"name": "General"}], "stocks": [{"name": "AAPL"}, {"name": "AMZN"}, {"name": "BAC"}, {"name": "GOOG"}, {"name": "GOOGL"}], "tags": [{"name": "Amazon"}, {"name": "Apple"}, {"name": "Bank of America"}, {"name": "Google"}, {"name": "Merrill Lynch"}, {"name": "World Bank"}]}]