[{"id": 9663270, "author": "Benzinga", "created": "Wed, 28 Jun 2017 07:17:46 -0400", "updated": "Wed, 28 Jun 2017 07:17:47 -0400", "title": "Wall Street's M&A Chatter From June 27: Bankrate, Sprint, Rite Aid-Walgreens, National Enquirer-Time", "teaser": "", "body": "", "url": "https://www.benzinga.com/node/9663270", "image": [], "channels": [{"name": "News"}, {"name": "Rumors"}, {"name": "M&A"}], "stocks": [{"name": "CHTR"}, {"name": "CMCSA"}, {"name": "MDP"}, {"name": "RAD"}, {"name": "RATE"}, {"name": "S"}, {"name": "TIME"}, {"name": "TMUS"}, {"name": "WBA"}], "tags": []}, {"id": 9664183, "author": "Benzinga", "created": "Wed, 28 Jun 2017 09:20:09 -0400", "updated": "Wed, 28 Jun 2017 09:20:11 -0400", "title": "The Market In 5 Minutes", "teaser": "", "body": "", "url": "https://www.benzinga.com/node/9664183", "image": [], "channels": [{"name": "News"}, {"name": "Global"}, {"name": "Top Stories"}, {"name": "Pre-Market Outlook"}, {"name": "Markets"}], "stocks": [{"name": "AAPL"}, {"name": "AMD"}, {"name": "BABA"}, {"name": "BAC"}, {"name": "CY"}, {"name": "DECK"}, {"name": "DLTR"}, {"name": "FDC"}, {"name": "HAWK"}, {"name": "INTC"}, {"name": "SPY"}], "tags": [{"name": "Market in 5 minutes"}]}, {"id": 9664174, "author": "Benzinga", "created": "Wed, 28 Jun 2017 09:37:46 -0400", "updated": "Wed, 28 Jun 2017 09:37:46 -0400", "title": "Wall Street Might Still Be Underestimating The Impact Of Qualcomm's Spat With Apple", "teaser": "", "body": "", "url": "https://www.benzinga.com/node/9664174", "image": [], "channels": [{"name": "Analyst Color"}, {"name": "News"}, {"name": "Guidance"}, {"name": "Reiteration"}, {"name": "Analyst Ratings"}, {"name": "Tech"}], "stocks": [{"name": "AAPL"}, {"name": "QCOM"}], "tags": [{"name": "Bernstein"}, {"name": "Stacy Rasgon"}]}, {"id": 9664290, "author": "Benzinga", "created": "Wed, 28 Jun 2017 09:50:39 -0400", "updated": "Wed, 28 Jun 2017 09:50:39 -0400", "title": "The Ongoing Saga Between Amazon, Bezos And Trump", "teaser": "", "body": "", "url": "https://www.benzinga.com/node/9664290", "image": [], "channels": [{"name": "News"}, {"name": "Politics"}, {"name": "Tech"}, {"name": "General"}], "stocks": [{"name": "AMZN"}, {"name": "BA"}, {"name": "GM"}, {"name": "JWN"}, {"name": "LMT"}, {"name": "NYT"}, {"name": "TWTR"}], "tags": [{"name": "Donald Trump"}, {"name": "Jeff Bezos"}, {"name": "President Donald Trump"}, {"name": "The Washington Post"}]}, {"id": 9664588, "author": "Benzinga", "created": "Wed, 28 Jun 2017 10:24:17 -0400", "updated": "Wed, 28 Jun 2017 10:24:18 -0400", "title": "Toshiba's Chips Are Past Their Sell-By Date, And Investors Are Buying American", "teaser": "", "body": "", "url": "https://www.benzinga.com/node/9664588", "image": [], "channels": [{"name": "News"}, {"name": "Movers"}, {"name": "Tech"}], "stocks": [{"name": "AAPL"}, {"name": "AMD"}, {"name": "CY"}, {"name": "DVMT"}, {"name": "MU"}, {"name": "NVDA"}, {"name": "TOSYY"}, {"name": "WDC"}, {"name": "BRCM"}], "tags": [{"name": "Bain Capital"}, {"name": "foxconn"}, {"name": "SK Hynix"}, {"name": "toshiba"}]}, {"id": 9662030, "author": "Benzinga", "created": "Wed, 28 Jun 2017 11:01:20 -0400", "updated": "Wed, 28 Jun 2017 11:01:21 -0400", "title": "Nike's Stock Might Be A Better Idea In A Few Quarters", "teaser": "", "body": "", "url": "https://www.benzinga.com/node/9662030", "image": [], "channels": [{"name": "Analyst Color"}, {"name": "Earnings"}, {"name": "Long Ideas"}, {"name": "News"}, {"name": "Guidance"}, {"name": "Previews"}, {"name": "Reiteration"}, {"name": "Sports"}, {"name": "Exclusives"}, {"name": "Analyst Ratings"}, {"name": "Trading Ideas"}, {"name": "Interview"}, {"name": "General"}], "stocks": [{"name": "ADDYY"}, {"name": "AMZN"}, {"name": "DKS"}, {"name": "NKE"}, {"name": "UAA"}], "tags": [{"name": "Adidas"}, {"name": "Baird Equity Research"}, {"name": "JJ Kinahan"}, {"name": "Johnathan Komp"}, {"name": "Nike"}, {"name": "under armour"}]}, {"id": 9664613, "author": "Benzinga", "created": "Wed, 28 Jun 2017 11:46:06 -0400", "updated": "Wed, 28 Jun 2017 11:46:07 -0400", "title": "Bank Of America: What To Expect For Rite Aid Ahead Of FTC Merger Decision", "teaser": "", "body": "", "url": "https://www.benzinga.com/node/9664613", "image": [], "channels": [{"name": "Analyst Color"}, {"name": "News"}, {"name": "Rumors"}, {"name": "Reiteration"}, {"name": "Legal"}, {"name": "M&A"}, {"name": "Analyst Ratings"}, {"name": "Movers"}], "stocks": [{"name": "RAD"}, {"name": "WBA"}], "tags": [{"name": "Bank of America"}, {"name": "FTC"}, {"name": "Steven Valiquette"}]}, {"id": 9665384, "author": "Benzinga", "created": "Wed, 28 Jun 2017 12:12:56 -0400", "updated": "Wed, 28 Jun 2017 12:12:56 -0400", "title": "ABC, Meat Company Settle Their Beef", "teaser": "", "body": "", "url": "https://www.benzinga.com/node/9665384", "image": [], "channels": [{"name": "News"}, {"name": "Commodities"}, {"name": "Legal"}, {"name": "Markets"}, {"name": "Media"}, {"name": "General"}], "stocks": [{"name": "DIS"}], "tags": [{"name": "Agricultural Food Products Disparagement Act"}, {"name": "Jim Avila"}, {"name": "Reuters"}]}, {"id": 9662033, "author": "Benzinga", "created": "Wed, 28 Jun 2017 13:15:08 -0400", "updated": "Wed, 28 Jun 2017 13:15:08 -0400", "title": "Amazon And Nike: Just Do It", "teaser": "", "body": "", "url": "https://www.benzinga.com/node/9662033", "image": [], "channels": [{"name": "Earnings"}, {"name": "News"}, {"name": "Previews"}, {"name": "Trading Ideas"}], "stocks": [{"name": "JCP"}, {"name": "JWN"}, {"name": "M"}, {"name": "NKE"}], "tags": []}, {"id": 9665245, "author": "Benzinga", "created": "Wed, 28 Jun 2017 13:57:54 -0400", "updated": "Wed, 28 Jun 2017 13:57:55 -0400", "title": "Adding Perspective To Google's $2 Billion European Fine", "teaser": "", "body": "", "url": "https://www.benzinga.com/node/9665245", "image": [], "channels": [{"name": "News"}, {"name": "Education"}, {"name": "Eurozone"}, {"name": "Legal"}, {"name": "Global"}, {"name": "Markets"}, {"name": "Tech"}, {"name": "General"}], "stocks": [{"name": "CRARY"}, {"name": "DDAIY"}, {"name": "GOOG"}, {"name": "GOOGL"}, {"name": "HSBC"}, {"name": "INTC"}, {"name": "JPM"}, {"name": "MSFT"}, {"name": "NWS"}, {"name": "TEF"}], "tags": [{"name": "Axel Springer"}, {"name": "Bloomberg"}, {"name": "DAF"}, {"name": "Iveco"}, {"name": "MAN"}, {"name": "Volvo"}]}, {"id": 9665799, "author": "Benzinga", "created": "Wed, 28 Jun 2017 15:00:38 -0400", "updated": "Wed, 28 Jun 2017 15:00:39 -0400", "title": "Cypress Semiconductor Upgraded On Apple, IoT Upside Potential", "teaser": "", "body": "", "url": "https://www.benzinga.com/node/9665799", "image": [], "channels": [{"name": "Analyst Color"}, {"name": "Long Ideas"}, {"name": "News"}, {"name": "Upgrades"}, {"name": "Price Target"}, {"name": "Analyst Ratings"}, {"name": "Movers"}, {"name": "Tech"}, {"name": "Trading Ideas"}], "stocks": [{"name": "AAPL"}, {"name": "CY"}], "tags": [{"name": "Barclays"}, {"name": "Blayne Curtis"}, {"name": "Christopher Hemmelgam"}, {"name": "Internet of Things"}, {"name": "IoT"}]}, {"id": 9665213, "author": "Benzinga", "created": "Wed, 28 Jun 2017 15:26:44 -0400", "updated": "Wed, 28 Jun 2017 15:26:44 -0400", "title": "Will Dollar Tree Ever Get Some Value Out Of Its Family Dollar Acquisition?", "teaser": "", "body": "", "url": "https://www.benzinga.com/node/9665213", "image": [], "channels": [{"name": "Analyst Color"}, {"name": "Long Ideas"}, {"name": "News"}, {"name": "Upgrades"}, {"name": "Price Target"}, {"name": "Analyst Ratings"}, {"name": "Trading Ideas"}], "stocks": [{"name": "AMZN"}, {"name": "DG"}, {"name": "DLTR"}, {"name": "WMT"}], "tags": [{"name": "Anthony Chukumba"}, {"name": "family dollar"}, {"name": "Loop Capital Markets"}]}, {"id": 9665914, "author": "Benzinga", "created": "Wed, 28 Jun 2017 15:39:45 -0400", "updated": "Wed, 28 Jun 2017 15:39:45 -0400", "title": "Russia In The Spotlight As Second Wave Of Ransomware Grips Globe", "teaser": "", "body": "", "url": "https://www.benzinga.com/node/9665914", "image": [], "channels": [{"name": "News"}, {"name": "Futures"}, {"name": "Psychology"}, {"name": "Global"}, {"name": "Top Stories"}, {"name": "Exclusives"}, {"name": "Markets"}, {"name": "Tech"}, {"name": "Interview"}, {"name": "General"}], "stocks": [{"name": "CYBR"}, {"name": "FEYE"}, {"name": "MRK"}, {"name": "MSFT"}], "tags": [{"name": "Eugene H. Spafford"}, {"name": "MEDoc"}, {"name": "Petya"}, {"name": "ransomware"}, {"name": "Russia"}, {"name": "WannaCry"}]}, {"id": 9655054, "author": "Benzinga", "created": "Wed, 28 Jun 2017 16:22:29 -0400", "updated": "Wed, 28 Jun 2017 16:22:29 -0400", "title": "How Foursquare Quietly Became A Data-Science Powerhouse", "teaser": "", "body": "", "url": "https://www.benzinga.com/node/9655054", "image": [], "channels": [{"name": "Fintech"}, {"name": "News"}, {"name": "Psychology"}, {"name": "Events"}, {"name": "Tech"}, {"name": "General"}], "stocks": [{"name": "CMG"}, {"name": "FB"}, {"name": "IBM"}, {"name": "SNAP"}, {"name": "TWTR"}], "tags": [{"name": "Conor Moran"}, {"name": "Foursquare"}, {"name": "IBM Watson"}, {"name": "Jeff Glueck"}, {"name": "Medium"}, {"name": "Pilgrim"}, {"name": "Suzanne Livingston"}, {"name": "Swarm"}, {"name": "Watson"}]}, {"id": 9667950, "author": "Benzinga", "created": "Wed, 28 Jun 2017 18:06:02 -0400", "updated": "Wed, 28 Jun 2017 18:06:03 -0400", "title": "Benzinga's Federal Reserve Stress Test Recap", "teaser": "", "body": "", "url": "https://www.benzinga.com/node/9667950", "image": [], "channels": [{"name": "News"}, {"name": "Federal Reserve"}, {"name": "After-Hours Center"}, {"name": "Markets"}], "stocks": [{"name": "ALLY"}, {"name": "AXP"}, {"name": "BAC"}, {"name": "BBT"}, {"name": "BBVA"}, {"name": "BK"}, {"name": "C"}, {"name": "CFG"}, {"name": "CIT"}, {"name": "CMA"}, {"name": "COF"}, {"name": "DFS"}, {"name": "FITB"}, {"name": "HBAN"}, {"name": "JPM"}, {"name": "KEY"}, {"name": "MS"}, {"name": "MTB"}, {"name": "NTRS"}, {"name": "PNC"}, {"name": "RF"}, {"name": "SC"}, {"name": "STI"}, {"name": "STT"}, {"name": "TBNK"}, {"name": "USB"}, {"name": "WFC"}, {"name": "ZION"}], "tags": [{"name": "Bank Stress Test"}, {"name": "CCAR"}]}]