[{"id": 9182637, "author": "Benzinga", "created": "Mon, 20 Mar 2017 09:17:03 -0400", "updated": "Mon, 20 Mar 2017 09:17:03 -0400", "title": "Leerink Presents: Your 2017 Biopharma Catalyst Tracker", "teaser": "", "body": "", "url": "https://www.benzinga.com/node/9182637", "image": [], "channels": [{"name": "Analyst Color"}, {"name": "Biotech"}, {"name": "News"}, {"name": "Health Care"}, {"name": "Previews"}, {"name": "Reiteration"}, {"name": "Events"}, {"name": "Analyst Ratings"}, {"name": "Trading Ideas"}, {"name": "General"}], "stocks": [{"name": "ALXN"}, {"name": "ARDX"}, {"name": "AZN"}, {"name": "CELG"}, {"name": "CLVS"}, {"name": "ENDP"}, {"name": "FWP"}, {"name": "HKMPY"}, {"name": "ITCI"}, {"name": "JAZZ"}, {"name": "LLY"}, {"name": "MNK"}, {"name": "MRK"}, {"name": "MYL"}, {"name": "PCRX"}, {"name": "REGN"}, {"name": "SHPG"}, {"name": "TSRO"}, {"name": "VRTX"}], "tags": [{"name": "Advair"}, {"name": "Dupixent"}, {"name": "Exparel"}, {"name": "Kevzara"}, {"name": "Leerink"}, {"name": "nesvacumab"}, {"name": "Opana"}, {"name": "Opana ER"}, {"name": "Praxair"}, {"name": "Seamus Fernandez"}, {"name": "Soliris"}, {"name": "tenapanor"}, {"name": "Vx661"}, {"name": "Xyrem"}]}, {"id": 9190768, "author": "Benzinga", "created": "Mon, 20 Mar 2017 09:28:26 -0400", "updated": "Mon, 20 Mar 2017 09:28:26 -0400", "title": "The Market In 5 Minutes", "teaser": "", "body": "", "url": "https://www.benzinga.com/node/9190768", "image": [], "channels": [{"name": "News"}, {"name": "Global"}, {"name": "Top Stories"}, {"name": "Markets"}], "stocks": [{"name": "COL"}, {"name": "GOOG"}, {"name": "HPP"}, {"name": "INTC"}, {"name": "IR"}, {"name": "MBLY"}, {"name": "SF"}, {"name": "SHAK"}, {"name": "SNAP"}, {"name": "SPY"}], "tags": [{"name": "Market in 5 minutes"}]}, {"id": 9191139, "author": "Benzinga", "created": "Mon, 20 Mar 2017 11:28:12 -0400", "updated": "Mon, 20 Mar 2017 11:28:12 -0400", "title": "Don't Look Now - Twitter Shares Approaching Rumored Potential Takeout Price", "teaser": "", "body": "", "url": "https://www.benzinga.com/node/9191139", "image": [], "channels": [{"name": "Analyst Color"}, {"name": "News"}, {"name": "Rumors"}, {"name": "M&A"}, {"name": "Analyst Ratings"}, {"name": "Movers"}, {"name": "Tech"}, {"name": "Media"}, {"name": "Trading Ideas"}], "stocks": [{"name": "AAPL"}, {"name": "CMCSA"}, {"name": "CRM"}, {"name": "DIS"}, {"name": "FB"}, {"name": "FOXA"}, {"name": "GOOG"}, {"name": "GOOGL"}, {"name": "MSFT"}, {"name": "NWSA"}, {"name": "TWTR"}, {"name": "VZ"}], "tags": [{"name": "Brean Capital"}, {"name": "Charles Gasparino"}, {"name": "Softbank"}, {"name": "Yun Kim"}]}, {"id": 9191807, "author": "Benzinga", "created": "Mon, 20 Mar 2017 12:37:48 -0400", "updated": "Mon, 20 Mar 2017 12:37:48 -0400", "title": "Disney's Remake Strategy Is Working To Perfection", "teaser": "", "body": "", "url": "https://www.benzinga.com/node/9191807", "image": [], "channels": [{"name": "News"}, {"name": "Events"}, {"name": "Top Stories"}, {"name": "Media"}], "stocks": [{"name": "CMCSA"}, {"name": "DIS"}, {"name": "IMAX"}], "tags": [{"name": "Alice in Wonderland"}, {"name": "Beauty and the Beast"}, {"name": "Cinderella"}, {"name": "Maleficent"}, {"name": "Sleeping Beauty"}, {"name": "The Jungle Book"}]}, {"id": 9192565, "author": "Benzinga", "created": "Mon, 20 Mar 2017 15:30:32 -0400", "updated": "Mon, 20 Mar 2017 15:30:32 -0400", "title": "Nike's Previous 4 Prints Pave Way For A Grand Slam", "teaser": "", "body": "", "url": "https://www.benzinga.com/node/9192565", "image": [], "channels": [{"name": "Analyst Color"}, {"name": "Earnings"}, {"name": "Long Ideas"}, {"name": "News"}, {"name": "Guidance"}, {"name": "Previews"}, {"name": "Reiteration"}, {"name": "Sports"}, {"name": "Analyst Ratings"}, {"name": "Trading Ideas"}, {"name": "General"}], "stocks": [{"name": "ADDYY"}, {"name": "NKE"}, {"name": "UA"}], "tags": [{"name": "Credit Suisse"}, {"name": "Jim Duffy"}, {"name": "Michael Binetti"}, {"name": "Pro Hijab"}, {"name": "Stifel"}, {"name": "UBS"}, {"name": "Yahoo Finance"}]}, {"id": 9193509, "author": "Benzinga", "created": "Mon, 20 Mar 2017 16:29:09 -0400", "updated": "Mon, 20 Mar 2017 16:29:10 -0400", "title": "Benzinga's Option Alert Recap From March 20", "teaser": "", "body": "", "url": "https://www.benzinga.com/node/9193509", "image": [], "channels": [{"name": "News"}, {"name": "Options"}, {"name": "After-Hours Center"}, {"name": "Markets"}, {"name": "Movers"}, {"name": "Trading Ideas"}], "stocks": [{"name": "AFSI"}, {"name": "BKD"}, {"name": "CMCSA"}, {"name": "CY"}, {"name": "FDC"}, {"name": "FEYE"}, {"name": "GOOG"}, {"name": "GPRO"}, {"name": "GPS"}, {"name": "GSAT"}, {"name": "HIG"}, {"name": "KBH"}, {"name": "M"}, {"name": "MCD"}, {"name": "MPC"}, {"name": "MU"}, {"name": "NKE"}, {"name": "NVDA"}, {"name": "PYPL"}, {"name": "RH"}, {"name": "SBUX"}, {"name": "SCS"}, {"name": "SHLD"}, {"name": "TER"}, {"name": "TWTR"}, {"name": "WFM"}, {"name": "YELP"}], "tags": [{"name": "option trading"}, {"name": "options"}, {"name": "Options Alerts"}, {"name": "options definition"}, {"name": "Options Recap"}, {"name": "options trading"}, {"name": "options trading for dummies"}, {"name": "options trading strategies"}, {"name": "Optionshouse"}, {"name": "trading stock options"}, {"name": "types of options"}]}]