[{"id": 9327653, "author": "Benzinga", "created": "Fri, 21 Apr 2017 04:37:06 -0400", "updated": "Fri, 21 Apr 2017 04:37:06 -0400", "title": "Earnings Scheduled For April 21, 2017", "teaser": "", "body": "", "url": "https://www.benzinga.com/node/9327653", "image": [], "channels": [{"name": "Earnings"}, {"name": "News"}, {"name": "Pre-Market Outlook"}, {"name": "Markets"}], "stocks": [{"name": "COL"}, {"name": "GE"}, {"name": "GNTX"}, {"name": "HON"}, {"name": "IPG"}, {"name": "KSU"}, {"name": "MAN"}, {"name": "MORN"}, {"name": "NEE"}, {"name": "SHOO"}, {"name": "SLB"}, {"name": "STI"}, {"name": "SWK"}, {"name": "TRST"}, {"name": "WBC"}, {"name": "WBS"}], "tags": [{"name": "Earnings schedule"}, {"name": "Human Resource & Employment Services"}, {"name": "Industrials"}]}, {"id": 9327690, "author": "Benzinga", "created": "Fri, 21 Apr 2017 05:11:59 -0400", "updated": "Fri, 21 Apr 2017 05:12:00 -0400", "title": "10 Stocks To Watch For April 21, 2017", "teaser": "", "body": "", "url": "https://www.benzinga.com/node/9327690", "image": [], "channels": [{"name": "Earnings"}, {"name": "News"}, {"name": "Pre-Market Outlook"}, {"name": "Markets"}, {"name": "Trading Ideas"}], "stocks": [{"name": "COL"}, {"name": "ETFC"}, {"name": "GE"}, {"name": "HON"}, {"name": "MAT"}, {"name": "SKX"}, {"name": "SLB"}, {"name": "STI"}, {"name": "SWK"}, {"name": "V"}], "tags": [{"name": "Consumer Discretionary"}, {"name": "Leisure Products"}, {"name": "Stocks To Watch"}, {"name": "Stocks to Watch"}]}, {"id": 9328243, "author": "Benzinga", "created": "Fri, 21 Apr 2017 07:40:36 -0400", "updated": "Fri, 21 Apr 2017 07:40:36 -0400", "title": "A Peek Into The Markets: U.S. Stock Futures Edge Higher; GE Profit Beats Views", "teaser": "", "body": "", "url": "https://www.benzinga.com/node/9328243", "image": [], "channels": [{"name": "Earnings"}, {"name": "News"}, {"name": "Eurozone"}, {"name": "Futures"}, {"name": "Global"}, {"name": "Pre-Market Outlook"}, {"name": "Markets"}], "stocks": [{"name": "GE"}, {"name": "HON"}, {"name": "MAT"}, {"name": "V"}, {"name": "VZ"}], "tags": [{"name": "A Peek Into The Markets"}, {"name": "Argus"}, {"name": "Consumer Discretionary"}, {"name": "Leisure Products"}, {"name": "U.S. stock futures"}]}, {"id": 9328516, "author": "Benzinga", "created": "Fri, 21 Apr 2017 08:31:20 -0400", "updated": "Fri, 21 Apr 2017 08:31:20 -0400", "title": "25 Stocks Moving In Friday's Pre-Market Session", "teaser": "", "body": "", "url": "https://www.benzinga.com/node/9328516", "image": [], "channels": [{"name": "News"}, {"name": "Movers & Shakers"}, {"name": "Pre-Market Outlook"}, {"name": "Markets"}, {"name": "Movers"}], "stocks": [{"name": "ADMP"}, {"name": "ASPS"}, {"name": "AUPH"}, {"name": "BOXC"}, {"name": "BPY"}, {"name": "CBLI"}, {"name": "DSX"}, {"name": "ENDP"}, {"name": "FMSA"}, {"name": "GPT"}, {"name": "HON"}, {"name": "HTGM"}, {"name": "IMNP"}, {"name": "MANH"}, {"name": "MAT"}, {"name": "MIME"}, {"name": "MXIM"}, {"name": "NRG"}, {"name": "OCN"}, {"name": "ONTX"}, {"name": "PFPT"}, {"name": "SHOO"}, {"name": "SINO"}, {"name": "SKX"}, {"name": "V"}, {"name": "XBIT"}], "tags": [{"name": "#PreMarket Gainers"}, {"name": "Application Software"}, {"name": "Consumer Discretionary"}, {"name": "Information Technology"}, {"name": "Leisure Products"}, {"name": "Losers"}, {"name": "Top Gainers"}]}, {"id": 9328653, "author": "Benzinga", "created": "Fri, 21 Apr 2017 09:26:02 -0400", "updated": "Fri, 21 Apr 2017 09:26:03 -0400", "title": "The Market In 5 Minutes", "teaser": "", "body": "", "url": "https://www.benzinga.com/node/9328653", "image": [], "channels": [{"name": "News"}, {"name": "Global"}, {"name": "Top Stories"}, {"name": "Markets"}], "stocks": [{"name": "ARNC"}, {"name": "COST"}, {"name": "DGX"}, {"name": "FIZZ"}, {"name": "HUM"}, {"name": "IDRA"}, {"name": "JPM"}, {"name": "NAVI"}, {"name": "SKX"}, {"name": "VREX"}, {"name": "WFC"}, {"name": "XOM"}], "tags": [{"name": "Market in 5 minutes"}]}, {"id": 9329071, "author": "Benzinga", "created": "Fri, 21 Apr 2017 10:22:12 -0400", "updated": "Fri, 21 Apr 2017 10:22:13 -0400", "title": "After Another Solid Quarter, Visa Remains A Premiere Play On Global Economic Expansion", "teaser": "", "body": "", "url": "https://www.benzinga.com/node/9329071", "image": [], "channels": [{"name": "Analyst Color"}, {"name": "Earnings"}, {"name": "Long Ideas"}, {"name": "News"}, {"name": "Guidance"}, {"name": "Price Target"}, {"name": "Reiteration"}, {"name": "Analyst Ratings"}, {"name": "Movers"}, {"name": "Trading Ideas"}, {"name": "Interview"}], "stocks": [{"name": "AXP"}, {"name": "MA"}, {"name": "V"}], "tags": [{"name": "JJ Kinahan"}, {"name": "Joseph Vafi"}, {"name": "Loop Capital Markets"}, {"name": "TD Ameritrade"}]}, {"id": 9329737, "author": "Benzinga", "created": "Fri, 21 Apr 2017 12:21:33 -0400", "updated": "Fri, 21 Apr 2017 12:21:34 -0400", "title": "National Beverage Valuation Has Bubbled Too High", "teaser": "", "body": "", "url": "https://www.benzinga.com/node/9329737", "image": [], "channels": [{"name": "Analyst Color"}, {"name": "News"}, {"name": "Downgrades"}, {"name": "Analyst Ratings"}, {"name": "Movers"}], "stocks": [{"name": "FIZZ"}, {"name": "KO"}, {"name": "PEP"}], "tags": [{"name": "LaCroix"}, {"name": "Laurent Grandet"}]}, {"id": 9330060, "author": "Benzinga", "created": "Fri, 21 Apr 2017 12:41:27 -0400", "updated": "Fri, 21 Apr 2017 12:41:27 -0400", "title": "15 Biggest Mid-Day Gainers For Friday", "teaser": "", "body": "", "url": "https://www.benzinga.com/node/9330060", "image": [], "channels": [{"name": "News"}, {"name": "Intraday Update"}, {"name": "Markets"}, {"name": "Movers"}], "stocks": [{"name": "ASPS"}, {"name": "AUPH"}, {"name": "BOXC"}, {"name": "BPY"}, {"name": "CAI"}, {"name": "CARV"}, {"name": "CDTX"}, {"name": "DELT"}, {"name": "DSX"}, {"name": "HON"}, {"name": "NPTN"}, {"name": "OCN"}, {"name": "PFPT"}, {"name": "PTX"}, {"name": "STV"}, {"name": "WERN"}], "tags": [{"name": "Information Technology"}, {"name": "IT Consulting & Other Services"}, {"name": "Mid-Day Gainers"}, {"name": "Top Gainers"}]}, {"id": 9330796, "author": "Benzinga", "created": "Fri, 21 Apr 2017 14:33:38 -0400", "updated": "Fri, 21 Apr 2017 14:33:38 -0400", "title": "Mid-Afternoon Market Update: Crude Oil Down 2.5%; Werner Enterprises Shares Spike Higher", "teaser": "", "body": "", "url": "https://www.benzinga.com/node/9330796", "image": [], "channels": [{"name": "Earnings"}, {"name": "News"}, {"name": "Eurozone"}, {"name": "Commodities"}, {"name": "Offerings"}, {"name": "Global"}, {"name": "Intraday Update"}, {"name": "Markets"}, {"name": "Movers"}], "stocks": [{"name": "ADMP"}, {"name": "CAI"}, {"name": "CTWS"}, {"name": "GE"}, {"name": "IGLD"}, {"name": "ONTX"}, {"name": "SJW"}, {"name": "STV"}, {"name": "VZ"}, {"name": "WERN"}, {"name": "XBIT"}], "tags": [{"name": "Information Technology"}, {"name": "IT Consulting & Other Services"}, {"name": "Mid-Afternoon Market Update"}]}, {"id": 9330830, "author": "Benzinga", "created": "Fri, 21 Apr 2017 15:03:37 -0400", "updated": "Fri, 21 Apr 2017 15:03:37 -0400", "title": "With Nike Back On Offense, Sell-Side Sentiment Keeps Under Armour On The Bench", "teaser": "", "body": "", "url": "https://www.benzinga.com/node/9330830", "image": [], "channels": [{"name": "Analyst Color"}, {"name": "Long Ideas"}, {"name": "News"}, {"name": "Short Ideas"}, {"name": "Reiteration"}, {"name": "Sports"}, {"name": "Analyst Ratings"}, {"name": "Movers"}, {"name": "Trading Ideas"}, {"name": "General"}], "stocks": [{"name": "ADDYY"}, {"name": "DSW"}, {"name": "KSS"}, {"name": "NKE"}, {"name": "UAA"}], "tags": [{"name": "Anna Andreeva"}, {"name": "Credit Suisse"}, {"name": "Oppenheimer"}, {"name": "Samantha Lanman"}]}]