[{"id": 9364015, "author": "Benzinga", "created": "Fri, 28 Apr 2017 05:00:15 -0400", "updated": "Fri, 28 Apr 2017 05:00:15 -0400", "title": "Earnings Scheduled For April 28, 2017", "teaser": "", "body": "", "url": "https://www.benzinga.com/node/9364015", "image": [], "channels": [{"name": "Earnings"}, {"name": "News"}, {"name": "Pre-Market Outlook"}, {"name": "Markets"}], "stocks": [{"name": "AAN"}, {"name": "AGCO"}, {"name": "ALV"}, {"name": "ASX"}, {"name": "B"}, {"name": "BCS"}, {"name": "BEN"}, {"name": "CHKE"}, {"name": "CL"}, {"name": "COG"}, {"name": "CPN"}, {"name": "CVX"}, {"name": "FNBC"}, {"name": "GM"}, {"name": "GPI"}, {"name": "GT"}, {"name": "HST"}, {"name": "KBR"}, {"name": "LPNT"}, {"name": "LYB"}, {"name": "PEG"}, {"name": "POR"}, {"name": "PSX"}, {"name": "RCL"}, {"name": "ROP"}, {"name": "SAVE"}, {"name": "SNE"}, {"name": "SNY"}, {"name": "SYF"}, {"name": "TRI"}, {"name": "UBS"}, {"name": "VFC"}, {"name": "VNCE"}, {"name": "VTR"}, {"name": "WY"}, {"name": "XOM"}], "tags": [{"name": "Earnings schedule"}, {"name": "Health Care"}, {"name": "Health Care Facilities"}]}, {"id": 9364068, "author": "Benzinga", "created": "Fri, 28 Apr 2017 05:36:48 -0400", "updated": "Fri, 28 Apr 2017 05:36:48 -0400", "title": "12 Stocks To Watch For April 28, 2017", "teaser": "", "body": "", "url": "https://www.benzinga.com/node/9364068", "image": [], "channels": [{"name": "Earnings"}, {"name": "News"}, {"name": "Guidance"}, {"name": "Pre-Market Outlook"}, {"name": "Markets"}, {"name": "Trading Ideas"}], "stocks": [{"name": "AMZN"}, {"name": "CL"}, {"name": "CVX"}, {"name": "GM"}, {"name": "GOOG"}, {"name": "GPRO"}, {"name": "INTC"}, {"name": "MSFT"}, {"name": "PSX"}, {"name": "SBUX"}, {"name": "WDC"}, {"name": "XOM"}], "tags": [{"name": "Stocks To Watch"}, {"name": "Stocks to Watch"}]}, {"id": 9365126, "author": "Benzinga", "created": "Fri, 28 Apr 2017 07:28:21 -0400", "updated": "Fri, 28 Apr 2017 07:28:22 -0400", "title": "A Peek Into The Markets: U.S. Stock Futures Edge Higher Ahead Of GM Earnings, GDP Report", "teaser": "", "body": "", "url": "https://www.benzinga.com/node/9365126", "image": [], "channels": [{"name": "Earnings"}, {"name": "News"}, {"name": "Eurozone"}, {"name": "Futures"}, {"name": "Global"}, {"name": "Pre-Market Outlook"}, {"name": "Markets"}], "stocks": [{"name": "AMZN"}, {"name": "CL"}, {"name": "GM"}, {"name": "GOOG"}, {"name": "MSFT"}, {"name": "WDC"}], "tags": [{"name": "A Peek Into The Markets"}, {"name": "Morgan Stanley"}, {"name": "U.S. stock futures"}]}, {"id": 9365509, "author": "Benzinga", "created": "Fri, 28 Apr 2017 08:20:01 -0400", "updated": "Fri, 28 Apr 2017 08:20:01 -0400", "title": "22 Stocks Moving In Friday's Pre-Market Session", "teaser": "", "body": "", "url": "https://www.benzinga.com/node/9365509", "image": [], "channels": [{"name": "News"}, {"name": "Movers & Shakers"}, {"name": "Pre-Market Outlook"}, {"name": "Markets"}, {"name": "Movers"}], "stocks": [{"name": "ABIO"}, {"name": "AMZN"}, {"name": "ARAY"}, {"name": "BCS"}, {"name": "CL"}, {"name": "ENDP"}, {"name": "GHL"}, {"name": "GIMO"}, {"name": "GOOG"}, {"name": "GOOGL"}, {"name": "INTC"}, {"name": "MTL"}, {"name": "NTRP"}, {"name": "ORC"}, {"name": "QCOM"}, {"name": "RRC"}, {"name": "SBUX"}, {"name": "SPU"}, {"name": "SWN"}, {"name": "UBS"}, {"name": "VLO"}, {"name": "WDC"}], "tags": [{"name": "#PreMarket Gainers"}, {"name": "Losers"}, {"name": "Top Gainers"}]}, {"id": 9365345, "author": "Benzinga", "created": "Fri, 28 Apr 2017 08:49:48 -0400", "updated": "Fri, 28 Apr 2017 08:49:48 -0400", "title": "Amazon's Q1 Signals Competitive Pressures For AWS", "teaser": "", "body": "", "url": "https://www.benzinga.com/node/9365345", "image": [], "channels": [{"name": "Analyst Color"}, {"name": "Earnings"}, {"name": "News"}, {"name": "Guidance"}, {"name": "Analyst Ratings"}, {"name": "Movers"}, {"name": "Tech"}], "stocks": [{"name": "AMZN"}, {"name": "GOOG"}, {"name": "GOOGL"}, {"name": "MSFT"}, {"name": "ORCL"}], "tags": [{"name": "Amazon"}, {"name": "Amazon AWS"}, {"name": "Amazon Earnings"}, {"name": "AWS"}, {"name": "Azure"}, {"name": "Trip Chowdhry"}]}, {"id": 9365218, "author": "Benzinga", "created": "Fri, 28 Apr 2017 09:00:25 -0400", "updated": "Fri, 28 Apr 2017 09:00:26 -0400", "title": "The Market In 5 Minutes", "teaser": "", "body": "", "url": "https://www.benzinga.com/node/9365218", "image": [], "channels": [{"name": "News"}, {"name": "Short Sellers"}, {"name": "Global"}, {"name": "Top Stories"}, {"name": "Pre-Market Outlook"}, {"name": "Markets"}], "stocks": [{"name": "AMZN"}, {"name": "CHKP"}, {"name": "COLM"}, {"name": "EXPE"}, {"name": "FLT"}, {"name": "GIMO"}, {"name": "GOOGL"}, {"name": "GS"}, {"name": "HON"}, {"name": "INTC"}, {"name": "LUV"}, {"name": "MSFT"}, {"name": "UAL"}, {"name": "WDC"}], "tags": [{"name": "Andrew Left"}, {"name": "Citron Research"}, {"name": "Market in 5 minutes"}]}, {"id": 9365697, "author": "Benzinga", "created": "Fri, 28 Apr 2017 09:11:43 -0400", "updated": "Fri, 28 Apr 2017 09:11:43 -0400", "title": "Bitter Bite: Qualcomm Updates Q3 Guidance On Apple Interference", "teaser": "", "body": "", "url": "https://www.benzinga.com/node/9365697", "image": [], "channels": [{"name": "News"}, {"name": "Guidance"}, {"name": "Movers"}, {"name": "Tech"}], "stocks": [{"name": "AAPL"}, {"name": "QCOM"}], "tags": [{"name": "Apple"}, {"name": "Don Rosenberg"}, {"name": "foxconn"}, {"name": "License Agreements"}, {"name": "Pegatron"}, {"name": "Qualcomm"}, {"name": "Trade Dispute"}]}, {"id": 9365538, "author": "Benzinga", "created": "Fri, 28 Apr 2017 09:33:55 -0400", "updated": "Fri, 28 Apr 2017 09:33:56 -0400", "title": "Don't Mind The Profit-Taking; Skyworks Set Up For A Strong 2017", "teaser": "", "body": "", "url": "https://www.benzinga.com/node/9365538", "image": [], "channels": [{"name": "Analyst Color"}, {"name": "Earnings"}, {"name": "Long Ideas"}, {"name": "News"}, {"name": "Guidance"}, {"name": "Reiteration"}, {"name": "Analyst Ratings"}, {"name": "Movers"}, {"name": "Tech"}, {"name": "Trading Ideas"}], "stocks": [{"name": "AAPL"}, {"name": "SWKS"}], "tags": [{"name": "Charter Equity Research"}, {"name": "Edward Snyder"}, {"name": "iPhone 8"}, {"name": "skyworks"}, {"name": "Technology Stocks"}]}, {"id": 9365761, "author": "Benzinga", "created": "Fri, 28 Apr 2017 09:40:45 -0400", "updated": "Fri, 28 Apr 2017 09:40:45 -0400", "title": "Analyst 'Absolutely Certain' Azure Will Beat Out AWS Within 5 Years", "teaser": "", "body": "", "url": "https://www.benzinga.com/node/9365761", "image": [], "channels": [{"name": "Analyst Color"}, {"name": "Earnings"}, {"name": "Long Ideas"}, {"name": "News"}, {"name": "Analyst Ratings"}, {"name": "Tech"}, {"name": "Trading Ideas"}], "stocks": [{"name": "AMZN"}, {"name": "MSFT"}], "tags": [{"name": "Global Equities Research"}, {"name": "Trip Chowdhry"}]}, {"id": 9365828, "author": "Benzinga", "created": "Fri, 28 Apr 2017 09:59:04 -0400", "updated": "Fri, 28 Apr 2017 09:59:04 -0400", "title": "What's A Few Billion Between Friends? Jeff Bezos Closes In On 'World's Richest' Title", "teaser": "", "body": "", "url": "https://www.benzinga.com/node/9365828", "image": [], "channels": [{"name": "News"}, {"name": "Management"}, {"name": "Tech"}, {"name": "Media"}], "stocks": [{"name": "AMZN"}, {"name": "MSFT"}], "tags": [{"name": "Amancio Ortega"}, {"name": "Bill Gates"}, {"name": "Jeff Bezos"}, {"name": "Warren Buffett"}, {"name": "World's Richest"}]}, {"id": 9366679, "author": "Benzinga", "created": "Fri, 28 Apr 2017 10:43:41 -0400", "updated": "Fri, 28 Apr 2017 10:43:41 -0400", "title": "Why Today Could Be Filled With Telecom Rumors", "teaser": "", "body": "", "url": "https://www.benzinga.com/node/9366679", "image": [], "channels": [{"name": "Analyst Color"}, {"name": "News"}, {"name": "Rumors"}, {"name": "M&A"}, {"name": "Analyst Ratings"}, {"name": "Media"}], "stocks": [{"name": "CMCSA"}, {"name": "DISH"}, {"name": "GSAT"}, {"name": "S"}, {"name": "STRP"}, {"name": "T"}, {"name": "TMUS"}, {"name": "VZ"}], "tags": [{"name": "Federal Communications Commission"}, {"name": "Height Securities"}, {"name": "JPMorgan"}, {"name": "Nils Tracy"}]}, {"id": 9366804, "author": "Benzinga", "created": "Fri, 28 Apr 2017 11:00:11 -0400", "updated": "Fri, 28 Apr 2017 11:00:11 -0400", "title": "A Quick Take On Big Tech's Q1 Results", "teaser": "", "body": "", "url": "https://www.benzinga.com/node/9366804", "image": [], "channels": [{"name": "Analyst Color"}, {"name": "Earnings"}, {"name": "Long Ideas"}, {"name": "News"}, {"name": "Guidance"}, {"name": "Reiteration"}, {"name": "Analyst Ratings"}, {"name": "Movers"}, {"name": "Tech"}, {"name": "Trading Ideas"}], "stocks": [{"name": "AMZN"}, {"name": "GOOG"}, {"name": "GOOGL"}, {"name": "INTC"}], "tags": [{"name": "Anthony DiClemente"}, {"name": "Google Play"}, {"name": "Google Search"}, {"name": "Romit Shah"}, {"name": "Technology"}, {"name": "Technology Earnings"}, {"name": "Technology Stocks"}, {"name": "YouTube"}]}, {"id": 9367029, "author": "Benzinga", "created": "Fri, 28 Apr 2017 11:10:08 -0400", "updated": "Fri, 28 Apr 2017 11:10:09 -0400", "title": "Skyworks Exceeds Expectations, Evolves Away From iPhone-Dependence", "teaser": "", "body": "", "url": "https://www.benzinga.com/node/9367029", "image": [], "channels": [{"name": "Analyst Color"}, {"name": "Earnings"}, {"name": "News"}, {"name": "Guidance"}, {"name": "Exclusives"}, {"name": "Analyst Ratings"}, {"name": "Movers"}, {"name": "Tech"}, {"name": "Trading Ideas"}, {"name": "Interview"}], "stocks": [{"name": "AAPL"}, {"name": "SSNLF"}, {"name": "SWKS"}], "tags": [{"name": "Galaxy S8"}, {"name": "iPhones"}, {"name": "Ivan Feinseth"}, {"name": "Note 8"}, {"name": "Samsung Galaxy S8"}, {"name": "Samsung Note 8"}, {"name": "Tigress Financial"}]}, {"id": 9360300, "author": "Benzinga", "created": "Fri, 28 Apr 2017 11:18:53 -0400", "updated": "Fri, 28 Apr 2017 11:18:54 -0400", "title": "Consulting The Crystal Ball To See How Apple May Reduce Its iPhone Dependence", "teaser": "", "body": "", "url": "https://www.benzinga.com/node/9360300", "image": [], "channels": [{"name": "News"}], "stocks": [{"name": "AAPL"}, {"name": "AMZN"}], "tags": [{"name": "AAPL"}, {"name": "Alexa"}, {"name": "Amazon"}, {"name": "iPhone 8"}, {"name": "Oppenheimer"}]}, {"id": 9367038, "author": "Benzinga", "created": "Fri, 28 Apr 2017 11:39:58 -0400", "updated": "Fri, 28 Apr 2017 11:39:58 -0400", "title": "Microsoft's Smart Cloud Business To Generate 10 Percent Growth In FY18, BMO Says", "teaser": "", "body": "", "url": "https://www.benzinga.com/node/9367038", "image": [], "channels": [{"name": "Analyst Color"}, {"name": "Earnings"}, {"name": "Long Ideas"}, {"name": "News"}, {"name": "Price Target"}, {"name": "Analyst Ratings"}, {"name": "Tech"}, {"name": "Trading Ideas"}], "stocks": [{"name": "MSFT"}], "tags": [{"name": "Azure"}, {"name": "BMO"}, {"name": "BMO Capital Markets"}, {"name": "cloud"}, {"name": "cloud computing"}, {"name": "cloud technology"}, {"name": "Keith Bachman"}, {"name": "Satya Nadella"}]}, {"id": 9359360, "author": "Benzinga", "created": "Fri, 28 Apr 2017 12:18:06 -0400", "updated": "Fri, 28 Apr 2017 12:18:06 -0400", "title": "In A Consolidating Space, Acquisition Target Dish Network Could Be The 'Kingmaker'", "teaser": "", "body": "", "url": "https://www.benzinga.com/node/9359360", "image": [], "channels": [{"name": "Analyst Color"}, {"name": "Long Ideas"}, {"name": "News"}, {"name": "Upgrades"}, {"name": "M&A"}, {"name": "Analyst Ratings"}, {"name": "Movers"}, {"name": "Tech"}, {"name": "Trading Ideas"}], "stocks": [{"name": "CMCSA"}, {"name": "DISH"}, {"name": "DTV"}, {"name": "S"}, {"name": "T"}, {"name": "TMUS"}, {"name": "TWX"}, {"name": "VZ"}], "tags": [{"name": "Barclays"}, {"name": "Kannan Venkateshwar"}]}, {"id": 9367973, "author": "Benzinga", "created": "Fri, 28 Apr 2017 12:20:12 -0400", "updated": "Fri, 28 Apr 2017 12:20:12 -0400", "title": "20 Biggest Mid-Day Losers For Friday", "teaser": "", "body": "", "url": "https://www.benzinga.com/node/9367973", "image": [], "channels": [{"name": "News"}, {"name": "Movers & Shakers"}, {"name": "Intraday Update"}, {"name": "Markets"}, {"name": "Analyst Ratings"}], "stocks": [{"name": "ARAY"}, {"name": "ATEN"}, {"name": "ATHN"}, {"name": "BCS"}, {"name": "CRMD"}, {"name": "ENSG"}, {"name": "FCEL"}, {"name": "GHL"}, {"name": "GIMO"}, {"name": "INTC"}, {"name": "LTRX"}, {"name": "MTRX"}, {"name": "ORC"}, {"name": "PCMI"}, {"name": "PDFS"}, {"name": "QCOM"}, {"name": "SBUX"}, {"name": "TIME"}, {"name": "TRXC"}, {"name": "VNCE"}], "tags": [{"name": "Communications Equipment"}, {"name": "Information Technology"}, {"name": "Mid-Day Losers"}, {"name": "Top Losers"}]}]