[{"id": 9222767, "author": "Benzinga", "created": "Tue, 28 Mar 2017 06:53:14 -0400", "updated": "Tue, 28 Mar 2017 06:53:19 -0400", "title": "Wall Street's M&A Chatter From March 28: Dow-DuPont, DryShips, Spotify-MightyTv", "teaser": "", "body": "", "url": "https://www.benzinga.com/node/9222767", "image": [], "channels": [{"name": "News"}, {"name": "M&A"}], "stocks": [{"name": "DD"}, {"name": "DOW"}, {"name": "DRYS"}, {"name": "P"}], "tags": [{"name": "MightyTv"}, {"name": "Spotify"}]}, {"id": 9223479, "author": "Benzinga", "created": "Tue, 28 Mar 2017 11:53:33 -0400", "updated": "Tue, 28 Mar 2017 11:53:33 -0400", "title": "Bloomberg Terminal Subscribers Declined For Just The Second Time Ever Last Year", "teaser": "", "body": "", "url": "https://www.benzinga.com/node/9223479", "image": [], "channels": [{"name": "News"}, {"name": "Tech"}], "stocks": [{"name": "JPM"}], "tags": [{"name": "Bloomberg"}, {"name": "Bloomberg Terminal"}, {"name": "Financial Data"}, {"name": "Finextra"}]}, {"id": 9225644, "author": "Benzinga", "created": "Tue, 28 Mar 2017 14:37:45 -0400", "updated": "Tue, 28 Mar 2017 14:37:46 -0400", "title": "Unpacking Samsung's UNPACKED Event: The Unveiling Of The New Galaxy S8", "teaser": "", "body": "", "url": "https://www.benzinga.com/node/9225644", "image": [], "channels": [{"name": "News"}, {"name": "Education"}, {"name": "Previews"}, {"name": "Events"}, {"name": "Movers"}, {"name": "Tech"}, {"name": "Media"}, {"name": "Trading Ideas"}, {"name": "General"}], "stocks": [{"name": "AAPL"}, {"name": "SSNLF"}], "tags": [{"name": "Bixby"}, {"name": "Galaxy S8"}, {"name": "Samsung Galaxy S8"}]}, {"id": 9225519, "author": "Benzinga", "created": "Tue, 28 Mar 2017 14:59:10 -0400", "updated": "Tue, 28 Mar 2017 14:59:10 -0400", "title": "A Day In The Life Of A Fintech Exec Who's Changing The Way Traders Communicate", "teaser": "", "body": "", "url": "https://www.benzinga.com/node/9225519", "image": [], "channels": [{"name": "Fintech"}, {"name": "News"}, {"name": "Success Stories"}, {"name": "Startups"}, {"name": "Exclusives"}, {"name": "Interview"}], "stocks": [{"name": "BCS"}, {"name": "JPM"}], "tags": [{"name": "A Day In The Life"}, {"name": "C9 Trader"}, {"name": "Cloud9"}, {"name": "Cloud9 Technologies"}, {"name": "German Soto-Sanchez"}]}, {"id": 9226880, "author": "Benzinga", "created": "Tue, 28 Mar 2017 16:42:07 -0400", "updated": "Tue, 28 Mar 2017 16:42:08 -0400", "title": "Big Day For The Auto Industry: Ford, GM And Tesla Dominate Headlines", "teaser": "", "body": "", "url": "https://www.benzinga.com/node/9226880", "image": [], "channels": [{"name": "News"}, {"name": "Hedge Funds"}, {"name": "Legal"}, {"name": "General"}], "stocks": [{"name": "F"}, {"name": "GM"}, {"name": "TCEHY"}, {"name": "TSLA"}, {"name": "AAPL"}], "tags": [{"name": "David Einhorn"}, {"name": "Donald Trump"}, {"name": "Elon Musk"}, {"name": "Ford"}, {"name": "General Motors"}, {"name": "Tencent"}, {"name": "Tesla"}]}]