[{"id": 8862756, "author": "Benzinga", "created": "Wed, 04 Jan 2017 09:11:47 -0400", "updated": "Wed, 04 Jan 2017 09:11:48 -0400", "title": "Callaway Golf's Newest 'Big Bertha' Generates Buzz Ahead Of PGA Merchandise Show", "teaser": "", "body": "", "url": "https://www.benzinga.com/node/8862756", "image": [], "channels": [{"name": "Analyst Color"}, {"name": "Long Ideas"}, {"name": "News"}, {"name": "Previews"}, {"name": "Reiteration"}, {"name": "Sports"}, {"name": "Events"}, {"name": "Analyst Ratings"}, {"name": "Trading Ideas"}, {"name": "General"}], "stocks": [{"name": "ELY"}, {"name": "NKE"}], "tags": [{"name": "Great Big Bertha Epic"}, {"name": "Rommel Dionisio"}, {"name": "Wunderlich"}]}, {"id": 8859368, "author": "Benzinga", "created": "Wed, 04 Jan 2017 10:20:19 -0400", "updated": "Wed, 04 Jan 2017 10:20:19 -0400", "title": "2016 Was The Biggest Year Ever At The Box Office, So What's In Store For 2017?", "teaser": "", "body": "", "url": "https://www.benzinga.com/node/8859368", "image": [], "channels": [{"name": "News"}, {"name": "Previews"}, {"name": "Events"}, {"name": "Tech"}, {"name": "Media"}, {"name": "Trading Ideas"}, {"name": "General"}], "stocks": [{"name": "CMCSA"}, {"name": "DIS"}, {"name": "TWX"}], "tags": [{"name": "Beauty and the Beast"}, {"name": "Blade Runner 2049"}, {"name": "Despicable Me"}, {"name": "Despicable Me 3"}, {"name": "Fifty Shades Darker"}, {"name": "Fifty Shades of Grey"}, {"name": "Guardians of the Galaxy 2"}, {"name": "Justice League"}, {"name": "Marvel"}, {"name": "Pirates of the Caribbean"}, {"name": "Ragnarok"}, {"name": "Rogue One"}, {"name": "Star Wars"}, {"name": "Star Wars Episode VIII"}, {"name": "The Fate of the Furious"}, {"name": "The LEGO Batman Movie"}, {"name": "The Mummy"}, {"name": "Thor"}, {"name": "Tom Cruise"}, {"name": "Universal Studios"}, {"name": "Warner Bros."}, {"name": "Wonder Woman"}]}, {"id": 8863265, "author": "Benzinga", "created": "Wed, 04 Jan 2017 10:42:22 -0400", "updated": "Wed, 04 Jan 2017 10:42:22 -0400", "title": "Smartphone Sales To Rebound After 3-Year Low: Accenture", "teaser": "", "body": "", "url": "https://www.benzinga.com/node/8863265", "image": [], "channels": [{"name": "News"}, {"name": "Tech"}, {"name": "Media"}, {"name": "General"}], "stocks": [{"name": "AAPL"}, {"name": "AMZN"}, {"name": "GOOG"}, {"name": "GOOGL"}], "tags": [{"name": "accenture"}, {"name": "David Sovie"}]}, {"id": 8864656, "author": "Benzinga", "created": "Wed, 04 Jan 2017 13:37:33 -0400", "updated": "Wed, 04 Jan 2017 13:37:33 -0400", "title": "Athleisure War? Amazon Will Sell Its Own Line Of Clothing", "teaser": "", "body": "", "url": "https://www.benzinga.com/node/8864656", "image": [], "channels": [{"name": "Analyst Color"}, {"name": "News"}, {"name": "Sports"}, {"name": "Media"}, {"name": "General"}], "stocks": [{"name": "AMZN"}, {"name": "LULU"}, {"name": "NKE"}, {"name": "UAA"}], "tags": [{"name": "Amazon"}, {"name": "Amazon Apparel"}, {"name": "Amazon Prime"}, {"name": "Amazon Private Brands"}, {"name": "Amazon White Label"}, {"name": "DanKurnos"}, {"name": "ReCode"}]}, {"id": 8865001, "author": "Benzinga", "created": "Wed, 04 Jan 2017 14:49:52 -0400", "updated": "Wed, 04 Jan 2017 14:49:53 -0400", "title": "Will Walgreens Start The New Year Off Strong?", "teaser": "", "body": "", "url": "https://www.benzinga.com/node/8865001", "image": [], "channels": [{"name": "Analyst Color"}, {"name": "Earnings"}, {"name": "Long Ideas"}, {"name": "News"}, {"name": "Previews"}, {"name": "Reiteration"}, {"name": "M&A"}, {"name": "Analyst Ratings"}, {"name": "Movers"}, {"name": "Trading Ideas"}], "stocks": [{"name": "CVS"}, {"name": "FRED"}, {"name": "RAD"}, {"name": "WBA"}], "tags": [{"name": "Deutsche Bank"}]}, {"id": 8865303, "author": "Benzinga", "created": "Wed, 04 Jan 2017 15:20:23 -0400", "updated": "Wed, 04 Jan 2017 15:20:24 -0400", "title": "2017's Largest Movie Flicks Weren't Cheap To Make", "teaser": "", "body": "", "url": "https://www.benzinga.com/node/8865303", "image": [], "channels": [{"name": "CNBC"}, {"name": "News"}, {"name": "Tech"}, {"name": "Media"}, {"name": "General"}], "stocks": [{"name": "DIS"}], "tags": [{"name": "box office"}, {"name": "Film Studios"}, {"name": "movies"}]}, {"id": 8865556, "author": "Benzinga", "created": "Wed, 04 Jan 2017 16:16:25 -0400", "updated": "Wed, 04 Jan 2017 16:16:26 -0400", "title": "Hulu Adds CBS, The Most-Watched Network, To Live-Streaming Service", "teaser": "", "body": "", "url": "https://www.benzinga.com/node/8865556", "image": [], "channels": [{"name": "Analyst Color"}, {"name": "News"}, {"name": "Movers"}, {"name": "Tech"}, {"name": "Media"}, {"name": "Interview"}], "stocks": [{"name": "CBS"}, {"name": "DIS"}, {"name": "FOXA"}], "tags": [{"name": "CBS"}, {"name": "Hulu"}, {"name": "Laura Martin"}, {"name": "Lucas Shaw"}, {"name": "sports"}, {"name": "streaming video"}, {"name": "Turner Networks"}, {"name": "tv"}, {"name": "Video On Demand"}]}, {"id": 8867030, "author": "Benzinga", "created": "Wed, 04 Jan 2017 17:49:37 -0400", "updated": "Wed, 04 Jan 2017 17:49:38 -0400", "title": "Apple Pledges $1 Billion In Softbank's Tech Fund; Good News For Sprint?", "teaser": "", "body": "", "url": "https://www.benzinga.com/node/8867030", "image": [], "channels": [{"name": "News"}, {"name": "Legal"}, {"name": "Tech"}], "stocks": [{"name": "AAPL"}, {"name": "S"}, {"name": "SFTBF"}, {"name": "TMUS"}], "tags": [{"name": "Donald Trump"}, {"name": "Masayoshi Son"}, {"name": "Softbank"}]}]