[{"id": 9656525, "author": "Benzinga", "created": "Tue, 27 Jun 2017 05:16:56 -0400", "updated": "Tue, 27 Jun 2017 05:16:56 -0400", "title": "Apple Acquires SensoMotoric -MacRumors", "teaser": "", "body": "", "url": "https://www.benzinga.com/node/9656525", "image": [], "channels": [{"name": "News"}, {"name": "Rumors"}, {"name": "M&A"}, {"name": "Tech"}], "stocks": [{"name": "AAPL"}], "tags": [{"name": "MacRumors"}]}, {"id": 9657025, "author": "Benzinga", "created": "Tue, 27 Jun 2017 07:13:25 -0400", "updated": "Tue, 27 Jun 2017 07:13:26 -0400", "title": "Wall Street's M&A Chatter From June 26: CST Brands, Rite Aid-Walgreens, Sinovac", "teaser": "", "body": "", "url": "https://www.benzinga.com/node/9657025", "image": [], "channels": [{"name": "News"}, {"name": "Rumors"}, {"name": "M&A"}], "stocks": [{"name": "CST"}, {"name": "FRED"}, {"name": "RAD"}, {"name": "SVA"}, {"name": "WBA"}], "tags": []}, {"id": 9655843, "author": "Benzinga", "created": "Tue, 27 Jun 2017 08:22:17 -0400", "updated": "Tue, 27 Jun 2017 08:22:18 -0400", "title": "20 Money Facts About The 'Harry Potter' Franchise", "teaser": "", "body": "", "url": "https://www.benzinga.com/node/9655843", "image": [], "channels": [{"name": "News"}, {"name": "Education"}, {"name": "Movers & Shakers"}, {"name": "Events"}, {"name": "Top Stories"}, {"name": "Success Stories"}, {"name": "Media"}, {"name": "General"}], "stocks": [{"name": "CMCSA"}, {"name": "DIS"}, {"name": "HAS"}, {"name": "MAT"}, {"name": "SCHL"}, {"name": "TWTR"}], "tags": [{"name": "Daniel Radcliffe"}, {"name": "Harry Potter"}, {"name": "JK Rowling"}, {"name": "Scholastic"}]}, {"id": 9657137, "author": "Benzinga", "created": "Tue, 27 Jun 2017 09:01:10 -0400", "updated": "Tue, 27 Jun 2017 09:01:10 -0400", "title": "The Market In 5 Minutes", "teaser": "", "body": "", "url": "https://www.benzinga.com/node/9657137", "image": [], "channels": [{"name": "News"}, {"name": "Global"}, {"name": "Pre-Market Outlook"}, {"name": "Markets"}], "stocks": [{"name": "AAPL"}, {"name": "CAR"}, {"name": "CSCO"}, {"name": "GOOGL"}, {"name": "IBM"}, {"name": "JCP"}, {"name": "LH"}, {"name": "MON"}, {"name": "SNAP"}, {"name": "SPY"}, {"name": "STM"}, {"name": "W"}], "tags": [{"name": "Market in 5 minutes"}]}, {"id": 9657692, "author": "Benzinga", "created": "Tue, 27 Jun 2017 09:26:12 -0400", "updated": "Tue, 27 Jun 2017 09:26:13 -0400", "title": "Sprint In Talks With Comcast; T-Mobile Deal Put Aside", "teaser": "", "body": "", "url": "https://www.benzinga.com/node/9657692", "image": [], "channels": [{"name": "News"}, {"name": "Rumors"}, {"name": "M&A"}, {"name": "Movers"}, {"name": "Tech"}, {"name": "Media"}], "stocks": [{"name": "CHTR"}, {"name": "CMCSA"}, {"name": "S"}, {"name": "TMUS"}, {"name": "VZ"}], "tags": [{"name": "cable"}, {"name": "Cable Companies"}, {"name": "Masayoshi Son"}, {"name": "Reuters"}, {"name": "Wall Street Journal"}, {"name": "Wireless Companies"}]}, {"id": 9657711, "author": "Benzinga", "created": "Tue, 27 Jun 2017 09:36:06 -0400", "updated": "Tue, 27 Jun 2017 09:36:06 -0400", "title": "Walmart To Partner With Quest Diagnostics To Offer In-Store Lab Work", "teaser": "", "body": "", "url": "https://www.benzinga.com/node/9657711", "image": [], "channels": [{"name": "News"}, {"name": "Health Care"}, {"name": "Contracts"}, {"name": "Retail Sales"}, {"name": "General"}], "stocks": [{"name": "AMZN"}, {"name": "CVS"}, {"name": "DGX"}, {"name": "RAD"}, {"name": "WBA"}, {"name": "WFM"}, {"name": "WMT"}, {"name": "SWY"}], "tags": [{"name": "Drug Store News"}, {"name": "George Riedl"}, {"name": "Steve Rusckowski"}]}, {"id": 9658424, "author": "Benzinga", "created": "Tue, 27 Jun 2017 10:39:24 -0400", "updated": "Tue, 27 Jun 2017 10:39:25 -0400", "title": "Avis, Hertz Provide Glimpses Into The Car Rental Space Of An Autonomous Future", "teaser": "", "body": "", "url": "https://www.benzinga.com/node/9658424", "image": [], "channels": [{"name": "Analyst Color"}, {"name": "Long Ideas"}, {"name": "News"}, {"name": "Reiteration"}, {"name": "Travel"}, {"name": "Analyst Ratings"}, {"name": "Movers"}, {"name": "Tech"}, {"name": "Trading Ideas"}, {"name": "General"}], "stocks": [{"name": "AAPL"}, {"name": "CAR"}, {"name": "F"}, {"name": "GM"}, {"name": "GOOG"}, {"name": "GOOGL"}, {"name": "HTZ"}], "tags": [{"name": "Christopher Agnew"}, {"name": "MKM Partners"}, {"name": "Waymo"}]}, {"id": 9658712, "author": "Benzinga", "created": "Tue, 27 Jun 2017 12:24:39 -0400", "updated": "Tue, 27 Jun 2017 12:24:39 -0400", "title": "The Prospect Of The U.S. Blocking The Bayer-Monsanto Deal Can't Be Dismissed", "teaser": "", "body": "", "url": "https://www.benzinga.com/node/9658712", "image": [], "channels": [{"name": "Analyst Color"}, {"name": "Biotech"}, {"name": "Earnings"}, {"name": "News"}, {"name": "Guidance"}, {"name": "Downgrades"}, {"name": "Futures"}, {"name": "Price Target"}, {"name": "Previews"}, {"name": "Politics"}, {"name": "Markets"}, {"name": "Analyst Ratings"}, {"name": "Trading Ideas"}, {"name": "General"}], "stocks": [{"name": "BAYRY"}, {"name": "DD"}, {"name": "DOW"}, {"name": "MON"}, {"name": "SYT"}], "tags": [{"name": "Bayer"}, {"name": "ChemChina"}, {"name": "Don Carson"}, {"name": "Susquehanna"}]}, {"id": 9659661, "author": "Benzinga", "created": "Tue, 27 Jun 2017 13:32:13 -0400", "updated": "Tue, 27 Jun 2017 13:32:13 -0400", "title": "Sprint 'The Most Interesting Stock' On Wells Fargo's Wireless List Following Report Of Comcast Talks", "teaser": "", "body": "", "url": "https://www.benzinga.com/node/9659661", "image": [], "channels": [{"name": "Analyst Color"}, {"name": "Long Ideas"}, {"name": "News"}, {"name": "Rumors"}, {"name": "Reiteration"}, {"name": "M&A"}, {"name": "Analyst Ratings"}, {"name": "Movers"}, {"name": "Tech"}, {"name": "Trading Ideas"}], "stocks": [{"name": "CHTR"}, {"name": "CMCSA"}, {"name": "DISH"}, {"name": "S"}, {"name": "T"}, {"name": "TMUS"}, {"name": "VZ"}], "tags": [{"name": "Jennifer Fritzsche"}, {"name": "Wells Fargo"}]}, {"id": 9659398, "author": "Benzinga", "created": "Tue, 27 Jun 2017 13:41:13 -0400", "updated": "Tue, 27 Jun 2017 13:41:13 -0400", "title": "Nvidia-Volkswagen Relationship Deepens As Deluge Of Autonomous Car News Continues", "teaser": "", "body": "", "url": "https://www.benzinga.com/node/9659398", "image": [], "channels": [{"name": "Analyst Color"}, {"name": "Long Ideas"}, {"name": "News"}, {"name": "Contracts"}, {"name": "Reiteration"}, {"name": "Travel"}, {"name": "Analyst Ratings"}, {"name": "Tech"}, {"name": "Trading Ideas"}, {"name": "General"}], "stocks": [{"name": "AAPL"}, {"name": "ALV"}, {"name": "CAR"}, {"name": "GOOG"}, {"name": "GOOGL"}, {"name": "HTZ"}, {"name": "NVDA"}, {"name": "VLKAY"}, {"name": "VOLVY"}], "tags": [{"name": "David Lim"}, {"name": "Waymo"}, {"name": "Wells Fargo"}, {"name": "Zenuity"}]}, {"id": 9660113, "author": "Benzinga", "created": "Tue, 27 Jun 2017 14:31:47 -0400", "updated": "Tue, 27 Jun 2017 14:31:47 -0400", "title": "Ransomware Rears Its Head Again As 150 Countries Hit By New Virus", "teaser": "", "body": "", "url": "https://www.benzinga.com/node/9660113", "image": [], "channels": [{"name": "News"}, {"name": "Futures"}, {"name": "Politics"}, {"name": "Forex"}, {"name": "Events"}, {"name": "Global"}, {"name": "Markets"}, {"name": "Tech"}, {"name": "Media"}, {"name": "General"}], "stocks": [{"name": "MRK"}], "tags": [{"name": "A.P. Moller-Maersk"}, {"name": "Bitcoin"}, {"name": "Chernobyl"}, {"name": "cryptocurrency"}, {"name": "cyberattack"}, {"name": "Cybersecurity"}, {"name": "F-Secure"}, {"name": "India"}, {"name": "Mikko Hypponen"}, {"name": "Norway"}, {"name": "ransomware"}, {"name": "Reuters"}, {"name": "Rosneft"}, {"name": "Russia"}, {"name": "Ukraine"}, {"name": "Washington Post"}, {"name": "WPP"}]}, {"id": 9659780, "author": "Benzinga", "created": "Tue, 27 Jun 2017 14:34:32 -0400", "updated": "Tue, 27 Jun 2017 14:34:32 -0400", "title": "Pharmaceuticals Abound Among This Week's 11 IPOs", "teaser": "", "body": "", "url": "https://www.benzinga.com/node/9659780", "image": [], "channels": [{"name": "Biotech"}, {"name": "News"}, {"name": "Futures"}, {"name": "IPOs"}, {"name": "Markets"}, {"name": "Trading Ideas"}, {"name": "General"}], "stocks": [{"name": "CMCSA"}, {"name": "CVX"}, {"name": "FBIO"}, {"name": "IONS"}, {"name": "SNE"}, {"name": "TM"}], "tags": [{"name": "Aileron Therapeutics"}, {"name": "AKCA"}, {"name": "Akcea Therapeutics"}, {"name": "ALRN"}, {"name": "APRN"}, {"name": "ATXI"}, {"name": "Avenue Therapeutics"}, {"name": "Blue Apron Holdings"}, {"name": "BY"}, {"name": "Byline Bancorp"}, {"name": "DOVA"}, {"name": "Dova Pharmaceuticals"}, {"name": "ESQ"}, {"name": "Esquire Financial Holdings"}, {"name": "IPOs"}, {"name": "Mersana Therapeutics"}, {"name": "MRSN"}, {"name": "PIXY"}, {"name": "ShiftPixy"}, {"name": "Tintri TNTR"}, {"name": "TPG Pace Holdigns"}, {"name": "TPGHU"}]}]