[{"id": 9425465, "author": "Benzinga", "created": "Tue, 09 May 2017 04:32:23 -0400", "updated": "Tue, 09 May 2017 04:32:23 -0400", "title": "Earnings Scheduled For May 9, 2017", "teaser": "", "body": "", "url": "https://www.benzinga.com/node/9425465", "image": [], "channels": [{"name": "Earnings"}, {"name": "News"}, {"name": "Pre-Market Outlook"}, {"name": "Markets"}], "stocks": [{"name": "ACM"}, {"name": "AER"}, {"name": "AGN"}, {"name": "AON"}, {"name": "BUFF"}, {"name": "CHEF"}, {"name": "CORE"}, {"name": "DF"}, {"name": "DIS"}, {"name": "DISCA"}, {"name": "DOX"}, {"name": "DUK"}, {"name": "EA"}, {"name": "ENDP"}, {"name": "FOSL"}, {"name": "HSIC"}, {"name": "IAG"}, {"name": "JAZZ"}, {"name": "KAR"}, {"name": "MCHP"}, {"name": "MDC"}, {"name": "NUAN"}, {"name": "NVDA"}, {"name": "NWSA"}, {"name": "ODP"}, {"name": "PCLN"}, {"name": "SEAS"}, {"name": "SEE"}, {"name": "SLF"}, {"name": "SPWR"}, {"name": "SRE"}, {"name": "TDG"}, {"name": "TRIP"}, {"name": "USFD"}, {"name": "VRX"}, {"name": "WAIR"}, {"name": "XRAY"}, {"name": "YELP"}, {"name": "ZBRA"}], "tags": [{"name": "Earnings schedule"}, {"name": "Information Technology"}, {"name": "Semiconductors"}]}, {"id": 9425551, "author": "Benzinga", "created": "Tue, 09 May 2017 05:24:34 -0400", "updated": "Tue, 09 May 2017 05:24:34 -0400", "title": "12 Stocks To Watch For May 9, 2017", "teaser": "", "body": "", "url": "https://www.benzinga.com/node/9425551", "image": [], "channels": [{"name": "Earnings"}, {"name": "News"}, {"name": "Guidance"}, {"name": "Pre-Market Outlook"}, {"name": "Markets"}, {"name": "Trading Ideas"}], "stocks": [{"name": "DF"}, {"name": "DIS"}, {"name": "DISCA"}, {"name": "EA"}, {"name": "HTZ"}, {"name": "MAR"}, {"name": "NVDA"}, {"name": "P"}, {"name": "PCLN"}, {"name": "RGR"}, {"name": "SEE"}, {"name": "XRAY"}], "tags": [{"name": "Consumer Discretionary"}, {"name": "Hotels, Resorts & Cruise Lines"}, {"name": "Stocks To Watch"}, {"name": "Stocks to Watch"}]}, {"id": 9422315, "author": "Benzinga", "created": "Tue, 09 May 2017 08:40:00 -0400", "updated": "Tue, 09 May 2017 08:40:00 -0400", "title": "IPads, Kindles Still Strong Amid Global Tablet Downfall", "teaser": "", "body": "", "url": "https://www.benzinga.com/node/9422315", "image": [], "channels": [{"name": "News"}, {"name": "Emerging Markets"}, {"name": "Eurozone"}, {"name": "Markets"}, {"name": "Tech"}, {"name": "Media"}], "stocks": [{"name": "AAPL"}, {"name": "AMZN"}, {"name": "HPQ"}, {"name": "LNVGY"}, {"name": "MSFT"}, {"name": "SSNLF"}], "tags": [{"name": "Huawei"}, {"name": "IDC"}, {"name": "iPad"}, {"name": "iPad Pro"}, {"name": "Kindle"}, {"name": "Kindle Fire"}, {"name": "Linn Huang"}, {"name": "tablets"}]}, {"id": 9426587, "author": "Benzinga", "created": "Tue, 09 May 2017 09:00:25 -0400", "updated": "Tue, 09 May 2017 09:00:26 -0400", "title": "The Market In 5 Minutes", "teaser": "", "body": "", "url": "https://www.benzinga.com/node/9426587", "image": [], "channels": [{"name": "News"}, {"name": "Global"}, {"name": "Top Stories"}, {"name": "Pre-Market Outlook"}, {"name": "Markets"}], "stocks": [{"name": "ALV"}, {"name": "CHTR"}, {"name": "CMCSA"}, {"name": "ETP"}, {"name": "FB"}, {"name": "FRGI"}, {"name": "FSS"}, {"name": "GS"}, {"name": "KATE"}, {"name": "ONDK"}, {"name": "VRX"}], "tags": [{"name": "Market in 5 minutes"}]}, {"id": 9428042, "author": "Benzinga", "created": "Tue, 09 May 2017 10:09:49 -0400", "updated": "Tue, 09 May 2017 10:09:50 -0400", "title": "Prestige Brands Seen As A Prime Takeout Candidate On Cash Flow Strength, Earnings Growth", "teaser": "", "body": "", "url": "https://www.benzinga.com/node/9428042", "image": [], "channels": [{"name": "Analyst Color"}, {"name": "Long Ideas"}, {"name": "News"}, {"name": "Rumors"}, {"name": "Price Target"}, {"name": "Initiation"}, {"name": "M&A"}, {"name": "Analyst Ratings"}, {"name": "Trading Ideas"}], "stocks": [{"name": "PBH"}, {"name": "PG"}, {"name": "TEVA"}], "tags": [{"name": "DA Davidson"}, {"name": "healthcare"}, {"name": "Househould Brands"}, {"name": "Linda Bolton Weiser"}, {"name": "Prestige Brands"}]}, {"id": 9429559, "author": "Benzinga", "created": "Tue, 09 May 2017 12:27:37 -0400", "updated": "Tue, 09 May 2017 12:27:37 -0400", "title": "Bank Of America Likes Intel, Advanced Micro Devices; Keep An Eye On Analyst Day", "teaser": "", "body": "", "url": "https://www.benzinga.com/node/9429559", "image": [], "channels": [{"name": "Analyst Color"}, {"name": "Long Ideas"}, {"name": "News"}, {"name": "Previews"}, {"name": "Reiteration"}, {"name": "Events"}, {"name": "Analyst Ratings"}, {"name": "Tech"}, {"name": "Trading Ideas"}], "stocks": [{"name": "AMD"}, {"name": "INTC"}], "tags": [{"name": "AMD"}, {"name": "Bank of America"}, {"name": "Notebooks"}, {"name": "PC"}, {"name": "PlayStation VR"}, {"name": "PS4 Pro"}, {"name": "Ryzen"}, {"name": "semiconductors"}, {"name": "Vivek Arya"}, {"name": "xbox"}]}, {"id": 9430034, "author": "Benzinga", "created": "Tue, 09 May 2017 13:27:34 -0400", "updated": "Tue, 09 May 2017 13:27:34 -0400", "title": "Apple Will Likely Make An Acquisition, But Maybe Not For The Reason You Think", "teaser": "", "body": "", "url": "https://www.benzinga.com/node/9430034", "image": [], "channels": [{"name": "Analyst Color"}, {"name": "News"}, {"name": "Rumors"}, {"name": "M&A"}, {"name": "Analyst Ratings"}, {"name": "Tech"}], "stocks": [{"name": "AAPL"}, {"name": "NFLX"}], "tags": [{"name": "Apple"}, {"name": "Apple M&A"}, {"name": "Steven Milunovich"}]}, {"id": 9432098, "author": "Benzinga", "created": "Tue, 09 May 2017 16:21:58 -0400", "updated": "Tue, 09 May 2017 16:21:58 -0400", "title": "Disney Beats Q2 EPS Estimates, Revenues Fall A Bit Short", "teaser": "", "body": "", "url": "https://www.benzinga.com/node/9432098", "image": [], "channels": [{"name": "Earnings"}, {"name": "News"}, {"name": "After-Hours Center"}, {"name": "Movers"}], "stocks": [{"name": "DIS"}], "tags": [{"name": "disney"}, {"name": "Iger"}]}]