[{"id": 9078834, "author": "Benzinga", "created": "Wed, 22 Feb 2017 08:07:03 -0400", "updated": "Wed, 22 Feb 2017 08:07:05 -0400", "title": "Wall Street's M&A Chatter From February 21", "teaser": "", "body": "", "url": "https://www.benzinga.com/node/9078834", "image": [], "channels": [{"name": "News"}, {"name": "Rumors"}, {"name": "M&A"}], "stocks": [{"name": "BMY"}, {"name": "FBRC"}, {"name": "LM"}, {"name": "PLKI"}, {"name": "QSR"}, {"name": "RILY"}, {"name": "VZ"}, {"name": "YHOO"}], "tags": [{"name": "Asset Management & Custody Banks"}, {"name": "Financials"}]}, {"id": 9076159, "author": "Benzinga", "created": "Wed, 22 Feb 2017 09:22:08 -0400", "updated": "Wed, 22 Feb 2017 09:22:08 -0400", "title": "Discount Retail Winning: The Battle Between Off-Price And On-Mall Retailers", "teaser": "", "body": "", "url": "https://www.benzinga.com/node/9076159", "image": [], "channels": [{"name": "Analyst Color"}, {"name": "Long Ideas"}, {"name": "News"}, {"name": "Price Target"}, {"name": "Previews"}, {"name": "Reiteration"}, {"name": "Analyst Ratings"}, {"name": "Trading Ideas"}], "stocks": [{"name": "TJX"}, {"name": "WMT"}], "tags": [{"name": "discount retail"}, {"name": "malls"}, {"name": "off-price retail"}, {"name": "retail"}, {"name": "Wedbush"}]}, {"id": 9079183, "author": "Benzinga", "created": "Wed, 22 Feb 2017 10:07:25 -0400", "updated": "Wed, 22 Feb 2017 10:07:25 -0400", "title": "Is The Rally In Bank Stocks Over?", "teaser": "", "body": "", "url": "https://www.benzinga.com/node/9079183", "image": [], "channels": [{"name": "Analyst Color"}, {"name": "News"}, {"name": "Politics"}, {"name": "Markets"}, {"name": "Movers"}, {"name": "Media"}, {"name": "General"}], "stocks": [{"name": "C"}, {"name": "GS"}, {"name": "JPM"}], "tags": [{"name": "bank stocks"}, {"name": "banks"}, {"name": "Bloomberg"}, {"name": "financial stocks"}, {"name": "Keith Horowitz"}]}, {"id": 9080094, "author": "Benzinga", "created": "Wed, 22 Feb 2017 10:29:08 -0400", "updated": "Wed, 22 Feb 2017 10:29:12 -0400", "title": "The Market In 5 Minutes", "teaser": "", "body": "", "url": "https://www.benzinga.com/node/9080094", "image": [], "channels": [{"name": "News"}, {"name": "Global"}, {"name": "Top Stories"}, {"name": "Markets"}], "stocks": [{"name": "BMY"}, {"name": "FMCC"}, {"name": "GM"}, {"name": "JPM"}, {"name": "M"}, {"name": "MS"}, {"name": "PH"}, {"name": "RL"}, {"name": "SPY"}, {"name": "TM"}, {"name": "TRIP"}, {"name": "UPS"}, {"name": "VFC"}, {"name": "VZ"}, {"name": "WMT"}, {"name": "YHOO"}, {"name": "FNME"}], "tags": [{"name": "Consumer Discretionary"}, {"name": "Department Stores"}, {"name": "Market in 5 minutes"}]}, {"id": 9079970, "author": "Benzinga", "created": "Wed, 22 Feb 2017 10:52:57 -0400", "updated": "Wed, 22 Feb 2017 10:52:57 -0400", "title": "Argus Raises Home Depot's Target To $160 Following Big Q4 Beat", "teaser": "", "body": "", "url": "https://www.benzinga.com/node/9079970", "image": [], "channels": [{"name": "Analyst Color"}, {"name": "Earnings"}, {"name": "Long Ideas"}, {"name": "News"}, {"name": "Price Target"}, {"name": "Reiteration"}, {"name": "Analyst Ratings"}, {"name": "Trading Ideas"}], "stocks": [{"name": "HD"}], "tags": [{"name": "Argus"}, {"name": "Chris Graja"}]}, {"id": 9080299, "author": "Benzinga", "created": "Wed, 22 Feb 2017 11:48:45 -0400", "updated": "Wed, 22 Feb 2017 11:48:46 -0400", "title": "What Is A 'Best Of Breed' Stock?", "teaser": "", "body": "", "url": "https://www.benzinga.com/node/9080299", "image": [], "channels": [{"name": "News"}, {"name": "Education"}, {"name": "Movers"}, {"name": "Personal Finance"}, {"name": "Trading Ideas"}, {"name": "General"}], "stocks": [{"name": "AMZN"}, {"name": "FB"}, {"name": "FSLR"}, {"name": "MSFT"}, {"name": "SPWR"}, {"name": "TM"}, {"name": "TWTR"}], "tags": []}, {"id": 9080445, "author": "Benzinga", "created": "Wed, 22 Feb 2017 11:57:03 -0400", "updated": "Wed, 22 Feb 2017 11:57:04 -0400", "title": "Wal-Mart's E-Commerce Investments Paying Off, However Modestly", "teaser": "", "body": "", "url": "https://www.benzinga.com/node/9080445", "image": [], "channels": [{"name": "Analyst Color"}, {"name": "Earnings"}, {"name": "News"}, {"name": "Price Target"}, {"name": "Reiteration"}, {"name": "Analyst Ratings"}, {"name": "Movers"}], "stocks": [{"name": "WMT"}], "tags": [{"name": "Jet.com"}, {"name": "Mark Astrachan"}, {"name": "Stifel"}]}, {"id": 9080922, "author": "Benzinga", "created": "Wed, 22 Feb 2017 13:08:54 -0400", "updated": "Wed, 22 Feb 2017 13:08:54 -0400", "title": "Salesforce Expected To Deliver Across The Board Beat In Q4", "teaser": "", "body": "", "url": "https://www.benzinga.com/node/9080922", "image": [], "channels": [{"name": "Analyst Color"}, {"name": "Earnings"}, {"name": "Long Ideas"}, {"name": "News"}, {"name": "Price Target"}, {"name": "Previews"}, {"name": "Reiteration"}, {"name": "Analyst Ratings"}, {"name": "Tech"}, {"name": "Trading Ideas"}], "stocks": [{"name": "CRM"}], "tags": [{"name": "Bhavan Suri"}, {"name": "William Blair"}]}, {"id": 8876327, "author": "Benzinga", "created": "Wed, 22 Feb 2017 13:40:12 -0400", "updated": "Wed, 22 Feb 2017 13:40:13 -0400", "title": "These ETFs Could Help You Trade Short-Term Moves In Defensive Sectors", "teaser": "", "body": "", "url": "https://www.benzinga.com/node/8876327", "image": [], "channels": [{"name": "Long Ideas"}, {"name": "News"}, {"name": "Sector ETFs"}, {"name": "Short Ideas"}, {"name": "Specialty ETFs"}, {"name": "New ETFs"}, {"name": "Commodities"}, {"name": "Intraday Update"}, {"name": "Markets"}, {"name": "Trading Ideas"}, {"name": "ETFs"}], "stocks": [{"name": "DUK"}, {"name": "KO"}, {"name": "NEE"}, {"name": "PG"}, {"name": "PM"}, {"name": "SO"}, {"name": "SPLZ"}, {"name": "UTLZ"}], "tags": [{"name": "consumer staples"}, {"name": "consumer staples ETFs"}, {"name": "Utilities"}, {"name": "utilities ETFs"}]}]