[{"id": 9650887, "author": "Benzinga", "created": "Mon, 26 Jun 2017 05:16:38 -0400", "updated": "Mon, 26 Jun 2017 05:16:38 -0400", "title": "Stocks To Watch For June 26, 2017", "teaser": "", "body": "", "url": "https://www.benzinga.com/node/9650887", "image": [], "channels": [{"name": "Earnings"}, {"name": "News"}, {"name": "Management"}, {"name": "M&A"}, {"name": "Pre-Market Outlook"}, {"name": "Markets"}, {"name": "Trading Ideas"}], "stocks": [{"name": "AMGN"}, {"name": "ARCW"}, {"name": "IBTX"}, {"name": "SCHN"}, {"name": "TBK"}, {"name": "WFM"}, {"name": "WMT"}], "tags": [{"name": "Stocks To Watch"}, {"name": "Stocks to Watch"}]}, {"id": 9651408, "author": "Benzinga", "created": "Mon, 26 Jun 2017 07:31:33 -0400", "updated": "Mon, 26 Jun 2017 07:31:34 -0400", "title": "Wall Street's M&A Chatter From June 22-25: Alcobra, Etsy, Sprouts Farmers Market, Whole Foods", "teaser": "", "body": "", "url": "https://www.benzinga.com/node/9651408", "image": [], "channels": [{"name": "News"}, {"name": "Rumors"}, {"name": "M&A"}], "stocks": [{"name": "ADHD"}, {"name": "AMZN"}, {"name": "ETSY"}, {"name": "SFM"}, {"name": "WFM"}, {"name": "WMT"}], "tags": []}, {"id": 9651458, "author": "Benzinga", "created": "Mon, 26 Jun 2017 07:50:04 -0400", "updated": "Mon, 26 Jun 2017 07:50:04 -0400", "title": "A Peek Into The Markets: U.S. Stock Futures Gain Ahead Of Durable-Goods Orders Report", "teaser": "", "body": "", "url": "https://www.benzinga.com/node/9651458", "image": [], "channels": [{"name": "News"}, {"name": "Eurozone"}, {"name": "Futures"}, {"name": "M&A"}, {"name": "Global"}, {"name": "Pre-Market Outlook"}, {"name": "Markets"}], "stocks": [{"name": "AMZN"}, {"name": "IBTX"}, {"name": "MLM"}, {"name": "P"}, {"name": "TBK"}, {"name": "WFM"}, {"name": "WMT"}, {"name": "YUM"}], "tags": [{"name": "A Peek Into The Markets"}, {"name": "Pacific Crest"}, {"name": "U.S. stock futures"}]}, {"id": 9651770, "author": "Benzinga", "created": "Mon, 26 Jun 2017 09:01:31 -0400", "updated": "Mon, 26 Jun 2017 09:01:32 -0400", "title": "The Market In 5 Minutes", "teaser": "", "body": "", "url": "https://www.benzinga.com/node/9651770", "image": [], "channels": [{"name": "News"}, {"name": "Global"}, {"name": "Top Stories"}, {"name": "Pre-Market Outlook"}, {"name": "Markets"}], "stocks": [{"name": "AAPL"}, {"name": "DUK"}, {"name": "DVA"}, {"name": "HIIQ"}, {"name": "NSRGY"}, {"name": "P"}, {"name": "SPY"}, {"name": "VC"}, {"name": "WDC"}, {"name": "WEC"}], "tags": [{"name": "Market in 5 minutes"}]}, {"id": 9634178, "author": "Benzinga", "created": "Mon, 26 Jun 2017 09:05:43 -0400", "updated": "Mon, 26 Jun 2017 09:05:43 -0400", "title": "Attention To Details: Neos' ADHD Portfolio", "teaser": "", "body": "", "url": "https://www.benzinga.com/node/9634178", "image": [], "channels": [{"name": "Biotech"}, {"name": "News"}, {"name": "Health Care"}, {"name": "Technicals"}, {"name": "Movers"}, {"name": "Trading Ideas"}, {"name": "General"}], "stocks": [{"name": "CXRX"}, {"name": "JNJ"}, {"name": "LLY"}, {"name": "NEOS"}, {"name": "NOVN"}, {"name": "NVS"}, {"name": "PFE"}, {"name": "SHPG"}], "tags": [{"name": "Adderall"}, {"name": "Adzenys XR-ODT"}, {"name": "Aptensio"}, {"name": "BMO"}, {"name": "Cotempla XR-ODT"}, {"name": "Daytrana"}, {"name": "Dyanavel"}, {"name": "Focalin"}, {"name": "Intuniv"}, {"name": "Janssen"}, {"name": "Kapvay"}, {"name": "Mydayis"}, {"name": "Novan"}, {"name": "Quillichew"}, {"name": "quillivant XR"}, {"name": "Ritalin"}, {"name": "Strattera"}, {"name": "Tris Pharma"}, {"name": "Vyvanse"}]}, {"id": 9653708, "author": "Benzinga", "created": "Mon, 26 Jun 2017 13:51:31 -0400", "updated": "Mon, 26 Jun 2017 13:51:32 -0400", "title": "What The Future Holds For Apple In China", "teaser": "", "body": "", "url": "https://www.benzinga.com/node/9653708", "image": [], "channels": [{"name": "Analyst Color"}, {"name": "Long Ideas"}, {"name": "News"}, {"name": "Reiteration"}, {"name": "Global"}, {"name": "Markets"}, {"name": "Analyst Ratings"}, {"name": "Tech"}, {"name": "Media"}, {"name": "Trading Ideas"}], "stocks": [{"name": "AAPL"}], "tags": [{"name": "Apple China"}, {"name": "China"}, {"name": "Huawei"}, {"name": "iPhone"}, {"name": "iPhone 8"}, {"name": "iPhone China"}, {"name": "Oppo"}, {"name": "Steven Milunovich"}, {"name": "Vivo"}]}, {"id": 9653648, "author": "Benzinga", "created": "Mon, 26 Jun 2017 14:03:58 -0400", "updated": "Mon, 26 Jun 2017 14:03:58 -0400", "title": "A Surprisingly Clean, Straightforward Approval Gives Portola Pharma Shares A Shot Of Upside", "teaser": "", "body": "", "url": "https://www.benzinga.com/node/9653648", "image": [], "channels": [{"name": "Analyst Color"}, {"name": "Biotech"}, {"name": "News"}, {"name": "Price Target"}, {"name": "Reiteration"}, {"name": "FDA"}, {"name": "Analyst Ratings"}, {"name": "Movers"}, {"name": "General"}], "stocks": [{"name": "BMY"}, {"name": "MRK"}, {"name": "PFE"}, {"name": "PTLA"}], "tags": [{"name": "Brvyxxa"}, {"name": "Credit Suisse"}, {"name": "Vamil Divan"}]}, {"id": 9654570, "author": "Benzinga", "created": "Mon, 26 Jun 2017 15:47:55 -0400", "updated": "Mon, 26 Jun 2017 15:47:55 -0400", "title": "Hertz Gets A Second Intra-Day Boost On News Of Apple Rentals", "teaser": "", "body": "", "url": "https://www.benzinga.com/node/9654570", "image": [], "channels": [{"name": "News"}, {"name": "Technicals"}, {"name": "Travel"}, {"name": "Movers"}, {"name": "Tech"}, {"name": "Trading Ideas"}, {"name": "General"}], "stocks": [{"name": "AAPL"}, {"name": "CAR"}, {"name": "GOOG"}, {"name": "GOOGL"}, {"name": "HTZ"}], "tags": [{"name": "Autonomous Cars"}, {"name": "Autonomous Driving"}, {"name": "autonomous vehicles"}, {"name": "Bloomberg"}, {"name": "Donlen"}, {"name": "Tim Cook"}, {"name": "Waymo"}]}, {"id": 9653445, "author": "Benzinga", "created": "Mon, 26 Jun 2017 16:00:15 -0400", "updated": "Mon, 26 Jun 2017 16:00:15 -0400", "title": "What Could Be The Catalyst For Nike This Fiscal Year?", "teaser": "", "body": "", "url": "https://www.benzinga.com/node/9653445", "image": [], "channels": [{"name": "Analyst Color"}, {"name": "Earnings"}, {"name": "Long Ideas"}, {"name": "News"}, {"name": "Guidance"}, {"name": "Price Target"}, {"name": "Previews"}, {"name": "Reiteration"}, {"name": "Sports"}, {"name": "Analyst Ratings"}, {"name": "Trading Ideas"}, {"name": "General"}], "stocks": [{"name": "ADDYY"}, {"name": "AMZN"}, {"name": "NKE"}, {"name": "UAA"}], "tags": [{"name": "Adidas"}, {"name": "Amazon"}, {"name": "deutsche bank. christian buss"}, {"name": "Nike"}, {"name": "under armour"}]}]