[{"id": 8870129, "author": "Benzinga", "created": "Thu, 05 Jan 2017 05:41:17 -0400", "updated": "Thu, 05 Jan 2017 05:41:18 -0400", "title": "Earnings Scheduled For January 5, 2017", "teaser": "", "body": "", "url": "https://www.benzinga.com/node/8870129", "image": [], "channels": [{"name": "Earnings"}, {"name": "News"}, {"name": "Pre-Market Outlook"}, {"name": "Markets"}], "stocks": [{"name": "AEHR"}, {"name": "EMMS"}, {"name": "FC"}, {"name": "HELE"}, {"name": "MON"}, {"name": "PKE"}, {"name": "PSMT"}, {"name": "RPM"}, {"name": "RT"}, {"name": "SCHN"}, {"name": "STZ"}, {"name": "WBA"}], "tags": [{"name": "Earnings schedule"}]}, {"id": 8870184, "author": "Benzinga", "created": "Thu, 05 Jan 2017 06:33:44 -0400", "updated": "Thu, 05 Jan 2017 06:33:44 -0400", "title": "8 Stocks You Should Be Watching Today", "teaser": "", "body": "", "url": "https://www.benzinga.com/node/8870184", "image": [], "channels": [{"name": "Earnings"}, {"name": "News"}, {"name": "Pre-Market Outlook"}, {"name": "Markets"}, {"name": "Trading Ideas"}], "stocks": [{"name": "HELE"}, {"name": "MG"}, {"name": "MON"}, {"name": "PSMT"}, {"name": "RPM"}, {"name": "SONC"}, {"name": "STZ"}, {"name": "WBA"}], "tags": [{"name": "Stocks To Watch"}, {"name": "Stocks to Watch"}]}, {"id": 8870992, "author": "Benzinga", "created": "Thu, 05 Jan 2017 09:23:06 -0400", "updated": "Thu, 05 Jan 2017 09:23:06 -0400", "title": "25 Stocks Moving In Thursday's Pre-Market Session", "teaser": "", "body": "", "url": "https://www.benzinga.com/node/8870992", "image": [], "channels": [{"name": "News"}, {"name": "Movers & Shakers"}, {"name": "Pre-Market Outlook"}, {"name": "Markets"}, {"name": "Movers"}], "stocks": [{"name": "AEZS"}, {"name": "ALXN"}, {"name": "CEB"}, {"name": "CTIC"}, {"name": "ETRM"}, {"name": "EVOK"}, {"name": "GNCA"}, {"name": "HALO"}, {"name": "HLX"}, {"name": "HRTX"}, {"name": "IT"}, {"name": "JCP"}, {"name": "JWN"}, {"name": "KNOP"}, {"name": "KOOL"}, {"name": "KRC"}, {"name": "KSS"}, {"name": "LB"}, {"name": "LFC"}, {"name": "LOXO"}, {"name": "M"}, {"name": "SGMO"}, {"name": "SHLD"}, {"name": "SWK"}, {"name": "TDW"}, {"name": "TRV"}, {"name": "VHC"}], "tags": [{"name": "#PreMarket Gainers"}, {"name": "Consumer Discretionary"}, {"name": "Department Stores"}, {"name": "Losers"}, {"name": "Top Gainers"}]}, {"id": 8866127, "author": "Benzinga", "created": "Thu, 05 Jan 2017 09:28:40 -0400", "updated": "Thu, 05 Jan 2017 09:28:40 -0400", "title": "Bank Of America's Favorite M&A Possibilities In The Software Space", "teaser": "", "body": "", "url": "https://www.benzinga.com/node/8866127", "image": [], "channels": [{"name": "Analyst Color"}, {"name": "News"}, {"name": "M&A"}, {"name": "Analyst Ratings"}, {"name": "Movers"}, {"name": "Tech"}, {"name": "Trading Ideas"}], "stocks": [{"name": "CRM"}, {"name": "CSOD"}, {"name": "DATA"}, {"name": "MSFT"}, {"name": "NOW"}, {"name": "SPLK"}], "tags": [{"name": "Bank of America"}, {"name": "Demandware"}, {"name": "Krux"}, {"name": "LinkedIn"}, {"name": "software"}]}, {"id": 8871021, "author": "Benzinga", "created": "Thu, 05 Jan 2017 09:43:28 -0400", "updated": "Thu, 05 Jan 2017 09:43:28 -0400", "title": "Rex Tillerson's Personal Portfolio Includes Stakes In Exxon, Oil Rivals And Apple", "teaser": "", "body": "", "url": "https://www.benzinga.com/node/8871021", "image": [], "channels": [{"name": "News"}, {"name": "Commodities"}, {"name": "Politics"}, {"name": "Management"}, {"name": "Markets"}, {"name": "Media"}, {"name": "General"}], "stocks": [{"name": "AAPL"}, {"name": "BP"}, {"name": "CVX"}, {"name": "GE"}, {"name": "PSX"}, {"name": "SLB"}, {"name": "TOT"}, {"name": "XOM"}], "tags": [{"name": "Donald Trump"}, {"name": "oil companies"}, {"name": "oil stocks"}, {"name": "Oilfield Services"}, {"name": "Rex Tillerson"}, {"name": "Secretary of State"}]}, {"id": 8870703, "author": "Benzinga", "created": "Thu, 05 Jan 2017 10:13:45 -0400", "updated": "Thu, 05 Jan 2017 10:13:45 -0400", "title": "The Market In 5 Minutes: Jobless Claims Fall Again, Retailers Struggle", "teaser": "", "body": "", "url": "https://www.benzinga.com/node/8870703", "image": [], "channels": [{"name": "News"}, {"name": "Global"}, {"name": "Top Stories"}, {"name": "Markets"}], "stocks": [{"name": "ACAD"}, {"name": "AMZN"}, {"name": "BA"}, {"name": "BJRI"}, {"name": "BWLD"}, {"name": "CMG"}, {"name": "DATA"}, {"name": "HLT"}, {"name": "HSY"}, {"name": "KSS"}, {"name": "LMT"}, {"name": "M"}, {"name": "MA"}, {"name": "MDLZ"}, {"name": "MYL"}, {"name": "PFE"}, {"name": "SHLD"}, {"name": "SONC"}, {"name": "SPY"}, {"name": "USO"}, {"name": "WBA"}, {"name": "WDC"}], "tags": []}, {"id": 8871841, "author": "Benzinga", "created": "Thu, 05 Jan 2017 11:05:01 -0400", "updated": "Thu, 05 Jan 2017 11:05:01 -0400", "title": "Mid-Morning Market Update: Markets Mixed; Walgreens Sales Miss Estimates", "teaser": "", "body": "", "url": "https://www.benzinga.com/node/8871841", "image": [], "channels": [{"name": "Earnings"}, {"name": "News"}, {"name": "Eurozone"}, {"name": "Commodities"}, {"name": "Global"}, {"name": "Intraday Update"}, {"name": "Markets"}, {"name": "Movers"}], "stocks": [{"name": "AES"}, {"name": "AEZS"}, {"name": "CSLT"}, {"name": "CTIC"}, {"name": "ETRM"}, {"name": "IGLD"}, {"name": "KSS"}, {"name": "PHI"}, {"name": "PIRS"}, {"name": "SRE"}, {"name": "WBA"}], "tags": [{"name": "Mid-Morning Market Update"}]}, {"id": 8871818, "author": "Benzinga", "created": "Thu, 05 Jan 2017 11:58:36 -0400", "updated": "Thu, 05 Jan 2017 11:58:36 -0400", "title": "A Preview Of Barracuda Networks' Q3 Results", "teaser": "", "body": "", "url": "https://www.benzinga.com/node/8871818", "image": [], "channels": [{"name": "Analyst Color"}, {"name": "Earnings"}, {"name": "News"}, {"name": "Short Ideas"}, {"name": "Previews"}, {"name": "Reiteration"}, {"name": "Analyst Ratings"}, {"name": "Tech"}, {"name": "Trading Ideas"}], "stocks": [{"name": "AMZN"}, {"name": "CUDA"}, {"name": "GOOG"}, {"name": "GOOGL"}, {"name": "MSFT"}], "tags": [{"name": "DA Davidson"}, {"name": "Mark Kelleher"}]}, {"id": 8872595, "author": "Benzinga", "created": "Thu, 05 Jan 2017 13:00:40 -0400", "updated": "Thu, 05 Jan 2017 13:00:40 -0400", "title": "Mid-Day Market Update: Dow Falls Over 100 Points; Kohl's Shares Plummet", "teaser": "", "body": "", "url": "https://www.benzinga.com/node/8872595", "image": [], "channels": [{"name": "Earnings"}, {"name": "News"}, {"name": "Eurozone"}, {"name": "Commodities"}, {"name": "M&A"}, {"name": "Global"}, {"name": "Intraday Update"}, {"name": "Markets"}, {"name": "Movers"}], "stocks": [{"name": "AEZS"}, {"name": "BCOM"}, {"name": "CEB"}, {"name": "CTIC"}, {"name": "ETRM"}, {"name": "IT"}, {"name": "KSS"}, {"name": "M"}, {"name": "TEF"}, {"name": "WBA"}], "tags": [{"name": "Consumer Discretionary"}, {"name": "Department Stores"}, {"name": "Mid-Day Market Update"}]}, {"id": 8873479, "author": "Benzinga", "created": "Thu, 05 Jan 2017 15:35:36 -0400", "updated": "Thu, 05 Jan 2017 15:35:36 -0400", "title": "Mid-Afternoon Market Update: CEB Surges On Acquisition News; Macy's Shares Slide", "teaser": "", "body": "", "url": "https://www.benzinga.com/node/8873479", "image": [], "channels": [{"name": "Earnings"}, {"name": "News"}, {"name": "Eurozone"}, {"name": "Commodities"}, {"name": "M&A"}, {"name": "Global"}, {"name": "Intraday Update"}, {"name": "Markets"}, {"name": "Movers"}], "stocks": [{"name": "AEZS"}, {"name": "ALLT"}, {"name": "CEB"}, {"name": "ETRM"}, {"name": "IT"}, {"name": "KSS"}, {"name": "M"}, {"name": "MBOT"}, {"name": "TEF"}, {"name": "WBA"}], "tags": [{"name": "Consumer Discretionary"}, {"name": "Department Stores"}, {"name": "Mid-Afternoon Market Update"}]}, {"id": 8873085, "author": "Benzinga", "created": "Thu, 05 Jan 2017 15:50:33 -0400", "updated": "Thu, 05 Jan 2017 15:50:33 -0400", "title": "CES 2017: Presenters To Watch For And When", "teaser": "", "body": "", "url": "https://www.benzinga.com/node/8873085", "image": [], "channels": [{"name": "News"}, {"name": "Education"}, {"name": "Events"}, {"name": "Tech"}, {"name": "General"}], "stocks": [{"name": "FIT"}, {"name": "GOOG"}, {"name": "GOOGL"}, {"name": "HMC"}, {"name": "INTC"}], "tags": [{"name": "CES"}]}, {"id": 8873798, "author": "Benzinga", "created": "Thu, 05 Jan 2017 17:07:44 -0400", "updated": "Thu, 05 Jan 2017 17:07:45 -0400", "title": "Execs Giving CES Keynote Speeches Could Create Volatility For Shareholders", "teaser": "", "body": "", "url": "https://www.benzinga.com/node/8873798", "image": [], "channels": [{"name": "News"}, {"name": "Events"}, {"name": "Movers"}, {"name": "Tech"}, {"name": "Trading Ideas"}], "stocks": [{"name": "CCL"}, {"name": "CMCSA"}, {"name": "EXPE"}, {"name": "FOXA"}, {"name": "JNJ"}, {"name": "NSANY"}, {"name": "NVDA"}, {"name": "QCOM"}, {"name": "UAA"}], "tags": []}]