[{"id": 9064279, "author": "Benzinga", "created": "Fri, 17 Feb 2017 07:39:49 -0400", "updated": "Fri, 17 Feb 2017 07:39:50 -0400", "title": "Wall Street's M&A Chatter From February 16", "teaser": "", "body": "", "url": "https://www.benzinga.com/node/9064279", "image": [], "channels": [{"name": "News"}, {"name": "Rumors"}, {"name": "M&A"}], "stocks": [{"name": "ALIOF"}, {"name": "JNJ"}, {"name": "KATE"}, {"name": "SAGE"}, {"name": "ZPIN"}], "tags": []}, {"id": 9061884, "author": "Benzinga", "created": "Fri, 17 Feb 2017 10:03:21 -0400", "updated": "Fri, 17 Feb 2017 10:03:21 -0400", "title": "Wal-Mart Accused Of Selling 'Fake Craft Beer'", "teaser": "", "body": "", "url": "https://www.benzinga.com/node/9061884", "image": [], "channels": [{"name": "News"}, {"name": "Legal"}], "stocks": [{"name": "TAP"}, {"name": "WMT"}], "tags": [{"name": "Blue Moon"}, {"name": "Brewers Association"}, {"name": "Genesee Brewing"}, {"name": "Trouble Brewingcraft beer"}, {"name": "Washington Post"}, {"name": "WX Brands"}]}, {"id": 9064683, "author": "Benzinga", "created": "Fri, 17 Feb 2017 10:16:24 -0400", "updated": "Fri, 17 Feb 2017 10:16:24 -0400", "title": "The Market In 5 Minutes", "teaser": "", "body": "", "url": "https://www.benzinga.com/node/9064683", "image": [], "channels": [{"name": "News"}, {"name": "Global"}, {"name": "Top Stories"}, {"name": "Markets"}], "stocks": [{"name": "BA"}, {"name": "BBW"}, {"name": "CIR"}, {"name": "FB"}, {"name": "HTZ"}, {"name": "KATE"}, {"name": "KHC"}, {"name": "M"}, {"name": "MAT"}, {"name": "MRK"}, {"name": "OC"}, {"name": "SAGE"}, {"name": "SPY"}, {"name": "T"}, {"name": "UL"}, {"name": "USO"}, {"name": "WDAY"}, {"name": "WFM"}], "tags": [{"name": "Market in 5 minutes"}]}, {"id": 9061564, "author": "Benzinga", "created": "Fri, 17 Feb 2017 11:21:03 -0400", "updated": "Fri, 17 Feb 2017 11:21:04 -0400", "title": "Exclusive: Following Up Akebia, Johnson & Johnson's Research And License Agreement", "teaser": "", "body": "", "url": "https://www.benzinga.com/node/9061564", "image": [], "channels": [{"name": "Biotech"}, {"name": "News"}, {"name": "Contracts"}, {"name": "Exclusives"}, {"name": "Movers"}, {"name": "Interview"}, {"name": "General"}], "stocks": [{"name": "AKBA"}, {"name": "JNJ"}, {"name": "OTSKF"}, {"name": "TYO:4578"}], "tags": [{"name": "AKB-5169"}, {"name": "IBD"}, {"name": "Janssen Pharmaceuticals"}, {"name": "John Butler"}, {"name": "vadadustat"}]}, {"id": 9064627, "author": "Benzinga", "created": "Fri, 17 Feb 2017 11:31:20 -0400", "updated": "Fri, 17 Feb 2017 11:31:20 -0400", "title": "Arista Networks: A Beat And Raise Story", "teaser": "", "body": "", "url": "https://www.benzinga.com/node/9064627", "image": [], "channels": [{"name": "Analyst Color"}, {"name": "Earnings"}, {"name": "Long Ideas"}, {"name": "News"}, {"name": "Guidance"}, {"name": "Price Target"}, {"name": "Analyst Ratings"}, {"name": "Movers"}, {"name": "Tech"}, {"name": "Trading Ideas"}], "stocks": [{"name": "ANET"}, {"name": "MSFT"}], "tags": [{"name": "Deutsche Bank"}, {"name": "Vijay Bhagavath"}]}, {"id": 9064059, "author": "Benzinga", "created": "Fri, 17 Feb 2017 11:52:54 -0400", "updated": "Fri, 17 Feb 2017 11:52:54 -0400", "title": "Apple's Record Run In 2017 Beefs Up Its Already Bloated Market Cap", "teaser": "", "body": "", "url": "https://www.benzinga.com/node/9064059", "image": [], "channels": [{"name": "CNBC"}, {"name": "Earnings"}, {"name": "News"}, {"name": "Education"}, {"name": "Movers"}, {"name": "Tech"}, {"name": "Media"}, {"name": "Trading Ideas"}, {"name": "General"}], "stocks": [{"name": "AAPL"}, {"name": "GOOG"}, {"name": "GOOGL"}, {"name": "TWTR"}, {"name": "BRK"}], "tags": [{"name": "CNBC"}, {"name": "Guggenheim"}, {"name": "iPhone 6"}, {"name": "iPhone 7"}, {"name": "iPhones"}, {"name": "Robert Cihra"}, {"name": "Tim Cook"}, {"name": "Warren Buffet"}]}, {"id": 9064780, "author": "Benzinga", "created": "Fri, 17 Feb 2017 12:02:46 -0400", "updated": "Fri, 17 Feb 2017 12:02:46 -0400", "title": "A Clear And Sunny Forecast For Salesforce's Q4 On Expected Cloud Strength", "teaser": "", "body": "", "url": "https://www.benzinga.com/node/9064780", "image": [], "channels": [{"name": "Analyst Color"}, {"name": "Earnings"}, {"name": "Long Ideas"}, {"name": "News"}, {"name": "Previews"}, {"name": "Reiteration"}, {"name": "Analyst Ratings"}, {"name": "Movers"}, {"name": "Tech"}, {"name": "Trading Ideas"}], "stocks": [{"name": "CRM"}], "tags": [{"name": "Alex Zukin"}, {"name": "Salesforce"}, {"name": "Salesforce earnings"}]}, {"id": 9064668, "author": "Benzinga", "created": "Fri, 17 Feb 2017 12:56:51 -0400", "updated": "Fri, 17 Feb 2017 12:56:51 -0400", "title": "A Preview Of Wal-Mart's Q4 Results: Beware Of Flow-Through Concerns", "teaser": "", "body": "", "url": "https://www.benzinga.com/node/9064668", "image": [], "channels": [{"name": "Analyst Color"}, {"name": "Earnings"}, {"name": "News"}, {"name": "Guidance"}, {"name": "Price Target"}, {"name": "Previews"}, {"name": "Reiteration"}, {"name": "Analyst Ratings"}, {"name": "Trading Ideas"}], "stocks": [{"name": "WMT"}], "tags": [{"name": "Deutsche Bank"}, {"name": "Paul Trussell"}]}, {"id": 9066001, "author": "Benzinga", "created": "Fri, 17 Feb 2017 14:18:41 -0400", "updated": "Fri, 17 Feb 2017 14:18:42 -0400", "title": "B. Riley Positive On Immersion Ruling Against Apple", "teaser": "", "body": "", "url": "https://www.benzinga.com/node/9066001", "image": [], "channels": [{"name": "Analyst Color"}, {"name": "News"}, {"name": "Legal"}, {"name": "Analyst Ratings"}, {"name": "Movers"}, {"name": "Tech"}], "stocks": [{"name": "AAPL"}, {"name": "IMMR"}, {"name": "T"}], "tags": [{"name": "Apple"}, {"name": "Apple Patent"}, {"name": "B Riley"}, {"name": "Haptic Technology"}, {"name": "Immersion"}, {"name": "Patent Licensing"}]}, {"id": 9060540, "author": "Benzinga", "created": "Fri, 17 Feb 2017 14:39:37 -0400", "updated": "Fri, 17 Feb 2017 14:39:38 -0400", "title": "'He Made Me Want To Be Part Of Something Bigger Than Myself': Colleagues Remember Fintech Pioneer Neil DeSena", "teaser": "", "body": "", "url": "https://www.benzinga.com/node/9060540", "image": [], "channels": [{"name": "Fintech"}, {"name": "News"}, {"name": "Success Stories"}], "stocks": [{"name": "GS"}], "tags": [{"name": "Justin Brownhill"}, {"name": "Neil DeSena"}, {"name": "REDI"}, {"name": "SenaHill Partners"}]}, {"id": 9066150, "author": "Benzinga", "created": "Fri, 17 Feb 2017 15:01:50 -0400", "updated": "Fri, 17 Feb 2017 15:01:50 -0400", "title": "You Should Pay Attention To The Toy Fair", "teaser": "", "body": "", "url": "https://www.benzinga.com/node/9066150", "image": [], "channels": [{"name": "News"}, {"name": "Events"}, {"name": "Movers"}, {"name": "Trading Ideas"}, {"name": "General"}], "stocks": [{"name": "DIS"}, {"name": "HAS"}, {"name": "JAKK"}, {"name": "MAT"}], "tags": [{"name": "Toy"}, {"name": "Toy Companies"}, {"name": "Toy Fair"}, {"name": "toy stocks"}]}, {"id": 9066166, "author": "Benzinga", "created": "Fri, 17 Feb 2017 15:42:35 -0400", "updated": "Fri, 17 Feb 2017 15:42:36 -0400", "title": "Potential Cuts To Supplemental Nutrition Assistance Program Benefits Put These Top Lines At Risk", "teaser": "", "body": "", "url": "https://www.benzinga.com/node/9066166", "image": [], "channels": [{"name": "News"}, {"name": "Commodities"}, {"name": "Politics"}, {"name": "Legal"}, {"name": "Markets"}, {"name": "Movers"}, {"name": "Trading Ideas"}, {"name": "General"}], "stocks": [{"name": "COST"}, {"name": "DPS"}, {"name": "KHC"}, {"name": "KO"}, {"name": "KR"}, {"name": "PEP"}, {"name": "WMT"}], "tags": [{"name": "Food Stamp Program"}, {"name": "Food Stamps"}, {"name": "Grocery Manufacturers Association"}, {"name": "SNAP"}, {"name": "Supplemental Nutrition Assistance Program"}]}, {"id": 9067023, "author": "Benzinga", "created": "Fri, 17 Feb 2017 16:42:17 -0400", "updated": "Fri, 17 Feb 2017 16:42:17 -0400", "title": "Expect Wal-Mart Sales To Be Better, But Another Quarter Of Declining Earnings Likely", "teaser": "", "body": "", "url": "https://www.benzinga.com/node/9067023", "image": [], "channels": [{"name": "Analyst Color"}, {"name": "Earnings"}, {"name": "News"}, {"name": "Price Target"}, {"name": "Reiteration"}, {"name": "Analyst Ratings"}, {"name": "Trading Ideas"}], "stocks": [{"name": "WMT"}], "tags": [{"name": "MKM Partners"}, {"name": "Patrick McKeever"}]}, {"id": 9068073, "author": "Benzinga", "created": "Fri, 17 Feb 2017 18:12:37 -0400", "updated": "Fri, 17 Feb 2017 18:12:37 -0400", "title": "Benzinga's Option Alert Recap From February 17", "teaser": "", "body": "", "url": "https://www.benzinga.com/node/9068073", "image": [], "channels": [{"name": "News"}, {"name": "Options"}, {"name": "After-Hours Center"}, {"name": "Markets"}, {"name": "Movers"}, {"name": "Trading Ideas"}], "stocks": [{"name": "AGNC"}, {"name": "CL"}, {"name": "CLS"}, {"name": "CLVS"}, {"name": "DFS"}, {"name": "EBAY"}, {"name": "EXAS"}, {"name": "FOSL"}, {"name": "KHC"}, {"name": "KMX"}, {"name": "MAT"}, {"name": "MXIM"}, {"name": "NKE"}, {"name": "OCLR"}, {"name": "SGYP"}, {"name": "SHLD"}], "tags": [{"name": "option trading"}, {"name": "options"}, {"name": "Options Alerts"}, {"name": "options definition"}, {"name": "Options Recap"}, {"name": "options trading"}, {"name": "options trading for dummies"}, {"name": "options trading strategies"}, {"name": "Optionshouse"}, {"name": "trading stock options"}, {"name": "types of options"}]}]