[{"id": 9640369, "author": "Benzinga", "created": "Thu, 22 Jun 2017 07:06:36 -0400", "updated": "Thu, 22 Jun 2017 07:06:38 -0400", "title": "Wall Street's M&A Chatter From June 21: Staples-Sycamore Partners, Diageo-Casamigos, Bristol-Myers, Acadia Pharma", "teaser": "", "body": "", "url": "https://www.benzinga.com/node/9640369", "image": [], "channels": [{"name": "News"}, {"name": "Rumors"}, {"name": "M&A"}], "stocks": [{"name": "ACAD"}, {"name": "AZN"}, {"name": "BIIB"}, {"name": "BMY"}, {"name": "CEO"}, {"name": "JNJ"}, {"name": "PFE"}, {"name": "SPLS"}], "tags": []}, {"id": 9640489, "author": "Benzinga", "created": "Thu, 22 Jun 2017 09:15:32 -0400", "updated": "Thu, 22 Jun 2017 09:15:33 -0400", "title": "The Market In 5 Minutes", "teaser": "", "body": "", "url": "https://www.benzinga.com/node/9640489", "image": [], "channels": [{"name": "News"}, {"name": "Global"}, {"name": "Top Stories"}, {"name": "Pre-Market Outlook"}, {"name": "Markets"}], "stocks": [{"name": "AMD"}, {"name": "AMZN"}, {"name": "ANF"}, {"name": "BA"}, {"name": "BABA"}, {"name": "CNK"}, {"name": "DFT"}, {"name": "KMX"}, {"name": "ORCL"}, {"name": "TXRH"}], "tags": [{"name": "Market in 5 minutes"}]}, {"id": 9641441, "author": "Benzinga", "created": "Thu, 22 Jun 2017 10:25:58 -0400", "updated": "Thu, 22 Jun 2017 10:25:58 -0400", "title": "Virgin's Branson Announces New iPhone-Exclusive Deal With Apple", "teaser": "", "body": "", "url": "https://www.benzinga.com/node/9641441", "image": [], "channels": [{"name": "News"}, {"name": "Tech"}, {"name": "General"}], "stocks": [{"name": "AAPL"}, {"name": "S"}], "tags": [{"name": "Angela Ahrendts"}, {"name": "Apple"}, {"name": "Reuters"}, {"name": "Richard Branson"}, {"name": "Sprint"}, {"name": "Virgin"}]}, {"id": 9641472, "author": "Benzinga", "created": "Thu, 22 Jun 2017 10:55:33 -0400", "updated": "Thu, 22 Jun 2017 10:55:33 -0400", "title": "Oracle's Clean Q4 Beat The Latest Entry In A Solid Season For Large-Cap Software Sector", "teaser": "", "body": "", "url": "https://www.benzinga.com/node/9641472", "image": [], "channels": [{"name": "Analyst Color"}, {"name": "Earnings"}, {"name": "News"}, {"name": "Price Target"}, {"name": "Reiteration"}, {"name": "Analyst Ratings"}, {"name": "Movers"}, {"name": "Tech"}], "stocks": [{"name": "ADBE"}, {"name": "MSFT"}, {"name": "ORCL"}, {"name": "RHT"}], "tags": [{"name": "Deutsche Bank Research"}, {"name": "Karl Keirstead"}]}, {"id": 9642482, "author": "Benzinga", "created": "Thu, 22 Jun 2017 12:35:02 -0400", "updated": "Thu, 22 Jun 2017 12:35:03 -0400", "title": "Confidence And Hubris: Cramer Appreciative Of Oracle's Conference Call", "teaser": "", "body": "", "url": "https://www.benzinga.com/node/9642482", "image": [], "channels": [{"name": "Analyst Color"}, {"name": "CNBC"}, {"name": "Earnings"}, {"name": "Long Ideas"}, {"name": "News"}, {"name": "Guidance"}, {"name": "Jim Cramer"}, {"name": "Analyst Ratings"}, {"name": "Movers"}, {"name": "Tech"}, {"name": "Media"}, {"name": "Trading Ideas"}], "stocks": [{"name": "IBM"}, {"name": "ORCL"}], "tags": [{"name": "cloud"}, {"name": "mark hurd"}, {"name": "Oracle"}, {"name": "Safra Catz"}]}, {"id": 9636722, "author": "Benzinga", "created": "Thu, 22 Jun 2017 12:42:24 -0400", "updated": "Thu, 22 Jun 2017 12:42:25 -0400", "title": "Hello, Mr. Chips: A Look At AMD's Wild Year", "teaser": "", "body": "", "url": "https://www.benzinga.com/node/9636722", "image": [], "channels": [{"name": "Analyst Color"}, {"name": "News"}, {"name": "Rumors"}, {"name": "Top Stories"}, {"name": "Analyst Ratings"}, {"name": "Tech"}, {"name": "Trading Ideas"}], "stocks": [{"name": "AMD"}, {"name": "BIDU"}, {"name": "GOOG"}, {"name": "GOOGL"}, {"name": "HPE"}, {"name": "INTC"}, {"name": "MSFT"}, {"name": "NVDA"}, {"name": "QCOM"}], "tags": [{"name": "EPYC"}, {"name": "Purley"}, {"name": "Ryzen"}]}, {"id": 9641888, "author": "Benzinga", "created": "Thu, 22 Jun 2017 13:58:01 -0400", "updated": "Thu, 22 Jun 2017 13:58:01 -0400", "title": "A Message For Uber: You Can't Scale Bad Culture", "teaser": "", "body": "", "url": "https://www.benzinga.com/node/9641888", "image": [], "channels": [{"name": "News"}, {"name": "Psychology"}, {"name": "Travel"}, {"name": "Tech"}, {"name": "General"}], "stocks": [{"name": "AAPL"}, {"name": "AMZN"}, {"name": "FB"}, {"name": "GOOG"}, {"name": "GOOGL"}, {"name": "KMB"}], "tags": [{"name": "Doug Clinton"}, {"name": "Frances Frei"}, {"name": "Loup Ventures"}, {"name": "Lyft"}, {"name": "Susan Fowler"}, {"name": "Travis Kalanick"}, {"name": "Uber"}]}, {"id": 9643098, "author": "Benzinga", "created": "Thu, 22 Jun 2017 14:05:05 -0400", "updated": "Thu, 22 Jun 2017 14:05:05 -0400", "title": "S&P Companies Spending 18% Less On Buybacks, But What Does It Mean For Investors?", "teaser": "", "body": "", "url": "https://www.benzinga.com/node/9643098", "image": [], "channels": [{"name": "Analyst Color"}, {"name": "News"}, {"name": "Education"}, {"name": "Buybacks"}, {"name": "Markets"}, {"name": "Analyst Ratings"}, {"name": "Movers"}, {"name": "General"}], "stocks": [{"name": "AAPL"}, {"name": "PFE"}], "tags": [{"name": "Dennis Dick"}, {"name": "howard silverblatt"}, {"name": "S&P Global"}]}, {"id": 9643726, "author": "Benzinga", "created": "Thu, 22 Jun 2017 15:38:13 -0400", "updated": "Thu, 22 Jun 2017 15:38:13 -0400", "title": "If Colgate's Looking To Sell Itself, Would Berkshire Be Looking To Buy?", "teaser": "", "body": "", "url": "https://www.benzinga.com/node/9643726", "image": [], "channels": [{"name": "Analyst Color"}, {"name": "News"}, {"name": "Rumors"}, {"name": "M&A"}, {"name": "Top Stories"}, {"name": "Exclusives"}, {"name": "Analyst Ratings"}], "stocks": [{"name": "CL"}, {"name": "JNJ"}, {"name": "KHC"}, {"name": "UL"}], "tags": [{"name": "Argus"}, {"name": "Ian Cook"}, {"name": "Stephen Biggar"}, {"name": "Warren Buffett"}]}, {"id": 9637529, "author": "Benzinga", "created": "Thu, 22 Jun 2017 15:38:31 -0400", "updated": "Thu, 22 Jun 2017 15:38:31 -0400", "title": "A Tip Of The Hat To Red Hat's Strong Quarter: Sell-Side Roundup", "teaser": "", "body": "", "url": "https://www.benzinga.com/node/9637529", "image": [], "channels": [{"name": "Analyst Color"}, {"name": "Earnings"}, {"name": "Long Ideas"}, {"name": "News"}, {"name": "Guidance"}, {"name": "Price Target"}, {"name": "Reiteration"}, {"name": "Analyst Ratings"}, {"name": "Tech"}, {"name": "Trading Ideas"}], "stocks": [{"name": "AMZN"}, {"name": "MSFT"}, {"name": "RHT"}], "tags": [{"name": "btig"}, {"name": "Edward Parker"}, {"name": "Joel Fishbein"}]}, {"id": 9642549, "author": "Benzinga", "created": "Thu, 22 Jun 2017 15:49:49 -0400", "updated": "Thu, 22 Jun 2017 15:49:49 -0400", "title": "Surprised Reactions To Oracle's Q4 Beat", "teaser": "", "body": "", "url": "https://www.benzinga.com/node/9642549", "image": [], "channels": [{"name": "Analyst Color"}, {"name": "Earnings"}, {"name": "Long Ideas"}, {"name": "News"}, {"name": "Guidance"}, {"name": "Price Target"}, {"name": "Reiteration"}, {"name": "Analyst Ratings"}, {"name": "Movers"}, {"name": "Tech"}, {"name": "Trading Ideas"}], "stocks": [{"name": "MSFT"}, {"name": "ORCL"}], "tags": [{"name": "Bank of America"}, {"name": "BMO Capital Markets"}, {"name": "Deutsche Bank"}, {"name": "Fatima Boolani"}, {"name": "Karl Keirstead"}, {"name": "Kash Rangan"}, {"name": "Keith Bachman"}, {"name": "Merrill Lynch"}, {"name": "UBS"}]}, {"id": 9643784, "author": "Benzinga", "created": "Thu, 22 Jun 2017 16:09:05 -0400", "updated": "Thu, 22 Jun 2017 16:09:05 -0400", "title": "7 Instances When Chinese Regulators Cracked The Whip On Internet/Media Firms", "teaser": "", "body": "", "url": "https://www.benzinga.com/node/9643784", "image": [], "channels": [{"name": "News"}, {"name": "Emerging Markets"}, {"name": "Global"}, {"name": "Markets"}, {"name": "Tech"}, {"name": "Media"}, {"name": "General"}], "stocks": [{"name": "AAPL"}, {"name": "FB"}, {"name": "FENG"}, {"name": "GOOG"}, {"name": "GOOGL"}, {"name": "MOMO"}, {"name": "NYT"}, {"name": "SINA"}, {"name": "TWTR"}, {"name": "WB"}, {"name": "XLK"}, {"name": "YY"}], "tags": [{"name": "China"}, {"name": "Chinese regulations"}, {"name": "internet regulations"}, {"name": "media regulations"}, {"name": "Reuters"}, {"name": "Xi Jinping"}]}, {"id": 9643711, "author": "Benzinga", "created": "Thu, 22 Jun 2017 16:27:19 -0400", "updated": "Thu, 22 Jun 2017 16:27:19 -0400", "title": "'Wonder Woman' Breaks $600 Million Globally, On Pace To Shatter 'Man Of Steel'", "teaser": "", "body": "", "url": "https://www.benzinga.com/node/9643711", "image": [], "channels": [{"name": "News"}, {"name": "Events"}, {"name": "Media"}], "stocks": [{"name": "DIS"}, {"name": "TWX"}], "tags": [{"name": "disney"}, {"name": "Man of Steel"}, {"name": "Time Warner"}, {"name": "Wonder Woman"}]}]