[{"id": 9205257, "author": "Benzinga", "created": "Thu, 23 Mar 2017 09:20:55 -0400", "updated": "Thu, 23 Mar 2017 09:20:55 -0400", "title": "Buyback ETF Steady As Repurchases Decline", "teaser": "", "body": "", "url": "https://www.benzinga.com/node/9205257", "image": [], "channels": [{"name": "Biotech"}, {"name": "Long Ideas"}, {"name": "News"}, {"name": "Broad U.S. Equity ETFs"}, {"name": "Specialty ETFs"}, {"name": "Health Care"}, {"name": "Buybacks"}, {"name": "Markets"}, {"name": "Trading Ideas"}, {"name": "ETFs"}, {"name": "General"}], "stocks": [{"name": "AAPL"}, {"name": "AGN"}, {"name": "PKW"}], "tags": []}, {"id": 9207059, "author": "Benzinga", "created": "Thu, 23 Mar 2017 09:25:53 -0400", "updated": "Thu, 23 Mar 2017 09:25:53 -0400", "title": "The Market In 5 Minutes", "teaser": "", "body": "", "url": "https://www.benzinga.com/node/9207059", "image": [], "channels": [{"name": "News"}, {"name": "Global"}, {"name": "Top Stories"}, {"name": "Markets"}], "stocks": [{"name": "ADDYY"}, {"name": "EGN"}, {"name": "FEYE"}, {"name": "KR"}, {"name": "NKE"}, {"name": "NSC"}, {"name": "PFPT"}, {"name": "RARE"}, {"name": "SPY"}, {"name": "T"}, {"name": "VZ"}], "tags": [{"name": "Market in 5 minutes"}]}, {"id": 9208308, "author": "Benzinga", "created": "Thu, 23 Mar 2017 11:30:48 -0400", "updated": "Thu, 23 Mar 2017 11:30:48 -0400", "title": "Advertising Community Says Google's YouTube Ad Scandal 'A Real Issue'", "teaser": "", "body": "", "url": "https://www.benzinga.com/node/9208308", "image": [], "channels": [{"name": "Analyst Color"}, {"name": "Long Ideas"}, {"name": "News"}, {"name": "Downgrades"}, {"name": "Reiteration"}, {"name": "Analyst Ratings"}, {"name": "Movers"}, {"name": "Tech"}, {"name": "Media"}, {"name": "Trading Ideas"}], "stocks": [{"name": "GOOG"}, {"name": "GOOGL"}, {"name": "T"}, {"name": "VZ"}], "tags": [{"name": "Brian Nowak"}, {"name": "Google"}, {"name": "Morgan Stanley"}, {"name": "Trip Chowdhry"}, {"name": "YouTube"}, {"name": "YouTube Advertising"}]}, {"id": 9204918, "author": "Benzinga", "created": "Thu, 23 Mar 2017 11:55:42 -0400", "updated": "Thu, 23 Mar 2017 11:55:42 -0400", "title": "The Business Of Clean Water", "teaser": "", "body": "", "url": "https://www.benzinga.com/node/9204918", "image": [], "channels": [{"name": "News"}, {"name": "Education"}, {"name": "Commodities"}, {"name": "Topics"}, {"name": "Events"}, {"name": "Global"}, {"name": "Markets"}, {"name": "General"}], "stocks": [{"name": "COT"}, {"name": "DPS"}, {"name": "FIZZ"}, {"name": "KO"}, {"name": "NSRGY"}, {"name": "PEP"}, {"name": "WMT"}], "tags": [{"name": "clean water"}, {"name": "EPA"}, {"name": "Flint Water Crisis"}, {"name": "India Resource Center"}, {"name": "Jeff Ostahowski"}, {"name": "LaCriox"}, {"name": "Metro Times"}, {"name": "Michigan Citizens for Water Conservation"}, {"name": "New Castle Equity Research"}, {"name": "Sanctuary Springs"}, {"name": "Scott Pruitt"}, {"name": "Tamil Nadu"}, {"name": "Vanigar Sangram"}, {"name": "water"}]}, {"id": 9203278, "author": "Benzinga", "created": "Thu, 23 Mar 2017 12:07:46 -0400", "updated": "Thu, 23 Mar 2017 12:07:47 -0400", "title": "What Happens To A Stock When An Activist Liquidates A Position?", "teaser": "", "body": "", "url": "https://www.benzinga.com/node/9203278", "image": [], "channels": [{"name": "Biotech"}, {"name": "News"}, {"name": "Education"}, {"name": "Health Care"}, {"name": "Hedge Funds"}, {"name": "Movers"}, {"name": "General"}], "stocks": [{"name": "AAPL"}, {"name": "AXP"}, {"name": "IEP"}, {"name": "JCP"}, {"name": "VRX"}, {"name": "YHOO"}], "tags": [{"name": "Bill Ackman"}, {"name": "Carl Icahn"}, {"name": "Dan Loeb"}, {"name": "Jeff Ubben"}, {"name": "Pershing Square"}, {"name": "Third Point Partners"}, {"name": "ValueAct"}]}, {"id": 9207299, "author": "Benzinga", "created": "Thu, 23 Mar 2017 12:19:11 -0400", "updated": "Thu, 23 Mar 2017 12:19:11 -0400", "title": "Nike's North American Future Orders Down 'Shocking' 9%", "teaser": "", "body": "", "url": "https://www.benzinga.com/node/9207299", "image": [], "channels": [{"name": "Analyst Color"}, {"name": "Earnings"}, {"name": "News"}, {"name": "Guidance"}, {"name": "Reiteration"}, {"name": "Sports"}, {"name": "Analyst Ratings"}, {"name": "General"}], "stocks": [{"name": "ADDYY"}, {"name": "NKE"}], "tags": [{"name": "Camilio Lyon"}, {"name": "Canaccord Genuity"}]}, {"id": 9203912, "author": "Benzinga", "created": "Thu, 23 Mar 2017 12:39:26 -0400", "updated": "Thu, 23 Mar 2017 12:39:27 -0400", "title": "Israel Uses Advanced Outer-Space Missile Produced With Boeing", "teaser": "", "body": "", "url": "https://www.benzinga.com/node/9203912", "image": [], "channels": [{"name": "Analyst Color"}, {"name": "News"}, {"name": "Politics"}, {"name": "Global"}, {"name": "Analyst Ratings"}, {"name": "Tech"}, {"name": "Interview"}, {"name": "General"}], "stocks": [{"name": "BA"}, {"name": "INFO"}, {"name": "LMT"}, {"name": "RTN"}], "tags": [{"name": "Arrow 2"}, {"name": "Arrow 3"}, {"name": "Arrow Weapon System"}, {"name": "David's Sling"}, {"name": "Defense News"}, {"name": "Hezbollah"}, {"name": "Iron Dome"}, {"name": "israel"}, {"name": "Israeli Aerospace Industries"}, {"name": "Jane's Defence"}, {"name": "Jeremy Binnie"}, {"name": "Jerusalem Post"}, {"name": "Patriot missiles"}, {"name": "Rafael Advanced Defense Systems Ltd"}, {"name": "Shahab-3"}, {"name": "Stunner missile"}, {"name": "surface-to-air missile"}, {"name": "Syria"}]}, {"id": 9208803, "author": "Benzinga", "created": "Thu, 23 Mar 2017 12:45:07 -0400", "updated": "Thu, 23 Mar 2017 12:45:08 -0400", "title": "Disney Sticking With CEO Bob Iger Until At Least July 2019", "teaser": "", "body": "", "url": "https://www.benzinga.com/node/9208803", "image": [], "channels": [{"name": "CNBC"}, {"name": "News"}, {"name": "Management"}, {"name": "Media"}], "stocks": [{"name": "DIS"}], "tags": [{"name": "Bob Iger"}, {"name": "disney"}, {"name": "Disney CEO"}, {"name": "ESPN"}]}, {"id": 9208038, "author": "Benzinga", "created": "Thu, 23 Mar 2017 13:19:35 -0400", "updated": "Thu, 23 Mar 2017 13:19:35 -0400", "title": "Weakening Demand Could Pitch AMD, Nvidia And Intel Into Price War", "teaser": "", "body": "", "url": "https://www.benzinga.com/node/9208038", "image": [], "channels": [{"name": "News"}, {"name": "Movers"}, {"name": "Tech"}, {"name": "Media"}, {"name": "Trading Ideas"}], "stocks": [{"name": "AMD"}, {"name": "INTC"}, {"name": "NVDA"}], "tags": [{"name": "Digitimes"}, {"name": "Geforce GTX"}, {"name": "Graphic Cards"}, {"name": "NVIDIA"}, {"name": "Ryzen"}]}, {"id": 9209084, "author": "Benzinga", "created": "Thu, 23 Mar 2017 14:14:40 -0400", "updated": "Thu, 23 Mar 2017 14:14:40 -0400", "title": "Circle Of Life: iPad Going The Way Of The iPod?", "teaser": "", "body": "", "url": "https://www.benzinga.com/node/9209084", "image": [], "channels": [{"name": "News"}, {"name": "Exclusives"}, {"name": "Tech"}, {"name": "Media"}, {"name": "Interview"}], "stocks": [{"name": "AAPL"}], "tags": [{"name": "Gene Munster"}, {"name": "iPad"}, {"name": "iPhone 7"}, {"name": "ipod"}, {"name": "Loup Ventures"}]}, {"id": 9209398, "author": "Benzinga", "created": "Thu, 23 Mar 2017 14:40:34 -0400", "updated": "Thu, 23 Mar 2017 14:40:34 -0400", "title": "Senate Votes To Let Broadband Providers Sell Your Browsing History Without Consent", "teaser": "", "body": "", "url": "https://www.benzinga.com/node/9209398", "image": [], "channels": [{"name": "News"}, {"name": "Politics"}, {"name": "Topics"}, {"name": "Legal"}, {"name": "Tech"}, {"name": "Media"}, {"name": "General"}], "stocks": [{"name": "CMCSA"}, {"name": "T"}, {"name": "VZ"}], "tags": [{"name": "FCC"}, {"name": "Federal Communications Commission"}, {"name": "Sen. Richard Blumenthal of Connecticut"}, {"name": "US Senate"}]}, {"id": 9208906, "author": "Benzinga", "created": "Thu, 23 Mar 2017 15:01:22 -0400", "updated": "Thu, 23 Mar 2017 15:01:22 -0400", "title": "No No, Power Rangers? Sizing Up The Impact To Lions Gate If Ranger Reboot Goes Wrong", "teaser": "", "body": "", "url": "https://www.benzinga.com/node/9208906", "image": [], "channels": [{"name": "Analyst Color"}, {"name": "News"}, {"name": "Analyst Ratings"}, {"name": "Tech"}, {"name": "Media"}], "stocks": [{"name": "DIS"}, {"name": "LGF"}], "tags": [{"name": "Andy Hargreaves"}, {"name": "David Miller"}, {"name": "Dean Israelite"}, {"name": "Evan Wingren"}, {"name": "KeyBanc Capital Markets"}, {"name": "Loop Capital Markets"}, {"name": "Pacific Crest Securities"}, {"name": "Power Rangers"}]}, {"id": 9209883, "author": "Benzinga", "created": "Thu, 23 Mar 2017 15:58:34 -0400", "updated": "Thu, 23 Mar 2017 15:58:36 -0400", "title": "Housing Sector Preview: A Strong Start To 2017", "teaser": "", "body": "", "url": "https://www.benzinga.com/node/9209883", "image": [], "channels": [{"name": "Analyst Color"}, {"name": "Earnings"}, {"name": "News"}, {"name": "Econ #s"}, {"name": "Markets"}, {"name": "Real Estate"}], "stocks": [{"name": "DHI"}, {"name": "HD"}, {"name": "LEN"}, {"name": "LOW"}, {"name": "PHM"}, {"name": "USG"}, {"name": "WHR"}], "tags": [{"name": "Consumer Discretionary"}, {"name": "Home Improvement Retail"}, {"name": "Homebuilding"}, {"name": "JJ Kinahan"}, {"name": "The Ticker Tape"}]}]