[{"id": 9346330, "author": "Benzinga", "created": "Wed, 26 Apr 2017 04:51:07 -0400", "updated": "Wed, 26 Apr 2017 04:51:08 -0400", "title": "Earnings Scheduled For April 26, 2017", "teaser": "", "body": "", "url": "https://www.benzinga.com/node/9346330", "image": [], "channels": [{"name": "Earnings"}, {"name": "News"}, {"name": "Pre-Market Outlook"}, {"name": "Markets"}], "stocks": [{"name": "ALK"}, {"name": "AMGN"}, {"name": "ANTM"}, {"name": "APH"}, {"name": "AVY"}, {"name": "BA"}, {"name": "BAX"}, {"name": "BCR"}, {"name": "BWLD"}, {"name": "CAJ"}, {"name": "CTXS"}, {"name": "CX"}, {"name": "DPS"}, {"name": "EQIX"}, {"name": "ETR"}, {"name": "FCAU"}, {"name": "FFIV"}, {"name": "GD"}, {"name": "GG"}, {"name": "HSY"}, {"name": "HUN"}, {"name": "KOF"}, {"name": "LPL"}, {"name": "LVS"}, {"name": "NOC"}, {"name": "NSC"}, {"name": "OC"}, {"name": "ORLY"}, {"name": "OSK"}, {"name": "PAG"}, {"name": "PEP"}, {"name": "PG"}, {"name": "PKG"}, {"name": "PYPL"}, {"name": "ROK"}, {"name": "SAH"}, {"name": "STX"}, {"name": "SU"}, {"name": "TMO"}, {"name": "TSCO"}, {"name": "TWTR"}, {"name": "UTX"}, {"name": "WM"}, {"name": "WYN"}, {"name": "XLNX"}], "tags": [{"name": "Casinos & Gaming"}, {"name": "Consumer Discretionary"}, {"name": "Earnings schedule"}, {"name": "Electronic Equipment Manufacturers"}, {"name": "Information Technology"}]}, {"id": 9346375, "author": "Benzinga", "created": "Wed, 26 Apr 2017 05:14:16 -0400", "updated": "Wed, 26 Apr 2017 05:14:16 -0400", "title": "15 Stocks To Watch For April 26, 2017", "teaser": "", "body": "", "url": "https://www.benzinga.com/node/9346375", "image": [], "channels": [{"name": "Earnings"}, {"name": "News"}, {"name": "Pre-Market Outlook"}, {"name": "Markets"}, {"name": "Trading Ideas"}], "stocks": [{"name": "ALK"}, {"name": "AMGN"}, {"name": "ARNC"}, {"name": "BA"}, {"name": "CMG"}, {"name": "COF"}, {"name": "CREE"}, {"name": "LVS"}, {"name": "PEP"}, {"name": "PG"}, {"name": "PYPL"}, {"name": "TWTR"}, {"name": "UTX"}, {"name": "X"}, {"name": "XLNX"}], "tags": [{"name": "Casinos & Gaming"}, {"name": "Consumer Discretionary"}, {"name": "Stocks To Watch"}, {"name": "Stocks to Watch"}]}, {"id": 9347053, "author": "Benzinga", "created": "Wed, 26 Apr 2017 07:08:17 -0400", "updated": "Wed, 26 Apr 2017 07:08:19 -0400", "title": "Wall Street's M&A Chatter From April 25: Straight Path, Deckers Outdoor, Tyson-AdvancePierre Foods, Frontline-DHT", "teaser": "", "body": "", "url": "https://www.benzinga.com/node/9347053", "image": [], "channels": [{"name": "News"}, {"name": "Rumors"}, {"name": "M&A"}], "stocks": [{"name": "APFH"}, {"name": "DECK"}, {"name": "DHT"}, {"name": "FRO"}, {"name": "STRP"}, {"name": "T"}, {"name": "TSN"}, {"name": "VZ"}], "tags": []}, {"id": 9347241, "author": "Benzinga", "created": "Wed, 26 Apr 2017 07:31:38 -0400", "updated": "Wed, 26 Apr 2017 07:31:38 -0400", "title": "A Peek Into The Markets: U.S. Stock Futures Mostly Higher Ahead Of Earnings", "teaser": "", "body": "", "url": "https://www.benzinga.com/node/9347241", "image": [], "channels": [{"name": "Earnings"}, {"name": "News"}, {"name": "Eurozone"}, {"name": "Futures"}, {"name": "Global"}, {"name": "Pre-Market Outlook"}, {"name": "Markets"}], "stocks": [{"name": "GCO"}, {"name": "HSY"}, {"name": "PEP"}, {"name": "PG"}, {"name": "TWTR"}], "tags": [{"name": "A Peek Into The Markets"}, {"name": "Susquehanna"}, {"name": "U.S. stock futures"}]}, {"id": 9347329, "author": "Benzinga", "created": "Wed, 26 Apr 2017 09:00:11 -0400", "updated": "Wed, 26 Apr 2017 09:00:12 -0400", "title": "The Market In 5 Minutes", "teaser": "", "body": "", "url": "https://www.benzinga.com/node/9347329", "image": [], "channels": [{"name": "News"}, {"name": "Global"}, {"name": "Top Stories"}, {"name": "Pre-Market Outlook"}, {"name": "Markets"}], "stocks": [{"name": "APTI"}, {"name": "ARNC"}, {"name": "BIG"}, {"name": "CMG"}, {"name": "CREE"}, {"name": "DIS"}, {"name": "GOOG"}, {"name": "TSN"}, {"name": "TWTR"}, {"name": "WAB"}], "tags": [{"name": "Market in 5 minutes"}]}, {"id": 9348521, "author": "Benzinga", "created": "Wed, 26 Apr 2017 10:19:27 -0400", "updated": "Wed, 26 Apr 2017 10:19:28 -0400", "title": "5 Things You Need To Know From Jamie Dimon's Letter On Morality And Society", "teaser": "", "body": "", "url": "https://www.benzinga.com/node/9348521", "image": [], "channels": [{"name": "News"}, {"name": "Education"}, {"name": "Entrepreneurship"}, {"name": "Psychology"}, {"name": "Management"}, {"name": "General"}], "stocks": [{"name": "JPM"}], "tags": [{"name": "Jamie Dimon"}]}, {"id": 9348740, "author": "Benzinga", "created": "Wed, 26 Apr 2017 10:34:27 -0400", "updated": "Wed, 26 Apr 2017 10:34:27 -0400", "title": "Does Costco's Special Dividend Prove Retailing Isn't Dead?", "teaser": "", "body": "", "url": "https://www.benzinga.com/node/9348740", "image": [], "channels": [{"name": "Analyst Color"}, {"name": "Long Ideas"}, {"name": "News"}, {"name": "Dividends"}, {"name": "Reiteration"}, {"name": "Analyst Ratings"}, {"name": "Movers"}, {"name": "Trading Ideas"}], "stocks": [{"name": "BBY"}, {"name": "COST"}, {"name": "V"}], "tags": [{"name": "Baird"}, {"name": "CNBC"}, {"name": "Costco"}, {"name": "dividends"}, {"name": "Peter Benedict"}, {"name": "retailers"}, {"name": "special dividends"}]}, {"id": 9349285, "author": "Benzinga", "created": "Wed, 26 Apr 2017 11:47:30 -0400", "updated": "Wed, 26 Apr 2017 11:47:30 -0400", "title": "2 Big Dow Components Are Finding It Hard To Grow", "teaser": "", "body": "", "url": "https://www.benzinga.com/node/9349285", "image": [], "channels": [{"name": "Earnings"}, {"name": "News"}, {"name": "Movers"}, {"name": "Media"}, {"name": "Trading Ideas"}], "stocks": [{"name": "BA"}, {"name": "PG"}, {"name": "UL"}], "tags": [{"name": "aircraft"}, {"name": "aircraft Sales"}, {"name": "Bloomberg"}, {"name": "Bloomberg Intelligence"}, {"name": "Boeing"}, {"name": "David Taylor"}, {"name": "DOW"}, {"name": "Dow Components"}, {"name": "Dow Earnings"}, {"name": "George Ferguson"}, {"name": "Gillette"}, {"name": "Razors"}, {"name": "Shaving"}]}, {"id": 9349325, "author": "Benzinga", "created": "Wed, 26 Apr 2017 12:00:06 -0400", "updated": "Wed, 26 Apr 2017 12:00:06 -0400", "title": "Express Scripts' Potential Breakup With Anthem, Explained", "teaser": "", "body": "", "url": "https://www.benzinga.com/node/9349325", "image": [], "channels": [{"name": "Analyst Color"}, {"name": "News"}, {"name": "Health Care"}, {"name": "Contracts"}, {"name": "Analyst Ratings"}, {"name": "Movers"}, {"name": "General"}], "stocks": [{"name": "ANTM"}, {"name": "CI"}, {"name": "CVS"}, {"name": "ESRX"}, {"name": "HUM"}, {"name": "UNH"}], "tags": [{"name": "Ana Gupte"}, {"name": "Joe Swedish"}, {"name": "Leerink"}, {"name": "Optum"}, {"name": "Prime Therapeutics"}, {"name": "Tim Wentworth"}]}, {"id": 9351070, "author": "Benzinga", "created": "Wed, 26 Apr 2017 16:45:37 -0400", "updated": "Wed, 26 Apr 2017 16:45:37 -0400", "title": "Army To Soldiers: Shoot Down Off-The-Shelf Drones With Small Arms", "teaser": "", "body": "", "url": "https://www.benzinga.com/node/9351070", "image": [], "channels": [{"name": "News"}, {"name": "Politics"}, {"name": "Global"}, {"name": "Tech"}, {"name": "General"}], "stocks": [{"name": "BA"}, {"name": "NOC"}], "tags": [{"name": "Battelle Memeorial Institute"}, {"name": "Counter-Unmanned Aircraft System Techniques"}, {"name": "CUAST"}, {"name": "DroneDefender"}, {"name": "Iraq"}, {"name": "ISIS"}, {"name": "Syria"}]}]