[{"id": 9016399, "author": "Benzinga", "created": "Thu, 09 Feb 2017 05:43:38 -0400", "updated": "Thu, 09 Feb 2017 05:43:39 -0400", "title": "Earnings Scheduled For February 9, 2017", "teaser": "", "body": "", "url": "https://www.benzinga.com/node/9016399", "image": [], "channels": [{"name": "Earnings"}, {"name": "News"}, {"name": "Pre-Market Outlook"}, {"name": "Markets"}], "stocks": [{"name": "AGU"}, {"name": "ATVI"}, {"name": "BWA"}, {"name": "CERN"}, {"name": "CLF"}, {"name": "CMI"}, {"name": "CSL"}, {"name": "CVS"}, {"name": "DAN"}, {"name": "DNKN"}, {"name": "DTE"}, {"name": "EXPE"}, {"name": "FAF"}, {"name": "GCI"}, {"name": "K"}, {"name": "KKR"}, {"name": "KO"}, {"name": "MAS"}, {"name": "MERC"}, {"name": "MHK"}, {"name": "MMS"}, {"name": "NCR"}, {"name": "NE"}, {"name": "NVDA"}, {"name": "NWSA"}, {"name": "OXY"}, {"name": "P"}, {"name": "RAI"}, {"name": "REGN"}, {"name": "ROP"}, {"name": "SEE"}, {"name": "SKX"}, {"name": "SON"}, {"name": "TDC"}, {"name": "TRI"}, {"name": "TU"}, {"name": "TWTR"}, {"name": "UFS"}, {"name": "VIAB"}, {"name": "VRSN"}, {"name": "WLTW"}, {"name": "WU"}, {"name": "WWE"}, {"name": "YELP"}, {"name": "YUM"}, {"name": "ZNGA"}], "tags": [{"name": "Building Products"}, {"name": "Earnings schedule"}, {"name": "Industrials"}]}, {"id": 9016423, "author": "Benzinga", "created": "Thu, 09 Feb 2017 06:04:54 -0400", "updated": "Thu, 09 Feb 2017 06:04:54 -0400", "title": "SoftBank Near First Round Closing of $100B Tech Fund; Said to Include $45B from Saudi Arabia, $25B from Softbank; $1B Each from Apple, Qualcomm, Oracle", "teaser": "", "body": "", "url": "https://www.benzinga.com/node/9016423", "image": [], "channels": [{"name": "News"}, {"name": "Rumors"}, {"name": "Financing"}, {"name": "Tech"}], "stocks": [{"name": "AAPL"}, {"name": "ORCL"}, {"name": "QCOM"}, {"name": "SFTBY"}], "tags": []}, {"id": 9016445, "author": "Benzinga", "created": "Thu, 09 Feb 2017 06:31:47 -0400", "updated": "Thu, 09 Feb 2017 06:31:47 -0400", "title": "12 Stocks To Watch For February 9, 2017", "teaser": "", "body": "", "url": "https://www.benzinga.com/node/9016445", "image": [], "channels": [{"name": "Earnings"}, {"name": "News"}, {"name": "Pre-Market Outlook"}, {"name": "Markets"}, {"name": "Trading Ideas"}], "stocks": [{"name": "CTL"}, {"name": "CVS"}, {"name": "EXPE"}, {"name": "K"}, {"name": "KO"}, {"name": "NVDA"}, {"name": "P"}, {"name": "PRU"}, {"name": "TWTR"}, {"name": "VIAB"}, {"name": "WFM"}, {"name": "YUM"}], "tags": [{"name": "Stocks To Watch"}, {"name": "Stocks to Watch"}]}, {"id": 9017138, "author": "Benzinga", "created": "Thu, 09 Feb 2017 08:45:32 -0400", "updated": "Thu, 09 Feb 2017 08:45:33 -0400", "title": "A Peek Into The Markets: U.S. Stock Futures Rise; Twitter Sales Miss Views", "teaser": "", "body": "", "url": "https://www.benzinga.com/node/9017138", "image": [], "channels": [{"name": "Earnings"}, {"name": "News"}, {"name": "Eurozone"}, {"name": "Futures"}, {"name": "Global"}, {"name": "Pre-Market Outlook"}, {"name": "Markets"}], "stocks": [{"name": "ATVI"}, {"name": "CVS"}, {"name": "EXPE"}, {"name": "GRUB"}, {"name": "KO"}, {"name": "NVDA"}, {"name": "P"}, {"name": "TWTR"}, {"name": "WFM"}], "tags": [{"name": "A Peek Into The Markets"}, {"name": "mizuho"}, {"name": "U.S. stock futures"}]}, {"id": 9017150, "author": "Benzinga", "created": "Thu, 09 Feb 2017 10:00:18 -0400", "updated": "Thu, 09 Feb 2017 10:00:19 -0400", "title": "The Market In 5 Minutes: Twitter Tanks, Trump Tweets, Tesla Preps", "teaser": "", "body": "", "url": "https://www.benzinga.com/node/9017150", "image": [], "channels": [{"name": "News"}, {"name": "Global"}, {"name": "Top Stories"}, {"name": "Pre-Market Outlook"}, {"name": "Markets"}], "stocks": [{"name": "ALV"}, {"name": "ANTM"}, {"name": "CI"}, {"name": "JWN"}, {"name": "KO"}, {"name": "ONCE"}, {"name": "PNRA"}, {"name": "RAI"}, {"name": "RMBS"}, {"name": "SIX"}, {"name": "SPY"}, {"name": "TSLA"}, {"name": "TSRO"}, {"name": "TWTR"}, {"name": "USO"}, {"name": "VIAB"}, {"name": "WFM"}, {"name": "YUM"}], "tags": [{"name": "Market in 5 minutes"}]}, {"id": 9017500, "author": "Benzinga", "created": "Thu, 09 Feb 2017 10:25:00 -0400", "updated": "Thu, 09 Feb 2017 10:25:00 -0400", "title": "Startup That Hopes To Change How Banks Detect Fraud Just Received A New Round Of Funding", "teaser": "", "body": "", "url": "https://www.benzinga.com/node/9017500", "image": [], "channels": [{"name": "Fintech"}, {"name": "News"}, {"name": "Financing"}, {"name": "Management"}, {"name": "Startups"}], "stocks": [{"name": "DFS"}, {"name": "JPM"}], "tags": [{"name": "Canh Tran"}, {"name": "credit card fraud"}, {"name": "Fraud Detection"}, {"name": "Gloria Colgan"}, {"name": "Rippleshot"}]}, {"id": 9019859, "author": "Benzinga", "created": "Thu, 09 Feb 2017 12:18:14 -0400", "updated": "Thu, 09 Feb 2017 12:18:14 -0400", "title": "Regeneron Gets 'Encouraging' Judicial Decision, Could Still Lose Appeal", "teaser": "", "body": "", "url": "https://www.benzinga.com/node/9019859", "image": [], "channels": [{"name": "Analyst Color"}, {"name": "Biotech"}, {"name": "News"}, {"name": "Health Care"}, {"name": "Reiteration"}, {"name": "FDA"}, {"name": "Legal"}, {"name": "Analyst Ratings"}, {"name": "Movers"}, {"name": "General"}], "stocks": [{"name": "AMGN"}, {"name": "REGN"}, {"name": "SNY"}], "tags": [{"name": "Canaccord Genuity"}]}, {"id": 9018947, "author": "Benzinga", "created": "Thu, 09 Feb 2017 13:02:48 -0400", "updated": "Thu, 09 Feb 2017 13:02:48 -0400", "title": "Stay Of Court Injunction A Mild Positive For Regeneron", "teaser": "", "body": "", "url": "https://www.benzinga.com/node/9018947", "image": [], "channels": [{"name": "Analyst Color"}, {"name": "Biotech"}, {"name": "Long Ideas"}, {"name": "News"}, {"name": "Health Care"}, {"name": "Reiteration"}, {"name": "FDA"}, {"name": "Legal"}, {"name": "Analyst Ratings"}, {"name": "Movers"}, {"name": "Trading Ideas"}, {"name": "General"}], "stocks": [{"name": "AMGN"}, {"name": "REGN"}, {"name": "SNY"}], "tags": [{"name": "Alethia Young"}, {"name": "Credit Suisse"}, {"name": "EYLEA"}, {"name": "Praluent"}]}, {"id": 9020414, "author": "Benzinga", "created": "Thu, 09 Feb 2017 13:43:46 -0400", "updated": "Thu, 09 Feb 2017 13:43:47 -0400", "title": "Verizon's Network Has A New Top Competitor, And It's Not AT&T", "teaser": "", "body": "", "url": "https://www.benzinga.com/node/9020414", "image": [], "channels": [{"name": "News"}, {"name": "Tech"}], "stocks": [{"name": "S"}, {"name": "T"}, {"name": "TMUS"}, {"name": "VZ"}], "tags": [{"name": "4G"}, {"name": "OpenSignal"}, {"name": "unlimited data"}, {"name": "wireless networks"}]}, {"id": 9013653, "author": "Benzinga", "created": "Thu, 09 Feb 2017 15:16:33 -0400", "updated": "Thu, 09 Feb 2017 15:16:33 -0400", "title": "Does Take-Two's Latest Acquisition Mark The End Of M&A In Mobile Gaming?", "teaser": "", "body": "", "url": "https://www.benzinga.com/node/9013653", "image": [], "channels": [{"name": "News"}, {"name": "M&A"}, {"name": "Media"}, {"name": "Trading Ideas"}], "stocks": [{"name": "AAPL"}, {"name": "ATVI"}, {"name": "CZR"}, {"name": "FB"}, {"name": "GLUU"}, {"name": "GOOG"}, {"name": "GOOGL"}, {"name": "MSFT"}, {"name": "TCTZF"}, {"name": "TTWO"}, {"name": "VIVHY"}, {"name": "ZNGA"}, {"name": "KING"}], "tags": [{"name": "China Mobile Games & Entertainment Group"}, {"name": "Digi-Capital"}, {"name": "GAmeloft"}, {"name": "Outfit7"}, {"name": "Playtika Ltd"}, {"name": "Shanghai Giant Network Technology Co"}, {"name": "Social Point"}, {"name": "Supercell Oy"}, {"name": "Ubisoft"}, {"name": "United Luck Group Holding Limited"}]}, {"id": 9021454, "author": "Benzinga", "created": "Thu, 09 Feb 2017 15:43:18 -0400", "updated": "Thu, 09 Feb 2017 15:43:20 -0400", "title": "Kevin O'Leary To Be A Keynote Speaker At 3rd Annual Benzinga Global Fintech Awards; Tickets Available Now", "teaser": "", "body": "", "url": "https://www.benzinga.com/node/9021454", "image": [], "channels": [{"name": "Fintech"}, {"name": "News"}, {"name": "Events"}, {"name": "Press Releases"}], "stocks": [{"name": "AMTD"}, {"name": "CBOE"}, {"name": "MORN"}, {"name": "MSFT"}, {"name": "NDAQ"}, {"name": "YHOO"}], "tags": [{"name": "Benzinga Global Fintech Awards"}, {"name": "Kevin O'Leary"}]}, {"id": 9021353, "author": "Benzinga", "created": "Thu, 09 Feb 2017 16:32:50 -0400", "updated": "Thu, 09 Feb 2017 16:32:50 -0400", "title": "Wall Street Analysts Respond To Disney's Q1 Earnings Report", "teaser": "", "body": "", "url": "https://www.benzinga.com/node/9021353", "image": [], "channels": [{"name": "Analyst Color"}, {"name": "Earnings"}, {"name": "Long Ideas"}, {"name": "News"}, {"name": "Price Target"}, {"name": "Reiteration"}, {"name": "Analyst Ratings"}, {"name": "Tech"}, {"name": "Trading Ideas"}], "stocks": [{"name": "DIS"}], "tags": [{"name": "Bryan Kraft"}, {"name": "David Miller"}, {"name": "Deutsche Bank"}, {"name": "Loop Capital"}]}, {"id": 9020871, "author": "Benzinga", "created": "Thu, 09 Feb 2017 17:13:54 -0400", "updated": "Thu, 09 Feb 2017 17:13:55 -0400", "title": "It's Not A Coincidence: Rumors During Quiet Periods", "teaser": "", "body": "", "url": "https://www.benzinga.com/node/9020871", "image": [], "channels": [{"name": "Earnings"}, {"name": "News"}, {"name": "Education"}, {"name": "Guidance"}, {"name": "Movers"}, {"name": "Tech"}, {"name": "Media"}, {"name": "Trading Ideas"}, {"name": "General"}], "stocks": [{"name": "DIS"}, {"name": "TWTR"}], "tags": [{"name": "Donald Trump"}]}]