[{"id": 9275580, "author": "Benzinga", "created": "Fri, 07 Apr 2017 09:20:32 -0400", "updated": "Fri, 07 Apr 2017 09:20:32 -0400", "title": "The Market In 5 Minutes", "teaser": "", "body": "", "url": "https://www.benzinga.com/node/9275580", "image": [], "channels": [{"name": "News"}, {"name": "Global"}, {"name": "Top Stories"}, {"name": "Markets"}], "stocks": [{"name": "ACM"}, {"name": "ANET"}, {"name": "BKE"}, {"name": "CMCSA"}, {"name": "CUNB"}, {"name": "FMCC"}, {"name": "FNMA"}, {"name": "TSLA"}, {"name": "TWLO"}, {"name": "TWTR"}, {"name": "WMT"}], "tags": [{"name": "Market in 5 minutes"}]}, {"id": 9276338, "author": "Benzinga", "created": "Fri, 07 Apr 2017 10:47:10 -0400", "updated": "Fri, 07 Apr 2017 10:47:10 -0400", "title": "Deutsche Bank: Comcast's Xfinity Mobile Service 'A New Growth Driver'", "teaser": "", "body": "", "url": "https://www.benzinga.com/node/9276338", "image": [], "channels": [{"name": "Analyst Color"}, {"name": "CNBC"}, {"name": "Long Ideas"}, {"name": "News"}, {"name": "Contracts"}, {"name": "Analyst Ratings"}, {"name": "Tech"}, {"name": "Media"}, {"name": "Trading Ideas"}], "stocks": [{"name": "CMCSA"}, {"name": "VZ"}], "tags": [{"name": "Comcast"}, {"name": "Comcast Xfinity"}, {"name": "Deutsche Bank"}, {"name": "Verizon"}, {"name": "Xfinity"}]}, {"id": 9272408, "author": "Benzinga", "created": "Fri, 07 Apr 2017 12:12:35 -0400", "updated": "Fri, 07 Apr 2017 12:12:35 -0400", "title": "Exclusive: TriPoint Global Equities And BANQ\u00ae CEO On The JOBS Act, Bringing Small-Cap IPOs And Capital Formation Back To Individual Investors", "teaser": "", "body": "", "url": "https://www.benzinga.com/node/9272408", "image": [], "channels": [{"name": "Financial Advisors"}, {"name": "News"}, {"name": "Emerging Markets"}, {"name": "Small Cap Analysis"}, {"name": "Financing"}, {"name": "Crowdsourcing"}, {"name": "IPOs"}, {"name": "Global"}, {"name": "Startups"}, {"name": "Small Business"}, {"name": "Exclusives"}, {"name": "Markets"}, {"name": "Personal Finance"}, {"name": "Trading Ideas"}, {"name": "Interview"}, {"name": "General"}], "stocks": [{"name": "AAPL"}, {"name": "AMTD"}, {"name": "AMZN"}, {"name": "ETFC"}, {"name": "FBRC"}, {"name": "MSFT"}, {"name": "NWSA"}, {"name": "SCHW"}, {"name": "SF"}, {"name": "TIME"}], "tags": [{"name": "BANQ"}, {"name": "Mark Elenowitz"}, {"name": "TriPoint Global Equities"}]}, {"id": 9276113, "author": "Benzinga", "created": "Fri, 07 Apr 2017 12:18:19 -0400", "updated": "Fri, 07 Apr 2017 12:18:20 -0400", "title": "Comcast Execs Quiet On Verizon Partnership Details Amid Mobile Offering Launches", "teaser": "", "body": "", "url": "https://www.benzinga.com/node/9276113", "image": [], "channels": [{"name": "Analyst Color"}, {"name": "Long Ideas"}, {"name": "News"}, {"name": "Contracts"}, {"name": "Reiteration"}, {"name": "Analyst Ratings"}, {"name": "Media"}, {"name": "Trading Ideas"}], "stocks": [{"name": "CMCSA"}, {"name": "VZ"}], "tags": [{"name": "Matthew Harrigan"}, {"name": "Wunderlich"}, {"name": "Xfinity"}]}, {"id": 9258303, "author": "Benzinga", "created": "Fri, 07 Apr 2017 14:00:29 -0400", "updated": "Fri, 07 Apr 2017 14:00:30 -0400", "title": "Amid Reports Of A Revamp; How Much Does The Mac Mean To Apple?", "teaser": "", "body": "", "url": "https://www.benzinga.com/node/9258303", "image": [], "channels": [{"name": "News"}, {"name": "Events"}, {"name": "Tech"}, {"name": "Media"}, {"name": "Trading Ideas"}], "stocks": [{"name": "AAPL"}, {"name": "INTC"}], "tags": [{"name": "Apple"}, {"name": "BuzzFeed"}, {"name": "Intel"}, {"name": "Phil Schiller"}]}, {"id": 9277042, "author": "Benzinga", "created": "Fri, 07 Apr 2017 15:13:15 -0400", "updated": "Fri, 07 Apr 2017 15:13:16 -0400", "title": "Futurecraft 4D: Adidas Launches First Mass-Market 3D Shoe", "teaser": "", "body": "", "url": "https://www.benzinga.com/node/9277042", "image": [], "channels": [{"name": "News"}, {"name": "Sports"}, {"name": "Tech"}, {"name": "Interview"}, {"name": "General"}], "stocks": [{"name": "ADDYY"}, {"name": "NKE"}, {"name": "UAA"}], "tags": [{"name": "3D Printing"}, {"name": "3dshoes.com"}, {"name": "Adidas"}, {"name": "Architect"}, {"name": "carbon"}, {"name": "Dr. joseph desimone"}, {"name": "Eric Liedtke"}, {"name": "futurecraft 4d"}, {"name": "Joseph DeSimone"}, {"name": "ManRev"}, {"name": "McLaren"}, {"name": "Michael Mazzotta"}, {"name": "New Balance"}, {"name": "Nike"}, {"name": "under armour"}]}, {"id": 9278420, "author": "Benzinga", "created": "Fri, 07 Apr 2017 16:30:05 -0400", "updated": "Fri, 07 Apr 2017 16:30:06 -0400", "title": "Benzinga's Option Alert Recap From April 7", "teaser": "", "body": "", "url": "https://www.benzinga.com/node/9278420", "image": [], "channels": [{"name": "News"}, {"name": "Options"}, {"name": "After-Hours Center"}, {"name": "Markets"}, {"name": "Movers"}, {"name": "Trading Ideas"}], "stocks": [{"name": "AAPL"}, {"name": "AKS"}, {"name": "DVAX"}, {"name": "ESPR"}, {"name": "MDCO"}, {"name": "PFPT"}, {"name": "PTLA"}, {"name": "SCSS"}, {"name": "SNAP"}, {"name": "TEVA"}, {"name": "UPS"}, {"name": "WPX"}], "tags": [{"name": "option trading"}, {"name": "options"}, {"name": "Options Alerts"}, {"name": "options definition"}, {"name": "Options Recap"}, {"name": "options trading"}, {"name": "options trading for dummies"}, {"name": "options trading strategies"}, {"name": "Optionshouse"}, {"name": "trading stock options"}, {"name": "types of options"}]}]