[{"id": 9569024, "author": "Benzinga", "created": "Tue, 06 Jun 2017 06:44:50 -0400", "updated": "Tue, 06 Jun 2017 06:44:52 -0400", "title": "Wall Street's M&A Chatter From June 5: YipTV-MagicJack, Verizon-Pandora, Albany Molecular, Rite Aid", "teaser": "", "body": "", "url": "https://www.benzinga.com/node/9569024", "image": [], "channels": [{"name": "News"}, {"name": "Rumors"}, {"name": "M&A"}], "stocks": [{"name": "AMRI"}, {"name": "CALL"}, {"name": "CG"}, {"name": "FRED"}, {"name": "P"}, {"name": "RAD"}, {"name": "VZ"}, {"name": "WBA"}], "tags": []}, {"id": 9569335, "author": "Benzinga", "created": "Tue, 06 Jun 2017 07:41:58 -0400", "updated": "Tue, 06 Jun 2017 07:41:58 -0400", "title": "A Peek Into The Markets: U.S. Stock Futures Signal Lower Start On Wall Street", "teaser": "", "body": "", "url": "https://www.benzinga.com/node/9569335", "image": [], "channels": [{"name": "Earnings"}, {"name": "News"}, {"name": "Guidance"}, {"name": "Eurozone"}, {"name": "Futures"}, {"name": "Global"}, {"name": "Pre-Market Outlook"}, {"name": "Markets"}], "stocks": [{"name": "CONN"}, {"name": "CTSH"}, {"name": "GIII"}, {"name": "MIK"}, {"name": "P"}, {"name": "VZ"}], "tags": [{"name": "A Peek Into The Markets"}, {"name": "Societe Generale"}, {"name": "U.S. stock futures"}]}, {"id": 9564952, "author": "Benzinga", "created": "Tue, 06 Jun 2017 08:26:24 -0400", "updated": "Tue, 06 Jun 2017 08:26:25 -0400", "title": "Within 20 Years, 35% Of Fortune 3000 Companies Will Be Based In China, JPMorgan's Dimon Says", "teaser": "", "body": "", "url": "https://www.benzinga.com/node/9564952", "image": [], "channels": [{"name": "News"}, {"name": "Emerging Markets"}, {"name": "Futures"}, {"name": "Management"}, {"name": "Events"}, {"name": "Global"}, {"name": "Markets"}, {"name": "Media"}], "stocks": [{"name": "JPM"}], "tags": [{"name": "Beijing"}, {"name": "China"}, {"name": "china Reform"}, {"name": "Jamie Dimon"}, {"name": "JPMorgan"}]}, {"id": 9569674, "author": "Benzinga", "created": "Tue, 06 Jun 2017 09:00:13 -0400", "updated": "Tue, 06 Jun 2017 09:00:13 -0400", "title": "The Market In 5 Minutes", "teaser": "", "body": "", "url": "https://www.benzinga.com/node/9569674", "image": [], "channels": [{"name": "News"}, {"name": "Global"}, {"name": "Top Stories"}, {"name": "Pre-Market Outlook"}, {"name": "Markets"}], "stocks": [{"name": "AAPL"}, {"name": "BLUE"}, {"name": "CTSH"}, {"name": "FOXA"}, {"name": "ODFL"}, {"name": "OMC"}, {"name": "P"}, {"name": "RDHL"}, {"name": "RUN"}, {"name": "SPY"}, {"name": "THC"}, {"name": "TSLA"}, {"name": "VLKAY"}], "tags": [{"name": "Market in 5 minutes"}]}, {"id": 9569673, "author": "Benzinga", "created": "Tue, 06 Jun 2017 09:03:44 -0400", "updated": "Tue, 06 Jun 2017 09:03:44 -0400", "title": "Gene Munster Saw Something 'Revolutionary' In Apple's Event That Most Investors Missed", "teaser": "", "body": "", "url": "https://www.benzinga.com/node/9569673", "image": [], "channels": [{"name": "Analyst Color"}, {"name": "CNBC"}, {"name": "News"}, {"name": "Events"}, {"name": "Tech"}, {"name": "Media"}], "stocks": [{"name": "AAPL"}], "tags": [{"name": "Apple"}, {"name": "Apple WWDC"}, {"name": "ARKit"}, {"name": "Augmented Reality"}, {"name": "CNBC"}, {"name": "Fast Money"}, {"name": "Gene Munster"}]}, {"id": 9570208, "author": "Benzinga", "created": "Tue, 06 Jun 2017 10:19:51 -0400", "updated": "Tue, 06 Jun 2017 10:19:52 -0400", "title": "4 Key WWDC Takeaways From An Apple Bull", "teaser": "", "body": "", "url": "https://www.benzinga.com/node/9570208", "image": [], "channels": [{"name": "Analyst Color"}, {"name": "Long Ideas"}, {"name": "News"}, {"name": "Topics"}, {"name": "Events"}, {"name": "Analyst Ratings"}, {"name": "Tech"}, {"name": "Trading Ideas"}, {"name": "General"}], "stocks": [{"name": "AAPL"}, {"name": "AMZN"}], "tags": [{"name": "Appstore"}, {"name": "ARKit"}, {"name": "Bernstein"}, {"name": "Bernstein Research"}, {"name": "Daniel Chen"}, {"name": "HomePod"}, {"name": "Tim Cook"}, {"name": "Toni Sacconaghi"}]}, {"id": 9569853, "author": "Benzinga", "created": "Tue, 06 Jun 2017 10:35:16 -0400", "updated": "Tue, 06 Jun 2017 10:35:16 -0400", "title": "Industrials Complexity Has Elevated Q2 Earnings Risk: Here's Why", "teaser": "", "body": "", "url": "https://www.benzinga.com/node/9569853", "image": [], "channels": [{"name": "Analyst Color"}, {"name": "Earnings"}, {"name": "News"}, {"name": "Sector ETFs"}, {"name": "Short Ideas"}, {"name": "Futures"}, {"name": "Previews"}, {"name": "Politics"}, {"name": "Reiteration"}, {"name": "Top Stories"}, {"name": "Economics"}, {"name": "Markets"}, {"name": "Analyst Ratings"}, {"name": "Trading Ideas"}, {"name": "ETFs"}, {"name": "General"}], "stocks": [{"name": "CAT"}, {"name": "SPY"}, {"name": "URI"}, {"name": "XLI"}], "tags": [{"name": "axiom"}, {"name": "Gordon Johnson"}, {"name": "JJ Kinahan"}, {"name": "TD Ameritrade"}]}, {"id": 9570379, "author": "Benzinga", "created": "Tue, 06 Jun 2017 10:42:01 -0400", "updated": "Tue, 06 Jun 2017 10:42:01 -0400", "title": "Apple Will Become The Leading AR Platform", "teaser": "", "body": "", "url": "https://www.benzinga.com/node/9570379", "image": [], "channels": [{"name": "Analyst Color"}, {"name": "News"}, {"name": "Topics"}, {"name": "Events"}, {"name": "Analyst Ratings"}, {"name": "Tech"}, {"name": "General"}], "stocks": [{"name": "AAPL"}, {"name": "GOOG"}, {"name": "GOOGL"}], "tags": [{"name": "AR"}, {"name": "Augmented Reality"}, {"name": "Gene Munster"}, {"name": "iOS 11"}, {"name": "iPhone"}, {"name": "Loup Ventures"}, {"name": "virtual reality"}, {"name": "VR"}]}, {"id": 9570909, "author": "Benzinga", "created": "Tue, 06 Jun 2017 12:06:06 -0400", "updated": "Tue, 06 Jun 2017 12:06:07 -0400", "title": "WWE Targets August For Launch On New Monthly Snapchat Content", "teaser": "", "body": "", "url": "https://www.benzinga.com/node/9570909", "image": [], "channels": [{"name": "News"}, {"name": "Previews"}, {"name": "Sports"}, {"name": "Tech"}, {"name": "Media"}, {"name": "Trading Ideas"}, {"name": "General"}], "stocks": [{"name": "CMCSA"}, {"name": "DIS"}, {"name": "DISCA"}, {"name": "SNAP"}, {"name": "WWE"}], "tags": [{"name": "Cord Cutting"}, {"name": "Snapchat Shows"}]}, {"id": 9571973, "author": "Benzinga", "created": "Tue, 06 Jun 2017 14:46:32 -0400", "updated": "Tue, 06 Jun 2017 14:46:33 -0400", "title": "The $5.7 Billion Defamation Lawsuit Disney's ABC Is Fighting In A Small South Dakota Town", "teaser": "", "body": "", "url": "https://www.benzinga.com/node/9571973", "image": [], "channels": [{"name": "News"}, {"name": "Legal"}, {"name": "Media"}], "stocks": [{"name": "DIS"}, {"name": "WMT"}], "tags": [{"name": "ABC"}, {"name": "ABC Broadcasting"}, {"name": "Beef Products Inc."}, {"name": "Pink Slime"}]}, {"id": 9571280, "author": "Benzinga", "created": "Tue, 06 Jun 2017 15:42:02 -0400", "updated": "Tue, 06 Jun 2017 15:42:02 -0400", "title": "What Did WWDC 2017 Do For Apple? The Sell-Side Weighs In", "teaser": "", "body": "", "url": "https://www.benzinga.com/node/9571280", "image": [], "channels": [{"name": "Analyst Color"}, {"name": "News"}, {"name": "Price Target"}, {"name": "Events"}, {"name": "Top Stories"}, {"name": "Analyst Ratings"}, {"name": "Tech"}], "stocks": [{"name": "AAPL"}, {"name": "AMZN"}], "tags": [{"name": "Gene Munster"}, {"name": "Kulbinder Garcha"}, {"name": "Rod Hall"}, {"name": "Sherri Scribner"}, {"name": "Steven Milunovich"}, {"name": "Toni Sacconaghi"}, {"name": "Wamsi Mohan"}, {"name": "WWDC"}]}]