[{"id": 9621226, "author": "Benzinga", "created": "Sat, 17 Jun 2017 13:56:38 -0400", "updated": "Sat, 17 Jun 2017 13:56:39 -0400", "title": "Tupac Biopic Is Finally Here; All Eyez On The Reviews", "teaser": "", "body": "", "url": "https://www.benzinga.com/node/9621226", "image": [], "channels": [{"name": "News"}, {"name": "Media"}, {"name": "Reviews"}], "stocks": [{"name": "DIS"}, {"name": "LGF"}], "tags": [{"name": "All Eyez On Me"}, {"name": "Cars 3"}, {"name": "Rotten Tomatoes"}, {"name": "Tupac"}, {"name": "Tupac Shakur"}]}]