[{"id": 9374565, "author": "Benzinga", "created": "Mon, 01 May 2017 06:55:51 -0400", "updated": "Mon, 01 May 2017 06:55:53 -0400", "title": "Wall Street's M&A Chatter From April 28-30: Walgreens-Rite Aid, Anthem-Cigna, Fox-Tribune Media, Sarepta", "teaser": "", "body": "", "url": "https://www.benzinga.com/node/9374565", "image": [], "channels": [{"name": "News"}, {"name": "Rumors"}, {"name": "M&A"}], "stocks": [{"name": "ANTM"}, {"name": "BX"}, {"name": "CI"}, {"name": "FOXA"}, {"name": "RAD"}, {"name": "SNY"}, {"name": "SRPT"}, {"name": "TRCO"}, {"name": "WBA"}], "tags": []}, {"id": 9374957, "author": "Benzinga", "created": "Mon, 01 May 2017 08:44:50 -0400", "updated": "Mon, 01 May 2017 08:44:50 -0400", "title": "The Market In 5 Minutes", "teaser": "", "body": "", "url": "https://www.benzinga.com/node/9374957", "image": [], "channels": [{"name": "News"}, {"name": "Global"}, {"name": "Top Stories"}, {"name": "Pre-Market Outlook"}, {"name": "Markets"}], "stocks": [{"name": "AAPL"}, {"name": "ADSK"}, {"name": "BX"}, {"name": "FE"}, {"name": "FII"}, {"name": "FOXA"}, {"name": "GS"}, {"name": "MDSO"}, {"name": "NTRP"}, {"name": "NWL"}, {"name": "PG"}, {"name": "TRCO"}, {"name": "WDC"}, {"name": "WMT"}], "tags": [{"name": "Market in 5 minutes"}]}, {"id": 9375453, "author": "Benzinga", "created": "Mon, 01 May 2017 09:04:23 -0400", "updated": "Mon, 01 May 2017 09:04:23 -0400", "title": "Is Buffett Shopping Around For A 12-Digit Acquisition?", "teaser": "", "body": "", "url": "https://www.benzinga.com/node/9375453", "image": [], "channels": [{"name": "News"}, {"name": "Rumors"}, {"name": "Media"}, {"name": "General"}], "stocks": [{"name": "COST"}, {"name": "NKE"}], "tags": [{"name": "Berkshire"}, {"name": "Bloomberg"}, {"name": "Charlie Munger"}, {"name": "Warren Buffett"}]}, {"id": 9375767, "author": "Benzinga", "created": "Mon, 01 May 2017 09:24:21 -0400", "updated": "Mon, 01 May 2017 09:24:21 -0400", "title": "Feuerstein On Neurotrope: The Study Failed And There Was Never 'A Lot Of Hope Here'", "teaser": "", "body": "", "url": "https://www.benzinga.com/node/9375767", "image": [], "channels": [{"name": "Biotech"}, {"name": "News"}, {"name": "Health Care"}, {"name": "Top Stories"}, {"name": "Exclusives"}, {"name": "Interview"}, {"name": "General"}], "stocks": [{"name": "BIIB"}, {"name": "MRK"}, {"name": "NTRP"}, {"name": "PFE"}], "tags": [{"name": "Adam Feuerstein"}, {"name": "alzheimer's"}, {"name": "Bryostatin-1"}, {"name": "PreMarket Prep"}]}, {"id": 9375322, "author": "Benzinga", "created": "Mon, 01 May 2017 09:39:53 -0400", "updated": "Mon, 01 May 2017 09:39:53 -0400", "title": "Jim Cramer: Investors Have 'One More Opportunity' To Buy Apple's Stock", "teaser": "", "body": "", "url": "https://www.benzinga.com/node/9375322", "image": [], "channels": [{"name": "CNBC"}, {"name": "Earnings"}, {"name": "News"}, {"name": "Jim Cramer"}, {"name": "Previews"}, {"name": "Media"}, {"name": "Trading Ideas"}], "stocks": [{"name": "AAPL"}], "tags": [{"name": "Apple"}, {"name": "Apple Earnings"}, {"name": "CNBC"}, {"name": "iPhone"}, {"name": "Jim Cramer"}]}, {"id": 9372971, "author": "Benzinga", "created": "Mon, 01 May 2017 10:10:05 -0400", "updated": "Mon, 01 May 2017 10:10:06 -0400", "title": "Benzinga's Bulls And Bears For The Week: Chipotle, IBM, Under Armour And More", "teaser": "", "body": "", "url": "https://www.benzinga.com/node/9372971", "image": [], "channels": [{"name": "Earnings"}, {"name": "News"}, {"name": "Trading Ideas"}, {"name": "General"}], "stocks": [{"name": "CMG"}, {"name": "KO"}, {"name": "MSFT"}, {"name": "MU"}, {"name": "SWKS"}, {"name": "UAA"}, {"name": "WDC"}], "tags": [{"name": "Chipotle Mexican Grill"}, {"name": "Coca-cola"}, {"name": "Donald Trump"}, {"name": "Micron Technology"}, {"name": "Microsoft"}, {"name": "Skyworks Solutions"}, {"name": "under armour"}, {"name": "Warren Buffett"}, {"name": "western digital"}]}, {"id": 9376878, "author": "Benzinga", "created": "Mon, 01 May 2017 11:56:30 -0400", "updated": "Mon, 01 May 2017 11:56:31 -0400", "title": "LendingClub Quietly Mounting Return To Normalcy Following CEO Scandal", "teaser": "", "body": "", "url": "https://www.benzinga.com/node/9376878", "image": [], "channels": [{"name": "Earnings"}, {"name": "Fintech"}, {"name": "Long Ideas"}, {"name": "News"}, {"name": "Upgrades"}, {"name": "Price Target"}, {"name": "Management"}, {"name": "Analyst Ratings"}, {"name": "Movers"}, {"name": "Trading Ideas"}], "stocks": [{"name": "GS"}, {"name": "LC"}], "tags": [{"name": "Credit Karma"}, {"name": "James Friedman"}, {"name": "Susquehanna Financial Group"}]}, {"id": 9376945, "author": "Benzinga", "created": "Mon, 01 May 2017 12:03:21 -0400", "updated": "Mon, 01 May 2017 12:03:21 -0400", "title": "Qualcomm's Future With Apple Remains Unclear", "teaser": "", "body": "", "url": "https://www.benzinga.com/node/9376945", "image": [], "channels": [{"name": "Analyst Color"}, {"name": "News"}, {"name": "Price Target"}, {"name": "Reiteration"}, {"name": "Analyst Ratings"}, {"name": "Movers"}, {"name": "Tech"}], "stocks": [{"name": "AAPL"}, {"name": "INTC"}, {"name": "QCOM"}], "tags": [{"name": "Apple"}, {"name": "Qualcomm"}, {"name": "Stephen Chin"}, {"name": "Tim Long"}]}, {"id": 9377726, "author": "Benzinga", "created": "Mon, 01 May 2017 13:42:15 -0400", "updated": "Mon, 01 May 2017 13:42:15 -0400", "title": "Big Bank Investors Shocked By Trump's Break-Up Comment", "teaser": "", "body": "", "url": "https://www.benzinga.com/node/9377726", "image": [], "channels": [{"name": "News"}, {"name": "Politics"}, {"name": "Movers"}, {"name": "Media"}, {"name": "General"}], "stocks": [{"name": "BAC"}, {"name": "C"}, {"name": "JPM"}, {"name": "MS"}, {"name": "WFC"}, {"name": "XLF"}], "tags": [{"name": "1933 Glass-Steagall Act"}, {"name": "BLOOMBERG NEWS"}, {"name": "Elizabeth Warren"}, {"name": "Gary Cohn"}, {"name": "john mccain"}, {"name": "President Donald Trump"}]}, {"id": 9377287, "author": "Benzinga", "created": "Mon, 01 May 2017 13:44:59 -0400", "updated": "Mon, 01 May 2017 13:44:59 -0400", "title": "Cramer: People 'Don't Care' If iPhone Sales Are Low", "teaser": "", "body": "", "url": "https://www.benzinga.com/node/9377287", "image": [], "channels": [{"name": "Analyst Color"}, {"name": "CNBC"}, {"name": "News"}, {"name": "Jim Cramer"}, {"name": "Previews"}, {"name": "Tech"}, {"name": "Media"}, {"name": "Trading Ideas"}], "stocks": [{"name": "AAPL"}], "tags": [{"name": "Apple"}, {"name": "Apple Earnings"}, {"name": "Apple Services"}, {"name": "iPhone"}, {"name": "iPhone 8"}, {"name": "iPhone Demand"}, {"name": "Jim Cramer"}]}, {"id": 9378207, "author": "Benzinga", "created": "Mon, 01 May 2017 14:56:52 -0400", "updated": "Mon, 01 May 2017 14:56:52 -0400", "title": "It's All About The iPhone X", "teaser": "", "body": "", "url": "https://www.benzinga.com/node/9378207", "image": [], "channels": [{"name": "Analyst Color"}, {"name": "Earnings"}, {"name": "Long Ideas"}, {"name": "News"}, {"name": "Previews"}, {"name": "Analyst Ratings"}, {"name": "Movers"}, {"name": "Tech"}, {"name": "Media"}, {"name": "Trading Ideas"}], "stocks": [{"name": "AAPL"}], "tags": [{"name": "Gene Munster"}, {"name": "iPhone X"}, {"name": "Loup Ventures"}]}]