[{"id": 8936864, "author": "Benzinga", "created": "Tue, 24 Jan 2017 06:03:25 -0400", "updated": "Tue, 24 Jan 2017 06:03:25 -0400", "title": "Earnings Scheduled For January 24, 2017", "teaser": "", "body": "", "url": "https://www.benzinga.com/node/8936864", "image": [], "channels": [{"name": "Earnings"}, {"name": "News"}, {"name": "Pre-Market Outlook"}, {"name": "Markets"}], "stocks": [{"name": "AA"}, {"name": "AKS"}, {"name": "AVX"}, {"name": "BABA"}, {"name": "BPOP"}, {"name": "CA"}, {"name": "CNI"}, {"name": "COF"}, {"name": "CREE"}, {"name": "DD"}, {"name": "DFS"}, {"name": "DHI"}, {"name": "EXP"}, {"name": "FITB"}, {"name": "GLW"}, {"name": "HA"}, {"name": "ISRG"}, {"name": "JNJ"}, {"name": "JNS"}, {"name": "KMB"}, {"name": "LMT"}, {"name": "LOGI"}, {"name": "MMM"}, {"name": "NAVI"}, {"name": "PHG"}, {"name": "PII"}, {"name": "SAP"}, {"name": "STLD"}, {"name": "STX"}, {"name": "SYK"}, {"name": "TRV"}, {"name": "TXN"}, {"name": "UBSH"}, {"name": "VZ"}, {"name": "WAT"}], "tags": [{"name": "Aerospace & Defense"}, {"name": "Computer Storage & Peripherals"}, {"name": "Earnings schedule"}, {"name": "Industrials"}, {"name": "Information Technology"}]}, {"id": 8936926, "author": "Benzinga", "created": "Tue, 24 Jan 2017 06:53:40 -0400", "updated": "Tue, 24 Jan 2017 06:53:40 -0400", "title": "12 Stocks You Should Be Watching Today", "teaser": "", "body": "", "url": "https://www.benzinga.com/node/8936926", "image": [], "channels": [{"name": "Earnings"}, {"name": "News"}, {"name": "Pre-Market Outlook"}, {"name": "Markets"}, {"name": "Trading Ideas"}], "stocks": [{"name": "AA"}, {"name": "BABA"}, {"name": "COF"}, {"name": "DFS"}, {"name": "ISRG"}, {"name": "JNJ"}, {"name": "LMT"}, {"name": "MMM"}, {"name": "STX"}, {"name": "TXN"}, {"name": "VZ"}, {"name": "YHOO"}], "tags": [{"name": "Aerospace & Defense"}, {"name": "Industrials"}, {"name": "Stocks To Watch"}, {"name": "Stocks to Watch"}]}, {"id": 8937320, "author": "Benzinga", "created": "Tue, 24 Jan 2017 08:11:29 -0400", "updated": "Tue, 24 Jan 2017 08:11:31 -0400", "title": "Wall Street's M&A Chatter From January 23", "teaser": "", "body": "", "url": "https://www.benzinga.com/node/8937320", "image": [], "channels": [{"name": "News"}, {"name": "Rumors"}, {"name": "M&A"}], "stocks": [{"name": "AET"}, {"name": "FDML"}, {"name": "HUM"}, {"name": "IEP"}, {"name": "S"}, {"name": "VZ"}, {"name": "YHOO"}], "tags": []}, {"id": 8937393, "author": "Benzinga", "created": "Tue, 24 Jan 2017 08:29:10 -0400", "updated": "Tue, 24 Jan 2017 08:29:10 -0400", "title": "A Peek Into The Markets: U.S. Stock Futures Flat Ahead Of Earnings Reports", "teaser": "", "body": "", "url": "https://www.benzinga.com/node/8937393", "image": [], "channels": [{"name": "Earnings"}, {"name": "News"}, {"name": "Eurozone"}, {"name": "Futures"}, {"name": "Global"}, {"name": "Pre-Market Outlook"}, {"name": "Markets"}], "stocks": [{"name": "AAPL"}, {"name": "BABA"}, {"name": "JNJ"}, {"name": "VZ"}, {"name": "YHOO"}], "tags": [{"name": "A Peek Into The Markets"}, {"name": "Barclays"}, {"name": "U.S. stock futures"}]}, {"id": 8937478, "author": "Benzinga", "created": "Tue, 24 Jan 2017 08:59:49 -0400", "updated": "Tue, 24 Jan 2017 08:59:49 -0400", "title": "Verizon Q4 EPS Misses Street View, Shares Fall", "teaser": "", "body": "", "url": "https://www.benzinga.com/node/8937478", "image": [], "channels": [{"name": "Earnings"}, {"name": "News"}, {"name": "Guidance"}], "stocks": [{"name": "S"}, {"name": "TMUS"}, {"name": "VZ"}], "tags": []}, {"id": 8937747, "author": "Benzinga", "created": "Tue, 24 Jan 2017 09:24:21 -0400", "updated": "Tue, 24 Jan 2017 09:24:21 -0400", "title": "25 Stocks Moving In Tuesday's Pre-Market Session", "teaser": "", "body": "", "url": "https://www.benzinga.com/node/8937747", "image": [], "channels": [{"name": "News"}, {"name": "Movers & Shakers"}, {"name": "Pre-Market Outlook"}, {"name": "Markets"}, {"name": "Movers"}], "stocks": [{"name": "BABA"}, {"name": "BIOA"}, {"name": "BSET"}, {"name": "BT"}, {"name": "CBPO"}, {"name": "CETV"}, {"name": "CTIC"}, {"name": "DHI"}, {"name": "ETRM"}, {"name": "FCAU"}, {"name": "GLBS"}, {"name": "GLOP"}, {"name": "GPRO"}, {"name": "LMT"}, {"name": "MPSX"}, {"name": "NAK"}, {"name": "NK"}, {"name": "OCUL"}, {"name": "PII"}, {"name": "SIMO"}, {"name": "SSH"}, {"name": "SYNC"}, {"name": "TIS"}, {"name": "VZ"}, {"name": "WRK"}, {"name": "YHOO"}], "tags": [{"name": "#PreMarket Gainers"}, {"name": "Aerospace & Defense"}, {"name": "Industrials"}, {"name": "Losers"}, {"name": "Top Gainers"}]}, {"id": 8937438, "author": "Benzinga", "created": "Tue, 24 Jan 2017 09:28:49 -0400", "updated": "Tue, 24 Jan 2017 09:28:50 -0400", "title": "A Preview Of F5's Wednesday Q1 Earnings Report", "teaser": "", "body": "", "url": "https://www.benzinga.com/node/8937438", "image": [], "channels": [{"name": "Analyst Color"}, {"name": "Earnings"}, {"name": "News"}, {"name": "Previews"}, {"name": "Reiteration"}, {"name": "Analyst Ratings"}, {"name": "Trading Ideas"}], "stocks": [{"name": "CSCO"}, {"name": "FFIV"}], "tags": [{"name": "Matthew S. Robison"}, {"name": "Wunderlich"}]}, {"id": 8937473, "author": "Benzinga", "created": "Tue, 24 Jan 2017 09:47:01 -0400", "updated": "Tue, 24 Jan 2017 09:47:01 -0400", "title": "3 Near-Term Catalysts For Proofpoint Remain Intact", "teaser": "", "body": "", "url": "https://www.benzinga.com/node/8937473", "image": [], "channels": [{"name": "Analyst Color"}, {"name": "Earnings"}, {"name": "News"}, {"name": "Previews"}, {"name": "Reiteration"}, {"name": "Analyst Ratings"}, {"name": "Tech"}, {"name": "Trading Ideas"}], "stocks": [{"name": "MSFT"}, {"name": "PFPT"}], "tags": [{"name": "D.A. Davidson"}, {"name": "Jack Andrews"}]}, {"id": 8937466, "author": "Benzinga", "created": "Tue, 24 Jan 2017 10:02:08 -0400", "updated": "Tue, 24 Jan 2017 10:02:09 -0400", "title": "The Market In 5 Minutes: Alibaba Beats, Verizons Disappoints", "teaser": "", "body": "", "url": "https://www.benzinga.com/node/8937466", "image": [], "channels": [{"name": "News"}, {"name": "Global"}, {"name": "Top Stories"}, {"name": "Pre-Market Outlook"}, {"name": "Markets"}], "stocks": [{"name": "AAPL"}, {"name": "AET"}, {"name": "BABA"}, {"name": "DATA"}, {"name": "DE"}, {"name": "FDML"}, {"name": "HUM"}, {"name": "IEP"}, {"name": "JNJ"}, {"name": "KMB"}, {"name": "LMT"}, {"name": "MOS"}, {"name": "SPY"}, {"name": "USO"}, {"name": "VZ"}, {"name": "WATT"}, {"name": "YHOO"}], "tags": [{"name": "Market in 5 minutes"}]}, {"id": 8938476, "author": "Benzinga", "created": "Tue, 24 Jan 2017 10:50:31 -0400", "updated": "Tue, 24 Jan 2017 10:50:31 -0400", "title": "Mid-Morning Market Update: Markets Open Higher; Verizon Earnings Miss Expectations", "teaser": "", "body": "", "url": "https://www.benzinga.com/node/8938476", "image": [], "channels": [{"name": "Earnings"}, {"name": "News"}, {"name": "Eurozone"}, {"name": "Commodities"}, {"name": "M&A"}, {"name": "Global"}, {"name": "Intraday Update"}, {"name": "Markets"}, {"name": "Movers"}], "stocks": [{"name": "AKS"}, {"name": "ATI"}, {"name": "BIOA"}, {"name": "BT"}, {"name": "CLRB"}, {"name": "IIJI"}, {"name": "MPSX"}, {"name": "OCUL"}, {"name": "S"}, {"name": "TMUS"}, {"name": "VZ"}, {"name": "WRK"}], "tags": [{"name": "Mid-Morning Market Update"}]}, {"id": 8938384, "author": "Benzinga", "created": "Tue, 24 Jan 2017 10:51:02 -0400", "updated": "Tue, 24 Jan 2017 10:51:02 -0400", "title": "The iPhone 8 Won't Help Apple", "teaser": "", "body": "", "url": "https://www.benzinga.com/node/8938384", "image": [], "channels": [{"name": "Analyst Color"}, {"name": "Earnings"}, {"name": "News"}, {"name": "Downgrades"}, {"name": "Previews"}, {"name": "Analyst Ratings"}, {"name": "Movers"}, {"name": "Tech"}, {"name": "Trading Ideas"}], "stocks": [{"name": "AAPL"}], "tags": [{"name": "Barclays"}, {"name": "iPhone 8"}, {"name": "iPhones"}, {"name": "Zero Hedge"}]}, {"id": 8939440, "author": "Benzinga", "created": "Tue, 24 Jan 2017 13:05:45 -0400", "updated": "Tue, 24 Jan 2017 13:05:45 -0400", "title": "Mid-Day Market Update: Genvec Jumps Following Announcement of Acquisition By Intrexon; BT Group Shares Drop", "teaser": "", "body": "", "url": "https://www.benzinga.com/node/8939440", "image": [], "channels": [{"name": "Earnings"}, {"name": "News"}, {"name": "Eurozone"}, {"name": "Commodities"}, {"name": "M&A"}, {"name": "Global"}, {"name": "Intraday Update"}, {"name": "Markets"}, {"name": "Movers"}], "stocks": [{"name": "ATI"}, {"name": "BIOA"}, {"name": "BT"}, {"name": "GNVC"}, {"name": "IIJI"}, {"name": "MPSX"}, {"name": "NAK"}, {"name": "OCUL"}, {"name": "S"}, {"name": "TMUS"}, {"name": "VZ"}, {"name": "WRK"}, {"name": "XON"}], "tags": [{"name": "Mid-Day Market Update"}]}, {"id": 8938410, "author": "Benzinga", "created": "Tue, 24 Jan 2017 13:08:24 -0400", "updated": "Tue, 24 Jan 2017 13:08:24 -0400", "title": "Net Neutrality Opponent To Head The FCC, Who Benefits?", "teaser": "", "body": "", "url": "https://www.benzinga.com/node/8938410", "image": [], "channels": [{"name": "News"}, {"name": "Politics"}, {"name": "Legal"}, {"name": "Management"}, {"name": "Movers"}, {"name": "Tech"}, {"name": "Trading Ideas"}, {"name": "General"}], "stocks": [{"name": "AMZN"}, {"name": "CMCSA"}, {"name": "FB"}, {"name": "GOOG"}, {"name": "GOOGL"}, {"name": "IYZ"}, {"name": "MSFT"}, {"name": "NFLX"}, {"name": "P"}, {"name": "S"}, {"name": "T"}, {"name": "TMUS"}, {"name": "TWX"}, {"name": "VZ"}], "tags": [{"name": "Ajit Pai"}, {"name": "Donald Trump"}, {"name": "FCC"}, {"name": "Federal Communications Commission"}, {"name": "Hulu"}, {"name": "nbcuniversal"}, {"name": "Skype"}, {"name": "Tom Wheeler"}, {"name": "Xfinity"}, {"name": "Xfinity Internet Service"}, {"name": "YouTube"}]}, {"id": 8939741, "author": "Benzinga", "created": "Tue, 24 Jan 2017 13:59:45 -0400", "updated": "Tue, 24 Jan 2017 13:59:45 -0400", "title": "15 Biggest Mid-Day Losers For Tuesday", "teaser": "", "body": "", "url": "https://www.benzinga.com/node/8939741", "image": [], "channels": [{"name": "News"}, {"name": "Movers & Shakers"}, {"name": "Intraday Update"}, {"name": "Markets"}], "stocks": [{"name": "AMN"}, {"name": "BIOA"}, {"name": "BT"}, {"name": "DRYS"}, {"name": "FSM"}, {"name": "GLBS"}, {"name": "GLOP"}, {"name": "LMT"}, {"name": "NK"}, {"name": "OCUL"}, {"name": "PII"}, {"name": "SIMO"}, {"name": "SSH"}, {"name": "VZ"}, {"name": "WATT"}], "tags": [{"name": "Aerospace & Defense"}, {"name": "Industrials"}, {"name": "Mid-Day Losers"}, {"name": "Top Losers"}]}, {"id": 8939980, "author": "Benzinga", "created": "Tue, 24 Jan 2017 15:40:57 -0400", "updated": "Tue, 24 Jan 2017 15:40:57 -0400", "title": "Antonio Brown And Other Times Athletes Took Social Media Too Far", "teaser": "", "body": "", "url": "https://www.benzinga.com/node/8939980", "image": [], "channels": [{"name": "News"}, {"name": "Sports"}, {"name": "Tech"}, {"name": "General"}], "stocks": [{"name": "DIS"}, {"name": "FB"}], "tags": [{"name": "A Rod"}, {"name": "Alex Rodriguez"}, {"name": "Antonio Brown"}, {"name": "Curt Schilling"}, {"name": "D'Angelo Russell"}, {"name": "ESPN"}, {"name": "Hillary Clinton"}, {"name": "L.A. Lakers"}, {"name": "New York Yankees"}, {"name": "Nick Young"}, {"name": "Pittsburgh Steeler"}, {"name": "Red Sox"}]}, {"id": 8940300, "author": "Benzinga", "created": "Tue, 24 Jan 2017 15:42:52 -0400", "updated": "Tue, 24 Jan 2017 15:42:52 -0400", "title": "Mid-Afternoon Market Update: Dow Surges Over 100 Points; Allegheny Technologies Shares Spike Higher", "teaser": "", "body": "", "url": "https://www.benzinga.com/node/8940300", "image": [], "channels": [{"name": "Earnings"}, {"name": "News"}, {"name": "Eurozone"}, {"name": "Commodities"}, {"name": "M&A"}, {"name": "Global"}, {"name": "Intraday Update"}, {"name": "Markets"}, {"name": "Movers"}], "stocks": [{"name": "ATI"}, {"name": "BIOA"}, {"name": "BT"}, {"name": "GNVC"}, {"name": "LXU"}, {"name": "MPSX"}, {"name": "S"}, {"name": "TMUS"}, {"name": "VZ"}, {"name": "WATT"}, {"name": "WRK"}, {"name": "XON"}], "tags": [{"name": "Diversified Chemicals"}, {"name": "Materials"}, {"name": "Mid-Afternoon Market Update"}]}, {"id": 8940160, "author": "Benzinga", "created": "Tue, 24 Jan 2017 16:10:12 -0400", "updated": "Tue, 24 Jan 2017 16:10:12 -0400", "title": "Disney/Pixar's 11-Year Anniversary: Where Are The Pixar Founders Now?", "teaser": "", "body": "", "url": "https://www.benzinga.com/node/8940160", "image": [], "channels": [{"name": "News"}, {"name": "Management"}, {"name": "Media"}], "stocks": [{"name": "DIS"}, {"name": "MSFT"}], "tags": [{"name": "Altamira Software Corporation"}, {"name": "Alvy Ray Smith"}, {"name": "Disney Pixar"}, {"name": "Edwin Catmull"}, {"name": "Michael Eisner"}, {"name": "Pixar"}]}, {"id": 8940510, "author": "Benzinga", "created": "Tue, 24 Jan 2017 17:11:58 -0400", "updated": "Tue, 24 Jan 2017 17:11:58 -0400", "title": "Q4 Earnings Thus Far A Reality Check For The Trump Rally?", "teaser": "", "body": "", "url": "https://www.benzinga.com/node/8940510", "image": [], "channels": [{"name": "Earnings"}, {"name": "News"}, {"name": "Politics"}, {"name": "Movers"}, {"name": "Trading Ideas"}, {"name": "General"}], "stocks": [{"name": "BBT"}, {"name": "CMA"}, {"name": "GE"}, {"name": "HAL"}, {"name": "JBHT"}, {"name": "JNJ"}, {"name": "KEY"}, {"name": "LMT"}, {"name": "MCD"}, {"name": "MS"}, {"name": "PII"}, {"name": "SLB"}, {"name": "SPY"}, {"name": "UNH"}, {"name": "VZ"}], "tags": [{"name": "Donald Trump"}, {"name": "Trump Bump"}, {"name": "Trump Rally"}]}]