[{"id": 9792578, "author": "Benzinga", "created": "Wed, 19 Jul 2017 04:49:47 -0400", "updated": "Wed, 19 Jul 2017 04:49:47 -0400", "title": "Earnings Scheduled For July 19, 2017", "teaser": "", "body": "", "url": "https://www.benzinga.com/node/9792578", "image": [], "channels": [{"name": "Earnings"}, {"name": "News"}, {"name": "Pre-Market Outlook"}, {"name": "Markets"}], "stocks": [{"name": "AA"}, {"name": "AGR"}, {"name": "ASML"}, {"name": "AXP"}, {"name": "CCI"}, {"name": "CCK"}, {"name": "CHRW"}, {"name": "CP"}, {"name": "DBD"}, {"name": "FNF"}, {"name": "GWW"}, {"name": "HAWK"}, {"name": "KALU"}, {"name": "KMI"}, {"name": "MS"}, {"name": "MTB"}, {"name": "NTRS"}, {"name": "PLXS"}, {"name": "PTC"}, {"name": "QCOM"}, {"name": "RES"}, {"name": "SBNY"}, {"name": "SLG"}, {"name": "SRPT"}, {"name": "STLD"}, {"name": "TMUS"}, {"name": "TXT"}, {"name": "UFPI"}, {"name": "URI"}, {"name": "USB"}, {"name": "VMI"}, {"name": "WBS"}], "tags": [{"name": "Earnings schedule"}]}, {"id": 9792595, "author": "Benzinga", "created": "Wed, 19 Jul 2017 05:07:09 -0400", "updated": "Wed, 19 Jul 2017 05:07:10 -0400", "title": "10 Stocks To Watch For July 19, 2017", "teaser": "", "body": "", "url": "https://www.benzinga.com/node/9792595", "image": [], "channels": [{"name": "Earnings"}, {"name": "News"}, {"name": "Pre-Market Outlook"}, {"name": "Markets"}, {"name": "Trading Ideas"}], "stocks": [{"name": "AA"}, {"name": "AXP"}, {"name": "CSX"}, {"name": "GWW"}, {"name": "IBM"}, {"name": "MS"}, {"name": "QCOM"}, {"name": "TMUS"}, {"name": "UAL"}, {"name": "USB"}], "tags": [{"name": "Stocks To Watch"}, {"name": "Stocks to Watch"}]}, {"id": 9793164, "author": "Benzinga", "created": "Wed, 19 Jul 2017 07:35:38 -0400", "updated": "Wed, 19 Jul 2017 07:35:38 -0400", "title": "A Peek Into The Markets: U.S. Stock Futures Mixed; Morgan Stanley Profit Tops Views", "teaser": "", "body": "", "url": "https://www.benzinga.com/node/9793164", "image": [], "channels": [{"name": "Earnings"}, {"name": "News"}, {"name": "Guidance"}, {"name": "Eurozone"}, {"name": "Futures"}, {"name": "Global"}, {"name": "Pre-Market Outlook"}, {"name": "Markets"}], "stocks": [{"name": "AXP"}, {"name": "CMG"}, {"name": "IBM"}, {"name": "MS"}, {"name": "QCOM"}, {"name": "TXT"}, {"name": "USB"}], "tags": [{"name": "A Peek Into The Markets"}, {"name": "BMO Capital"}, {"name": "U.S. stock futures"}]}, {"id": 9793316, "author": "Benzinga", "created": "Wed, 19 Jul 2017 08:09:47 -0400", "updated": "Wed, 19 Jul 2017 08:09:47 -0400", "title": "25 Stocks Moving In Wednesday's Pre-Market Session", "teaser": "", "body": "", "url": "https://www.benzinga.com/node/9793316", "image": [], "channels": [{"name": "News"}, {"name": "Movers & Shakers"}, {"name": "Pre-Market Outlook"}, {"name": "Markets"}, {"name": "Movers"}], "stocks": [{"name": "ADTN"}, {"name": "AEZS"}, {"name": "ASML"}, {"name": "CGG"}, {"name": "CSX"}, {"name": "CYCC"}, {"name": "DBD"}, {"name": "DISCA"}, {"name": "DISCK"}, {"name": "DRYS"}, {"name": "ERA"}, {"name": "GLPG"}, {"name": "IBM"}, {"name": "MDGS"}, {"name": "MKC"}, {"name": "MS"}, {"name": "NCMI"}, {"name": "NTRS"}, {"name": "SNI"}, {"name": "SPEX"}, {"name": "TXT"}, {"name": "UAL"}, {"name": "VRTX"}, {"name": "VSLR"}, {"name": "YUMA"}], "tags": [{"name": "#PreMarket Gainers"}, {"name": "Losers"}, {"name": "Top Gainers"}]}, {"id": 9793593, "author": "Benzinga", "created": "Wed, 19 Jul 2017 08:47:29 -0400", "updated": "Wed, 19 Jul 2017 08:47:31 -0400", "title": "The Market In 5 Minutes", "teaser": "", "body": "", "url": "https://www.benzinga.com/node/9793593", "image": [], "channels": [{"name": "News"}, {"name": "Global"}, {"name": "Top Stories"}, {"name": "Pre-Market Outlook"}, {"name": "Markets"}], "stocks": [{"name": "AMC"}, {"name": "AMZN"}, {"name": "CMG"}, {"name": "COH"}, {"name": "DAN"}, {"name": "GOOGL"}, {"name": "GS"}, {"name": "JPM"}, {"name": "KORS"}, {"name": "PPL"}, {"name": "SPY"}, {"name": "VRTX"}, {"name": "WFM"}, {"name": "WMT"}], "tags": [{"name": "Market in 5 minutes"}]}, {"id": 9794199, "author": "Benzinga", "created": "Wed, 19 Jul 2017 10:08:37 -0400", "updated": "Wed, 19 Jul 2017 10:08:39 -0400", "title": "Caution Still The Watchword But Stocks Hit Record Highs As Earnings Mostly Strong", "teaser": "", "body": "", "url": "https://www.benzinga.com/node/9794199", "image": [], "channels": [{"name": "Earnings"}, {"name": "News"}, {"name": "Emerging Markets"}, {"name": "Health Care"}, {"name": "Markets"}, {"name": "General"}], "stocks": [{"name": "ABT"}, {"name": "AXP"}, {"name": "EBAY"}, {"name": "GE"}, {"name": "HON"}, {"name": "IBM"}, {"name": "JNJ"}, {"name": "LMT"}, {"name": "MS"}, {"name": "MSFT"}, {"name": "NFLX"}, {"name": "QCOM"}, {"name": "UAL"}], "tags": [{"name": "Aerospace & Defense"}, {"name": "Industrials"}, {"name": "JJ Kinahan"}, {"name": "TD Ameritrade"}, {"name": "The Ticker Tape"}]}, {"id": 9794176, "author": "Benzinga", "created": "Wed, 19 Jul 2017 10:47:16 -0400", "updated": "Wed, 19 Jul 2017 10:47:16 -0400", "title": "Apple Contractors Gang Up On Qualcomm, File Antitrust Complaint", "teaser": "", "body": "", "url": "https://www.benzinga.com/node/9794176", "image": [], "channels": [{"name": "News"}, {"name": "Legal"}, {"name": "Tech"}], "stocks": [{"name": "AAPL"}, {"name": "QCOM"}], "tags": [{"name": "foxconn"}]}, {"id": 9795079, "author": "Benzinga", "created": "Wed, 19 Jul 2017 12:46:43 -0400", "updated": "Wed, 19 Jul 2017 12:46:49 -0400", "title": "EBay Reports Q2 Earnings Tomorrow After Market Close", "teaser": "", "body": "", "url": "https://www.benzinga.com/node/9795079", "image": [], "channels": [{"name": "Earnings"}, {"name": "News"}, {"name": "Previews"}, {"name": "Retail Sales"}, {"name": "Markets"}, {"name": "Tech"}, {"name": "Trading Ideas"}], "stocks": [{"name": "AMZN"}, {"name": "EBAY"}, {"name": "GE"}, {"name": "GOOG"}, {"name": "GOOGL"}, {"name": "MSFT"}, {"name": "TWTR"}, {"name": "WMT"}], "tags": [{"name": "JJ Kinahan. TD Amertrade"}, {"name": "The Ticker Tape"}]}, {"id": 9795083, "author": "Benzinga", "created": "Wed, 19 Jul 2017 12:48:13 -0400", "updated": "Wed, 19 Jul 2017 12:48:13 -0400", "title": "15 Biggest Mid-Day Losers For Wednesday", "teaser": "", "body": "", "url": "https://www.benzinga.com/node/9795083", "image": [], "channels": [{"name": "News"}, {"name": "Movers & Shakers"}, {"name": "Intraday Update"}, {"name": "Markets"}], "stocks": [{"name": "CHCT"}, {"name": "CLDC"}, {"name": "CSX"}, {"name": "CYCC"}, {"name": "DRYS"}, {"name": "EKSO"}, {"name": "GWW"}, {"name": "IBM"}, {"name": "INO"}, {"name": "MKC"}, {"name": "NTRS"}, {"name": "OMNT"}, {"name": "SPEX"}, {"name": "UAL"}, {"name": "ZEUS"}], "tags": [{"name": "Mid-Day Losers"}, {"name": "Top Losers"}]}, {"id": 9796470, "author": "Benzinga", "created": "Wed, 19 Jul 2017 16:18:59 -0400", "updated": "Wed, 19 Jul 2017 16:19:00 -0400", "title": "Benzinga's Option Alert Recap From July 19", "teaser": "", "body": "", "url": "https://www.benzinga.com/node/9796470", "image": [], "channels": [{"name": "News"}, {"name": "Options"}, {"name": "After-Hours Center"}, {"name": "Markets"}, {"name": "Trading Ideas"}], "stocks": [{"name": "AMTD"}, {"name": "AMZN"}, {"name": "ATVI"}, {"name": "AXP"}, {"name": "CCI"}, {"name": "CRM"}, {"name": "CTL"}, {"name": "CY"}, {"name": "DVN"}, {"name": "EFII"}, {"name": "EROS"}, {"name": "FEYE"}, {"name": "IGT"}, {"name": "JD"}, {"name": "KERX"}, {"name": "LPI"}, {"name": "MDLZ"}, {"name": "MTCH"}, {"name": "ORCL"}, {"name": "PTCT"}, {"name": "QCOM"}, {"name": "SRPT"}, {"name": "URI"}, {"name": "V"}, {"name": "VMC"}, {"name": "WY"}, {"name": "X"}], "tags": []}, {"id": 9797369, "author": "Benzinga", "created": "Wed, 19 Jul 2017 18:00:04 -0400", "updated": "Wed, 19 Jul 2017 18:00:05 -0400", "title": "Sarepta, T-Mobile Make Moves After-Hours Following Earnings Results", "teaser": "", "body": "", "url": "https://www.benzinga.com/node/9797369", "image": [], "channels": [{"name": "Earnings"}, {"name": "News"}, {"name": "After-Hours Center"}, {"name": "Movers"}], "stocks": [{"name": "AA"}, {"name": "AAPL"}, {"name": "AXP"}, {"name": "QCOM"}, {"name": "SRPT"}, {"name": "TMUS"}], "tags": [{"name": "Alcoa"}, {"name": "American Express"}, {"name": "Qualcomm"}, {"name": "Sarepta"}, {"name": "T-Mobile"}]}]