[{"id": 9746749, "author": "Benzinga", "created": "Thu, 06 Jul 2017 13:06:57 -0400", "updated": "Thu, 06 Jul 2017 13:06:59 -0400", "title": "Major Companies In The Financial Sector Report Earnings In The Upcoming Weeks", "teaser": "", "body": "", "url": "https://www.benzinga.com/node/9746749", "image": [], "channels": [{"name": "Earnings"}, {"name": "News"}, {"name": "Bonds"}, {"name": "Previews"}, {"name": "Options"}, {"name": "Econ #s"}, {"name": "Federal Reserve"}, {"name": "Markets"}, {"name": "Trading Ideas"}], "stocks": [{"name": "BAC"}, {"name": "C"}, {"name": "GS"}, {"name": "JPM"}, {"name": "MS"}, {"name": "WFC"}], "tags": [{"name": "JJ Kinahan"}, {"name": "TD Ameritrade"}, {"name": "The Ticker Tape"}]}, {"id": 9745582, "author": "Benzinga", "created": "Thu, 06 Jul 2017 14:54:58 -0400", "updated": "Thu, 06 Jul 2017 14:54:58 -0400", "title": "Deutsche Bank To Shift Operations To Frankfurt Soon", "teaser": "", "body": "", "url": "https://www.benzinga.com/node/9745582", "image": [], "channels": [{"name": "News"}, {"name": "Hedge Funds"}, {"name": "Politics"}, {"name": "Global"}, {"name": "General"}], "stocks": [{"name": "DB"}, {"name": "GS"}, {"name": "MS"}, {"name": "NMR"}], "tags": []}, {"id": 9747113, "author": "Benzinga", "created": "Thu, 06 Jul 2017 14:56:23 -0400", "updated": "Thu, 06 Jul 2017 14:56:23 -0400", "title": "Microsoft Wields The Ax As Focus Shifts To Cloud Platform", "teaser": "", "body": "", "url": "https://www.benzinga.com/node/9747113", "image": [], "channels": [{"name": "News"}, {"name": "Management"}, {"name": "Top Stories"}, {"name": "Tech"}, {"name": "Media"}], "stocks": [{"name": "MSFT"}], "tags": [{"name": "Bloomberg"}, {"name": "Jean-Philippe Courtois"}, {"name": "Judson Althoff"}, {"name": "Kevin Turner"}, {"name": "Satya Nadella"}]}, {"id": 9745996, "author": "Benzinga", "created": "Thu, 06 Jul 2017 15:09:49 -0400", "updated": "Thu, 06 Jul 2017 15:09:49 -0400", "title": "Merck Falls As FDA Puts Hold On 3 Keytruda Myeloma Studies", "teaser": "", "body": "", "url": "https://www.benzinga.com/node/9745996", "image": [], "channels": [{"name": "Biotech"}, {"name": "News"}, {"name": "Short Ideas"}, {"name": "FDA"}, {"name": "Trading Ideas"}, {"name": "General"}], "stocks": [{"name": "AMGN"}, {"name": "CELG"}, {"name": "LLY"}, {"name": "MRK"}], "tags": []}, {"id": 9748172, "author": "Benzinga", "created": "Thu, 06 Jul 2017 16:54:22 -0400", "updated": "Thu, 06 Jul 2017 16:54:23 -0400", "title": "Qualcomm Files Patent Infringement Complaints Against Apple", "teaser": "", "body": "", "url": "https://www.benzinga.com/node/9748172", "image": [], "channels": [{"name": "News"}, {"name": "Legal"}, {"name": "After-Hours Center"}, {"name": "Tech"}], "stocks": [{"name": "AAPL"}, {"name": "QCOM"}], "tags": []}]