[{"id": 9177239, "author": "Benzinga", "created": "Sat, 18 Mar 2017 09:13:32 -0400", "updated": "Sat, 18 Mar 2017 09:13:33 -0400", "title": "Global Defense Firms Will Build $82 Billion In Drones In A Decade", "teaser": "", "body": "", "url": "https://www.benzinga.com/node/9177239", "image": [], "channels": [{"name": "Long Ideas"}, {"name": "News"}, {"name": "Politics"}, {"name": "Global"}, {"name": "Exclusives"}, {"name": "Tech"}, {"name": "Trading Ideas"}, {"name": "Interview"}, {"name": "General"}], "stocks": [{"name": "AMBA"}, {"name": "AVAV"}, {"name": "BA"}, {"name": "ESLT"}, {"name": "HON"}, {"name": "INFO"}, {"name": "LMT"}, {"name": "NOC"}, {"name": "RTN"}, {"name": "TXT"}], "tags": [{"name": "Dan Wasserbly"}, {"name": "DroneDefender"}, {"name": "drones"}, {"name": "General Atomics Aeronautical Systems"}, {"name": "Gray Eagle"}, {"name": "Gray Eagle drones"}, {"name": "IHS"}, {"name": "military drones"}, {"name": "Textron"}]}]