[{"id": 9263968, "author": "Benzinga", "created": "Wed, 05 Apr 2017 05:03:10 -0400", "updated": "Wed, 05 Apr 2017 05:03:10 -0400", "title": "Earnings Scheduled For April 5, 2017", "teaser": "", "body": "", "url": "https://www.benzinga.com/node/9263968", "image": [], "channels": [{"name": "Earnings"}, {"name": "News"}, {"name": "Pre-Market Outlook"}, {"name": "Markets"}], "stocks": [{"name": "BBBY"}, {"name": "CAFD"}, {"name": "GBX"}, {"name": "MIND"}, {"name": "MON"}, {"name": "PCYO"}, {"name": "RECN"}, {"name": "RELL"}, {"name": "SVA"}, {"name": "WBA"}, {"name": "YUMC"}, {"name": "NAUH"}], "tags": [{"name": "Earnings schedule"}]}, {"id": 9264009, "author": "Benzinga", "created": "Wed, 05 Apr 2017 05:44:05 -0400", "updated": "Wed, 05 Apr 2017 05:44:05 -0400", "title": "8 Stocks To Watch For April 5, 2017", "teaser": "", "body": "", "url": "https://www.benzinga.com/node/9264009", "image": [], "channels": [{"name": "Earnings"}, {"name": "News"}, {"name": "M&A"}, {"name": "Pre-Market Outlook"}, {"name": "Markets"}, {"name": "Trading Ideas"}], "stocks": [{"name": "BBBY"}, {"name": "GBX"}, {"name": "LNDC"}, {"name": "MON"}, {"name": "PNRA"}, {"name": "SHLM"}, {"name": "WBA"}, {"name": "YUMC"}], "tags": [{"name": "Materials"}, {"name": "Specialty Chemicals"}, {"name": "Stocks To Watch"}, {"name": "Stocks to Watch"}]}, {"id": 9264614, "author": "Benzinga", "created": "Wed, 05 Apr 2017 07:33:15 -0400", "updated": "Wed, 05 Apr 2017 07:33:17 -0400", "title": "Wall Street's M&A Chatter From April 4: Panera, Rent-A-Center, Innocoll, ChemCHina-Syngenta, MSG Networks", "teaser": "", "body": "", "url": "https://www.benzinga.com/node/9264614", "image": [], "channels": [{"name": "News"}, {"name": "Rumors"}, {"name": "M&A"}], "stocks": [{"name": "AAN"}, {"name": "INNL"}, {"name": "MSG"}, {"name": "RCII"}, {"name": "SYT"}, {"name": "T"}, {"name": "VZ"}], "tags": []}, {"id": 9264847, "author": "Benzinga", "created": "Wed, 05 Apr 2017 08:09:05 -0400", "updated": "Wed, 05 Apr 2017 08:09:06 -0400", "title": "A Peek Into The Markets: U.S. Stock Futures Mostly Flat; Fed Minutes In Focus", "teaser": "", "body": "", "url": "https://www.benzinga.com/node/9264847", "image": [], "channels": [{"name": "Earnings"}, {"name": "News"}, {"name": "Eurozone"}, {"name": "Futures"}, {"name": "M&A"}, {"name": "Global"}, {"name": "Pre-Market Outlook"}, {"name": "Markets"}], "stocks": [{"name": "C"}, {"name": "LNDC"}, {"name": "PNRA"}, {"name": "SHLM"}, {"name": "WBA"}], "tags": [{"name": "A Peek Into The Markets"}, {"name": "Keefe Bruyette & Woods"}, {"name": "Materials"}, {"name": "Specialty Chemicals"}, {"name": "U.S. stock futures"}]}, {"id": 9265244, "author": "Benzinga", "created": "Wed, 05 Apr 2017 09:15:03 -0400", "updated": "Wed, 05 Apr 2017 09:15:03 -0400", "title": "The Market In 5 Minutes", "teaser": "", "body": "", "url": "https://www.benzinga.com/node/9265244", "image": [], "channels": [{"name": "News"}, {"name": "Global"}, {"name": "Top Stories"}, {"name": "Markets"}], "stocks": [{"name": "AMGN"}, {"name": "AMZN"}, {"name": "KATE"}, {"name": "NBR"}, {"name": "NVS"}, {"name": "ODP"}, {"name": "PNRA"}, {"name": "RCI"}, {"name": "SPLS"}, {"name": "WFC"}, {"name": "WYNN"}], "tags": [{"name": "Market in 5 minutes"}]}, {"id": 9265598, "author": "Benzinga", "created": "Wed, 05 Apr 2017 10:02:45 -0400", "updated": "Wed, 05 Apr 2017 10:02:45 -0400", "title": "Mid-Morning Market Update: Markets Open Higher; Walgreens Sales Miss Views", "teaser": "", "body": "", "url": "https://www.benzinga.com/node/9265598", "image": [], "channels": [{"name": "Earnings"}, {"name": "News"}, {"name": "Eurozone"}, {"name": "Commodities"}, {"name": "M&A"}, {"name": "Global"}, {"name": "Intraday Update"}, {"name": "Markets"}, {"name": "Movers"}], "stocks": [{"name": "AMZN"}, {"name": "BLDP"}, {"name": "IDRA"}, {"name": "INNL"}, {"name": "NEOT"}, {"name": "NLNK"}, {"name": "OHRP"}, {"name": "PES"}, {"name": "PLUG"}, {"name": "QTNT"}, {"name": "UNIS"}, {"name": "WBA"}], "tags": [{"name": "Mid-Morning Market Update"}]}, {"id": 9265677, "author": "Benzinga", "created": "Wed, 05 Apr 2017 10:32:55 -0400", "updated": "Wed, 05 Apr 2017 10:32:55 -0400", "title": "Amazon, Plug Power Supply Agreement 'Just Another Tech Upgrade'", "teaser": "", "body": "", "url": "https://www.benzinga.com/node/9265677", "image": [], "channels": [{"name": "Analyst Color"}, {"name": "News"}, {"name": "Contracts"}, {"name": "Exclusives"}, {"name": "Tech"}], "stocks": [{"name": "AMZN"}, {"name": "PLUG"}, {"name": "WMT"}], "tags": [{"name": "Benchmark"}, {"name": "Dan Kurnos"}]}, {"id": 9266292, "author": "Benzinga", "created": "Wed, 05 Apr 2017 12:29:22 -0400", "updated": "Wed, 05 Apr 2017 12:29:22 -0400", "title": "Mid-Day Market Update: Dow Gains Over 150 Points; Quotient Shares Plunge", "teaser": "", "body": "", "url": "https://www.benzinga.com/node/9266292", "image": [], "channels": [{"name": "Earnings"}, {"name": "News"}, {"name": "Eurozone"}, {"name": "Commodities"}, {"name": "M&A"}, {"name": "Global"}, {"name": "Intraday Update"}, {"name": "Markets"}, {"name": "Movers"}], "stocks": [{"name": "AMZN"}, {"name": "DGI"}, {"name": "IIJI"}, {"name": "INNL"}, {"name": "NEOT"}, {"name": "OHRP"}, {"name": "PLUG"}, {"name": "QTNT"}, {"name": "UNIS"}, {"name": "WBA"}], "tags": [{"name": "Mid-Day Market Update"}]}, {"id": 9266963, "author": "Benzinga", "created": "Wed, 05 Apr 2017 14:30:13 -0400", "updated": "Wed, 05 Apr 2017 14:30:14 -0400", "title": "Mid-Afternoon Market Update: Greenbrier Rises On Upbeat Results; Unilife Shares Slide", "teaser": "", "body": "", "url": "https://www.benzinga.com/node/9266963", "image": [], "channels": [{"name": "Earnings"}, {"name": "News"}, {"name": "Eurozone"}, {"name": "Commodities"}, {"name": "M&A"}, {"name": "Global"}, {"name": "Intraday Update"}, {"name": "Markets"}, {"name": "Movers"}], "stocks": [{"name": "AMZN"}, {"name": "DGI"}, {"name": "EVI"}, {"name": "GBX"}, {"name": "IIJI"}, {"name": "OHRP"}, {"name": "PLUG"}, {"name": "PNRA"}, {"name": "QTNT"}, {"name": "UNIS"}, {"name": "WBA"}], "tags": [{"name": "Mid-Afternoon Market Update"}]}, {"id": 9267899, "author": "Benzinga", "created": "Wed, 05 Apr 2017 16:35:02 -0400", "updated": "Wed, 05 Apr 2017 16:35:02 -0400", "title": "Benzinga's Option Alert Recap From April 5", "teaser": "", "body": "", "url": "https://www.benzinga.com/node/9267899", "image": [], "channels": [{"name": "News"}, {"name": "Options"}, {"name": "After-Hours Center"}, {"name": "Markets"}, {"name": "Movers"}, {"name": "Trading Ideas"}], "stocks": [{"name": "ARRY"}, {"name": "CAR"}, {"name": "DVAX"}, {"name": "KO"}, {"name": "MDLZ"}, {"name": "P"}, {"name": "RCII"}, {"name": "RFP"}, {"name": "SHLD"}, {"name": "UNFI"}, {"name": "YELP"}], "tags": [{"name": "option trading"}, {"name": "options"}, {"name": "Options Alerts"}, {"name": "options definition"}, {"name": "Options Recap"}, {"name": "options trading"}, {"name": "options trading for dummies"}, {"name": "options trading strategies"}, {"name": "Optionshouse"}, {"name": "trading stock options"}, {"name": "types of options"}]}]