[{"id": 8942734, "author": "Benzinga", "created": "Wed, 25 Jan 2017 05:42:41 -0400", "updated": "Wed, 25 Jan 2017 05:42:41 -0400", "title": "Earnings Scheduled For January 25, 2017", "teaser": "", "body": "", "url": "https://www.benzinga.com/node/8942734", "image": [], "channels": [{"name": "Earnings"}, {"name": "News"}, {"name": "Pre-Market Outlook"}, {"name": "Markets"}], "stocks": [{"name": "ABT"}, {"name": "APH"}, {"name": "BA"}, {"name": "CCI"}, {"name": "CTXS"}, {"name": "EAT"}, {"name": "EBAY"}, {"name": "FCX"}, {"name": "FFIV"}, {"name": "GWW"}, {"name": "HBAN"}, {"name": "HES"}, {"name": "HXL"}, {"name": "ITW"}, {"name": "LRCX"}, {"name": "LVS"}, {"name": "MCK"}, {"name": "MKC"}, {"name": "NSC"}, {"name": "NVS"}, {"name": "PGR"}, {"name": "QCOM"}, {"name": "RJF"}, {"name": "ROK"}, {"name": "SC"}, {"name": "STT"}, {"name": "T"}, {"name": "TEL"}, {"name": "TXT"}, {"name": "URI"}, {"name": "UTX"}, {"name": "VRTX"}, {"name": "WDC"}, {"name": "WIT"}, {"name": "XLNX"}], "tags": [{"name": "Casinos & Gaming"}, {"name": "Consumer Discretionary"}, {"name": "Earnings schedule"}, {"name": "Health Care"}, {"name": "Health Care Distributors"}, {"name": "Information Technology"}, {"name": "Semiconductor Equipment"}]}, {"id": 8942799, "author": "Benzinga", "created": "Wed, 25 Jan 2017 06:31:52 -0400", "updated": "Wed, 25 Jan 2017 06:31:52 -0400", "title": "Keep an Eye on These 15 Stocks for January 25, 2017", "teaser": "", "body": "", "url": "https://www.benzinga.com/node/8942799", "image": [], "channels": [{"name": "Earnings"}, {"name": "News"}, {"name": "Guidance"}, {"name": "Pre-Market Outlook"}, {"name": "Markets"}, {"name": "Trading Ideas"}], "stocks": [{"name": "AA"}, {"name": "ABT"}, {"name": "BA"}, {"name": "COF"}, {"name": "CREE"}, {"name": "EAT"}, {"name": "EBAY"}, {"name": "MCK"}, {"name": "QCOM"}, {"name": "ROK"}, {"name": "STX"}, {"name": "T"}, {"name": "TXN"}, {"name": "UTX"}, {"name": "WDC"}], "tags": [{"name": "Health Care"}, {"name": "Health Care Distributors"}, {"name": "Stocks To Watch"}, {"name": "Stocks to Watch"}]}, {"id": 8943126, "author": "Benzinga", "created": "Wed, 25 Jan 2017 08:00:30 -0400", "updated": "Wed, 25 Jan 2017 08:00:32 -0400", "title": "Wall Street's M&A Chatter From January 24", "teaser": "", "body": "", "url": "https://www.benzinga.com/node/8943126", "image": [], "channels": [{"name": "News"}, {"name": "Rumors"}, {"name": "M&A"}], "stocks": [{"name": "FRED"}, {"name": "GNVC"}, {"name": "K"}, {"name": "KO"}, {"name": "RAD"}, {"name": "WBA"}, {"name": "XON"}], "tags": []}, {"id": 8943283, "author": "Benzinga", "created": "Wed, 25 Jan 2017 08:27:33 -0400", "updated": "Wed, 25 Jan 2017 08:27:34 -0400", "title": "A Peek Into The Markets: U.S. Stock Futures Surge Ahead Of Earnings", "teaser": "", "body": "", "url": "https://www.benzinga.com/node/8943283", "image": [], "channels": [{"name": "Earnings"}, {"name": "News"}, {"name": "Eurozone"}, {"name": "Futures"}, {"name": "Global"}, {"name": "Pre-Market Outlook"}, {"name": "Markets"}], "stocks": [{"name": "AA"}, {"name": "BA"}, {"name": "EAT"}, {"name": "EBAY"}, {"name": "QCOM"}, {"name": "STX"}, {"name": "T"}, {"name": "UTX"}, {"name": "VZ"}, {"name": "WDC"}], "tags": [{"name": "A Peek Into The Markets"}, {"name": "FBR Capital"}, {"name": "U.S. stock futures"}]}, {"id": 8943411, "author": "Benzinga", "created": "Wed, 25 Jan 2017 08:57:43 -0400", "updated": "Wed, 25 Jan 2017 08:57:43 -0400", "title": "Sorry, IPO Fans: Cisco Buys AppDynamics Two Days Before It Was To Go Public", "teaser": "", "body": "", "url": "https://www.benzinga.com/node/8943411", "image": [], "channels": [{"name": "Analyst Color"}, {"name": "Long Ideas"}, {"name": "News"}, {"name": "Reiteration"}, {"name": "M&A"}, {"name": "IPOs"}, {"name": "Analyst Ratings"}, {"name": "Tech"}, {"name": "Trading Ideas"}], "stocks": [{"name": "CSCO"}], "tags": [{"name": "AppDynamics"}, {"name": "Deutsche Bank"}, {"name": "Vijay Bhagavath"}]}, {"id": 8943391, "author": "Benzinga", "created": "Wed, 25 Jan 2017 09:55:08 -0400", "updated": "Wed, 25 Jan 2017 09:55:09 -0400", "title": "Cisco May Have Captured A Unicorn In AppDynamics", "teaser": "", "body": "", "url": "https://www.benzinga.com/node/8943391", "image": [], "channels": [{"name": "Analyst Color"}, {"name": "News"}, {"name": "Price Target"}, {"name": "Reiteration"}, {"name": "M&A"}, {"name": "IPOs"}, {"name": "Analyst Ratings"}, {"name": "Tech"}], "stocks": [{"name": "CA"}, {"name": "CSCO"}, {"name": "HPE"}, {"name": "MSFT"}, {"name": "NEWR"}, {"name": "SPLK"}], "tags": [{"name": "AppDynamics"}, {"name": "David Wadhwani"}, {"name": "Matthew Robison"}, {"name": "Wunderlich"}]}, {"id": 8943388, "author": "Benzinga", "created": "Wed, 25 Jan 2017 10:02:41 -0400", "updated": "Wed, 25 Jan 2017 10:02:41 -0400", "title": "The Market In 5 Minutes: Big Earnings And A Major IPO Acquisition", "teaser": "", "body": "", "url": "https://www.benzinga.com/node/8943388", "image": [], "channels": [{"name": "News"}, {"name": "Global"}, {"name": "Top Stories"}, {"name": "Pre-Market Outlook"}, {"name": "Markets"}], "stocks": [{"name": "AA"}, {"name": "AAPL"}, {"name": "AEO"}, {"name": "AKS"}, {"name": "ANET"}, {"name": "BA"}, {"name": "COF"}, {"name": "CSCO"}, {"name": "FRED"}, {"name": "JBLU"}, {"name": "K"}, {"name": "KO"}, {"name": "LUV"}, {"name": "MKC"}, {"name": "RAD"}, {"name": "SPY"}, {"name": "STLD"}, {"name": "STX"}, {"name": "TXN"}, {"name": "TXT"}, {"name": "USO"}, {"name": "UTX"}, {"name": "VZ"}, {"name": "WBA"}], "tags": [{"name": "Market in 5 minutes"}]}, {"id": 8943669, "author": "Benzinga", "created": "Wed, 25 Jan 2017 10:29:29 -0400", "updated": "Wed, 25 Jan 2017 10:29:30 -0400", "title": "3 Near-Term Risks For Apple Bulls", "teaser": "", "body": "", "url": "https://www.benzinga.com/node/8943669", "image": [], "channels": [{"name": "Analyst Color"}, {"name": "Earnings"}, {"name": "Long Ideas"}, {"name": "News"}, {"name": "Previews"}, {"name": "Reiteration"}, {"name": "Analyst Ratings"}, {"name": "Tech"}, {"name": "Trading Ideas"}], "stocks": [{"name": "AAPL"}], "tags": [{"name": "A.M. (Toni) Sacconaghi"}, {"name": "Bernstein"}, {"name": "Jr."}]}, {"id": 8943592, "author": "Benzinga", "created": "Wed, 25 Jan 2017 10:45:53 -0400", "updated": "Wed, 25 Jan 2017 10:45:53 -0400", "title": "AppDynamics Deal Speaks To The Value Of New Relic, Says Cisco", "teaser": "", "body": "", "url": "https://www.benzinga.com/node/8943592", "image": [], "channels": [{"name": "Analyst Color"}, {"name": "Long Ideas"}, {"name": "News"}, {"name": "Reiteration"}, {"name": "M&A"}, {"name": "Analyst Ratings"}, {"name": "Movers"}, {"name": "Tech"}, {"name": "Trading Ideas"}], "stocks": [{"name": "CSCO"}, {"name": "NEWR"}], "tags": [{"name": "Alex Kurtz"}, {"name": "AppDynamics"}, {"name": "Pacific Crest"}]}, {"id": 8944602, "author": "Benzinga", "created": "Wed, 25 Jan 2017 11:04:34 -0400", "updated": "Wed, 25 Jan 2017 11:04:35 -0400", "title": "Mid-Morning Market Update: Markets Open Higher; Boeing Profit Beats Views", "teaser": "", "body": "", "url": "https://www.benzinga.com/node/8944602", "image": [], "channels": [{"name": "Earnings"}, {"name": "News"}, {"name": "Guidance"}, {"name": "Eurozone"}, {"name": "Commodities"}, {"name": "M&A"}, {"name": "Global"}, {"name": "Intraday Update"}, {"name": "Markets"}, {"name": "Movers"}], "stocks": [{"name": "ACAT"}, {"name": "BA"}, {"name": "BOBE"}, {"name": "CDTI"}, {"name": "GNW"}, {"name": "HZN"}, {"name": "PHI"}, {"name": "TXT"}, {"name": "UBSH"}, {"name": "UFI"}, {"name": "VIVO"}, {"name": "VOD"}], "tags": [{"name": "Mid-Morning Market Update"}]}, {"id": 8944421, "author": "Benzinga", "created": "Wed, 25 Jan 2017 12:21:30 -0400", "updated": "Wed, 25 Jan 2017 12:21:30 -0400", "title": "The Top 5 Items Investor Are Watching For In Sprint's Earnings Next Week", "teaser": "", "body": "", "url": "https://www.benzinga.com/node/8944421", "image": [], "channels": [{"name": "Analyst Color"}, {"name": "Earnings"}, {"name": "News"}, {"name": "Price Target"}, {"name": "Previews"}, {"name": "Reiteration"}, {"name": "Analyst Ratings"}, {"name": "Tech"}, {"name": "Trading Ideas"}], "stocks": [{"name": "S"}, {"name": "T"}, {"name": "TMUS"}, {"name": "VZ"}], "tags": [{"name": "Deutsche Bank"}, {"name": "Matthew Niknam"}]}, {"id": 8944629, "author": "Benzinga", "created": "Wed, 25 Jan 2017 13:14:19 -0400", "updated": "Wed, 25 Jan 2017 13:14:20 -0400", "title": "And The Winners Are... Oscar Nominees' Parent Media Companies", "teaser": "", "body": "", "url": "https://www.benzinga.com/node/8944629", "image": [], "channels": [{"name": "News"}, {"name": "Previews"}, {"name": "Events"}, {"name": "Media"}, {"name": "Trading Ideas"}, {"name": "General"}], "stocks": [{"name": "AMZN"}, {"name": "CBS"}, {"name": "CMCSA"}, {"name": "DIS"}, {"name": "FOXA"}, {"name": "TWX"}, {"name": "VIAB"}, {"name": "VLRDY"}, {"name": "LGF"}], "tags": [{"name": "20th Century Fox"}, {"name": "CBS Films"}, {"name": "Cohen Media Group"}, {"name": "Focus Features"}, {"name": "Fox 2000 Pictures"}, {"name": "Oscars"}, {"name": "Paramount Pictures"}, {"name": "Picturehouse Entertainment"}, {"name": "Summit Entertainment"}, {"name": "Universal Pictures"}, {"name": "Warner Bros. Pictures"}, {"name": "Working Title Films Ltd."}]}, {"id": 8945552, "author": "Benzinga", "created": "Wed, 25 Jan 2017 13:21:55 -0400", "updated": "Wed, 25 Jan 2017 13:21:55 -0400", "title": "Mid-Day Market Update: Dow Surges Over 150 Points; Arctic Cat Shares Rise On Acquisition News", "teaser": "", "body": "", "url": "https://www.benzinga.com/node/8945552", "image": [], "channels": [{"name": "Earnings"}, {"name": "News"}, {"name": "Guidance"}, {"name": "Eurozone"}, {"name": "Commodities"}, {"name": "M&A"}, {"name": "Global"}, {"name": "Intraday Update"}, {"name": "Markets"}, {"name": "Movers"}], "stocks": [{"name": "ACAT"}, {"name": "BA"}, {"name": "BOBE"}, {"name": "CDTI"}, {"name": "HZN"}, {"name": "MKTX"}, {"name": "NAK"}, {"name": "PKX"}, {"name": "TXT"}, {"name": "UCFC"}, {"name": "VIVO"}], "tags": [{"name": "Mid-Day Market Update"}]}, {"id": 8945043, "author": "Benzinga", "created": "Wed, 25 Jan 2017 13:29:25 -0400", "updated": "Wed, 25 Jan 2017 13:29:26 -0400", "title": "How CEVA Will Benefit From The Apple/Qualcomm Litigation", "teaser": "", "body": "", "url": "https://www.benzinga.com/node/8945043", "image": [], "channels": [{"name": "Analyst Color"}, {"name": "Long Ideas"}, {"name": "News"}, {"name": "Price Target"}, {"name": "Reiteration"}, {"name": "Legal"}, {"name": "Analyst Ratings"}, {"name": "Movers"}, {"name": "Tech"}, {"name": "Trading Ideas"}], "stocks": [{"name": "AAPL"}, {"name": "CEVA"}, {"name": "INTC"}, {"name": "QCOM"}, {"name": "T"}], "tags": [{"name": "Benchmark"}, {"name": "Gary Mobley"}]}, {"id": 8802495, "author": "Benzinga", "created": "Wed, 25 Jan 2017 13:34:17 -0400", "updated": "Wed, 25 Jan 2017 13:34:18 -0400", "title": "The Sectors Hedge Funds Are Most Bullish And Bearish On To Start 2017", "teaser": "", "body": "", "url": "https://www.benzinga.com/node/8802495", "image": [], "channels": [{"name": "Fintech"}, {"name": "News"}, {"name": "Hedge Funds"}, {"name": "Movers & Shakers"}, {"name": "Insider Trades"}, {"name": "Markets"}, {"name": "Tech"}, {"name": "General"}], "stocks": [{"name": "CC"}, {"name": "COG"}, {"name": "ECA"}, {"name": "MSFT"}, {"name": "SWN"}], "tags": [{"name": "HedgeMind"}]}, {"id": 8945357, "author": "Benzinga", "created": "Wed, 25 Jan 2017 14:43:54 -0400", "updated": "Wed, 25 Jan 2017 14:43:55 -0400", "title": "AppDynamics May Have Learned Something From New Relic", "teaser": "", "body": "", "url": "https://www.benzinga.com/node/8945357", "image": [], "channels": [{"name": "News"}, {"name": "M&A"}, {"name": "IPOs"}, {"name": "Tech"}, {"name": "Media"}], "stocks": [{"name": "CSCO"}, {"name": "NEWR"}], "tags": [{"name": "AppDynamics"}, {"name": "Cisco AppDynamics Acquisition"}, {"name": "Dow 20K"}, {"name": "IPO"}, {"name": "Qatalyst"}, {"name": "techcrunch"}]}, {"id": 8944893, "author": "Benzinga", "created": "Wed, 25 Jan 2017 14:47:29 -0400", "updated": "Wed, 25 Jan 2017 14:47:29 -0400", "title": "When Will Trump's Jobs Efforts Start Cutting Into Corporate Profits?", "teaser": "", "body": "", "url": "https://www.benzinga.com/node/8944893", "image": [], "channels": [{"name": "News"}, {"name": "Emerging Markets"}, {"name": "Politics"}, {"name": "Travel"}, {"name": "Economics"}, {"name": "Markets"}, {"name": "General"}], "stocks": [{"name": "AAPL"}, {"name": "F"}, {"name": "FCAU"}, {"name": "GM"}, {"name": "NSANY"}, {"name": "SPY"}], "tags": [{"name": "Donald Trump"}, {"name": "Gregory Daco"}, {"name": "New York Times"}, {"name": "U.S. labor laws"}, {"name": "Unemployment"}]}, {"id": 8945855, "author": "Benzinga", "created": "Wed, 25 Jan 2017 15:28:07 -0400", "updated": "Wed, 25 Jan 2017 15:28:07 -0400", "title": "Could Pharmacy Benefit Managers Be Trump's Next Target?", "teaser": "", "body": "", "url": "https://www.benzinga.com/node/8945855", "image": [], "channels": [{"name": "Analyst Color"}, {"name": "News"}, {"name": "Health Care"}, {"name": "Legal"}, {"name": "Top Stories"}, {"name": "Trading Ideas"}, {"name": "General"}], "stocks": [{"name": "CVS"}, {"name": "ESRX"}, {"name": "MYL"}, {"name": "UNH"}], "tags": [{"name": "Donald Trump"}, {"name": "Height Analytics"}, {"name": "PBMs"}, {"name": "pharmacy benefit managers"}]}, {"id": 8946577, "author": "Benzinga", "created": "Wed, 25 Jan 2017 16:03:21 -0400", "updated": "Wed, 25 Jan 2017 16:03:21 -0400", "title": "Mid-Afternoon Market Update: Seagate Climbs On Strong Q2 Results; Meridian Bioscience Shares Plummet", "teaser": "", "body": "", "url": "https://www.benzinga.com/node/8946577", "image": [], "channels": [{"name": "Earnings"}, {"name": "News"}, {"name": "Guidance"}, {"name": "Eurozone"}, {"name": "Commodities"}, {"name": "M&A"}, {"name": "Global"}, {"name": "Intraday Update"}, {"name": "Markets"}, {"name": "Movers"}], "stocks": [{"name": "ACAT"}, {"name": "BA"}, {"name": "BOBE"}, {"name": "CVLT"}, {"name": "HZN"}, {"name": "JCOM"}, {"name": "MKTX"}, {"name": "PHI"}, {"name": "STX"}, {"name": "TXT"}, {"name": "UCFC"}, {"name": "VIVO"}], "tags": [{"name": "Mid-Afternoon Market Update"}]}, {"id": 8947364, "author": "Benzinga", "created": "Wed, 25 Jan 2017 17:38:17 -0400", "updated": "Wed, 25 Jan 2017 17:38:17 -0400", "title": "Qualcomm Falls After Q1 Results, CEO Speaks On Apple Lawsuit", "teaser": "", "body": "", "url": "https://www.benzinga.com/node/8947364", "image": [], "channels": [{"name": "Earnings"}, {"name": "News"}, {"name": "Guidance"}, {"name": "After-Hours Center"}, {"name": "Movers"}, {"name": "Tech"}], "stocks": [{"name": "AAPL"}, {"name": "QCOM"}], "tags": []}]