[{"id": 9321393, "author": "Benzinga", "created": "Thu, 20 Apr 2017 04:30:09 -0400", "updated": "Thu, 20 Apr 2017 04:30:09 -0400", "title": "Earnings Scheduled For April 20, 2017", "teaser": "", "body": "", "url": "https://www.benzinga.com/node/9321393", "image": [], "channels": [{"name": "Earnings"}, {"name": "News"}, {"name": "Pre-Market Outlook"}, {"name": "Markets"}], "stocks": [{"name": "ABB"}, {"name": "ADS"}, {"name": "AZZ"}, {"name": "BBT"}, {"name": "BK"}, {"name": "BX"}, {"name": "CLS"}, {"name": "CLW"}, {"name": "DGX"}, {"name": "DHI"}, {"name": "DHR"}, {"name": "DOV"}, {"name": "ETFC"}, {"name": "HA"}, {"name": "KEY"}, {"name": "MANH"}, {"name": "MAT"}, {"name": "MXIM"}, {"name": "NCR"}, {"name": "NUE"}, {"name": "PFPT"}, {"name": "PM"}, {"name": "PPG"}, {"name": "RHI"}, {"name": "SHW"}, {"name": "SKX"}, {"name": "SON"}, {"name": "TRV"}, {"name": "V"}, {"name": "VALE"}, {"name": "VZ"}], "tags": [{"name": "Application Software"}, {"name": "Consumer Discretionary"}, {"name": "Earnings schedule"}, {"name": "Information Technology"}, {"name": "Leisure Products"}]}, {"id": 9321422, "author": "Benzinga", "created": "Thu, 20 Apr 2017 04:53:23 -0400", "updated": "Thu, 20 Apr 2017 04:53:24 -0400", "title": "10 Stocks To Watch For April 20, 2017", "teaser": "", "body": "", "url": "https://www.benzinga.com/node/9321422", "image": [], "channels": [{"name": "Earnings"}, {"name": "News"}, {"name": "Pre-Market Outlook"}, {"name": "Markets"}, {"name": "Trading Ideas"}], "stocks": [{"name": "AXP"}, {"name": "BK"}, {"name": "CSX"}, {"name": "DHI"}, {"name": "EBAY"}, {"name": "MAT"}, {"name": "PM"}, {"name": "QCOM"}, {"name": "V"}, {"name": "VZ"}], "tags": [{"name": "Consumer Discretionary"}, {"name": "Leisure Products"}, {"name": "Stocks To Watch"}, {"name": "Stocks to Watch"}]}, {"id": 9322121, "author": "Benzinga", "created": "Thu, 20 Apr 2017 07:24:26 -0400", "updated": "Thu, 20 Apr 2017 07:24:27 -0400", "title": "A Peek Into The Markets: U.S. Stock Futures Rise Ahead Of Earnings, Economic Data", "teaser": "", "body": "", "url": "https://www.benzinga.com/node/9322121", "image": [], "channels": [{"name": "Earnings"}, {"name": "News"}, {"name": "Eurozone"}, {"name": "Futures"}, {"name": "Global"}, {"name": "Pre-Market Outlook"}, {"name": "Markets"}], "stocks": [{"name": "AXP"}, {"name": "DHR"}, {"name": "EBAY"}, {"name": "GS"}, {"name": "PM"}], "tags": [{"name": "A Peek Into The Markets"}, {"name": "Atlantic Equities"}, {"name": "U.S. stock futures"}]}, {"id": 9322467, "author": "Benzinga", "created": "Thu, 20 Apr 2017 08:12:50 -0400", "updated": "Thu, 20 Apr 2017 08:12:50 -0400", "title": "25 Stocks Moving In Thursday's Pre-Market Session", "teaser": "", "body": "", "url": "https://www.benzinga.com/node/9322467", "image": [], "channels": [{"name": "News"}, {"name": "Movers & Shakers"}, {"name": "Pre-Market Outlook"}, {"name": "Markets"}, {"name": "Movers"}], "stocks": [{"name": "AXP"}, {"name": "CSX"}, {"name": "DHR"}, {"name": "EBAY"}, {"name": "ECC"}, {"name": "ENDP"}, {"name": "GRPN"}, {"name": "KCG"}, {"name": "NADL"}, {"name": "NRG"}, {"name": "PLXS"}, {"name": "PM"}, {"name": "PME"}, {"name": "QCOM"}, {"name": "SCSS"}, {"name": "SKLN"}, {"name": "SNGX"}, {"name": "SPU"}, {"name": "SXCP"}, {"name": "TCPC"}, {"name": "URI"}, {"name": "VIRT"}, {"name": "VZ"}, {"name": "WR"}, {"name": "WSR"}], "tags": [{"name": "#PreMarket Gainers"}, {"name": "Losers"}, {"name": "Top Gainers"}]}, {"id": 9314695, "author": "Benzinga", "created": "Thu, 20 Apr 2017 08:23:24 -0400", "updated": "Thu, 20 Apr 2017 08:23:24 -0400", "title": "The Lucky Beneficiaries Of Tax Day", "teaser": "", "body": "", "url": "https://www.benzinga.com/node/9314695", "image": [], "channels": [{"name": "News"}, {"name": "Education"}, {"name": "Events"}, {"name": "Trading Ideas"}, {"name": "General"}], "stocks": [{"name": "ACM"}, {"name": "AHPI"}, {"name": "AMFW"}, {"name": "BA"}, {"name": "BAH"}, {"name": "BDX"}, {"name": "CMCSA"}, {"name": "EEI"}, {"name": "GD"}, {"name": "HPE"}, {"name": "HRS"}, {"name": "HUM"}, {"name": "IBM"}, {"name": "JNJ"}, {"name": "LDOS"}, {"name": "LMT"}, {"name": "MSFT"}, {"name": "NOC"}, {"name": "PFE"}, {"name": "RTN"}, {"name": "T"}, {"name": "TRI"}, {"name": "UTX"}, {"name": "VZ"}, {"name": "RTI"}], "tags": [{"name": "Committee for a Responsible Federal Government"}, {"name": "Department of Transportation"}, {"name": "Environmental Protection Agency"}, {"name": "federal contracts"}, {"name": "Social Security Administration"}, {"name": "tax day"}]}, {"id": 9318889, "author": "Benzinga", "created": "Thu, 20 Apr 2017 08:49:43 -0400", "updated": "Thu, 20 Apr 2017 08:49:43 -0400", "title": "Nike Vs. Under Armour: Comparing Expectations", "teaser": "", "body": "", "url": "https://www.benzinga.com/node/9318889", "image": [], "channels": [{"name": "Analyst Color"}, {"name": "Earnings"}, {"name": "Long Ideas"}, {"name": "News"}, {"name": "Guidance"}, {"name": "Price Target"}, {"name": "Previews"}, {"name": "Reiteration"}, {"name": "Sports"}, {"name": "Analyst Ratings"}, {"name": "Trading Ideas"}, {"name": "General"}], "stocks": [{"name": "ADDYY"}, {"name": "DKS"}, {"name": "KSS"}, {"name": "NKE"}, {"name": "UAA"}], "tags": [{"name": "Adidas"}, {"name": "Deutsche Bank"}, {"name": "Nike"}, {"name": "sports apparel"}, {"name": "under armour"}]}, {"id": 9322535, "author": "Benzinga", "created": "Thu, 20 Apr 2017 09:20:38 -0400", "updated": "Thu, 20 Apr 2017 09:20:39 -0400", "title": "The Market In 5 Minutes", "teaser": "", "body": "", "url": "https://www.benzinga.com/node/9322535", "image": [], "channels": [{"name": "News"}, {"name": "Global"}, {"name": "Top Stories"}, {"name": "Markets"}], "stocks": [{"name": "FB"}, {"name": "FOXA"}, {"name": "GS"}, {"name": "LEA"}, {"name": "NSTG"}, {"name": "RUTH"}, {"name": "SBUX"}, {"name": "TRCO"}, {"name": "X"}, {"name": "XOM"}], "tags": [{"name": "Market in 5 minutes"}]}, {"id": 9322921, "author": "Benzinga", "created": "Thu, 20 Apr 2017 09:34:44 -0400", "updated": "Thu, 20 Apr 2017 09:34:44 -0400", "title": "Qualcomm's Apple Quarrel Likely To Remain Overhang Despite Strong Quarter", "teaser": "", "body": "", "url": "https://www.benzinga.com/node/9322921", "image": [], "channels": [{"name": "Analyst Color"}, {"name": "Earnings"}, {"name": "Long Ideas"}, {"name": "News"}, {"name": "Guidance"}, {"name": "Reiteration"}, {"name": "Analyst Ratings"}, {"name": "Tech"}, {"name": "Trading Ideas"}], "stocks": [{"name": "AAPL"}, {"name": "QCOM"}], "tags": [{"name": "Apple"}, {"name": "Canaccord Genuity"}, {"name": "Micahel Walkley"}, {"name": "Qualcomm"}]}, {"id": 9322405, "author": "Benzinga", "created": "Thu, 20 Apr 2017 10:08:16 -0400", "updated": "Thu, 20 Apr 2017 10:08:17 -0400", "title": "American Express Shares On The Rise Following Strong Q1 Print", "teaser": "", "body": "", "url": "https://www.benzinga.com/node/9322405", "image": [], "channels": [{"name": "Analyst Color"}, {"name": "Earnings"}, {"name": "News"}, {"name": "Guidance"}, {"name": "Reiteration"}, {"name": "Analyst Ratings"}, {"name": "Movers"}], "stocks": [{"name": "AXP"}], "tags": [{"name": "Arren Cyganovich"}]}, {"id": 9322750, "author": "Benzinga", "created": "Thu, 20 Apr 2017 10:22:10 -0400", "updated": "Thu, 20 Apr 2017 10:22:10 -0400", "title": "JJ Kinahan Sees Consumer Confidence For Credit Card Companies", "teaser": "", "body": "", "url": "https://www.benzinga.com/node/9322750", "image": [], "channels": [{"name": "Analyst Color"}, {"name": "Earnings"}, {"name": "Long Ideas"}, {"name": "News"}, {"name": "Guidance"}, {"name": "Previews"}, {"name": "Analyst Ratings"}, {"name": "Movers"}, {"name": "Trading Ideas"}, {"name": "Interview"}], "stocks": [{"name": "AXP"}, {"name": "COST"}, {"name": "MA"}, {"name": "V"}], "tags": [{"name": "JJ Kinahan"}, {"name": "TD Ameritrade"}]}, {"id": 9323500, "author": "Benzinga", "created": "Thu, 20 Apr 2017 11:08:46 -0400", "updated": "Thu, 20 Apr 2017 11:08:46 -0400", "title": "No Ordinary iPhone, No Ordinary Cycle: Morgan Stanley Says Consensus Estimate On iPhone 8 Falls Short", "teaser": "", "body": "", "url": "https://www.benzinga.com/node/9323500", "image": [], "channels": [{"name": "Analyst Color"}, {"name": "Long Ideas"}, {"name": "News"}, {"name": "Price Target"}, {"name": "Previews"}, {"name": "Events"}, {"name": "Analyst Ratings"}, {"name": "Tech"}, {"name": "Trading Ideas"}], "stocks": [{"name": "AAPL"}], "tags": [{"name": "iPhone"}, {"name": "Katy Huberty"}, {"name": "Morgan Stanley"}]}, {"id": 9320688, "author": "Benzinga", "created": "Thu, 20 Apr 2017 11:24:13 -0400", "updated": "Thu, 20 Apr 2017 11:24:14 -0400", "title": "Putting On The Wearable Technology ETF", "teaser": "", "body": "", "url": "https://www.benzinga.com/node/9320688", "image": [], "channels": [{"name": "Long Ideas"}, {"name": "News"}, {"name": "Sector ETFs"}, {"name": "Markets"}, {"name": "Tech"}, {"name": "Trading Ideas"}, {"name": "ETFs"}], "stocks": [{"name": "AAPL"}, {"name": "FIT"}, {"name": "GPRO"}], "tags": [{"name": "BATS"}, {"name": "EQM Indexes"}, {"name": "Eve Capital"}, {"name": "Exchange Traded Concepts"}, {"name": "WEAR"}, {"name": "WEAR ETF"}, {"name": "wearable technology"}, {"name": "Wearable Technology ETF"}]}, {"id": 9324144, "author": "Benzinga", "created": "Thu, 20 Apr 2017 12:29:39 -0400", "updated": "Thu, 20 Apr 2017 12:29:39 -0400", "title": "Structural Headwinds, Apple Feud Weigh On Qualcomm's Outlook", "teaser": "", "body": "", "url": "https://www.benzinga.com/node/9324144", "image": [], "channels": [{"name": "Analyst Color"}, {"name": "Earnings"}, {"name": "News"}, {"name": "Guidance"}, {"name": "Reiteration"}, {"name": "Analyst Ratings"}, {"name": "Movers"}, {"name": "Tech"}], "stocks": [{"name": "AAPL"}, {"name": "QCOM"}], "tags": [{"name": "Apple"}, {"name": "Qualcomm"}, {"name": "Qualcomm Legal Disputre"}, {"name": "Rick Shafer"}]}, {"id": 9324504, "author": "Benzinga", "created": "Thu, 20 Apr 2017 12:33:12 -0400", "updated": "Thu, 20 Apr 2017 12:33:13 -0400", "title": "15 Biggest Mid-Day Gainers For Thursday", "teaser": "", "body": "", "url": "https://www.benzinga.com/node/9324504", "image": [], "channels": [{"name": "News"}, {"name": "Intraday Update"}, {"name": "Markets"}, {"name": "Analyst Ratings"}, {"name": "Movers"}], "stocks": [{"name": "AXP"}, {"name": "CSX"}, {"name": "DWCH"}, {"name": "GCO"}, {"name": "GPS"}, {"name": "IDXG"}, {"name": "IMNP"}, {"name": "KCG"}, {"name": "MVIS"}, {"name": "NADL"}, {"name": "NXTD"}, {"name": "SCSS"}, {"name": "SLM"}, {"name": "SXC"}, {"name": "VIRT"}], "tags": [{"name": "Mid-Day Gainers"}, {"name": "Top Gainers"}]}, {"id": 9324727, "author": "Benzinga", "created": "Thu, 20 Apr 2017 13:12:44 -0400", "updated": "Thu, 20 Apr 2017 13:12:44 -0400", "title": "18 Biggest Mid-Day Losers For Thursday", "teaser": "", "body": "", "url": "https://www.benzinga.com/node/9324727", "image": [], "channels": [{"name": "News"}, {"name": "Movers & Shakers"}, {"name": "Intraday Update"}, {"name": "Markets"}, {"name": "Analyst Ratings"}], "stocks": [{"name": "APRI"}, {"name": "AZZ"}, {"name": "EBAY"}, {"name": "ECC"}, {"name": "MD"}, {"name": "NSTG"}, {"name": "PLXS"}, {"name": "PM"}, {"name": "RLI"}, {"name": "SKLN"}, {"name": "SYNT"}, {"name": "TCBI"}, {"name": "TCPC"}, {"name": "URI"}, {"name": "VLRS"}, {"name": "VZ"}, {"name": "WR"}, {"name": "WSR"}], "tags": [{"name": "Mid-Day Losers"}, {"name": "Top Losers"}]}, {"id": 9324461, "author": "Benzinga", "created": "Thu, 20 Apr 2017 13:27:03 -0400", "updated": "Thu, 20 Apr 2017 13:27:04 -0400", "title": "Pivotal's Brian Wieser Previews Q1 Earnings For Big Media Brands", "teaser": "", "body": "", "url": "https://www.benzinga.com/node/9324461", "image": [], "channels": [{"name": "Analyst Color"}, {"name": "Earnings"}, {"name": "Long Ideas"}, {"name": "News"}, {"name": "Guidance"}, {"name": "Short Ideas"}, {"name": "Price Target"}, {"name": "Previews"}, {"name": "Reiteration"}, {"name": "Analyst Ratings"}, {"name": "Movers"}, {"name": "Tech"}, {"name": "Media"}, {"name": "Trading Ideas"}], "stocks": [{"name": "CBS"}, {"name": "DIS"}, {"name": "DISCA"}, {"name": "FOXA"}, {"name": "TWX"}, {"name": "VIAB"}, {"name": "VZ"}], "tags": [{"name": "Brian Wieser"}, {"name": "Pivotal Research"}]}, {"id": 9308625, "author": "Benzinga", "created": "Thu, 20 Apr 2017 13:38:56 -0400", "updated": "Thu, 20 Apr 2017 13:38:56 -0400", "title": "What Would A $5.8 Billion NIH Cut Look Like? Devastation.", "teaser": "", "body": "", "url": "https://www.benzinga.com/node/9308625", "image": [], "channels": [{"name": "News"}, {"name": "Education"}, {"name": "Health Care"}, {"name": "Politics"}, {"name": "FDA"}, {"name": "Legal"}, {"name": "Exclusives"}, {"name": "Trading Ideas"}, {"name": "Interview"}, {"name": "General"}], "stocks": [{"name": "GSK"}, {"name": "ILMN"}, {"name": "JNJ"}, {"name": "LLY"}, {"name": "MRK"}, {"name": "MTNB"}, {"name": "NVS"}, {"name": "PFE"}, {"name": "PRXL"}, {"name": "Q"}, {"name": "TMO"}, {"name": "VTGN"}], "tags": [{"name": "BioNap Consulting"}, {"name": "FBB Capital"}, {"name": "FDA"}, {"name": "Jason Napodano"}, {"name": "Mike Bailey"}, {"name": "National Institutes of Health"}, {"name": "NIH"}, {"name": "U.S. Food and Drug Administration"}]}, {"id": 9324525, "author": "Benzinga", "created": "Thu, 20 Apr 2017 14:29:42 -0400", "updated": "Thu, 20 Apr 2017 14:29:42 -0400", "title": "T-Mobile's John Legere + 4/20 = Pot Shots At Verizon", "teaser": "", "body": "", "url": "https://www.benzinga.com/node/9324525", "image": [], "channels": [{"name": "News"}, {"name": "Topics"}, {"name": "Management"}, {"name": "Media"}, {"name": "General"}], "stocks": [{"name": "TMUS"}, {"name": "TWTR"}, {"name": "VZ"}], "tags": [{"name": "John Legere"}]}, {"id": 9325234, "author": "Benzinga", "created": "Thu, 20 Apr 2017 15:30:50 -0400", "updated": "Thu, 20 Apr 2017 15:30:50 -0400", "title": "The Most Compelling Hail Mary For Comcast: Charter", "teaser": "", "body": "", "url": "https://www.benzinga.com/node/9325234", "image": [], "channels": [{"name": "Analyst Color"}, {"name": "News"}, {"name": "Rumors"}, {"name": "M&A"}, {"name": "Analyst Ratings"}, {"name": "Movers"}, {"name": "Tech"}, {"name": "Media"}], "stocks": [{"name": "CHTR"}, {"name": "CMCSA"}, {"name": "DIS"}, {"name": "NFLX"}, {"name": "SNAP"}, {"name": "TMUS"}, {"name": "TWX"}, {"name": "VZ"}], "tags": [{"name": "btig"}, {"name": "Rich Greenfield"}]}]