[{"id": 9627913, "author": "Benzinga", "created": "Tue, 20 Jun 2017 06:54:48 -0400", "updated": "Tue, 20 Jun 2017 06:54:49 -0400", "title": "Madonna To Jeff Bezos: Give Back In Detroit, 'One Of The Coolest Cities In America'", "teaser": "", "body": "", "url": "https://www.benzinga.com/node/9627913", "image": [], "channels": [{"name": "News"}, {"name": "Movers & Shakers"}, {"name": "Top Stories"}, {"name": "Exclusives"}, {"name": "Media"}, {"name": "Interview"}, {"name": "General"}], "stocks": [{"name": "AMZN"}, {"name": "MSFT"}, {"name": "TWTR"}], "tags": [{"name": "Amazon"}, {"name": "Carolyn Geck"}, {"name": "Detroit"}, {"name": "Detroit Achievement Academy"}, {"name": "Downtown Boxing Gym"}, {"name": "Jeff Bezos"}, {"name": "Madonna"}, {"name": "Microsoft"}, {"name": "The Empowerment Plan"}]}, {"id": 9629609, "author": "Benzinga", "created": "Tue, 20 Jun 2017 09:00:19 -0400", "updated": "Tue, 20 Jun 2017 09:00:19 -0400", "title": "The Market In 5 Minutes", "teaser": "", "body": "", "url": "https://www.benzinga.com/node/9629609", "image": [], "channels": [{"name": "News"}, {"name": "Global"}, {"name": "Top Stories"}, {"name": "Pre-Market Outlook"}, {"name": "Markets"}], "stocks": [{"name": "AAPL"}, {"name": "AMZN"}, {"name": "BA"}, {"name": "CSOD"}, {"name": "GT"}, {"name": "HAS"}, {"name": "INCR"}, {"name": "NVDA"}, {"name": "RCII"}, {"name": "RICE"}, {"name": "SNAP"}, {"name": "SPY"}, {"name": "TSLA"}, {"name": "VSLR"}, {"name": "WFM"}], "tags": [{"name": "Market in 5 minutes"}]}, {"id": 9630933, "author": "Benzinga", "created": "Tue, 20 Jun 2017 14:14:53 -0400", "updated": "Tue, 20 Jun 2017 14:14:53 -0400", "title": "As Finish Line's Q1 Earnings Approach, Some Concerned Top-Line Pressure In Athletic Retail Is Mounting", "teaser": "", "body": "", "url": "https://www.benzinga.com/node/9630933", "image": [], "channels": [{"name": "Analyst Color"}, {"name": "News"}, {"name": "Price Target"}, {"name": "Reiteration"}, {"name": "Sports"}, {"name": "Analyst Ratings"}, {"name": "Movers"}, {"name": "General"}], "stocks": [{"name": "FINL"}, {"name": "NKE"}], "tags": [{"name": "Erinn Murphy"}, {"name": "Piper Jaffray"}]}, {"id": 9632555, "author": "Benzinga", "created": "Tue, 20 Jun 2017 16:08:41 -0400", "updated": "Tue, 20 Jun 2017 16:08:42 -0400", "title": "Benzinga's Option Alert Recap From June 20", "teaser": "", "body": "", "url": "https://www.benzinga.com/node/9632555", "image": [], "channels": [{"name": "News"}, {"name": "Options"}, {"name": "After-Hours Center"}, {"name": "Markets"}], "stocks": [{"name": "AMD"}, {"name": "ARRY"}, {"name": "ESV"}, {"name": "FLEX"}, {"name": "ILG"}, {"name": "MCD"}, {"name": "MEET"}, {"name": "MMP"}, {"name": "RAD"}, {"name": "RCII"}, {"name": "SNAP"}, {"name": "TRIP"}, {"name": "TWTR"}, {"name": "YELP"}, {"name": "YPF"}], "tags": []}]