[{"id": 8877221, "author": "Benzinga", "created": "Fri, 06 Jan 2017 08:45:33 -0400", "updated": "Fri, 06 Jan 2017 08:45:33 -0400", "title": "A Peek Into The Markets: U.S. Stock Futures Mostly Lower; All Eyes On Jobs Report", "teaser": "", "body": "", "url": "https://www.benzinga.com/node/8877221", "image": [], "channels": [{"name": "Earnings"}, {"name": "News"}, {"name": "Eurozone"}, {"name": "Futures"}, {"name": "Global"}, {"name": "Pre-Market Outlook"}, {"name": "Markets"}], "stocks": [{"name": "GBX"}, {"name": "GIII"}, {"name": "GPS"}, {"name": "MCD"}, {"name": "MDP"}, {"name": "TIME"}], "tags": [{"name": "A Peek Into The Markets"}, {"name": "Consumer Discretionary"}, {"name": "Restaurants"}, {"name": "U.S. stock futures"}, {"name": "UBS"}]}, {"id": 8877387, "author": "Benzinga", "created": "Fri, 06 Jan 2017 09:25:52 -0400", "updated": "Fri, 06 Jan 2017 09:25:52 -0400", "title": "18 Stocks Moving In Friday's Pre-Market Session", "teaser": "", "body": "", "url": "https://www.benzinga.com/node/8877387", "image": [], "channels": [{"name": "News"}, {"name": "Movers & Shakers"}, {"name": "Pre-Market Outlook"}, {"name": "Markets"}, {"name": "Movers"}], "stocks": [{"name": "ABIL"}, {"name": "AMGN"}, {"name": "ARNC"}, {"name": "CTIC"}, {"name": "GIII"}, {"name": "GPRO"}, {"name": "GPS"}, {"name": "HELE"}, {"name": "IONS"}, {"name": "MDCO"}, {"name": "NBIX"}, {"name": "NTNX"}, {"name": "NVS"}, {"name": "OREX"}, {"name": "P"}, {"name": "REGN"}, {"name": "RT"}, {"name": "STML"}, {"name": "ZFGN"}], "tags": [{"name": "#PreMarket Gainers"}, {"name": "Biotechnology"}, {"name": "Health Care"}, {"name": "Losers"}, {"name": "Top Gainers"}]}, {"id": 8877326, "author": "Benzinga", "created": "Fri, 06 Jan 2017 09:45:52 -0400", "updated": "Fri, 06 Jan 2017 09:45:52 -0400", "title": "The Medicines Co. Is A Top Pick For 2017", "teaser": "", "body": "", "url": "https://www.benzinga.com/node/8877326", "image": [], "channels": [{"name": "Analyst Color"}, {"name": "Biotech"}, {"name": "Long Ideas"}, {"name": "News"}, {"name": "Health Care"}, {"name": "Reiteration"}, {"name": "FDA"}, {"name": "Analyst Ratings"}, {"name": "Movers"}, {"name": "Trading Ideas"}, {"name": "General"}], "stocks": [{"name": "ALNY"}, {"name": "AMGN"}, {"name": "MDCO"}], "tags": [{"name": "Chardan Capital Markets"}, {"name": "Gbola Amusa"}, {"name": "inclisiran"}, {"name": "Praluent"}]}, {"id": 8877405, "author": "Benzinga", "created": "Fri, 06 Jan 2017 09:54:30 -0400", "updated": "Fri, 06 Jan 2017 09:54:30 -0400", "title": "Regeneron Falls As Court Grants Permanent Injunction For Infringement Of Amgen's Repatha Patents", "teaser": "", "body": "", "url": "https://www.benzinga.com/node/8877405", "image": [], "channels": [{"name": "Biotech"}, {"name": "News"}, {"name": "Health Care"}, {"name": "Legal"}, {"name": "Movers"}, {"name": "General"}], "stocks": [{"name": "AMGN"}, {"name": "REGN"}, {"name": "SNY"}], "tags": [{"name": "Repatha"}]}, {"id": 8877214, "author": "Benzinga", "created": "Fri, 06 Jan 2017 10:00:37 -0400", "updated": "Fri, 06 Jan 2017 10:00:37 -0400", "title": "The Market In 5 Minutes: Nonfarm Payrolls Lower Than Expected", "teaser": "", "body": "", "url": "https://www.benzinga.com/node/8877214", "image": [], "channels": [{"name": "News"}, {"name": "Global"}, {"name": "Top Stories"}, {"name": "Markets"}], "stocks": [{"name": "CG"}, {"name": "DIS"}, {"name": "GBX"}, {"name": "GPRO"}, {"name": "HELE"}, {"name": "HSY"}, {"name": "MCD"}, {"name": "MDP"}, {"name": "PSMT"}, {"name": "RT"}, {"name": "SPY"}, {"name": "TIME"}, {"name": "USO"}, {"name": "WEN"}], "tags": [{"name": "the market in 5 minutes"}]}, {"id": 8877195, "author": "Benzinga", "created": "Fri, 06 Jan 2017 10:04:37 -0400", "updated": "Fri, 06 Jan 2017 10:04:37 -0400", "title": "5 Key Takeaways In Regeneron's Praluent Suit, Steps Forward", "teaser": "", "body": "", "url": "https://www.benzinga.com/node/8877195", "image": [], "channels": [{"name": "Analyst Color"}, {"name": "Biotech"}, {"name": "News"}, {"name": "Health Care"}, {"name": "Price Target"}, {"name": "Reiteration"}, {"name": "Legal"}, {"name": "Analyst Ratings"}, {"name": "Movers"}, {"name": "General"}], "stocks": [{"name": "AMGN"}, {"name": "REGN"}, {"name": "SNY"}], "tags": [{"name": "Chardan Capital Markets"}, {"name": "Gbola Amusa"}]}, {"id": 8877590, "author": "Benzinga", "created": "Fri, 06 Jan 2017 10:13:39 -0400", "updated": "Fri, 06 Jan 2017 10:13:39 -0400", "title": "Apple Kicks Off 2017 With News Of 'Blowout' App Store Sales", "teaser": "", "body": "", "url": "https://www.benzinga.com/node/8877590", "image": [], "channels": [{"name": "Analyst Color"}, {"name": "News"}, {"name": "Analyst Ratings"}, {"name": "Movers"}, {"name": "Tech"}], "stocks": [{"name": "AAPL"}], "tags": [{"name": "Gene Munster"}, {"name": "Loup Ventures"}]}, {"id": 8874669, "author": "Benzinga", "created": "Fri, 06 Jan 2017 12:00:39 -0400", "updated": "Fri, 06 Jan 2017 12:00:39 -0400", "title": "Apple Vs. Amazon Vs. Google: Digital Assistants Square Off At CES", "teaser": "", "body": "", "url": "https://www.benzinga.com/node/8874669", "image": [], "channels": [{"name": "News"}, {"name": "Topics"}, {"name": "Events"}, {"name": "Analyst Ratings"}, {"name": "Tech"}, {"name": "Trading Ideas"}, {"name": "General"}], "stocks": [{"name": "AAPL"}, {"name": "AMZN"}, {"name": "GOOG"}, {"name": "GOOGL"}], "tags": [{"name": "Alexa"}, {"name": "Andrew Murphy"}, {"name": "CES"}, {"name": "digital assistants"}, {"name": "Gene Munster"}, {"name": "Google Home"}, {"name": "Loup Ventures"}, {"name": "Piper Jaffray"}, {"name": "SIRI"}]}, {"id": 8878198, "author": "Benzinga", "created": "Fri, 06 Jan 2017 12:48:46 -0400", "updated": "Fri, 06 Jan 2017 12:48:47 -0400", "title": "Low Odds Court Ruling Against Regeneron Get Reversed On Appeal", "teaser": "", "body": "", "url": "https://www.benzinga.com/node/8878198", "image": [], "channels": [{"name": "Analyst Color"}, {"name": "Biotech"}, {"name": "News"}, {"name": "Health Care"}, {"name": "Reiteration"}, {"name": "Legal"}, {"name": "Analyst Ratings"}, {"name": "Movers"}, {"name": "General"}], "stocks": [{"name": "AMGN"}, {"name": "REGN"}, {"name": "SNY"}], "tags": [{"name": "Biren Amin"}, {"name": "Jefferies"}, {"name": "Praluent"}]}, {"id": 8878780, "author": "Benzinga", "created": "Fri, 06 Jan 2017 13:51:19 -0400", "updated": "Fri, 06 Jan 2017 13:51:19 -0400", "title": "15 Biggest Mid-Day Gainers For Friday", "teaser": "", "body": "", "url": "https://www.benzinga.com/node/8878780", "image": [], "channels": [{"name": "News"}, {"name": "Intraday Update"}, {"name": "Markets"}, {"name": "Movers"}], "stocks": [{"name": "ABEO"}, {"name": "AMGN"}, {"name": "CEMP"}, {"name": "CTIC"}, {"name": "ETRM"}, {"name": "GPS"}, {"name": "HELE"}, {"name": "HWAY"}, {"name": "IONS"}, {"name": "NBIX"}, {"name": "NVS"}, {"name": "PCRX"}, {"name": "QTNT"}, {"name": "SSY"}, {"name": "STML"}, {"name": "ZFGN"}], "tags": [{"name": "Biotechnology"}, {"name": "Health Care"}, {"name": "Mid-Day Gainers"}, {"name": "Top Gainers"}]}, {"id": 8878449, "author": "Benzinga", "created": "Fri, 06 Jan 2017 14:12:09 -0400", "updated": "Fri, 06 Jan 2017 14:12:09 -0400", "title": "Visa Now BMO's Top Pick In Fintech", "teaser": "", "body": "", "url": "https://www.benzinga.com/node/8878449", "image": [], "channels": [{"name": "Analyst Color"}, {"name": "Fintech"}, {"name": "Long Ideas"}, {"name": "News"}, {"name": "Reiteration"}, {"name": "Analyst Ratings"}, {"name": "Movers"}, {"name": "Trading Ideas"}], "stocks": [{"name": "COST"}, {"name": "MA"}, {"name": "V"}], "tags": [{"name": "BMO"}, {"name": "BMO Capital Markets"}, {"name": "Paulo Ribeiro"}]}, {"id": 8878715, "author": "Benzinga", "created": "Fri, 06 Jan 2017 14:44:52 -0400", "updated": "Fri, 06 Jan 2017 14:44:52 -0400", "title": "Should Apple And Samsung Be Worried About This Chinese Smartphone Maker?", "teaser": "", "body": "", "url": "https://www.benzinga.com/node/8878715", "image": [], "channels": [{"name": "CNBC"}, {"name": "News"}, {"name": "Emerging Markets"}, {"name": "Events"}, {"name": "Global"}, {"name": "Markets"}, {"name": "Tech"}, {"name": "Media"}], "stocks": [{"name": "AAPL"}, {"name": "AMZN"}, {"name": "BBY"}, {"name": "GOOG"}, {"name": "GOOGL"}, {"name": "SSNLF"}], "tags": [{"name": "CES"}, {"name": "CNBC"}, {"name": "Huawei"}, {"name": "Mate 9"}, {"name": "smartphones"}]}, {"id": 8878963, "author": "Benzinga", "created": "Fri, 06 Jan 2017 15:57:40 -0400", "updated": "Fri, 06 Jan 2017 15:57:40 -0400", "title": "Attention Boeing Investors: Don't Worry About Trump's Trade War With China", "teaser": "", "body": "", "url": "https://www.benzinga.com/node/8878963", "image": [], "channels": [{"name": "News"}, {"name": "Emerging Markets"}, {"name": "Politics"}, {"name": "Travel"}, {"name": "Global"}, {"name": "Markets"}, {"name": "Movers"}, {"name": "Media"}, {"name": "Trading Ideas"}, {"name": "General"}], "stocks": [{"name": "BA"}, {"name": "LUV"}, {"name": "RYAAY"}], "tags": [{"name": "Airliners"}, {"name": "airlines"}, {"name": "airplane maker"}, {"name": "Bloomberg"}, {"name": "China"}, {"name": "china airliners"}, {"name": "china airplanes"}, {"name": "china boeing"}, {"name": "Chinese Airliners"}, {"name": "Chinese airplanes"}, {"name": "David Fickling"}, {"name": "Donald Trump"}, {"name": "Gadfly"}]}]