[{"id": 8949155, "author": "Benzinga", "created": "Thu, 26 Jan 2017 07:03:08 -0400", "updated": "Thu, 26 Jan 2017 07:03:09 -0400", "title": "Earnings Scheduled For January 26, 2017", "teaser": "", "body": "", "url": "https://www.benzinga.com/node/8949155", "image": [], "channels": [{"name": "Earnings"}, {"name": "News"}, {"name": "Pre-Market Outlook"}, {"name": "Markets"}], "stocks": [{"name": "ADS"}, {"name": "AEP"}, {"name": "BCR"}, {"name": "BHI"}, {"name": "BIIB"}, {"name": "BMY"}, {"name": "CAT"}, {"name": "CELG"}, {"name": "CMCSA"}, {"name": "DGX"}, {"name": "DOV"}, {"name": "DOW"}, {"name": "EMN"}, {"name": "ERIC"}, {"name": "ETFC"}, {"name": "F"}, {"name": "FCAU"}, {"name": "GOOGL"}, {"name": "HP"}, {"name": "INTC"}, {"name": "JBLU"}, {"name": "JNPR"}, {"name": "KLAC"}, {"name": "LEA"}, {"name": "LLL"}, {"name": "LUV"}, {"name": "MJN"}, {"name": "MSFT"}, {"name": "MXIM"}, {"name": "NOC"}, {"name": "OSK"}, {"name": "PHM"}, {"name": "PYPL"}, {"name": "RCI"}, {"name": "RCL"}, {"name": "RHI"}, {"name": "RTN"}, {"name": "SBUX"}, {"name": "SHW"}, {"name": "SWK"}, {"name": "TROW"}, {"name": "UL"}, {"name": "VMW"}, {"name": "WHR"}], "tags": [{"name": "Aerospace & Defense"}, {"name": "Airlines"}, {"name": "Earnings schedule"}, {"name": "Industrials"}]}, {"id": 8949330, "author": "Benzinga", "created": "Thu, 26 Jan 2017 07:35:01 -0400", "updated": "Thu, 26 Jan 2017 07:35:01 -0400", "title": "15 Stocks To Watch For January 26, 2017", "teaser": "", "body": "", "url": "https://www.benzinga.com/node/8949330", "image": [], "channels": [{"name": "Earnings"}, {"name": "News"}, {"name": "Pre-Market Outlook"}, {"name": "Markets"}, {"name": "Trading Ideas"}], "stocks": [{"name": "BMY"}, {"name": "CAT"}, {"name": "EBAY"}, {"name": "F"}, {"name": "GOOGL"}, {"name": "INTC"}, {"name": "JBLU"}, {"name": "LUV"}, {"name": "MCK"}, {"name": "MSFT"}, {"name": "PYPL"}, {"name": "QCOM"}, {"name": "SBUX"}, {"name": "T"}, {"name": "WDC"}], "tags": [{"name": "Airlines"}, {"name": "Health Care"}, {"name": "Health Care Distributors"}, {"name": "Industrials"}, {"name": "Stocks To Watch"}, {"name": "Stocks to Watch"}]}, {"id": 8949642, "author": "Benzinga", "created": "Thu, 26 Jan 2017 08:24:55 -0400", "updated": "Thu, 26 Jan 2017 08:24:55 -0400", "title": "A Peek Into The Markets: U.S. Stock Futures Up Ahead Of Earnings", "teaser": "", "body": "", "url": "https://www.benzinga.com/node/8949642", "image": [], "channels": [{"name": "Earnings"}, {"name": "News"}, {"name": "Eurozone"}, {"name": "Futures"}, {"name": "Global"}, {"name": "Pre-Market Outlook"}, {"name": "Markets"}], "stocks": [{"name": "CAT"}, {"name": "DOW"}, {"name": "EBAY"}, {"name": "F"}, {"name": "GOOGL"}, {"name": "INTC"}, {"name": "JNJ"}, {"name": "MSFT"}, {"name": "QCOM"}, {"name": "T"}, {"name": "UTX"}], "tags": [{"name": "A Peek Into The Markets"}, {"name": "U.S. stock futures"}, {"name": "Wells Fargo"}]}, {"id": 8949987, "author": "Benzinga", "created": "Thu, 26 Jan 2017 09:19:38 -0400", "updated": "Thu, 26 Jan 2017 09:19:38 -0400", "title": "25 Stocks Moving In Thursday's Pre-Market Session", "teaser": "", "body": "", "url": "https://www.benzinga.com/node/8949987", "image": [], "channels": [{"name": "News"}, {"name": "Movers & Shakers"}, {"name": "Pre-Market Outlook"}, {"name": "Markets"}, {"name": "Movers"}], "stocks": [{"name": "AVGR"}, {"name": "CVE"}, {"name": "DOW"}, {"name": "EBAY"}, {"name": "ENTL"}, {"name": "HMY"}, {"name": "INWK"}, {"name": "LGCY"}, {"name": "LUV"}, {"name": "LVS"}, {"name": "MAT"}, {"name": "MGI"}, {"name": "NAK"}, {"name": "NOW"}, {"name": "PKX"}, {"name": "POT"}, {"name": "QCOM"}, {"name": "RBS"}, {"name": "RCL"}, {"name": "SCYX"}, {"name": "STM"}, {"name": "TER"}, {"name": "UL"}, {"name": "VAR"}, {"name": "XLNX"}], "tags": [{"name": "#PreMarket Gainers"}, {"name": "Airlines"}, {"name": "Casinos & Gaming"}, {"name": "Consumer Discretionary"}, {"name": "Energy"}, {"name": "Industrials"}, {"name": "Leisure Products"}, {"name": "Losers"}, {"name": "Oil & Gas Exploration & Production"}, {"name": "Top Gainers"}]}, {"id": 8946772, "author": "Benzinga", "created": "Thu, 26 Jan 2017 09:37:28 -0400", "updated": "Thu, 26 Jan 2017 09:37:28 -0400", "title": "Following Sprint Stake, How Does Jay Z's Tidal Investment Rank Among Hip Hop's Biggest Deals?", "teaser": "", "body": "", "url": "https://www.benzinga.com/node/8946772", "image": [], "channels": [{"name": "News"}, {"name": "Topics"}, {"name": "M&A"}, {"name": "Tech"}, {"name": "Media"}, {"name": "General"}], "stocks": [{"name": "AAPL"}, {"name": "KO"}, {"name": "LYV"}, {"name": "S"}], "tags": [{"name": "50 Cent"}, {"name": "Alicia Keys"}, {"name": "Aspiro"}, {"name": "Beats Electronic"}, {"name": "Daft Punk"}, {"name": "Dr. Dre"}, {"name": "Glaceua"}, {"name": "Jason Aldean"}, {"name": "Jay Z"}, {"name": "Kanye West"}, {"name": "Madonna"}, {"name": "Marcelo Claure"}, {"name": "Rihanna"}, {"name": "Tidal"}, {"name": "Viaminwater"}]}, {"id": 8950227, "author": "Benzinga", "created": "Thu, 26 Jan 2017 09:56:24 -0400", "updated": "Thu, 26 Jan 2017 09:56:24 -0400", "title": "Caterpillar December Sales: Not So Much 'Good' As They Are 'Less-Bad'", "teaser": "", "body": "", "url": "https://www.benzinga.com/node/8950227", "image": [], "channels": [{"name": "Analyst Color"}, {"name": "News"}, {"name": "Retail Sales"}, {"name": "Analyst Ratings"}], "stocks": [{"name": "CAT"}], "tags": [{"name": "Caterpillar"}, {"name": "Caterpillar Retail Sales"}, {"name": "Caterpillar Sales"}, {"name": "Jefferies"}, {"name": "Stephen Volkmann"}]}, {"id": 8949746, "author": "Benzinga", "created": "Thu, 26 Jan 2017 10:02:42 -0400", "updated": "Thu, 26 Jan 2017 10:02:42 -0400", "title": "The Market In 5 Minutes: Earnings, Trump And Dow20k", "teaser": "", "body": "", "url": "https://www.benzinga.com/node/8949746", "image": [], "channels": [{"name": "News"}, {"name": "Global"}, {"name": "Top Stories"}, {"name": "Pre-Market Outlook"}, {"name": "Markets"}], "stocks": [{"name": "ABT"}, {"name": "ALIOF"}, {"name": "ALR"}, {"name": "BAYRY"}, {"name": "BMY"}, {"name": "CMCSA"}, {"name": "CVS"}, {"name": "DD"}, {"name": "DOW"}, {"name": "EBAY"}, {"name": "EL"}, {"name": "ESRX"}, {"name": "F"}, {"name": "IP"}, {"name": "JNJ"}, {"name": "MAT"}, {"name": "MET"}, {"name": "MON"}, {"name": "QCOM"}, {"name": "SPY"}, {"name": "USO"}, {"name": "WDC"}], "tags": [{"name": "Market in 5 minutes"}]}, {"id": 8950008, "author": "Benzinga", "created": "Thu, 26 Jan 2017 10:31:54 -0400", "updated": "Thu, 26 Jan 2017 10:31:55 -0400", "title": "ServiceNow's Beat And Raise Quarter Tops Even The Most Bullish Expectations", "teaser": "", "body": "", "url": "https://www.benzinga.com/node/8950008", "image": [], "channels": [{"name": "Analyst Color"}, {"name": "Earnings"}, {"name": "Long Ideas"}, {"name": "News"}, {"name": "Guidance"}, {"name": "Price Target"}, {"name": "Reiteration"}, {"name": "Analyst Ratings"}, {"name": "Movers"}, {"name": "Tech"}, {"name": "Trading Ideas"}], "stocks": [{"name": "CSC"}, {"name": "HPE"}, {"name": "IBM"}, {"name": "NOW"}], "tags": [{"name": "Justin Furby"}, {"name": "Ryan MacDonald"}, {"name": "William Blair"}, {"name": "Wunderlich"}]}, {"id": 8950721, "author": "Benzinga", "created": "Thu, 26 Jan 2017 10:56:13 -0400", "updated": "Thu, 26 Jan 2017 10:56:13 -0400", "title": "The Latest Content Pick: Verizon For Charter?", "teaser": "", "body": "", "url": "https://www.benzinga.com/node/8950721", "image": [], "channels": [{"name": "News"}, {"name": "Rumors"}, {"name": "M&A"}, {"name": "Movers"}, {"name": "Tech"}, {"name": "Media"}], "stocks": [{"name": "CHTR"}, {"name": "CMCSA"}, {"name": "T"}, {"name": "TWX"}, {"name": "VZ"}, {"name": "YHOO"}], "tags": [{"name": "Ajit Pai"}, {"name": "Cable Companies"}, {"name": "Cable Stocks"}, {"name": "Charter Verizon Acquisition"}, {"name": "New York Post"}, {"name": "TV Stocks"}]}, {"id": 8950976, "author": "Benzinga", "created": "Thu, 26 Jan 2017 10:57:34 -0400", "updated": "Thu, 26 Jan 2017 10:57:34 -0400", "title": "Mid-Morning Market Update: Markets Edge Higher; Caterpillar Issues Weak 2017 Forecast", "teaser": "", "body": "", "url": "https://www.benzinga.com/node/8950976", "image": [], "channels": [{"name": "Earnings"}, {"name": "News"}, {"name": "Guidance"}, {"name": "Eurozone"}, {"name": "Commodities"}, {"name": "Global"}, {"name": "Intraday Update"}, {"name": "Markets"}, {"name": "Movers"}], "stocks": [{"name": "AVGR"}, {"name": "CAT"}, {"name": "CRR"}, {"name": "DRWI"}, {"name": "ETP"}, {"name": "FFHL"}, {"name": "IPI"}, {"name": "NAK"}, {"name": "RGSE"}, {"name": "WGL"}, {"name": "WRLD"}], "tags": [{"name": "Mid-Morning Market Update"}]}, {"id": 8950989, "author": "Benzinga", "created": "Thu, 26 Jan 2017 11:33:05 -0400", "updated": "Thu, 26 Jan 2017 11:33:05 -0400", "title": "Merck's Keytruda Gains Momentum At The Expense Of Bristol-Myers", "teaser": "", "body": "", "url": "https://www.benzinga.com/node/8950989", "image": [], "channels": [{"name": "Analyst Color"}, {"name": "Biotech"}, {"name": "Earnings"}, {"name": "News"}, {"name": "Health Care"}, {"name": "Analyst Ratings"}, {"name": "Movers"}, {"name": "Trading Ideas"}, {"name": "General"}], "stocks": [{"name": "BMY"}, {"name": "MRK"}, {"name": "RHHBY"}], "tags": [{"name": "Keytruda"}, {"name": "Leerink"}, {"name": "Opdivo"}, {"name": "Richard Goss"}, {"name": "Symphony Health"}, {"name": "Tecentriq"}]}, {"id": 8950255, "author": "Benzinga", "created": "Thu, 26 Jan 2017 11:55:03 -0400", "updated": "Thu, 26 Jan 2017 11:55:03 -0400", "title": "6 Outsider CEO Hires That Flopped", "teaser": "", "body": "", "url": "https://www.benzinga.com/node/8950255", "image": [], "channels": [{"name": "News"}, {"name": "Education"}, {"name": "Management"}, {"name": "General"}], "stocks": [{"name": "AAPL"}, {"name": "FOXA"}, {"name": "GOOG"}, {"name": "GOOGL"}, {"name": "HPQ"}, {"name": "JCP"}, {"name": "PEP"}, {"name": "SAP"}, {"name": "TRCO"}, {"name": "TRNC"}, {"name": "YHOO"}, {"name": "ALU"}], "tags": [{"name": "Bill Ackman"}, {"name": "Carly Fiorina"}, {"name": "FX Networks"}, {"name": "John Sculley"}, {"name": "Leo Apoetheker"}, {"name": "Marissa Mayer"}, {"name": "Peter Liguori"}, {"name": "Ron Johnson"}, {"name": "Steve Jobs"}, {"name": "Tumblr"}]}, {"id": 8951275, "author": "Benzinga", "created": "Thu, 26 Jan 2017 12:57:13 -0400", "updated": "Thu, 26 Jan 2017 12:57:13 -0400", "title": "CNBC's 'Squawk On The Street' Crew Discusses The Reported Verizon-Charter Combination", "teaser": "", "body": "", "url": "https://www.benzinga.com/node/8951275", "image": [], "channels": [{"name": "CNBC"}, {"name": "News"}, {"name": "Jim Cramer"}, {"name": "Rumors"}, {"name": "M&A"}, {"name": "Tech"}, {"name": "Media"}, {"name": "Trading Ideas"}], "stocks": [{"name": "CHTR"}, {"name": "LMCA"}, {"name": "T"}, {"name": "TWX"}, {"name": "VZ"}], "tags": [{"name": "Charter Verizon Acquisition"}, {"name": "CNBC"}, {"name": "David Faber"}, {"name": "Jim Cramer"}, {"name": "John Malone"}, {"name": "Squawk on the Street"}]}, {"id": 8946671, "author": "Benzinga", "created": "Thu, 26 Jan 2017 13:06:44 -0400", "updated": "Thu, 26 Jan 2017 13:06:44 -0400", "title": "What Do Pepsi's Super Bowl Ads For Sugar-Free Products Mean For The Soda Market?", "teaser": "", "body": "", "url": "https://www.benzinga.com/node/8946671", "image": [], "channels": [{"name": "News"}, {"name": "Topics"}, {"name": "Sports"}, {"name": "Events"}, {"name": "Tech"}, {"name": "Media"}, {"name": "Trading Ideas"}, {"name": "General"}], "stocks": [{"name": "DPS"}, {"name": "FIZZ"}, {"name": "KO"}, {"name": "PEP"}], "tags": [{"name": "Faygo"}, {"name": "LaCroix"}, {"name": "LIFEWTR"}, {"name": "Pepsi Zero Sugar"}, {"name": "Seth Kaufman"}, {"name": "TheStreet"}]}, {"id": 8952106, "author": "Benzinga", "created": "Thu, 26 Jan 2017 13:22:24 -0400", "updated": "Thu, 26 Jan 2017 13:22:24 -0400", "title": "Mid-Day Market Update: Crude Oil Up Over 2%; Mattel Shares Drop On Downbeat Results", "teaser": "", "body": "", "url": "https://www.benzinga.com/node/8952106", "image": [], "channels": [{"name": "Earnings"}, {"name": "News"}, {"name": "Guidance"}, {"name": "Eurozone"}, {"name": "Commodities"}, {"name": "Global"}, {"name": "Intraday Update"}, {"name": "Markets"}, {"name": "Movers"}], "stocks": [{"name": "AVGR"}, {"name": "CAT"}, {"name": "CHU"}, {"name": "CRR"}, {"name": "FFHL"}, {"name": "IPI"}, {"name": "MAT"}, {"name": "NAK"}, {"name": "RCI"}, {"name": "RGSE"}, {"name": "WRLD"}], "tags": [{"name": "Consumer Discretionary"}, {"name": "Leisure Products"}, {"name": "Mid-Day Market Update"}]}, {"id": 8952269, "author": "Benzinga", "created": "Thu, 26 Jan 2017 13:52:09 -0400", "updated": "Thu, 26 Jan 2017 13:52:10 -0400", "title": "22 Biggest Mid-Day Gainers For Thursday", "teaser": "", "body": "", "url": "https://www.benzinga.com/node/8952269", "image": [], "channels": [{"name": "News"}, {"name": "Intraday Update"}, {"name": "Markets"}, {"name": "Movers"}], "stocks": [{"name": "AVGR"}, {"name": "CRK"}, {"name": "CRR"}, {"name": "DOW"}, {"name": "DWCH"}, {"name": "EBAY"}, {"name": "FFHL"}, {"name": "GLBS"}, {"name": "GLF"}, {"name": "LGCY"}, {"name": "LUV"}, {"name": "MGI"}, {"name": "MSDI"}, {"name": "MVIS"}, {"name": "NOW"}, {"name": "PKX"}, {"name": "PULM"}, {"name": "RCL"}, {"name": "STM"}, {"name": "TER"}, {"name": "URI"}, {"name": "WGL"}], "tags": [{"name": "Airlines"}, {"name": "Energy"}, {"name": "Industrials"}, {"name": "Mid-Day Gainers"}, {"name": "Oil & Gas Exploration & Production"}, {"name": "Top Gainers"}]}, {"id": 8951496, "author": "Benzinga", "created": "Thu, 26 Jan 2017 14:26:03 -0400", "updated": "Thu, 26 Jan 2017 14:26:04 -0400", "title": "Are Nintendo Shares Still Plagued By Overdone Bull Run In 2016?", "teaser": "", "body": "", "url": "https://www.benzinga.com/node/8951496", "image": [], "channels": [{"name": "Analyst Color"}, {"name": "Earnings"}, {"name": "News"}, {"name": "Previews"}, {"name": "Reiteration"}, {"name": "Analyst Ratings"}, {"name": "Movers"}, {"name": "Tech"}, {"name": "Trading Ideas"}, {"name": "General"}], "stocks": [{"name": "MSFT"}, {"name": "NTDOY"}, {"name": "SNE"}], "tags": [{"name": "Michael Pachter"}, {"name": "PS4"}, {"name": "Wedbush"}, {"name": "Xbox One"}]}, {"id": 8953075, "author": "Benzinga", "created": "Thu, 26 Jan 2017 15:52:12 -0400", "updated": "Thu, 26 Jan 2017 15:52:12 -0400", "title": "Mid-Afternoon Market Update: World Acceptance Falls On Earnings Miss; CARBO Ceramics Shares Spike Higher", "teaser": "", "body": "", "url": "https://www.benzinga.com/node/8953075", "image": [], "channels": [{"name": "Earnings"}, {"name": "News"}, {"name": "Guidance"}, {"name": "Eurozone"}, {"name": "Commodities"}, {"name": "Global"}, {"name": "Intraday Update"}, {"name": "Markets"}, {"name": "Movers"}], "stocks": [{"name": "AVGR"}, {"name": "CAT"}, {"name": "CHU"}, {"name": "CRR"}, {"name": "DWCH"}, {"name": "IPI"}, {"name": "MAT"}, {"name": "NAK"}, {"name": "RCI"}, {"name": "RGSE"}, {"name": "WRLD"}], "tags": [{"name": "Consumer Discretionary"}, {"name": "Leisure Products"}, {"name": "Mid-Afternoon Market Update"}]}, {"id": 8953003, "author": "Benzinga", "created": "Thu, 26 Jan 2017 16:33:11 -0400", "updated": "Thu, 26 Jan 2017 16:33:11 -0400", "title": "Qualcomm's Legal Issues Not Likely To Interrupt NXP Takeover", "teaser": "", "body": "", "url": "https://www.benzinga.com/node/8953003", "image": [], "channels": [{"name": "Analyst Color"}, {"name": "Earnings"}, {"name": "News"}, {"name": "Price Target"}, {"name": "Reiteration"}, {"name": "M&A"}, {"name": "Analyst Ratings"}, {"name": "Movers"}, {"name": "Tech"}, {"name": "Trading Ideas"}], "stocks": [{"name": "AAPL"}, {"name": "INTC"}, {"name": "NXPI"}, {"name": "QCOM"}], "tags": [{"name": "Oppenheimer"}, {"name": "Rick Schafer"}]}, {"id": 8953029, "author": "Benzinga", "created": "Thu, 26 Jan 2017 16:44:23 -0400", "updated": "Thu, 26 Jan 2017 16:44:23 -0400", "title": "What Will Alibaba Do With MoneyGram?", "teaser": "", "body": "", "url": "https://www.benzinga.com/node/8953029", "image": [], "channels": [{"name": "Fintech"}, {"name": "News"}, {"name": "Emerging Markets"}, {"name": "M&A"}, {"name": "Markets"}, {"name": "Movers"}, {"name": "Tech"}], "stocks": [{"name": "AAPL"}, {"name": "BABA"}, {"name": "EBAY"}, {"name": "FB"}, {"name": "GOOG"}, {"name": "GOOGL"}, {"name": "MGI"}, {"name": "PYPL"}], "tags": [{"name": "AliPay"}, {"name": "Ant Financial"}, {"name": "Apple Pay"}, {"name": "Donald Trump"}, {"name": "Eric Jing"}, {"name": "google wallet"}, {"name": "Jack Ma"}, {"name": "Paytm"}]}, {"id": 8954354, "author": "Benzinga", "created": "Thu, 26 Jan 2017 17:38:36 -0400", "updated": "Thu, 26 Jan 2017 17:38:36 -0400", "title": "Microsoft Beats Q2 Estimates", "teaser": "", "body": "", "url": "https://www.benzinga.com/node/8954354", "image": [], "channels": [{"name": "Earnings"}, {"name": "News"}, {"name": "After-Hours Center"}, {"name": "Movers"}, {"name": "Tech"}], "stocks": [{"name": "MSFT"}], "tags": []}, {"id": 8954449, "author": "Benzinga", "created": "Thu, 26 Jan 2017 17:49:45 -0400", "updated": "Thu, 26 Jan 2017 17:49:45 -0400", "title": "Benzinga's Option Alert Recap From January 26", "teaser": "", "body": "", "url": "https://www.benzinga.com/node/8954449", "image": [], "channels": [{"name": "News"}, {"name": "Options"}, {"name": "After-Hours Center"}, {"name": "Markets"}, {"name": "Trading Ideas"}], "stocks": [{"name": "AAPL"}, {"name": "ALLY"}, {"name": "ARI"}, {"name": "ARLZ"}, {"name": "BCRX"}, {"name": "ESRX"}, {"name": "FRED"}, {"name": "GDDY"}, {"name": "GPC"}, {"name": "GPRE"}, {"name": "GPS"}, {"name": "HIMX"}, {"name": "IMMU"}, {"name": "IMPV"}, {"name": "KATE"}, {"name": "MBI"}, {"name": "MFIN"}, {"name": "MGM"}, {"name": "MPEL"}, {"name": "NBR"}, {"name": "NTRI"}, {"name": "PKG"}, {"name": "QEP"}, {"name": "RH"}, {"name": "SHLD"}, {"name": "SIRI"}, {"name": "SQ"}, {"name": "SYY"}, {"name": "TWTR"}, {"name": "VZ"}, {"name": "WEN"}, {"name": "YUM"}], "tags": []}]