[{"id": 9600714, "author": "Benzinga", "created": "Tue, 13 Jun 2017 09:00:44 -0400", "updated": "Tue, 13 Jun 2017 09:00:44 -0400", "title": "The Market In 5 Minutes", "teaser": "", "body": "", "url": "https://www.benzinga.com/node/9600714", "image": [], "channels": [{"name": "News"}, {"name": "Global"}, {"name": "Top Stories"}, {"name": "Pre-Market Outlook"}], "stocks": [{"name": "AAPL"}, {"name": "AMZN"}, {"name": "ED"}, {"name": "GWRE"}, {"name": "LNG"}, {"name": "MCD"}, {"name": "MELI"}, {"name": "NKE"}, {"name": "SEMG"}, {"name": "SPY"}, {"name": "TSLA"}, {"name": "UAA"}], "tags": [{"name": "Market in 5 minutes"}]}, {"id": 9600837, "author": "Benzinga", "created": "Tue, 13 Jun 2017 09:53:28 -0400", "updated": "Tue, 13 Jun 2017 09:53:28 -0400", "title": "Amgen Shares Could Gain $2-$4 As Competitor Coherus Receives CRL", "teaser": "", "body": "", "url": "https://www.benzinga.com/node/9600837", "image": [], "channels": [{"name": "Analyst Color"}, {"name": "Biotech"}, {"name": "News"}, {"name": "Education"}, {"name": "Health Care"}, {"name": "Analyst Ratings"}, {"name": "Movers"}, {"name": "Trading Ideas"}, {"name": "General"}], "stocks": [{"name": "AMGN"}, {"name": "CHRS"}], "tags": [{"name": "Mizuho Securities"}, {"name": "Neulasta"}, {"name": "Pegfilgrastim"}]}, {"id": 9601156, "author": "Benzinga", "created": "Tue, 13 Jun 2017 10:27:56 -0400", "updated": "Tue, 13 Jun 2017 10:27:57 -0400", "title": "With NBA Finals Over, Checking In With Stars' Most Visible Brands", "teaser": "", "body": "", "url": "https://www.benzinga.com/node/9601156", "image": [], "channels": [{"name": "Analyst Color"}, {"name": "News"}, {"name": "Guidance"}, {"name": "Sports"}, {"name": "Events"}, {"name": "Analyst Ratings"}, {"name": "General"}], "stocks": [{"name": "FL"}, {"name": "NKE"}, {"name": "UAA"}], "tags": [{"name": "Apparel"}, {"name": "Argus"}, {"name": "Basketball Shoes"}, {"name": "Footwear"}, {"name": "Golden State Warriors"}, {"name": "John Staszak"}, {"name": "Kevin Durant"}, {"name": "retailers"}, {"name": "Steph Curry"}]}, {"id": 9601278, "author": "Benzinga", "created": "Tue, 13 Jun 2017 10:44:32 -0400", "updated": "Tue, 13 Jun 2017 10:44:32 -0400", "title": "This Is Why Sherwin-Williams Shares Could See 15% Upside In The Next Year", "teaser": "", "body": "", "url": "https://www.benzinga.com/node/9601278", "image": [], "channels": [{"name": "Analyst Color"}, {"name": "Long Ideas"}, {"name": "News"}, {"name": "Guidance"}, {"name": "Upgrades"}, {"name": "Price Target"}, {"name": "M&A"}, {"name": "Analyst Ratings"}, {"name": "Trading Ideas"}], "stocks": [{"name": "HD"}, {"name": "LOW"}, {"name": "PPG"}, {"name": "SHW"}, {"name": "VAL"}], "tags": [{"name": "Dmitry Silversteyn"}, {"name": "HGTV"}, {"name": "Longbow Research"}]}, {"id": 9597725, "author": "Benzinga", "created": "Tue, 13 Jun 2017 11:44:43 -0400", "updated": "Tue, 13 Jun 2017 11:44:44 -0400", "title": "Why This Is Not The Tech Bubble All Over Again", "teaser": "", "body": "", "url": "https://www.benzinga.com/node/9597725", "image": [], "channels": [{"name": "Analyst Color"}, {"name": "News"}, {"name": "Markets"}, {"name": "Tech"}], "stocks": [{"name": "AAPL"}, {"name": "AMZN"}, {"name": "GOOG"}, {"name": "GOOGL"}, {"name": "TSLA"}], "tags": [{"name": "Goldman Sachs"}, {"name": "Robert Boroujerdi"}]}, {"id": 9598390, "author": "Benzinga", "created": "Tue, 13 Jun 2017 13:34:48 -0400", "updated": "Tue, 13 Jun 2017 13:34:48 -0400", "title": "New Data Show Gamers Spend Almost Half Console Time Not Playing Games", "teaser": "", "body": "", "url": "https://www.benzinga.com/node/9598390", "image": [], "channels": [{"name": "News"}, {"name": "Topics"}, {"name": "Tech"}, {"name": "Media"}, {"name": "General"}], "stocks": [{"name": "MSFT"}, {"name": "NFLX"}, {"name": "SNE"}], "tags": [{"name": "E3"}, {"name": "Microsoft"}, {"name": "nielsen"}, {"name": "PS4"}, {"name": "Sony"}, {"name": "xbox one x"}]}, {"id": 9601837, "author": "Benzinga", "created": "Tue, 13 Jun 2017 14:18:50 -0400", "updated": "Tue, 13 Jun 2017 14:18:50 -0400", "title": "Apple's Taiwanese Connections -- Supplier Data Forebodes Weak June Quarter", "teaser": "", "body": "", "url": "https://www.benzinga.com/node/9601837", "image": [], "channels": [{"name": "Analyst Color"}, {"name": "Long Ideas"}, {"name": "News"}, {"name": "Emerging Markets"}, {"name": "Reiteration"}, {"name": "Global"}, {"name": "Markets"}, {"name": "Analyst Ratings"}, {"name": "Tech"}, {"name": "Trading Ideas"}], "stocks": [{"name": "AAPL"}, {"name": "APH"}, {"name": "DIOD"}, {"name": "GOOG"}, {"name": "GOOGL"}, {"name": "ON"}, {"name": "VSH"}], "tags": [{"name": "Apple Taiwan"}, {"name": "Frank Carson"}, {"name": "Shawn Harrison"}, {"name": "taiwan"}]}, {"id": 9603126, "author": "Benzinga", "created": "Tue, 13 Jun 2017 14:33:04 -0400", "updated": "Tue, 13 Jun 2017 14:33:05 -0400", "title": "Mid-Afternoon Market Update: Cheesecake Factory Slides After Lower Guidance; Cleantech Solutions Shares Gain", "teaser": "", "body": "", "url": "https://www.benzinga.com/node/9603126", "image": [], "channels": [{"name": "Earnings"}, {"name": "News"}, {"name": "Guidance"}, {"name": "Eurozone"}, {"name": "Commodities"}, {"name": "Global"}, {"name": "Intraday Update"}, {"name": "Markets"}, {"name": "Movers"}], "stocks": [{"name": "AMX"}, {"name": "CAKE"}, {"name": "CAMT"}, {"name": "CLNT"}, {"name": "CVCO"}, {"name": "CVM"}, {"name": "SAIC"}, {"name": "SWIR"}, {"name": "VECO"}, {"name": "VZ"}, {"name": "JW"}], "tags": [{"name": "Mid-Afternoon Market Update"}]}, {"id": 9596971, "author": "Benzinga", "created": "Tue, 13 Jun 2017 14:34:36 -0400", "updated": "Tue, 13 Jun 2017 14:34:36 -0400", "title": "JPMorgan Chase's $150 Million Detroit Investment: Repair, Revitalize, Reinvest", "teaser": "", "body": "", "url": "https://www.benzinga.com/node/9596971", "image": [], "channels": [{"name": "News"}, {"name": "Financing"}, {"name": "Top Stories"}, {"name": "Economics"}, {"name": "Exclusives"}, {"name": "Interview"}, {"name": "Real Estate"}], "stocks": [{"name": "JPM"}], "tags": [{"name": "Capital Impact Partners"}, {"name": "chase"}, {"name": "Detroit"}, {"name": "Downtown Detroit"}, {"name": "JPMorgan Chase"}, {"name": "Melinda Clemons"}, {"name": "Reimer Priester"}, {"name": "Tosha Tabron"}]}, {"id": 9589149, "author": "Benzinga", "created": "Tue, 13 Jun 2017 15:30:26 -0400", "updated": "Tue, 13 Jun 2017 15:30:26 -0400", "title": "Despite A Hard Loss Nvidia Is Still Winning", "teaser": "", "body": "", "url": "https://www.benzinga.com/node/9589149", "image": [], "channels": [{"name": "Analyst Color"}, {"name": "News"}, {"name": "Short Sellers"}, {"name": "Movers"}, {"name": "Tech"}, {"name": "Trading Ideas"}], "stocks": [{"name": "AMD"}, {"name": "AVGO"}, {"name": "CY"}, {"name": "INTC"}, {"name": "MCHP"}, {"name": "MU"}, {"name": "NVDA"}, {"name": "SWKS"}, {"name": "TXN"}], "tags": [{"name": "Andrew Left"}, {"name": "Argus"}, {"name": "Bank of America"}, {"name": "Citron Research"}, {"name": "Goldman Sachs"}, {"name": "Robert Boroujerdi"}]}, {"id": 9603655, "author": "Benzinga", "created": "Tue, 13 Jun 2017 16:09:08 -0400", "updated": "Tue, 13 Jun 2017 16:09:08 -0400", "title": "Big Banks Back Zelle As Preferred Digital Payment Platform", "teaser": "", "body": "", "url": "https://www.benzinga.com/node/9603655", "image": [], "channels": [{"name": "Fintech"}, {"name": "News"}, {"name": "Tech"}, {"name": "Media"}, {"name": "Trading Ideas"}], "stocks": [{"name": "BAC"}, {"name": "COF"}, {"name": "JPM"}, {"name": "PYPL"}, {"name": "USB"}, {"name": "WFC"}], "tags": [{"name": "Venmo"}, {"name": "Zelle"}]}]