[{"id": 9659548, "author": "Benzinga", "created": "Mon, 03 Jul 2017 08:11:27 -0400", "updated": "Mon, 03 Jul 2017 08:11:28 -0400", "title": "Top 10 NBA Rookies And Their First-Year Earnings Potential", "teaser": "", "body": "", "url": "https://www.benzinga.com/node/9659548", "image": [], "channels": [{"name": "News"}, {"name": "Sports"}, {"name": "Exclusives"}, {"name": "Interview"}, {"name": "General"}], "stocks": [{"name": "NKE"}, {"name": "UAA"}], "tags": [{"name": "LA Lakers"}, {"name": "Lonzo Ball"}, {"name": "Markelle Fultz"}, {"name": "Matt Powell"}, {"name": "NBA"}]}, {"id": 9681848, "author": "Benzinga", "created": "Mon, 03 Jul 2017 10:32:35 -0400", "updated": "Mon, 03 Jul 2017 10:32:35 -0400", "title": "Merger Monday: 9 M&A Firecrackers Ahead Of Market Holiday", "teaser": "", "body": "", "url": "https://www.benzinga.com/node/9681848", "image": [], "channels": [{"name": "Biotech"}, {"name": "News"}, {"name": "Health Care"}, {"name": "Futures"}, {"name": "M&A"}, {"name": "Markets"}, {"name": "Tech"}, {"name": "General"}], "stocks": [{"name": "ADVOF"}, {"name": "AKS"}, {"name": "AWH"}, {"name": "DIS"}, {"name": "EQT"}, {"name": "LCII"}, {"name": "MRVC"}, {"name": "MSDI"}, {"name": "NCIT"}, {"name": "OPXA"}, {"name": "RATE"}, {"name": "RICE"}, {"name": "VZ"}], "tags": [{"name": "Acer Therapeutics"}, {"name": "ADVA Optical Networking"}, {"name": "Fairfax Financial"}, {"name": "H.I.G. Capital"}, {"name": "Innovate Biopharma"}, {"name": "Jana Partners"}, {"name": "Lippert Components"}, {"name": "Metallarte"}, {"name": "Precision Partners"}, {"name": "Red Ventures"}]}, {"id": 9682527, "author": "Benzinga", "created": "Mon, 03 Jul 2017 12:33:53 -0400", "updated": "Mon, 03 Jul 2017 12:33:53 -0400", "title": "Verizon Going After Disney? Maybe.", "teaser": "", "body": "", "url": "https://www.benzinga.com/node/9682527", "image": [], "channels": [{"name": "News"}, {"name": "Rumors"}, {"name": "M&A"}, {"name": "Media"}], "stocks": [{"name": "AABA"}, {"name": "AAPL"}, {"name": "CHTR"}, {"name": "DIS"}, {"name": "NFLX"}, {"name": "P"}, {"name": "TIME"}, {"name": "TWTR"}, {"name": "VZ"}], "tags": [{"name": "AOL News"}, {"name": "Credit Suisse"}, {"name": "ESPN"}, {"name": "New York Post"}, {"name": "Omar Sheikh"}, {"name": "techcrunch"}, {"name": "the Huffington Post"}, {"name": "Yahoo! News"}]}]