[{"id": 9668710, "author": "Benzinga", "created": "Thu, 29 Jun 2017 05:25:45 -0400", "updated": "Thu, 29 Jun 2017 05:25:46 -0400", "title": "Earnings Scheduled For June 29, 2017", "teaser": "", "body": "", "url": "https://www.benzinga.com/node/9668710", "image": [], "channels": [{"name": "Earnings"}, {"name": "News"}, {"name": "Pre-Market Outlook"}, {"name": "Markets"}], "stocks": [{"name": "AOBC"}, {"name": "AYI"}, {"name": "CAFD"}, {"name": "CAG"}, {"name": "EXFO"}, {"name": "FC"}, {"name": "GBX"}, {"name": "GMS"}, {"name": "LNN"}, {"name": "MKC"}, {"name": "MU"}, {"name": "NKE"}, {"name": "RAD"}, {"name": "STZ"}, {"name": "WBA"}], "tags": [{"name": "Construction & Farm Machinery & Heavy Trucks"}, {"name": "Earnings schedule"}, {"name": "Industrials"}]}, {"id": 9668729, "author": "Benzinga", "created": "Thu, 29 Jun 2017 05:45:30 -0400", "updated": "Thu, 29 Jun 2017 05:45:30 -0400", "title": "10 Stocks To Watch For June 29, 2017", "teaser": "", "body": "", "url": "https://www.benzinga.com/node/9668729", "image": [], "channels": [{"name": "Earnings"}, {"name": "News"}, {"name": "M&A"}, {"name": "Pre-Market Outlook"}, {"name": "Markets"}, {"name": "Trading Ideas"}], "stocks": [{"name": "CAG"}, {"name": "MKC"}, {"name": "MU"}, {"name": "NKE"}, {"name": "PIR"}, {"name": "RAD"}, {"name": "SPLS"}, {"name": "STZ"}, {"name": "WBA"}, {"name": "WOR"}], "tags": [{"name": "Stocks To Watch"}, {"name": "Stocks to Watch"}]}, {"id": 9669359, "author": "Benzinga", "created": "Thu, 29 Jun 2017 08:04:21 -0400", "updated": "Thu, 29 Jun 2017 08:04:21 -0400", "title": "Rite Aid To Sell Half Its Stores To Walgreens", "teaser": "", "body": "", "url": "https://www.benzinga.com/node/9669359", "image": [], "channels": [{"name": "News"}, {"name": "Asset Sales"}, {"name": "M&A"}], "stocks": [{"name": "RAD"}, {"name": "WBA"}], "tags": [{"name": "John Standley"}, {"name": "pharmacy"}, {"name": "Pharmacy Stocks"}, {"name": "retailers"}, {"name": "Walgreens Rite Aid Merger"}]}, {"id": 9669543, "author": "Benzinga", "created": "Thu, 29 Jun 2017 08:19:55 -0400", "updated": "Thu, 29 Jun 2017 08:19:56 -0400", "title": "Fred's Is The Big Loser In The Rite-Walgreens Deal", "teaser": "", "body": "", "url": "https://www.benzinga.com/node/9669543", "image": [], "channels": [{"name": "News"}, {"name": "Asset Sales"}, {"name": "Movers"}], "stocks": [{"name": "FRED"}, {"name": "RAD"}, {"name": "WBA"}], "tags": [{"name": "Freds"}, {"name": "Michael Bloom"}, {"name": "pharmacy"}, {"name": "retailers"}, {"name": "Walgreens Rite Aid Merger"}]}, {"id": 9669712, "author": "Benzinga", "created": "Thu, 29 Jun 2017 08:36:31 -0400", "updated": "Thu, 29 Jun 2017 08:36:31 -0400", "title": "22 Stocks Moving In Thursday's Pre-Market Session", "teaser": "", "body": "", "url": "https://www.benzinga.com/node/9669712", "image": [], "channels": [{"name": "News"}, {"name": "Movers & Shakers"}, {"name": "Pre-Market Outlook"}, {"name": "Markets"}, {"name": "Movers"}], "stocks": [{"name": "AFMD"}, {"name": "AKBA"}, {"name": "AVEO"}, {"name": "BLCM"}, {"name": "CGG"}, {"name": "CHNR"}, {"name": "DMPI"}, {"name": "DOC"}, {"name": "FRED"}, {"name": "FUL"}, {"name": "HSBC"}, {"name": "LPL"}, {"name": "MBRX"}, {"name": "OMNT"}, {"name": "PIR"}, {"name": "PRGS"}, {"name": "RAD"}, {"name": "SPEX"}, {"name": "STZ"}, {"name": "VHC"}, {"name": "WATT"}, {"name": "WBA"}], "tags": [{"name": "#PreMarket Gainers"}, {"name": "Biotechnology"}, {"name": "Electronic Equipment Manufacturers"}, {"name": "Health Care"}, {"name": "Information Technology"}, {"name": "Losers"}, {"name": "Top Gainers"}]}, {"id": 9670002, "author": "Benzinga", "created": "Thu, 29 Jun 2017 09:10:10 -0400", "updated": "Thu, 29 Jun 2017 09:10:12 -0400", "title": "The Market In 5 Minutes", "teaser": "", "body": "", "url": "https://www.benzinga.com/node/9670002", "image": [], "channels": [{"name": "News"}, {"name": "Global"}, {"name": "Top Stories"}, {"name": "Pre-Market Outlook"}, {"name": "Markets"}], "stocks": [{"name": "ABX"}, {"name": "AMZN"}, {"name": "EDR"}, {"name": "EMKR"}, {"name": "GRPN"}, {"name": "ICLR"}, {"name": "MNRO"}, {"name": "NKE"}, {"name": "PYPL"}, {"name": "RAD"}, {"name": "SPY"}, {"name": "WBA"}, {"name": "WMT"}], "tags": [{"name": "Market in 5 minutes"}]}, {"id": 9670518, "author": "Benzinga", "created": "Thu, 29 Jun 2017 10:10:59 -0400", "updated": "Thu, 29 Jun 2017 10:10:59 -0400", "title": "Mid-Morning Market Update: U.S. Markets Drop; Rite Aid To Sell Half Its Stores To Walgreens", "teaser": "", "body": "", "url": "https://www.benzinga.com/node/9670518", "image": [], "channels": [{"name": "Earnings"}, {"name": "News"}, {"name": "Eurozone"}, {"name": "Commodities"}, {"name": "M&A"}, {"name": "Global"}, {"name": "Intraday Update"}, {"name": "Markets"}, {"name": "Movers"}], "stocks": [{"name": "AYI"}, {"name": "BSET"}, {"name": "FORTY"}, {"name": "FRED"}, {"name": "OFED"}, {"name": "PIR"}, {"name": "RAD"}, {"name": "RF"}, {"name": "VHC"}, {"name": "WATT"}, {"name": "WBA"}, {"name": "LNBB"}], "tags": [{"name": "Financials"}, {"name": "Mid-Morning Market Update"}, {"name": "Regional Banks"}]}, {"id": 9670809, "author": "Benzinga", "created": "Thu, 29 Jun 2017 10:46:10 -0400", "updated": "Thu, 29 Jun 2017 10:46:12 -0400", "title": "Big Banks Come To The Fore After Fed Stress Test As The Market Climbs", "teaser": "", "body": "", "url": "https://www.benzinga.com/node/9670809", "image": [], "channels": [{"name": "Earnings"}, {"name": "News"}, {"name": "Bonds"}, {"name": "Commodities"}, {"name": "Previews"}, {"name": "M&A"}, {"name": "Econ #s"}, {"name": "Markets"}], "stocks": [{"name": "NKE"}, {"name": "RAD"}, {"name": "WBA"}], "tags": [{"name": "JJ Kinahan"}, {"name": "TD Ameritrade"}, {"name": "The Ticker Tape"}]}, {"id": 9670873, "author": "Benzinga", "created": "Thu, 29 Jun 2017 10:53:59 -0400", "updated": "Thu, 29 Jun 2017 10:54:02 -0400", "title": "Nike Earnings Preview: What Might Be Expected For Fiscal Q4?", "teaser": "", "body": "", "url": "https://www.benzinga.com/node/9670873", "image": [], "channels": [{"name": "Earnings"}, {"name": "News"}, {"name": "Previews"}, {"name": "Options"}, {"name": "Retail Sales"}, {"name": "Sports"}, {"name": "Markets"}, {"name": "General"}], "stocks": [{"name": "AMZN"}, {"name": "DKS"}, {"name": "FL"}, {"name": "NKE"}, {"name": "UA"}], "tags": [{"name": "JJ Kinahan"}, {"name": "TD Ameritrade"}, {"name": "The Ticker Tape"}]}, {"id": 9671414, "author": "Benzinga", "created": "Thu, 29 Jun 2017 12:05:04 -0400", "updated": "Thu, 29 Jun 2017 12:05:05 -0400", "title": "Mid-Day Market Update: Crude Oil Up 1%; Acuity Brands Shares Surge On Earnings Beat", "teaser": "", "body": "", "url": "https://www.benzinga.com/node/9671414", "image": [], "channels": [{"name": "Earnings"}, {"name": "News"}, {"name": "Eurozone"}, {"name": "Commodities"}, {"name": "M&A"}, {"name": "Global"}, {"name": "Intraday Update"}, {"name": "Markets"}, {"name": "Movers"}], "stocks": [{"name": "AYI"}, {"name": "BSET"}, {"name": "EMKR"}, {"name": "FRED"}, {"name": "HLX"}, {"name": "HOS"}, {"name": "RAD"}, {"name": "SPN"}, {"name": "VHC"}, {"name": "WATT"}, {"name": "WBA"}], "tags": [{"name": "Mid-Day Market Update:"}]}, {"id": 9671578, "author": "Benzinga", "created": "Thu, 29 Jun 2017 12:28:18 -0400", "updated": "Thu, 29 Jun 2017 12:28:19 -0400", "title": "12 Biggest Mid-Day Gainers For Thursday", "teaser": "", "body": "", "url": "https://www.benzinga.com/node/9671578", "image": [], "channels": [{"name": "News"}, {"name": "Intraday Update"}, {"name": "Markets"}, {"name": "Analyst Ratings"}, {"name": "Movers"}], "stocks": [{"name": "AYI"}, {"name": "BSET"}, {"name": "DMPI"}, {"name": "GRPN"}, {"name": "NBY"}, {"name": "OBSV"}, {"name": "RVEN"}, {"name": "SCSS"}, {"name": "SPEX"}, {"name": "STZ"}, {"name": "WATT"}, {"name": "WBA"}], "tags": [{"name": "Mid-Day Gainers"}, {"name": "Top Gainers"}]}, {"id": 9669353, "author": "Benzinga", "created": "Thu, 29 Jun 2017 13:34:39 -0400", "updated": "Thu, 29 Jun 2017 13:34:40 -0400", "title": "Dow, DuPont Provide Update On $130 Billion Mega-Merger", "teaser": "", "body": "", "url": "https://www.benzinga.com/node/9669353", "image": [], "channels": [{"name": "Long Ideas"}, {"name": "News"}, {"name": "M&A"}, {"name": "Trading Ideas"}], "stocks": [{"name": "DD"}, {"name": "DOW"}, {"name": "KRO"}], "tags": []}, {"id": 9671011, "author": "Benzinga", "created": "Thu, 29 Jun 2017 13:41:28 -0400", "updated": "Thu, 29 Jun 2017 13:41:28 -0400", "title": "IBM Benefits from Blockchain Adoption, Wins European Contract", "teaser": "", "body": "", "url": "https://www.benzinga.com/node/9671011", "image": [], "channels": [{"name": "Long Ideas"}, {"name": "News"}, {"name": "Trading Ideas"}], "stocks": [{"name": "AI"}, {"name": "AIG"}, {"name": "IBM"}, {"name": "IP"}, {"name": "TTM"}, {"name": "WMT"}, {"name": "YELP"}], "tags": []}, {"id": 9667109, "author": "Benzinga", "created": "Thu, 29 Jun 2017 13:58:02 -0400", "updated": "Thu, 29 Jun 2017 13:58:02 -0400", "title": "SHIFT Tech Summit In Detroit Looks At What's Next In Virtual Reality", "teaser": "", "body": "", "url": "https://www.benzinga.com/node/9667109", "image": [], "channels": [{"name": "News"}, {"name": "Events"}, {"name": "Startups"}, {"name": "Tech"}], "stocks": [{"name": "AAPL"}, {"name": "BBBY"}, {"name": "MSFT"}], "tags": [{"name": "Amber Engine"}, {"name": "Immersion VR"}, {"name": "Marxent"}, {"name": "ONU"}, {"name": "Vectoform"}]}, {"id": 9672269, "author": "Benzinga", "created": "Thu, 29 Jun 2017 14:31:27 -0400", "updated": "Thu, 29 Jun 2017 14:31:27 -0400", "title": "Mid-Afternoon Market Update: NASDAQ Down Over 100 Points; Bassett Shares Spike Higher", "teaser": "", "body": "", "url": "https://www.benzinga.com/node/9672269", "image": [], "channels": [{"name": "Earnings"}, {"name": "News"}, {"name": "Eurozone"}, {"name": "Commodities"}, {"name": "M&A"}, {"name": "Global"}, {"name": "Intraday Update"}, {"name": "Markets"}, {"name": "Movers"}], "stocks": [{"name": "AYI"}, {"name": "BRS"}, {"name": "BSET"}, {"name": "EMKR"}, {"name": "FORTY"}, {"name": "FRED"}, {"name": "GMS"}, {"name": "HLX"}, {"name": "RAD"}, {"name": "TGP"}, {"name": "WATT"}, {"name": "WBA"}], "tags": [{"name": "Mid-Afternoon Market Update"}]}, {"id": 9673318, "author": "Benzinga", "created": "Thu, 29 Jun 2017 16:27:33 -0400", "updated": "Thu, 29 Jun 2017 16:27:34 -0400", "title": "Nike's Q4 Earnings Beat Boosted By Sportswear, Running Segments", "teaser": "", "body": "", "url": "https://www.benzinga.com/node/9673318", "image": [], "channels": [{"name": "Earnings"}, {"name": "News"}, {"name": "After-Hours Center"}], "stocks": [{"name": "NKE"}], "tags": [{"name": "Converse"}, {"name": "Mark Parker"}, {"name": "Nike"}]}]