[{"id": 9798140, "author": "Benzinga", "created": "Thu, 20 Jul 2017 04:09:31 -0400", "updated": "Thu, 20 Jul 2017 04:09:31 -0400", "title": "Earnings Scheduled For July 20, 2017", "teaser": "", "body": "", "url": "https://www.benzinga.com/node/9798140", "image": [], "channels": [{"name": "Earnings"}, {"name": "News"}, {"name": "Pre-Market Outlook"}, {"name": "Markets"}], "stocks": [{"name": "ABB"}, {"name": "ABT"}, {"name": "ADS"}, {"name": "BBT"}, {"name": "BK"}, {"name": "BX"}, {"name": "CHKP"}, {"name": "COF"}, {"name": "CTAS"}, {"name": "DHR"}, {"name": "DOV"}, {"name": "EBAY"}, {"name": "ETFC"}, {"name": "GPC"}, {"name": "IBKC"}, {"name": "ISRG"}, {"name": "KEY"}, {"name": "MANH"}, {"name": "MSFT"}, {"name": "MXIM"}, {"name": "NCR"}, {"name": "NUE"}, {"name": "OMC"}, {"name": "PII"}, {"name": "PM"}, {"name": "POOL"}, {"name": "PPG"}, {"name": "RCI"}, {"name": "SAP"}, {"name": "SCHL"}, {"name": "SHW"}, {"name": "SKX"}, {"name": "SWKS"}, {"name": "TRV"}, {"name": "UNP"}, {"name": "V"}, {"name": "WBC"}, {"name": "WIT"}], "tags": [{"name": "Application Software"}, {"name": "Earnings schedule"}, {"name": "Information Technology"}]}, {"id": 9798222, "author": "Benzinga", "created": "Thu, 20 Jul 2017 04:58:51 -0400", "updated": "Thu, 20 Jul 2017 04:58:51 -0400", "title": "12 Stocks To Watch For July 20, 2017", "teaser": "", "body": "", "url": "https://www.benzinga.com/node/9798222", "image": [], "channels": [{"name": "Earnings"}, {"name": "News"}, {"name": "Guidance"}, {"name": "Pre-Market Outlook"}, {"name": "Markets"}, {"name": "Trading Ideas"}], "stocks": [{"name": "ABT"}, {"name": "AXP"}, {"name": "BK"}, {"name": "EBAY"}, {"name": "ISRG"}, {"name": "MSFT"}, {"name": "PM"}, {"name": "QCOM"}, {"name": "SHW"}, {"name": "TMUS"}, {"name": "UNP"}, {"name": "V"}], "tags": [{"name": "Stocks To Watch"}, {"name": "Stocks to Watch"}]}, {"id": 9798818, "author": "Benzinga", "created": "Thu, 20 Jul 2017 07:06:50 -0400", "updated": "Thu, 20 Jul 2017 07:06:50 -0400", "title": "A Peek Into The Markets: U.S. Stock Futures Edge Higher Ahead Of Earnings", "teaser": "", "body": "", "url": "https://www.benzinga.com/node/9798818", "image": [], "channels": [{"name": "Earnings"}, {"name": "News"}, {"name": "Eurozone"}, {"name": "Futures"}, {"name": "Global"}, {"name": "Pre-Market Outlook"}, {"name": "Markets"}], "stocks": [{"name": "AXP"}, {"name": "BK"}, {"name": "EBAY"}, {"name": "MSFT"}, {"name": "PFE"}, {"name": "PM"}, {"name": "PPG"}, {"name": "QCOM"}, {"name": "UNP"}, {"name": "V"}], "tags": [{"name": "Credit Suisse"}, {"name": "U.S. stock futures"}]}, {"id": 9796125, "author": "Benzinga", "created": "Thu, 20 Jul 2017 08:48:54 -0400", "updated": "Thu, 20 Jul 2017 08:48:54 -0400", "title": "Brand Nokia Back In The Spotlight", "teaser": "", "body": "", "url": "https://www.benzinga.com/node/9796125", "image": [], "channels": [{"name": "News"}, {"name": "Tech"}, {"name": "Media"}, {"name": "Trading Ideas"}], "stocks": [{"name": "AAPL"}, {"name": "FXCOF"}, {"name": "MSFT"}, {"name": "NOK"}, {"name": "QCOM"}], "tags": [{"name": "Carl Zeiss"}, {"name": "FIH Mobile"}, {"name": "HMD Global"}, {"name": "Jean-Francois Baril"}, {"name": "Nokia 8"}, {"name": "Nokia Symbian OS"}, {"name": "QHD"}, {"name": "Smart Connect LP"}, {"name": "Snapdragon 835"}, {"name": "Symbian OS"}, {"name": "VentureBeat"}]}, {"id": 9799754, "author": "Benzinga", "created": "Thu, 20 Jul 2017 09:05:50 -0400", "updated": "Thu, 20 Jul 2017 09:05:52 -0400", "title": "The Market In 5 Minutes", "teaser": "", "body": "", "url": "https://www.benzinga.com/node/9799754", "image": [], "channels": [{"name": "News"}, {"name": "Global"}, {"name": "Top Stories"}, {"name": "Pre-Market Outlook"}, {"name": "Markets"}], "stocks": [{"name": "CMG"}, {"name": "GS"}, {"name": "HPQ"}, {"name": "JNJ"}, {"name": "MCD"}, {"name": "NKE"}, {"name": "PFE"}, {"name": "SPY"}, {"name": "TSLA"}], "tags": [{"name": "Consumer Discretionary"}, {"name": "Market in 5 minutes"}, {"name": "Restaurants"}]}, {"id": 9799518, "author": "Benzinga", "created": "Thu, 20 Jul 2017 09:12:39 -0400", "updated": "Thu, 20 Jul 2017 09:12:39 -0400", "title": "Microsoft Is A 'Relative Value Bet' Ahead Of Earnings, Pro Says", "teaser": "", "body": "", "url": "https://www.benzinga.com/node/9799518", "image": [], "channels": [{"name": "CNBC"}, {"name": "Earnings"}, {"name": "News"}, {"name": "Previews"}, {"name": "Tech"}, {"name": "Media"}, {"name": "Trading Ideas"}], "stocks": [{"name": "GOOG"}, {"name": "GOOGL"}, {"name": "MSFT"}], "tags": [{"name": "BK Asset Management"}, {"name": "Boris Schlossberg"}, {"name": "Microsoft earnings"}, {"name": "Office 365"}, {"name": "Trading Nation"}]}, {"id": 9799514, "author": "Benzinga", "created": "Thu, 20 Jul 2017 09:21:53 -0400", "updated": "Thu, 20 Jul 2017 09:21:53 -0400", "title": "Buy American? American Express Recovery Is Not Without Its Risks", "teaser": "", "body": "", "url": "https://www.benzinga.com/node/9799514", "image": [], "channels": [{"name": "Analyst Color"}, {"name": "Earnings"}, {"name": "News"}, {"name": "Reiteration"}, {"name": "Analyst Ratings"}], "stocks": [{"name": "AXP"}], "tags": [{"name": "Barclays"}, {"name": "David Ho"}, {"name": "Deutsche Bank"}, {"name": "Mark DeVries"}]}, {"id": 9800136, "author": "Benzinga", "created": "Thu, 20 Jul 2017 09:55:52 -0400", "updated": "Thu, 20 Jul 2017 09:55:53 -0400", "title": "Microsoft Reports Earnings After The Bell Amid A Global Reorganization", "teaser": "", "body": "", "url": "https://www.benzinga.com/node/9800136", "image": [], "channels": [{"name": "Earnings"}, {"name": "News"}, {"name": "Previews"}, {"name": "Options"}, {"name": "Markets"}, {"name": "Tech"}, {"name": "Trading Ideas"}], "stocks": [{"name": "AMZN"}, {"name": "GE"}, {"name": "GOOG"}, {"name": "MSFT"}], "tags": [{"name": "JJ Kinahan"}, {"name": "TD Ameritrade"}, {"name": "The Ticker Tape"}]}, {"id": 9800080, "author": "Benzinga", "created": "Thu, 20 Jul 2017 10:14:13 -0400", "updated": "Thu, 20 Jul 2017 10:14:13 -0400", "title": "Legal Battles, Merger With NXP Set Up Catalysts For Qualcomm This Year", "teaser": "", "body": "", "url": "https://www.benzinga.com/node/9800080", "image": [], "channels": [{"name": "Analyst Color"}, {"name": "Earnings"}, {"name": "News"}, {"name": "Reiteration"}, {"name": "Legal"}, {"name": "M&A"}, {"name": "Analyst Ratings"}, {"name": "Movers"}, {"name": "Tech"}], "stocks": [{"name": "AAPL"}, {"name": "NXPI"}, {"name": "QCOM"}, {"name": "SSNLF"}], "tags": [{"name": "Canaccord Genuity"}, {"name": "CDMA Technologies"}, {"name": "Charter Equity Research"}, {"name": "Edward Snyder"}, {"name": "Michael Walkley"}, {"name": "Samsung"}]}, {"id": 9795486, "author": "Benzinga", "created": "Thu, 20 Jul 2017 10:44:21 -0400", "updated": "Thu, 20 Jul 2017 10:44:21 -0400", "title": "The Feds Hop In The Driver's Seat Of Autonomous Vehicle Regulation", "teaser": "", "body": "", "url": "https://www.benzinga.com/node/9795486", "image": [], "channels": [{"name": "News"}, {"name": "Politics"}, {"name": "Legal"}, {"name": "Tech"}, {"name": "General"}], "stocks": [{"name": "AAPL"}, {"name": "GOOG"}, {"name": "TSLA"}, {"name": "GOOGL"}], "tags": [{"name": "autonomous vehicles"}, {"name": "driverless cars"}]}, {"id": 9800844, "author": "Benzinga", "created": "Thu, 20 Jul 2017 12:08:26 -0400", "updated": "Thu, 20 Jul 2017 12:08:26 -0400", "title": "T-Mobile Hints At The Possibility Of A Dividend If M&A Doesn't Manifest", "teaser": "", "body": "", "url": "https://www.benzinga.com/node/9800844", "image": [], "channels": [{"name": "Analyst Color"}, {"name": "Earnings"}, {"name": "Long Ideas"}, {"name": "News"}, {"name": "Dividends"}, {"name": "Rumors"}, {"name": "Reiteration"}, {"name": "M&A"}, {"name": "Analyst Ratings"}, {"name": "Tech"}, {"name": "Media"}, {"name": "Trading Ideas"}], "stocks": [{"name": "CHTR"}, {"name": "CMCSA"}, {"name": "S"}, {"name": "T"}, {"name": "TMUS"}, {"name": "VZ"}], "tags": [{"name": "John Hodulik"}, {"name": "UBS"}]}, {"id": 9800862, "author": "Benzinga", "created": "Thu, 20 Jul 2017 12:16:50 -0400", "updated": "Thu, 20 Jul 2017 12:16:50 -0400", "title": "Contract Manufacturers Are Joining Apple's Side As Qualcomm Legal Concerns Continue", "teaser": "", "body": "", "url": "https://www.benzinga.com/node/9800862", "image": [], "channels": [{"name": "Analyst Color"}, {"name": "News"}, {"name": "Reiteration"}, {"name": "Legal"}, {"name": "Analyst Ratings"}, {"name": "Movers"}, {"name": "Tech"}], "stocks": [{"name": "AAPL"}, {"name": "QCOM"}], "tags": [{"name": "Maynard Um"}, {"name": "Wells Fargo"}]}, {"id": 9800160, "author": "Benzinga", "created": "Thu, 20 Jul 2017 12:27:18 -0400", "updated": "Thu, 20 Jul 2017 12:27:18 -0400", "title": "Waste Of The World: Scientists Calculate How Much Plastic Civilization Has Spawned", "teaser": "", "body": "", "url": "https://www.benzinga.com/node/9800160", "image": [], "channels": [{"name": "News"}, {"name": "Commodities"}, {"name": "Politics"}, {"name": "Psychology"}, {"name": "Topics"}, {"name": "Global"}, {"name": "Markets"}, {"name": "General"}], "stocks": [{"name": "DOW"}, {"name": "LYB"}, {"name": "XOM"}], "tags": [{"name": "biodegradable"}, {"name": "environment"}, {"name": "ethylene"}, {"name": "fossil hydrocarbons"}, {"name": "plastic pollution"}, {"name": "plastic trash"}, {"name": "plastic waste"}, {"name": "Plastics"}, {"name": "Plastics Properties Database"}, {"name": "propylene"}, {"name": "Science Advances"}, {"name": "Waste Management"}]}, {"id": 9800829, "author": "Benzinga", "created": "Thu, 20 Jul 2017 13:24:34 -0400", "updated": "Thu, 20 Jul 2017 13:24:35 -0400", "title": "What To Expect From Exact Sciences' Pending Q2 Release", "teaser": "", "body": "", "url": "https://www.benzinga.com/node/9800829", "image": [], "channels": [{"name": "Analyst Color"}, {"name": "Biotech"}, {"name": "Earnings"}, {"name": "Long Ideas"}, {"name": "News"}, {"name": "Price Target"}, {"name": "Previews"}, {"name": "Reiteration"}, {"name": "Analyst Ratings"}, {"name": "Trading Ideas"}, {"name": "General"}], "stocks": [{"name": "AET"}, {"name": "EXAS"}, {"name": "UNH"}], "tags": [{"name": "Canaccord Genuity"}, {"name": "Mark Massaro"}]}, {"id": 9801495, "author": "Benzinga", "created": "Thu, 20 Jul 2017 13:50:24 -0400", "updated": "Thu, 20 Jul 2017 13:50:24 -0400", "title": "Home Retailers Are Getting Crushed After Sears Partners With Amazon", "teaser": "", "body": "", "url": "https://www.benzinga.com/node/9801495", "image": [], "channels": [{"name": "Analyst Color"}, {"name": "CNBC"}, {"name": "News"}, {"name": "Jim Cramer"}, {"name": "Contracts"}, {"name": "M&A"}, {"name": "Movers"}, {"name": "Tech"}, {"name": "Media"}], "stocks": [{"name": "AMZN"}, {"name": "HD"}, {"name": "LOW"}, {"name": "SHLD"}], "tags": [{"name": "HPM Partnrs"}, {"name": "Jim Lebenthal"}, {"name": "Josh Brown"}, {"name": "Kenmore"}, {"name": "Mario Gabelli"}, {"name": "Ritholtz Wealth Management"}]}, {"id": 9799802, "author": "Benzinga", "created": "Thu, 20 Jul 2017 15:40:17 -0400", "updated": "Thu, 20 Jul 2017 15:40:17 -0400", "title": "Arrow Joins Force With IBM for Internet Of Things Support", "teaser": "", "body": "", "url": "https://www.benzinga.com/node/9799802", "image": [], "channels": [{"name": "News"}, {"name": "Movers & Shakers"}, {"name": "General"}], "stocks": [{"name": "AAOI"}, {"name": "ARW"}, {"name": "IBM"}, {"name": "MRVL"}], "tags": []}, {"id": 9802394, "author": "Benzinga", "created": "Thu, 20 Jul 2017 16:16:32 -0400", "updated": "Thu, 20 Jul 2017 16:16:32 -0400", "title": "Benzinga's Option Alert Recap From July 20", "teaser": "", "body": "", "url": "https://www.benzinga.com/node/9802394", "image": [], "channels": [{"name": "News"}, {"name": "Options"}, {"name": "After-Hours Center"}, {"name": "Markets"}, {"name": "Trading Ideas"}], "stocks": [{"name": "BC"}, {"name": "CAT"}, {"name": "CHRW"}, {"name": "EBAY"}, {"name": "GME"}, {"name": "GPS"}, {"name": "HOG"}, {"name": "MGM"}, {"name": "MSFT"}, {"name": "OSTK"}, {"name": "QCOM"}, {"name": "SBUX"}, {"name": "SIG"}, {"name": "SNAP"}, {"name": "SPLK"}, {"name": "TWTR"}], "tags": []}]