[{"id": 9092382, "author": "Benzinga", "created": "Fri, 24 Feb 2017 08:07:32 -0400", "updated": "Fri, 24 Feb 2017 08:07:34 -0400", "title": "Wall Street's M&A Chatter From February 23", "teaser": "", "body": "", "url": "https://www.benzinga.com/node/9092382", "image": [], "channels": [{"name": "News"}, {"name": "Rumors"}, {"name": "M&A"}], "stocks": [{"name": "CRI"}, {"name": "CSCO"}, {"name": "FEYE"}, {"name": "GNC"}, {"name": "SYMC"}, {"name": "VSI"}], "tags": []}, {"id": 9092562, "author": "Benzinga", "created": "Fri, 24 Feb 2017 09:15:31 -0400", "updated": "Fri, 24 Feb 2017 09:15:31 -0400", "title": "Strong Quarters From Cisco, Check Point May Be Positive For Palo Alto", "teaser": "", "body": "", "url": "https://www.benzinga.com/node/9092562", "image": [], "channels": [{"name": "Analyst Color"}, {"name": "Earnings"}, {"name": "Long Ideas"}, {"name": "News"}, {"name": "Short Sellers"}, {"name": "Guidance"}, {"name": "Reiteration"}, {"name": "Analyst Ratings"}, {"name": "Movers"}, {"name": "Tech"}, {"name": "Trading Ideas"}], "stocks": [{"name": "CHKP"}, {"name": "CSCO"}, {"name": "PANW"}], "tags": [{"name": "Citron Research"}, {"name": "imperial capital"}, {"name": "Michael Kim"}]}, {"id": 9092759, "author": "Benzinga", "created": "Fri, 24 Feb 2017 10:28:40 -0400", "updated": "Fri, 24 Feb 2017 10:28:40 -0400", "title": "The Market In 5 Minutes", "teaser": "", "body": "", "url": "https://www.benzinga.com/node/9092759", "image": [], "channels": [{"name": "News"}, {"name": "Global"}, {"name": "Top Stories"}, {"name": "Markets"}], "stocks": [{"name": "CHK"}, {"name": "DOW"}, {"name": "EGN"}, {"name": "GE"}, {"name": "GOOGL"}, {"name": "GS"}, {"name": "GT"}, {"name": "IVR"}, {"name": "LMT"}, {"name": "NVDA"}, {"name": "SPY"}, {"name": "TSLA"}, {"name": "WEN"}], "tags": [{"name": "Aerospace & Defense"}, {"name": "Industrials"}, {"name": "Market in 5 minutes"}]}, {"id": 9082893, "author": "Benzinga", "created": "Fri, 24 Feb 2017 10:56:53 -0400", "updated": "Fri, 24 Feb 2017 10:56:53 -0400", "title": "The Most Overpaid CEOs In S&P 500 Comapnies That Largely Underperformed The Market", "teaser": "", "body": "", "url": "https://www.benzinga.com/node/9082893", "image": [], "channels": [{"name": "Financial Advisors"}, {"name": "News"}, {"name": "Broad U.S. Equity ETFs"}, {"name": "Hedge Funds"}, {"name": "Topics"}, {"name": "Management"}, {"name": "Global"}, {"name": "Econ #s"}, {"name": "Markets"}, {"name": "Personal Finance"}, {"name": "Interview"}, {"name": "ETFs"}, {"name": "General"}], "stocks": [{"name": "BBBY"}, {"name": "BLK"}, {"name": "CBS"}, {"name": "CHK"}, {"name": "CMCSA"}, {"name": "CRM"}, {"name": "CTXS"}, {"name": "CVS"}, {"name": "DIA"}, {"name": "DISCA"}, {"name": "GE"}, {"name": "GGP"}, {"name": "GLD"}, {"name": "GM"}, {"name": "GS"}, {"name": "HON"}, {"name": "MS"}, {"name": "ORCL"}, {"name": "QQQ"}, {"name": "REGN"}, {"name": "RL"}, {"name": "SLG"}, {"name": "SPY"}, {"name": "TLT"}, {"name": "UHS"}, {"name": "VIA"}, {"name": "VIAB"}, {"name": "VRTX"}, {"name": "WYNN"}, {"name": "XOM"}, {"name": "YHOO"}], "tags": [{"name": "As You Sow"}, {"name": "CEO Compensation"}, {"name": "CEO Pay"}, {"name": "mutual funds"}, {"name": "Overpaid CEOs"}, {"name": "pension funds"}, {"name": "Rosanna Landis Weaver"}]}, {"id": 9092888, "author": "Benzinga", "created": "Fri, 24 Feb 2017 11:19:18 -0400", "updated": "Fri, 24 Feb 2017 11:19:19 -0400", "title": "Apple And Tesla: A Fairy Tale?", "teaser": "", "body": "", "url": "https://www.benzinga.com/node/9092888", "image": [], "channels": [{"name": "Analyst Color"}, {"name": "News"}, {"name": "Travel"}, {"name": "Movers"}, {"name": "Tech"}, {"name": "Trading Ideas"}, {"name": "General"}], "stocks": [{"name": "AAPL"}, {"name": "TSLA"}], "tags": [{"name": "Gene Munster"}, {"name": "Loup Ventures"}]}, {"id": 9093201, "author": "Benzinga", "created": "Fri, 24 Feb 2017 11:36:22 -0400", "updated": "Fri, 24 Feb 2017 11:36:22 -0400", "title": "Intel's Market Share In Apple's iPhone 8 Could Hit 65% This Year", "teaser": "", "body": "", "url": "https://www.benzinga.com/node/9093201", "image": [], "channels": [{"name": "Analyst Color"}, {"name": "Long Ideas"}, {"name": "News"}, {"name": "Price Target"}, {"name": "Reiteration"}, {"name": "Analyst Ratings"}, {"name": "Movers"}, {"name": "Tech"}, {"name": "Trading Ideas"}], "stocks": [{"name": "AAPL"}, {"name": "INTC"}, {"name": "QCOM"}], "tags": [{"name": "Baird"}, {"name": "Tristan Gerra"}]}, {"id": 9093496, "author": "Benzinga", "created": "Fri, 24 Feb 2017 12:09:30 -0400", "updated": "Fri, 24 Feb 2017 12:09:31 -0400", "title": "Steven Mnuchin's Former Employer Says The Market Rally Could End Soon", "teaser": "", "body": "", "url": "https://www.benzinga.com/node/9093496", "image": [], "channels": [{"name": "Analyst Color"}, {"name": "News"}, {"name": "Broad U.S. Equity ETFs"}, {"name": "Short Ideas"}, {"name": "Politics"}, {"name": "Markets"}, {"name": "Analyst Ratings"}, {"name": "Movers"}, {"name": "Trading Ideas"}, {"name": "ETFs"}, {"name": "General"}], "stocks": [{"name": "GS"}, {"name": "SPY"}], "tags": [{"name": "David Kostin"}, {"name": "Donald Trump. Alec Phillips"}, {"name": "obamacare"}, {"name": "Steven Mnuchin"}]}, {"id": 9093504, "author": "Benzinga", "created": "Fri, 24 Feb 2017 12:54:23 -0400", "updated": "Fri, 24 Feb 2017 12:54:24 -0400", "title": "Hewlett Packard Enterprise's Q1 Marred By Weak Sales At Microsoft", "teaser": "", "body": "", "url": "https://www.benzinga.com/node/9093504", "image": [], "channels": [{"name": "Analyst Color"}, {"name": "Earnings"}, {"name": "Long Ideas"}, {"name": "News"}, {"name": "Guidance"}, {"name": "Price Target"}, {"name": "Reiteration"}, {"name": "Analyst Ratings"}, {"name": "Movers"}, {"name": "Tech"}, {"name": "Trading Ideas"}], "stocks": [{"name": "HPE"}, {"name": "MSFT"}], "tags": [{"name": "Deutsche Bank"}, {"name": "Sherri Scribner"}]}, {"id": 9083190, "author": "Benzinga", "created": "Fri, 24 Feb 2017 13:13:10 -0400", "updated": "Fri, 24 Feb 2017 13:13:11 -0400", "title": "An Affordable Glow: New Product Is Revolutionizing The Skincare Industry", "teaser": "", "body": "", "url": "https://www.benzinga.com/node/9083190", "image": [], "channels": [{"name": "News"}, {"name": "Health Care"}, {"name": "Topics"}, {"name": "FDA"}, {"name": "Success Stories"}, {"name": "Startups"}, {"name": "Markets"}, {"name": "Interview"}, {"name": "General"}], "stocks": [{"name": "LRLCY"}, {"name": "PG"}, {"name": "UL"}], "tags": [{"name": "Cindy Crawford"}, {"name": "Glossier"}, {"name": "Kate Moss"}, {"name": "Martha Stewart"}, {"name": "Naomi Campbell"}, {"name": "Skin Laundry"}, {"name": "Susan Cimenelli"}]}, {"id": 9093122, "author": "Benzinga", "created": "Fri, 24 Feb 2017 14:55:34 -0400", "updated": "Fri, 24 Feb 2017 14:55:35 -0400", "title": "Samsung Introduced 10 Times The Number Of Models In 2016 Than Apple; Did It Translate To Market Share?", "teaser": "", "body": "", "url": "https://www.benzinga.com/node/9093122", "image": [], "channels": [{"name": "News"}, {"name": "Markets"}, {"name": "Movers"}, {"name": "Tech"}, {"name": "Media"}], "stocks": [{"name": "AAPL"}, {"name": "LGEAF"}, {"name": "LNVGY"}, {"name": "SSNLF"}, {"name": "ZTCOF"}], "tags": [{"name": "Galaxy Note 7"}, {"name": "IDC"}, {"name": "iPhone 7"}, {"name": "iPhone 7 Plus"}, {"name": "iPhones"}, {"name": "Note 7"}, {"name": "Oppo"}, {"name": "Samsung"}, {"name": "Samsung Galaxy"}, {"name": "Samsung Galaxy Note 7"}, {"name": "Samsung Note 7"}, {"name": "Strategy Analytics"}, {"name": "Vivo"}]}, {"id": 9095719, "author": "Benzinga", "created": "Fri, 24 Feb 2017 17:09:02 -0400", "updated": "Fri, 24 Feb 2017 17:09:02 -0400", "title": "CNN, New York Times And Others Blocked From White House Presser", "teaser": "", "body": "", "url": "https://www.benzinga.com/node/9095719", "image": [], "channels": [{"name": "News"}, {"name": "Politics"}, {"name": "Media"}, {"name": "General"}], "stocks": [{"name": "CBS"}, {"name": "CMCSA"}, {"name": "DIS"}, {"name": "FOXA"}, {"name": "NYT"}, {"name": "TWX"}], "tags": [{"name": "Donald Trump"}, {"name": "Sean Spicer"}, {"name": "White House"}]}, {"id": 9095865, "author": "Benzinga", "created": "Fri, 24 Feb 2017 17:40:21 -0400", "updated": "Fri, 24 Feb 2017 17:40:21 -0400", "title": "Benzinga's Option Alert Recap From February 24", "teaser": "", "body": "", "url": "https://www.benzinga.com/node/9095865", "image": [], "channels": [{"name": "News"}, {"name": "Options"}, {"name": "After-Hours Center"}, {"name": "Markets"}, {"name": "Movers"}, {"name": "Trading Ideas"}], "stocks": [{"name": "CBL"}, {"name": "CCJ"}, {"name": "CPRX"}, {"name": "DIS"}, {"name": "HALO"}, {"name": "HTZ"}, {"name": "JONE"}, {"name": "KATE"}, {"name": "NUS"}, {"name": "P"}, {"name": "THC"}, {"name": "VRTX"}, {"name": "VRX"}, {"name": "WFM"}, {"name": "WLL"}, {"name": "WMT"}], "tags": [{"name": "option trading"}, {"name": "options"}, {"name": "Options Alerts"}, {"name": "options definition"}, {"name": "Options Recap"}, {"name": "options trading"}, {"name": "options trading for dummies"}, {"name": "options trading strategies"}, {"name": "Optionshouse"}, {"name": "trading stock options"}, {"name": "types of options"}]}]