[{"id": 9782083, "author": "Benzinga", "created": "Mon, 17 Jul 2017 07:02:43 -0400", "updated": "Mon, 17 Jul 2017 07:02:45 -0400", "title": "Wall Street's M&A Chatter From July 14-16: Dominion Diamond, Unilever-Hormel-Reckitt, H&E Equipment-Neff, Mobileye-Intel", "teaser": "", "body": "", "url": "https://www.benzinga.com/node/9782083", "image": [], "channels": [{"name": "News"}, {"name": "Rumors"}, {"name": "M&A"}], "stocks": [{"name": "DDC"}, {"name": "HEES"}, {"name": "HRL"}, {"name": "INTC"}, {"name": "MBLY"}, {"name": "NEFF"}, {"name": "RBGPF"}, {"name": "UL"}, {"name": "UN"}], "tags": []}, {"id": 9782442, "author": "Benzinga", "created": "Mon, 17 Jul 2017 08:23:32 -0400", "updated": "Mon, 17 Jul 2017 08:23:32 -0400", "title": "Nelson Peltz And Procter & Gamble: The Biggest Proxy Battle Ever", "teaser": "", "body": "", "url": "https://www.benzinga.com/node/9782442", "image": [], "channels": [{"name": "News"}, {"name": "Wall Street Journal"}, {"name": "Hedge Funds"}, {"name": "Media"}, {"name": "General"}], "stocks": [{"name": "GE"}, {"name": "PG"}], "tags": [{"name": "activist investor"}, {"name": "Nelson Peltz"}, {"name": "Trian Fund Management"}]}, {"id": 9782577, "author": "Benzinga", "created": "Mon, 17 Jul 2017 08:57:46 -0400", "updated": "Mon, 17 Jul 2017 08:57:46 -0400", "title": "The Market In 5 Minutes", "teaser": "", "body": "", "url": "https://www.benzinga.com/node/9782577", "image": [], "channels": [{"name": "News"}, {"name": "Global"}, {"name": "Top Stories"}, {"name": "Pre-Market Outlook"}, {"name": "Markets"}], "stocks": [{"name": "AMZN"}, {"name": "DLB"}, {"name": "FSC"}, {"name": "GBX"}, {"name": "OLBK"}, {"name": "PG"}, {"name": "SPY"}, {"name": "SUPN"}, {"name": "TEVA"}, {"name": "WAB"}], "tags": [{"name": "Market in 5 minutes"}]}, {"id": 9783595, "author": "Benzinga", "created": "Mon, 17 Jul 2017 10:36:57 -0400", "updated": "Mon, 17 Jul 2017 10:36:59 -0400", "title": "Netflix Earnings Preview: What Might Be Expected From Q2 2017?", "teaser": "", "body": "", "url": "https://www.benzinga.com/node/9783595", "image": [], "channels": [{"name": "Earnings"}, {"name": "News"}, {"name": "Previews"}, {"name": "Options"}, {"name": "Markets"}, {"name": "Tech"}, {"name": "Trading Ideas"}], "stocks": [{"name": "AAPL"}, {"name": "AMZN"}, {"name": "BAC"}, {"name": "BIDU"}, {"name": "FB"}, {"name": "GOOG"}, {"name": "GOOGL"}, {"name": "GS"}, {"name": "MS"}, {"name": "NFLX"}], "tags": [{"name": "JJ Kinahan"}, {"name": "TD Ameritrade"}, {"name": "The Ticker Tape"}]}, {"id": 9783294, "author": "Benzinga", "created": "Mon, 17 Jul 2017 11:17:00 -0400", "updated": "Mon, 17 Jul 2017 11:17:00 -0400", "title": "These Were The Most Popular Buys And Sells Among Retail Investors In June", "teaser": "", "body": "", "url": "https://www.benzinga.com/node/9783294", "image": [], "channels": [{"name": "News"}, {"name": "Psychology"}, {"name": "Federal Reserve"}, {"name": "Markets"}, {"name": "Tech"}, {"name": "General"}], "stocks": [{"name": "AAL"}, {"name": "AAPL"}, {"name": "AMD"}, {"name": "AMTD"}, {"name": "AMZN"}, {"name": "ARNC"}, {"name": "BAC"}, {"name": "BMY"}, {"name": "C"}, {"name": "FB"}, {"name": "GS"}, {"name": "NWL"}, {"name": "SHOP"}, {"name": "TSLA"}], "tags": [{"name": "IMX"}, {"name": "TD Ameritrade"}, {"name": "TD Ameritrade Investor Movement Index"}]}, {"id": 9784420, "author": "Benzinga", "created": "Mon, 17 Jul 2017 13:37:40 -0400", "updated": "Mon, 17 Jul 2017 13:37:40 -0400", "title": "The Most Popular Buys And Sells Of The First Half Of 2017, According To TD Ameritrade Clients", "teaser": "", "body": "", "url": "https://www.benzinga.com/node/9784420", "image": [], "channels": [{"name": "News"}, {"name": "Movers & Shakers"}, {"name": "Movers"}, {"name": "General"}], "stocks": [{"name": "AAPL"}, {"name": "AMZN"}, {"name": "C"}, {"name": "CHTR"}, {"name": "DIS"}, {"name": "F"}, {"name": "FB"}, {"name": "NVDA"}, {"name": "P"}, {"name": "STRP"}, {"name": "T"}, {"name": "TWX"}, {"name": "VZ"}, {"name": "WFM"}, {"name": "WYNN"}], "tags": [{"name": "IMX"}, {"name": "Investor Movement Index"}, {"name": "TD Ameritrade"}]}, {"id": 9781456, "author": "Benzinga", "created": "Mon, 17 Jul 2017 14:11:05 -0400", "updated": "Mon, 17 Jul 2017 14:11:05 -0400", "title": "5 Stocks To Watch This Week - NFLX, BAC, IBM, V, EBAY", "teaser": "", "body": "", "url": "https://www.benzinga.com/node/9781456", "image": [], "channels": [{"name": "Earnings"}, {"name": "News"}, {"name": "Previews"}, {"name": "Trading Ideas"}], "stocks": [{"name": "BAC"}, {"name": "EBAY"}, {"name": "IBM"}, {"name": "NFLX"}, {"name": "V"}], "tags": []}, {"id": 9784502, "author": "Benzinga", "created": "Mon, 17 Jul 2017 14:13:42 -0400", "updated": "Mon, 17 Jul 2017 14:13:43 -0400", "title": "Puma, The Fastest-Growing Company In The Footwear Industry, Raises 2017 Guidance", "teaser": "", "body": "", "url": "https://www.benzinga.com/node/9784502", "image": [], "channels": [{"name": "News"}, {"name": "Guidance"}, {"name": "Retail Sales"}], "stocks": [{"name": "ADDYY"}, {"name": "NKE"}, {"name": "PMMAF"}, {"name": "PPRUF"}], "tags": [{"name": "Ariana Grande"}, {"name": "jay-z"}, {"name": "Kering"}, {"name": "Kylie Jenner"}, {"name": "Matt Powell"}, {"name": "Puma"}, {"name": "Rihanna"}]}, {"id": 9784230, "author": "Benzinga", "created": "Mon, 17 Jul 2017 14:24:54 -0400", "updated": "Mon, 17 Jul 2017 14:24:54 -0400", "title": "Why Bank ETFs Fell On Friday Despite Decent Earnings", "teaser": "", "body": "", "url": "https://www.benzinga.com/node/9784230", "image": [], "channels": [{"name": "Earnings"}, {"name": "News"}, {"name": "Sector ETFs"}, {"name": "ETFs"}], "stocks": [{"name": "C"}, {"name": "JPM"}, {"name": "PNC"}, {"name": "QABA"}, {"name": "WFC"}], "tags": []}, {"id": 9784835, "author": "Benzinga", "created": "Mon, 17 Jul 2017 14:42:08 -0400", "updated": "Mon, 17 Jul 2017 14:42:09 -0400", "title": "Earnings Preview: Financial Giants BAC, GS, And MS Report Q2 Results This Week", "teaser": "", "body": "", "url": "https://www.benzinga.com/node/9784835", "image": [], "channels": [{"name": "Earnings"}, {"name": "News"}, {"name": "Previews"}, {"name": "Options"}, {"name": "Federal Reserve"}, {"name": "Markets"}, {"name": "Trading Ideas"}], "stocks": [{"name": "BAC"}, {"name": "C"}, {"name": "GE"}, {"name": "GS"}, {"name": "IBM"}, {"name": "JNJ"}, {"name": "JPM"}, {"name": "MS"}, {"name": "MSFT"}, {"name": "NFLX"}], "tags": [{"name": "JJ Kinahan"}, {"name": "TD Ameritrade"}, {"name": "The Ticker Tape"}]}, {"id": 9784975, "author": "Benzinga", "created": "Mon, 17 Jul 2017 14:59:28 -0400", "updated": "Mon, 17 Jul 2017 14:59:30 -0400", "title": "Earnings Roundup: JNJ, IBM, And LMT Report Q2 Results Tomorrow", "teaser": "", "body": "", "url": "https://www.benzinga.com/node/9784975", "image": [], "channels": [{"name": "Earnings"}, {"name": "News"}, {"name": "Options"}, {"name": "Markets"}], "stocks": [{"name": "BA"}, {"name": "GE"}, {"name": "GOOG"}, {"name": "GOOGL"}, {"name": "IBM"}, {"name": "JNJ"}, {"name": "LMT"}, {"name": "MSFT"}, {"name": "ORCL"}, {"name": "RTN"}], "tags": [{"name": "Aerospace & Defense"}, {"name": "Industrials"}, {"name": "JJ Kinahan"}, {"name": "TD Ameritrade"}, {"name": "The Ticker Tape"}]}, {"id": 9784574, "author": "Benzinga", "created": "Mon, 17 Jul 2017 15:02:39 -0400", "updated": "Mon, 17 Jul 2017 15:02:39 -0400", "title": "Alexa Anytime: Amazon Next Venture Could Be A Messaging App", "teaser": "", "body": "", "url": "https://www.benzinga.com/node/9784574", "image": [], "channels": [{"name": "News"}, {"name": "Rumors"}, {"name": "Tech"}, {"name": "Trading Ideas"}], "stocks": [{"name": "AAPL"}, {"name": "AMZN"}, {"name": "FB"}, {"name": "GOOG"}, {"name": "SNAP"}], "tags": [{"name": "AFTV News"}, {"name": "Alexa"}, {"name": "Amazon Anytime"}, {"name": "Anytime"}, {"name": "Slack"}, {"name": "SnapChat"}, {"name": "WhatsApp"}]}]