[{"id": 9752409, "author": "Benzinga", "created": "Mon, 10 Jul 2017 08:34:41 -0400", "updated": "Mon, 10 Jul 2017 08:34:42 -0400", "title": "Amended Deal With Rite Aid Has Leerink More Cautious On Walgreens Shares", "teaser": "", "body": "", "url": "https://www.benzinga.com/node/9752409", "image": [], "channels": [{"name": "Analyst Color"}, {"name": "Earnings"}, {"name": "Long Ideas"}, {"name": "News"}, {"name": "Guidance"}, {"name": "Reiteration"}, {"name": "M&A"}, {"name": "Analyst Ratings"}, {"name": "Trading Ideas"}], "stocks": [{"name": "RAD"}, {"name": "WBA"}], "tags": [{"name": "David Larsen"}, {"name": "Leerink"}, {"name": "Matt Dellelo"}]}, {"id": 9756218, "author": "Benzinga", "created": "Mon, 10 Jul 2017 09:00:50 -0400", "updated": "Mon, 10 Jul 2017 09:00:51 -0400", "title": "The Market In 5 Minutes", "teaser": "", "body": "", "url": "https://www.benzinga.com/node/9756218", "image": [], "channels": [{"name": "News"}, {"name": "Global"}, {"name": "Top Stories"}, {"name": "Pre-Market Outlook"}, {"name": "Markets"}], "stocks": [{"name": "AAXN"}, {"name": "COST"}, {"name": "DGLY"}, {"name": "FB"}, {"name": "INTC"}, {"name": "PKG"}, {"name": "PYPL"}, {"name": "SPY"}, {"name": "TSLA"}, {"name": "WERN"}, {"name": "XLNX"}], "tags": [{"name": "Market in 5 minutes"}]}, {"id": 9756780, "author": "Benzinga", "created": "Mon, 10 Jul 2017 09:39:29 -0400", "updated": "Mon, 10 Jul 2017 09:39:29 -0400", "title": "Chip Stocks On the Move: AMD, Nvidia, Xilinx, Rambus And More", "teaser": "", "body": "", "url": "https://www.benzinga.com/node/9756780", "image": [], "channels": [{"name": "Analyst Color"}, {"name": "News"}, {"name": "Analyst Ratings"}, {"name": "Movers"}, {"name": "Tech"}, {"name": "Trading Ideas"}], "stocks": [{"name": "AAPL"}, {"name": "AMD"}, {"name": "AMZN"}, {"name": "AVGO"}, {"name": "FB"}, {"name": "GOOG"}, {"name": "GOOGL"}, {"name": "INTC"}, {"name": "NVDA"}, {"name": "QCOM"}, {"name": "RMBS"}, {"name": "SSNLF"}, {"name": "XLNX"}], "tags": []}, {"id": 9757039, "author": "Benzinga", "created": "Mon, 10 Jul 2017 10:10:00 -0400", "updated": "Mon, 10 Jul 2017 10:10:01 -0400", "title": "Bernstein On Advisory Board Health Care Services Unit Purchase By UnitedHealth", "teaser": "", "body": "", "url": "https://www.benzinga.com/node/9757039", "image": [], "channels": [{"name": "Analyst Color"}, {"name": "News"}, {"name": "Health Care"}, {"name": "M&A"}, {"name": "Analyst Ratings"}, {"name": "General"}], "stocks": [{"name": "ABCO"}, {"name": "EVH"}, {"name": "UNH"}], "tags": [{"name": "Bernstein"}, {"name": "Lance Wilkes"}]}, {"id": 9757335, "author": "Benzinga", "created": "Mon, 10 Jul 2017 11:05:01 -0400", "updated": "Mon, 10 Jul 2017 11:05:02 -0400", "title": "Semiconductors Are Leading To Another Tectonic Shift In Computing: Which Players Will Be Beneficiaries?", "teaser": "", "body": "", "url": "https://www.benzinga.com/node/9757335", "image": [], "channels": [{"name": "Analyst Color"}, {"name": "Long Ideas"}, {"name": "News"}, {"name": "Short Ideas"}, {"name": "Upgrades"}, {"name": "Downgrades"}, {"name": "Reiteration"}, {"name": "Analyst Ratings"}, {"name": "Movers"}, {"name": "Tech"}, {"name": "Trading Ideas"}], "stocks": [{"name": "ADI"}, {"name": "AMD"}, {"name": "CAVM"}, {"name": "INTC"}, {"name": "MCHP"}, {"name": "MXIM"}, {"name": "NVDA"}, {"name": "TXN"}, {"name": "XLNX"}], "tags": [{"name": "Jefferies"}, {"name": "Mark Lipacis"}]}, {"id": 9758319, "author": "Benzinga", "created": "Mon, 10 Jul 2017 12:37:08 -0400", "updated": "Mon, 10 Jul 2017 12:37:09 -0400", "title": "Energy Sector Giants Exxon Mobil And Chevron Report In A Few Weeks", "teaser": "", "body": "", "url": "https://www.benzinga.com/node/9758319", "image": [], "channels": [{"name": "Earnings"}, {"name": "News"}, {"name": "Commodities"}, {"name": "Previews"}, {"name": "Options"}, {"name": "Global"}, {"name": "Markets"}, {"name": "Trading Ideas"}], "stocks": [{"name": "CVX"}, {"name": "XOM"}], "tags": [{"name": "JJ Kinahan"}, {"name": "TD Ameritrade"}, {"name": "The Ticker Tape"}]}, {"id": 9748179, "author": "Benzinga", "created": "Mon, 10 Jul 2017 13:00:58 -0400", "updated": "Mon, 10 Jul 2017 13:00:59 -0400", "title": "Bet On More Tech Downside With This ETF", "teaser": "", "body": "", "url": "https://www.benzinga.com/node/9748179", "image": [], "channels": [{"name": "Long Ideas"}, {"name": "News"}, {"name": "Sector ETFs"}, {"name": "Short Ideas"}, {"name": "Specialty ETFs"}, {"name": "Markets"}, {"name": "Tech"}, {"name": "Trading Ideas"}, {"name": "ETFs"}], "stocks": [{"name": "AAPL"}, {"name": "FB"}, {"name": "MSFT"}, {"name": "TECL"}, {"name": "TECS"}], "tags": [{"name": "direxion"}, {"name": "ETFs"}, {"name": "Technology"}]}, {"id": 9758268, "author": "Benzinga", "created": "Mon, 10 Jul 2017 13:54:40 -0400", "updated": "Mon, 10 Jul 2017 13:54:41 -0400", "title": "A Preview Of Boeing's July 26 Q2 Earnings Results", "teaser": "", "body": "", "url": "https://www.benzinga.com/node/9758268", "image": [], "channels": [{"name": "Analyst Color"}, {"name": "Earnings"}, {"name": "Long Ideas"}, {"name": "News"}, {"name": "Price Target"}, {"name": "Previews"}, {"name": "Reiteration"}, {"name": "Travel"}, {"name": "Analyst Ratings"}, {"name": "Trading Ideas"}, {"name": "General"}], "stocks": [{"name": "BA"}], "tags": [{"name": "Baird"}, {"name": "Peter Arment"}]}, {"id": 9757151, "author": "Benzinga", "created": "Mon, 10 Jul 2017 15:14:12 -0400", "updated": "Mon, 10 Jul 2017 15:14:12 -0400", "title": "JJ Kinahan: Big Bank Earnings At Risk In Tough Rate Environment", "teaser": "", "body": "", "url": "https://www.benzinga.com/node/9757151", "image": [], "channels": [{"name": "Earnings"}, {"name": "News"}, {"name": "Previews"}, {"name": "Exclusives"}, {"name": "Trading Ideas"}, {"name": "Interview"}], "stocks": [{"name": "AMTD"}, {"name": "C"}, {"name": "GS"}, {"name": "JPM"}, {"name": "MS"}, {"name": "PNC"}, {"name": "WFC"}], "tags": [{"name": "Earnings"}, {"name": "financial sector"}, {"name": "Interest Rates"}, {"name": "JJ Kinahan"}]}, {"id": 9759489, "author": "Benzinga", "created": "Mon, 10 Jul 2017 15:56:30 -0400", "updated": "Mon, 10 Jul 2017 15:56:31 -0400", "title": "Keep An Eye On Pound/USD This Week", "teaser": "", "body": "", "url": "https://www.benzinga.com/node/9759489", "image": [], "channels": [{"name": "News"}, {"name": "Futures"}, {"name": "Currency ETFs"}, {"name": "Movers & Shakers"}, {"name": "Politics"}, {"name": "Forex"}, {"name": "Travel"}, {"name": "Treasuries"}, {"name": "Federal Reserve"}, {"name": "Markets"}, {"name": "General"}], "stocks": [{"name": "SPY"}, {"name": "V"}], "tags": [{"name": "Bank Of England"}]}, {"id": 9757779, "author": "Benzinga", "created": "Mon, 10 Jul 2017 16:11:38 -0400", "updated": "Mon, 10 Jul 2017 16:11:39 -0400", "title": "The Royalty-Amassing Strategy Of Royalty Pharma", "teaser": "", "body": "", "url": "https://www.benzinga.com/node/9757779", "image": [], "channels": [{"name": "Biotech"}, {"name": "News"}, {"name": "Health Care"}, {"name": "Media"}, {"name": "General"}], "stocks": [{"name": "ABBV"}, {"name": "BIIB"}, {"name": "JNJ"}, {"name": "MRK"}, {"name": "PFE"}, {"name": "PRGO"}, {"name": "VRTX"}, {"name": "XLV"}], "tags": [{"name": "Janssen Biotech"}, {"name": "New York Times"}, {"name": "Royalty Pharma"}]}, {"id": 9759769, "author": "Benzinga", "created": "Mon, 10 Jul 2017 16:19:51 -0400", "updated": "Mon, 10 Jul 2017 16:19:52 -0400", "title": "TD Ameritrade's Investor Movement Index (IMX) For June 2017", "teaser": "", "body": "", "url": "https://www.benzinga.com/node/9759769", "image": [], "channels": [{"name": "Long Ideas"}, {"name": "News"}, {"name": "Short Ideas"}, {"name": "Markets"}, {"name": "Trading Ideas"}], "stocks": [{"name": "AAL"}, {"name": "AAPL"}, {"name": "AMD"}, {"name": "AMZN"}, {"name": "ARNC"}, {"name": "BAC"}, {"name": "BMY"}, {"name": "C"}, {"name": "F"}, {"name": "FB"}, {"name": "MSFT"}, {"name": "NWL"}, {"name": "SHOP"}, {"name": "T"}, {"name": "TSLA"}, {"name": "VZ"}, {"name": "BRK"}], "tags": [{"name": "IMX"}, {"name": "TD Ameritrade"}, {"name": "TD Ameritrade Investor Movement Index"}]}, {"id": 9755218, "author": "Benzinga", "created": "Mon, 10 Jul 2017 16:24:01 -0400", "updated": "Mon, 10 Jul 2017 16:24:02 -0400", "title": "Banking On Bank Earnings With Leveraged ETFs", "teaser": "", "body": "", "url": "https://www.benzinga.com/node/9755218", "image": [], "channels": [{"name": "Earnings"}, {"name": "Long Ideas"}, {"name": "News"}, {"name": "Sector ETFs"}, {"name": "Short Ideas"}, {"name": "Specialty ETFs"}, {"name": "Markets"}, {"name": "Trading Ideas"}, {"name": "ETFs"}], "stocks": [{"name": "BAC"}, {"name": "C"}, {"name": "FAS"}, {"name": "FAZ"}, {"name": "GS"}, {"name": "JPM"}, {"name": "WFC"}, {"name": "DPST"}, {"name": "WDRW"}], "tags": [{"name": "direxion"}, {"name": "Direxion ETF"}]}, {"id": 9758632, "author": "Benzinga", "created": "Mon, 10 Jul 2017 17:07:22 -0400", "updated": "Mon, 10 Jul 2017 17:07:22 -0400", "title": "Will Spotify Stream Into An IPO In 2017?", "teaser": "", "body": "", "url": "https://www.benzinga.com/node/9758632", "image": [], "channels": [{"name": "News"}, {"name": "Previews"}, {"name": "IPOs"}, {"name": "Trading Ideas"}, {"name": "General"}], "stocks": [{"name": "AAPL"}, {"name": "GOOGL"}, {"name": "P"}, {"name": "SNE"}], "tags": [{"name": "Spotify"}]}, {"id": 9756761, "author": "Benzinga", "created": "Mon, 10 Jul 2017 17:10:15 -0400", "updated": "Mon, 10 Jul 2017 17:10:16 -0400", "title": "Petrobras To Offload Assets In Paraguay And Maromba", "teaser": "", "body": "", "url": "https://www.benzinga.com/node/9756761", "image": [], "channels": [{"name": "News"}, {"name": "Commodities"}, {"name": "Previews"}, {"name": "Asset Sales"}, {"name": "Markets"}, {"name": "Trading Ideas"}], "stocks": [{"name": "CNQ"}, {"name": "CVX"}, {"name": "DK"}, {"name": "PBR"}], "tags": []}]