[{"id": 9303039, "author": "Benzinga", "created": "Fri, 14 Apr 2017 15:31:19 -0400", "updated": "Fri, 14 Apr 2017 15:31:21 -0400", "title": "Earnings Season's Back: Stocks With Big Upside", "teaser": "", "body": "", "url": "https://www.benzinga.com/node/9303039", "image": [], "channels": [{"name": "Earnings"}, {"name": "Long Ideas"}, {"name": "News"}, {"name": "Previews"}, {"name": "Trading Ideas"}], "stocks": [{"name": "ABT"}, {"name": "C"}, {"name": "JPM"}, {"name": "SKX"}, {"name": "SYNT"}, {"name": "USG"}, {"name": "WFC"}], "tags": [{"name": "finbox"}]}, {"id": 9298947, "author": "Benzinga", "created": "Fri, 14 Apr 2017 17:13:41 -0400", "updated": "Fri, 14 Apr 2017 17:13:41 -0400", "title": "Jim Cramer: Forget Bank Earnings, Focus On Facebook", "teaser": "", "body": "", "url": "https://www.benzinga.com/node/9298947", "image": [], "channels": [{"name": "Analyst Color"}, {"name": "CNBC"}, {"name": "Earnings"}, {"name": "News"}, {"name": "Jim Cramer"}, {"name": "Analyst Ratings"}, {"name": "Tech"}, {"name": "Media"}], "stocks": [{"name": "C"}, {"name": "FB"}, {"name": "JPM"}, {"name": "SNAP"}, {"name": "WFC"}], "tags": [{"name": "bank earnings"}, {"name": "banks"}, {"name": "Facebook"}, {"name": "Jim Cramer"}, {"name": "Messenger"}, {"name": "SNAP"}, {"name": "SnapChat"}, {"name": "social media"}]}]