[{"id": 9525642, "author": "Benzinga", "created": "Fri, 26 May 2017 07:07:01 -0400", "updated": "Fri, 26 May 2017 07:07:03 -0400", "title": "GEO Group Secures $664 Million In Federal Contracts", "teaser": "", "body": "", "url": "https://www.benzinga.com/node/9525642", "image": [], "channels": [{"name": "News"}, {"name": "Contracts"}, {"name": "Politics"}, {"name": "General"}], "stocks": [{"name": "CVX"}, {"name": "CXW"}, {"name": "GEO"}], "tags": [{"name": "Donald Trump"}, {"name": "private prisons"}]}, {"id": 9527914, "author": "Benzinga", "created": "Fri, 26 May 2017 13:59:30 -0400", "updated": "Fri, 26 May 2017 13:59:30 -0400", "title": "Introducing The Latest Disruptor In Data: Nutanix", "teaser": "", "body": "", "url": "https://www.benzinga.com/node/9527914", "image": [], "channels": [{"name": "Analyst Color"}, {"name": "Earnings"}, {"name": "Long Ideas"}, {"name": "News"}, {"name": "Guidance"}, {"name": "Reiteration"}, {"name": "Analyst Ratings"}, {"name": "Movers"}, {"name": "Tech"}, {"name": "Trading Ideas"}], "stocks": [{"name": "CSCO"}, {"name": "HPQ"}, {"name": "IBM"}, {"name": "NTNX"}], "tags": [{"name": "Bank of America"}, {"name": "Bank of America Merrill Lynch"}, {"name": "Wamsi Mohan"}]}, {"id": 9528785, "author": "Benzinga", "created": "Fri, 26 May 2017 15:00:18 -0400", "updated": "Fri, 26 May 2017 15:00:18 -0400", "title": "What Bears And Bulls Each Liked About Nutanix's Q3", "teaser": "", "body": "", "url": "https://www.benzinga.com/node/9528785", "image": [], "channels": [{"name": "Analyst Color"}, {"name": "Earnings"}, {"name": "Long Ideas"}, {"name": "News"}, {"name": "Guidance"}, {"name": "Reiteration"}, {"name": "Analyst Ratings"}, {"name": "Movers"}, {"name": "Tech"}, {"name": "Trading Ideas"}], "stocks": [{"name": "CSCO"}, {"name": "HPE"}, {"name": "IBM"}, {"name": "NTNX"}], "tags": [{"name": "Alex Kurtz"}, {"name": "Andrew Nowinski"}, {"name": "Bank of America"}, {"name": "Credit Suisse"}, {"name": "Kulbinder Garcha"}, {"name": "Pacific Crest"}, {"name": "Piper Jaffray"}, {"name": "Wamsi Mohan"}]}, {"id": 9527022, "author": "Benzinga", "created": "Fri, 26 May 2017 15:18:06 -0400", "updated": "Fri, 26 May 2017 15:18:06 -0400", "title": "Analysis: Don't Look For The CBO Scoring To Keep AHCA Bill Off Trump's Desk", "teaser": "", "body": "", "url": "https://www.benzinga.com/node/9527022", "image": [], "channels": [{"name": "Analyst Color"}, {"name": "Long Ideas"}, {"name": "News"}, {"name": "Health Care"}, {"name": "Politics"}, {"name": "Markets"}, {"name": "Analyst Ratings"}, {"name": "Trading Ideas"}, {"name": "General"}], "stocks": [{"name": "AET"}, {"name": "HCA"}, {"name": "MOH"}, {"name": "UNH"}, {"name": "XLV"}], "tags": [{"name": "ACA"}, {"name": "Affordable Care Act"}, {"name": "AHCA"}, {"name": "American Health Care Act"}, {"name": "CBO"}, {"name": "Congressional Budget Office"}, {"name": "Donald Trump"}, {"name": "essential health benefits"}, {"name": "Health Insurance"}, {"name": "Height Securities"}, {"name": "high risk pool"}, {"name": "obamacare"}, {"name": "preexisting conditions"}, {"name": "Ryancare"}, {"name": "Stefanie Miller"}, {"name": "Trumpcare"}]}, {"id": 9507581, "author": "Benzinga", "created": "Fri, 26 May 2017 15:43:02 -0400", "updated": "Fri, 26 May 2017 15:43:02 -0400", "title": "The Story Of Lockheed Martin And The $4 Billion Tweet", "teaser": "", "body": "", "url": "https://www.benzinga.com/node/9507581", "image": [], "channels": [{"name": "News"}, {"name": "Education"}, {"name": "Futures"}, {"name": "Politics"}, {"name": "Travel"}, {"name": "Management"}, {"name": "Exclusives"}, {"name": "Markets"}, {"name": "Tech"}, {"name": "Media"}, {"name": "Interview"}, {"name": "General"}], "stocks": [{"name": "FB"}, {"name": "GD"}, {"name": "LMT"}, {"name": "TMUS"}, {"name": "TSLA"}, {"name": "TWTR"}, {"name": "VZ"}], "tags": [{"name": "Donald Trump"}, {"name": "Elon Musk"}, {"name": "John Legere"}]}]