[{"id": 8898423, "author": "Benzinga", "created": "Thu, 12 Jan 2017 07:44:06 -0400", "updated": "Thu, 12 Jan 2017 07:44:07 -0400", "title": "Wall Street's M&A Chatter From January 11", "teaser": "", "body": "", "url": "https://www.benzinga.com/node/8898423", "image": [], "channels": [{"name": "News"}, {"name": "Rumors"}, {"name": "M&A"}], "stocks": [{"name": "CLMS"}, {"name": "FRED"}, {"name": "MEG"}, {"name": "NXST"}, {"name": "RAD"}, {"name": "WBA"}], "tags": []}, {"id": 8898645, "author": "Benzinga", "created": "Thu, 12 Jan 2017 08:53:05 -0400", "updated": "Thu, 12 Jan 2017 08:53:05 -0400", "title": "A Peek Into The Markets: U.S. Stock Futures Drop Ahead Of Jobless Claims, Fed Speakers", "teaser": "", "body": "", "url": "https://www.benzinga.com/node/8898645", "image": [], "channels": [{"name": "Earnings"}, {"name": "News"}, {"name": "Guidance"}, {"name": "Eurozone"}, {"name": "Futures"}, {"name": "Global"}, {"name": "Pre-Market Outlook"}, {"name": "Markets"}], "stocks": [{"name": "AAOI"}, {"name": "DAL"}, {"name": "DIS"}, {"name": "HSGX"}, {"name": "KBH"}], "tags": [{"name": "A Peek Into The Markets"}, {"name": "Pivotal Research"}, {"name": "U.S. stock futures"}]}, {"id": 8898613, "author": "Benzinga", "created": "Thu, 12 Jan 2017 09:25:01 -0400", "updated": "Thu, 12 Jan 2017 09:25:01 -0400", "title": "Wunderlich Very Bullish On Callaway's OGIO Acquisition", "teaser": "", "body": "", "url": "https://www.benzinga.com/node/8898613", "image": [], "channels": [{"name": "Analyst Color"}, {"name": "Long Ideas"}, {"name": "News"}, {"name": "Reiteration"}, {"name": "Sports"}, {"name": "M&A"}, {"name": "Analyst Ratings"}, {"name": "Trading Ideas"}, {"name": "General"}], "stocks": [{"name": "ELY"}, {"name": "NKE"}], "tags": [{"name": "Big Bertha"}, {"name": "Great Big Bertha Epic"}, {"name": "Rommel Dionisio"}, {"name": "Rory McIlroy"}, {"name": "Wunderlich"}]}, {"id": 8898798, "author": "Benzinga", "created": "Thu, 12 Jan 2017 09:26:17 -0400", "updated": "Thu, 12 Jan 2017 09:26:17 -0400", "title": "Apple Looks To Hollywood, 20 Years After Steve Jobs Said Content Makes Great Products", "teaser": "", "body": "", "url": "https://www.benzinga.com/node/8898798", "image": [], "channels": [{"name": "News"}, {"name": "Wall Street Journal"}, {"name": "Rumors"}, {"name": "Tech"}, {"name": "Media"}], "stocks": [{"name": "AAPL"}, {"name": "NFLX"}, {"name": "TWC"}], "tags": [{"name": "Apple Movies"}, {"name": "Apple Music"}, {"name": "Hollywood"}, {"name": "Steve Jobs"}, {"name": "The Wall Street Journal"}, {"name": "WSJ"}]}, {"id": 8898762, "author": "Benzinga", "created": "Thu, 12 Jan 2017 09:33:20 -0400", "updated": "Thu, 12 Jan 2017 09:33:21 -0400", "title": "Study: PCs No Longer A Preferred Gift Item, As 2016 Shipments Decline For 5th Year In A Row", "teaser": "", "body": "", "url": "https://www.benzinga.com/node/8898762", "image": [], "channels": [{"name": "Analyst Color"}, {"name": "News"}, {"name": "Econ #s"}, {"name": "Tech"}, {"name": "Media"}, {"name": "General"}], "stocks": [{"name": "AAPL"}, {"name": "HPQ"}, {"name": "LNVGY"}], "tags": [{"name": "Gartner"}, {"name": "Mikako Kitagawa"}, {"name": "PCs"}]}, {"id": 8898552, "author": "Benzinga", "created": "Thu, 12 Jan 2017 09:55:35 -0400", "updated": "Thu, 12 Jan 2017 09:55:35 -0400", "title": "The Market In 5 Minutes: Jobless Claims Lower, Trump Conference Shakes Sectors", "teaser": "", "body": "", "url": "https://www.benzinga.com/node/8898552", "image": [], "channels": [{"name": "News"}, {"name": "Global"}, {"name": "Top Stories"}, {"name": "Pre-Market Outlook"}, {"name": "Markets"}], "stocks": [{"name": "AAPL"}, {"name": "CBS"}, {"name": "CI"}, {"name": "CRM"}, {"name": "DAL"}, {"name": "DIS"}, {"name": "FCEL"}, {"name": "FRED"}, {"name": "MRK"}, {"name": "MYL"}, {"name": "NOC"}, {"name": "RAD"}, {"name": "SPU"}, {"name": "SPY"}, {"name": "TWLO"}, {"name": "TWTR"}, {"name": "USO"}, {"name": "WBA"}], "tags": [{"name": "the market in 5 minutes"}]}, {"id": 8899037, "author": "Benzinga", "created": "Thu, 12 Jan 2017 10:06:07 -0400", "updated": "Thu, 12 Jan 2017 10:06:07 -0400", "title": "Merck's Leadership Position In Immuno Oncology Is Improving", "teaser": "", "body": "", "url": "https://www.benzinga.com/node/8899037", "image": [], "channels": [{"name": "Analyst Color"}, {"name": "Biotech"}, {"name": "Long Ideas"}, {"name": "News"}, {"name": "Upgrades"}, {"name": "Health Care"}, {"name": "Price Target"}, {"name": "FDA"}, {"name": "Analyst Ratings"}, {"name": "Movers"}, {"name": "Trading Ideas"}, {"name": "General"}], "stocks": [{"name": "MRK"}], "tags": [{"name": "David Risinger"}, {"name": "Keytruda"}, {"name": "Morgan Stanley"}]}, {"id": 8898828, "author": "Benzinga", "created": "Thu, 12 Jan 2017 10:24:06 -0400", "updated": "Thu, 12 Jan 2017 10:24:07 -0400", "title": "Wells Fargo Cuts Apple Estimates", "teaser": "", "body": "", "url": "https://www.benzinga.com/node/8898828", "image": [], "channels": [{"name": "Analyst Color"}, {"name": "News"}, {"name": "Movers"}, {"name": "Tech"}], "stocks": [{"name": "AAPL"}], "tags": [{"name": "Wells Fargo"}]}, {"id": 8899445, "author": "Benzinga", "created": "Thu, 12 Jan 2017 10:59:46 -0400", "updated": "Thu, 12 Jan 2017 10:59:47 -0400", "title": "Disney Downgraded To Sell As Its Subscription Base Continues To Erode", "teaser": "", "body": "", "url": "https://www.benzinga.com/node/8899445", "image": [], "channels": [{"name": "Analyst Color"}, {"name": "News"}, {"name": "Short Ideas"}, {"name": "Downgrades"}, {"name": "Price Target"}, {"name": "Analyst Ratings"}, {"name": "Movers"}, {"name": "Tech"}, {"name": "Trading Ideas"}], "stocks": [{"name": "DIS"}], "tags": [{"name": "Brian Wieser"}, {"name": "ESPN"}, {"name": "Pivotal Research Group"}]}, {"id": 8899022, "author": "Benzinga", "created": "Thu, 12 Jan 2017 11:11:02 -0400", "updated": "Thu, 12 Jan 2017 11:11:02 -0400", "title": "Favorable News On Keytruda Drives Piper Jaffray's Upgrade Of Merck", "teaser": "", "body": "", "url": "https://www.benzinga.com/node/8899022", "image": [], "channels": [{"name": "Analyst Color"}, {"name": "Biotech"}, {"name": "Long Ideas"}, {"name": "News"}, {"name": "Upgrades"}, {"name": "Health Care"}, {"name": "Price Target"}, {"name": "FDA"}, {"name": "Events"}, {"name": "Analyst Ratings"}, {"name": "Movers"}, {"name": "Trading Ideas"}, {"name": "General"}], "stocks": [{"name": "MRK"}], "tags": [{"name": "KEYNOTE 021G"}, {"name": "Keytruda"}, {"name": "Piper Jaffray"}, {"name": "Richard J. Purkiss"}]}, {"id": 8899465, "author": "Benzinga", "created": "Thu, 12 Jan 2017 12:11:25 -0400", "updated": "Thu, 12 Jan 2017 12:11:25 -0400", "title": "SocGen Upgrades Bank Of America, Morgan Stanley, UBS Ahead Of Q4 Earnings", "teaser": "", "body": "", "url": "https://www.benzinga.com/node/8899465", "image": [], "channels": [{"name": "Analyst Color"}, {"name": "Earnings"}, {"name": "Long Ideas"}, {"name": "News"}, {"name": "Upgrades"}, {"name": "Price Target"}, {"name": "Previews"}, {"name": "Reiteration"}, {"name": "Analyst Ratings"}, {"name": "Trading Ideas"}], "stocks": [{"name": "BAC"}, {"name": "C"}, {"name": "JPM"}, {"name": "MS"}, {"name": "UBS"}], "tags": [{"name": "Andrew Lim"}, {"name": "SocGen"}]}, {"id": 8899593, "author": "Benzinga", "created": "Thu, 12 Jan 2017 13:00:08 -0400", "updated": "Thu, 12 Jan 2017 13:00:08 -0400", "title": "Pivotal Downgrades 7 Stocks Ahead Of Trump Inauguration", "teaser": "", "body": "", "url": "https://www.benzinga.com/node/8899593", "image": [], "channels": [{"name": "Analyst Color"}, {"name": "News"}, {"name": "Short Ideas"}, {"name": "Downgrades"}, {"name": "Politics"}, {"name": "Analyst Ratings"}, {"name": "Movers"}, {"name": "Trading Ideas"}, {"name": "General"}], "stocks": [{"name": "ADBE"}, {"name": "CBS"}, {"name": "CRM"}, {"name": "DIS"}, {"name": "DISCA"}, {"name": "IPG"}, {"name": "T"}, {"name": "TWTR"}, {"name": "TWX"}], "tags": [{"name": "Donald Trump"}, {"name": "Pivotal Research Group"}, {"name": "Trump Era"}]}, {"id": 8899833, "author": "Benzinga", "created": "Thu, 12 Jan 2017 13:11:41 -0400", "updated": "Thu, 12 Jan 2017 13:11:42 -0400", "title": "How Wal-Mart Contract Will Boost Workday Revenue", "teaser": "", "body": "", "url": "https://www.benzinga.com/node/8899833", "image": [], "channels": [{"name": "Analyst Color"}, {"name": "Long Ideas"}, {"name": "News"}, {"name": "Price Target"}, {"name": "Contracts"}, {"name": "Reiteration"}, {"name": "Analyst Ratings"}, {"name": "Trading Ideas"}], "stocks": [{"name": "BAC"}, {"name": "FDX"}, {"name": "HPQ"}, {"name": "IBM"}, {"name": "WDAY"}, {"name": "WMT"}], "tags": [{"name": "Baird"}, {"name": "Brian White"}, {"name": "Drexel Hamilton"}, {"name": "Steven Ashley"}]}, {"id": 8896429, "author": "Benzinga", "created": "Thu, 12 Jan 2017 13:20:22 -0400", "updated": "Thu, 12 Jan 2017 13:20:22 -0400", "title": "Too Many Slices In The Pizza Pie! What's Behind Recent Pizza Promotions?", "teaser": "", "body": "", "url": "https://www.benzinga.com/node/8896429", "image": [], "channels": [{"name": "News"}, {"name": "Restaurants"}, {"name": "Trading Ideas"}, {"name": "General"}], "stocks": [{"name": "CMG"}, {"name": "DPZ"}, {"name": "FRSH"}, {"name": "PZZA"}, {"name": "V"}, {"name": "YUM"}], "tags": []}, {"id": 8899242, "author": "Benzinga", "created": "Thu, 12 Jan 2017 13:31:13 -0400", "updated": "Thu, 12 Jan 2017 13:31:13 -0400", "title": "IBM Q4 Earnings Preview: 4 Key Metrics To Monitor", "teaser": "", "body": "", "url": "https://www.benzinga.com/node/8899242", "image": [], "channels": [{"name": "Analyst Color"}, {"name": "Earnings"}, {"name": "News"}, {"name": "Previews"}, {"name": "Reiteration"}, {"name": "Analyst Ratings"}, {"name": "Tech"}, {"name": "Trading Ideas"}], "stocks": [{"name": "IBM"}], "tags": [{"name": "Richard Nguyen"}, {"name": "Societe Generale"}]}, {"id": 8901051, "author": "Benzinga", "created": "Thu, 12 Jan 2017 14:44:39 -0400", "updated": "Thu, 12 Jan 2017 14:44:39 -0400", "title": "Salesforce's New Hire, Monica Langley, Might Help Company Land Its Next Major Acquisition", "teaser": "", "body": "", "url": "https://www.benzinga.com/node/8901051", "image": [], "channels": [{"name": "News"}, {"name": "Politics"}, {"name": "Management"}, {"name": "Top Stories"}, {"name": "General"}], "stocks": [{"name": "CRM"}, {"name": "TWTR"}], "tags": [{"name": "Donald Trump"}, {"name": "Monica Langley"}]}, {"id": 8900748, "author": "Benzinga", "created": "Thu, 12 Jan 2017 14:48:20 -0400", "updated": "Thu, 12 Jan 2017 14:48:20 -0400", "title": "Straight Path: From Bankruptcy To Massively Relevant In The Spectrum Space", "teaser": "", "body": "", "url": "https://www.benzinga.com/node/8900748", "image": [], "channels": [{"name": "News"}, {"name": "Legal"}, {"name": "Movers"}, {"name": "Tech"}], "stocks": [{"name": "STRP"}, {"name": "T"}, {"name": "VZ"}], "tags": []}, {"id": 8900880, "author": "Benzinga", "created": "Thu, 12 Jan 2017 15:11:56 -0400", "updated": "Thu, 12 Jan 2017 15:11:56 -0400", "title": "What's In Store For IBM's Q4 Earnings Report?", "teaser": "", "body": "", "url": "https://www.benzinga.com/node/8900880", "image": [], "channels": [{"name": "Analyst Color"}, {"name": "Earnings"}, {"name": "News"}, {"name": "Previews"}, {"name": "Analyst Ratings"}, {"name": "Tech"}, {"name": "Trading Ideas"}], "stocks": [{"name": "IBM"}], "tags": [{"name": "Stifel"}, {"name": "The Motley Fool"}]}, {"id": 8901040, "author": "Benzinga", "created": "Thu, 12 Jan 2017 15:35:36 -0400", "updated": "Thu, 12 Jan 2017 15:35:36 -0400", "title": "Wells Fargo: We Share Retailer's Concerns On Monster Beverage", "teaser": "", "body": "", "url": "https://www.benzinga.com/node/8901040", "image": [], "channels": [{"name": "Analyst Color"}, {"name": "News"}, {"name": "Reiteration"}, {"name": "Analyst Ratings"}], "stocks": [{"name": "KO"}, {"name": "MNST"}], "tags": [{"name": "Bonnie Herzog"}, {"name": "Wells Fargo"}]}, {"id": 8901089, "author": "Benzinga", "created": "Thu, 12 Jan 2017 15:44:47 -0400", "updated": "Thu, 12 Jan 2017 15:44:47 -0400", "title": "Pace Of Apple Innovation Frustrates Product Fans, Rewards Investors", "teaser": "", "body": "", "url": "https://www.benzinga.com/node/8901089", "image": [], "channels": [{"name": "Analyst Color"}, {"name": "News"}, {"name": "Analyst Ratings"}, {"name": "Tech"}, {"name": "Media"}], "stocks": [{"name": "AAPL"}, {"name": "PYPL"}], "tags": [{"name": "Andrew Murphy"}, {"name": "LoupVentures"}, {"name": "Peter Thiel"}, {"name": "Steve Jobs"}, {"name": "Tim Cook"}]}, {"id": 8900924, "author": "Benzinga", "created": "Thu, 12 Jan 2017 15:54:14 -0400", "updated": "Thu, 12 Jan 2017 15:54:14 -0400", "title": "Will Apple Be The New HBO?", "teaser": "", "body": "", "url": "https://www.benzinga.com/node/8900924", "image": [], "channels": [{"name": "News"}, {"name": "Rumors"}, {"name": "Tech"}, {"name": "Media"}], "stocks": [{"name": "AAPL"}, {"name": "NFLX"}], "tags": [{"name": "Bloomberg"}, {"name": "Bloomberg Gadfly"}, {"name": "Gadfly"}, {"name": "Shira Ovide"}]}]