[{"id": 9122097, "author": "Benzinga", "created": "Fri, 03 Mar 2017 10:18:04 -0400", "updated": "Fri, 03 Mar 2017 10:18:05 -0400", "title": "Puma Exec Talks Turnaround, Retro Trends And Sales Performance: 'Not A Fly-By-Night Success'", "teaser": "", "body": "", "url": "https://www.benzinga.com/node/9122097", "image": [], "channels": [{"name": "News"}, {"name": "Interview"}], "stocks": [{"name": "NKE"}], "tags": [{"name": "Kylie Jenner"}, {"name": "Michael L\u00e4mmerman"}, {"name": "Rihanna"}]}, {"id": 9126665, "author": "Benzinga", "created": "Fri, 03 Mar 2017 11:15:26 -0400", "updated": "Fri, 03 Mar 2017 11:15:29 -0400", "title": "The Market In 5 Minutes", "teaser": "", "body": "", "url": "https://www.benzinga.com/node/9126665", "image": [], "channels": [{"name": "News"}, {"name": "Global"}, {"name": "Top Stories"}, {"name": "Markets"}], "stocks": [{"name": "AAPL"}, {"name": "ADSW"}, {"name": "CAT"}, {"name": "CMCSA"}, {"name": "EXPE"}, {"name": "KR"}, {"name": "NTNX"}, {"name": "PEP"}, {"name": "SO"}, {"name": "SPY"}, {"name": "SWN"}], "tags": [{"name": "Market in 5 minutes"}]}, {"id": 9126281, "author": "Benzinga", "created": "Fri, 03 Mar 2017 12:05:51 -0400", "updated": "Fri, 03 Mar 2017 12:05:52 -0400", "title": "Kroger Stands Its Ground In Price War With Wal-Mart, But Do Market Share Gains Offset Declining Comps?", "teaser": "", "body": "", "url": "https://www.benzinga.com/node/9126281", "image": [], "channels": [{"name": "Analyst Color"}, {"name": "Earnings"}, {"name": "Long Ideas"}, {"name": "News"}, {"name": "Guidance"}, {"name": "Price Target"}, {"name": "Analyst Ratings"}, {"name": "Movers"}, {"name": "Trading Ideas"}], "stocks": [{"name": "KR"}, {"name": "WMT"}], "tags": [{"name": "Deutsche Bank"}, {"name": "Shane Higgins"}]}, {"id": 9126642, "author": "Benzinga", "created": "Fri, 03 Mar 2017 12:28:10 -0400", "updated": "Fri, 03 Mar 2017 12:28:11 -0400", "title": "Winners From A Border Adjustment Tax", "teaser": "", "body": "", "url": "https://www.benzinga.com/node/9126642", "image": [], "channels": [{"name": "News"}, {"name": "Emerging Markets"}, {"name": "Politics"}, {"name": "Topics"}, {"name": "Legal"}, {"name": "Global"}, {"name": "Markets"}, {"name": "Media"}, {"name": "General"}], "stocks": [{"name": "AMZN"}, {"name": "HD"}, {"name": "KMX"}, {"name": "LOW"}], "tags": [{"name": "Bloomberg"}, {"name": "Border Tax"}, {"name": "Donald Trump"}, {"name": "RBC Capital Markets"}, {"name": "retailers"}, {"name": "Scot Ciccarelli"}]}, {"id": 9122038, "author": "Benzinga", "created": "Fri, 03 Mar 2017 12:43:10 -0400", "updated": "Fri, 03 Mar 2017 12:43:10 -0400", "title": "Indian Dream Fizzling Out: Indian State Pulls U.S. Soft Drinks Over Water Scarcity", "teaser": "", "body": "", "url": "https://www.benzinga.com/node/9122038", "image": [], "channels": [{"name": "Earnings"}, {"name": "News"}, {"name": "Guidance"}, {"name": "Emerging Markets"}, {"name": "Global"}, {"name": "Markets"}, {"name": "Trading Ideas"}], "stocks": [{"name": "KO"}, {"name": "PEP"}], "tags": [{"name": "Amit Srivastava"}, {"name": "Caf\u00e9 ZeeZicht"}, {"name": "India"}, {"name": "Indian Beverage Association"}, {"name": "NGO India Resource Centre"}, {"name": "Tamil Nadu"}, {"name": "Vanigar Sangam"}, {"name": "Vikram Raja"}, {"name": "Washington Post"}]}, {"id": 9127749, "author": "Benzinga", "created": "Fri, 03 Mar 2017 14:14:08 -0400", "updated": "Fri, 03 Mar 2017 14:14:08 -0400", "title": "Rite Aid Participating In Pharmacy/Convenience Store Slide", "teaser": "", "body": "", "url": "https://www.benzinga.com/node/9127749", "image": [], "channels": [{"name": "News"}, {"name": "Technicals"}, {"name": "Intraday Update"}, {"name": "Movers"}, {"name": "Trading Ideas"}], "stocks": [{"name": "FRED"}, {"name": "RAD"}, {"name": "WBA"}], "tags": []}, {"id": 9127360, "author": "Benzinga", "created": "Fri, 03 Mar 2017 14:46:51 -0400", "updated": "Fri, 03 Mar 2017 14:46:51 -0400", "title": "Amazon's AWS Outage Will Shed 2% Revenue: Here Is The Math Behind The Number", "teaser": "", "body": "", "url": "https://www.benzinga.com/node/9127360", "image": [], "channels": [{"name": "Analyst Color"}, {"name": "News"}, {"name": "Tech"}], "stocks": [{"name": "AAPL"}, {"name": "ADBE"}, {"name": "AMZN"}, {"name": "NFLX"}], "tags": [{"name": "Amazon"}, {"name": "AWS"}, {"name": "AWS Outage"}, {"name": "Global Equities Research"}, {"name": "Trip Chowdhry"}]}, {"id": 9126923, "author": "Benzinga", "created": "Fri, 03 Mar 2017 15:27:25 -0400", "updated": "Fri, 03 Mar 2017 15:27:25 -0400", "title": "Fallout Of Record High Gap Between New, Used Car Loans For Auto Lenders", "teaser": "", "body": "", "url": "https://www.benzinga.com/node/9126923", "image": [], "channels": [{"name": "News"}, {"name": "Education"}, {"name": "Personal Finance"}, {"name": "General"}], "stocks": [{"name": "ALLY"}, {"name": "COF"}, {"name": "JPM"}, {"name": "SC"}], "tags": [{"name": "Bloomberg"}, {"name": "Bloomberg Gadfly"}, {"name": "Experian"}, {"name": "Gadfly"}, {"name": "Lisa Abramowicz"}, {"name": "Melinda Zabritski"}]}, {"id": 9126425, "author": "Benzinga", "created": "Fri, 03 Mar 2017 16:52:36 -0400", "updated": "Fri, 03 Mar 2017 16:52:37 -0400", "title": "What Happened To Target's E-Commerce Business?", "teaser": "", "body": "", "url": "https://www.benzinga.com/node/9126425", "image": [], "channels": [{"name": "Earnings"}, {"name": "News"}, {"name": "Guidance"}, {"name": "Movers"}, {"name": "Tech"}, {"name": "Trading Ideas"}], "stocks": [{"name": "AMZN"}, {"name": "TGT"}, {"name": "WMT"}], "tags": [{"name": "e-commerce"}, {"name": "Jet.com"}, {"name": "Omnichannel"}]}, {"id": 9122111, "author": "Benzinga", "created": "Fri, 03 Mar 2017 17:09:49 -0400", "updated": "Fri, 03 Mar 2017 17:09:49 -0400", "title": "Exclusive: CBMG CEO Talks Stem-Cell Therapies, Cancer Treatments, Financials & The Chinese Market", "teaser": "", "body": "", "url": "https://www.benzinga.com/node/9122111", "image": [], "channels": [{"name": "Biotech"}, {"name": "News"}, {"name": "Emerging Markets"}, {"name": "Health Care"}, {"name": "Events"}, {"name": "Exclusives"}, {"name": "Markets"}, {"name": "Tech"}, {"name": "Interview"}, {"name": "General"}], "stocks": [{"name": "AZN"}, {"name": "BABA"}, {"name": "CBMG"}, {"name": "MSFT"}], "tags": [{"name": "Biotech"}, {"name": "cancer"}, {"name": "China"}, {"name": "oncology"}, {"name": "stem cells"}]}, {"id": 9129320, "author": "Benzinga", "created": "Fri, 03 Mar 2017 17:38:50 -0400", "updated": "Fri, 03 Mar 2017 17:38:50 -0400", "title": "It's No Secret: Retail Investors Love Snapchat", "teaser": "", "body": "", "url": "https://www.benzinga.com/node/9129320", "image": [], "channels": [{"name": "News"}, {"name": "IPOs"}, {"name": "Top Stories"}, {"name": "Exclusives"}, {"name": "Tech"}, {"name": "Interview"}], "stocks": [{"name": "AAPL"}, {"name": "AMZN"}, {"name": "SNAP"}, {"name": "TSLA"}], "tags": [{"name": "Dan Schatt"}, {"name": "SnapChat"}, {"name": "Stockpile"}]}, {"id": 9129465, "author": "Benzinga", "created": "Fri, 03 Mar 2017 17:40:09 -0400", "updated": "Fri, 03 Mar 2017 17:40:10 -0400", "title": "Benzinga's Option Alert Recap From March 3", "teaser": "", "body": "", "url": "https://www.benzinga.com/node/9129465", "image": [], "channels": [{"name": "News"}, {"name": "Options"}, {"name": "After-Hours Center"}, {"name": "Markets"}, {"name": "Movers"}, {"name": "Trading Ideas"}], "stocks": [{"name": "ACOR"}, {"name": "AKAM"}, {"name": "CRM"}, {"name": "ESV"}, {"name": "FRED"}, {"name": "ICON"}, {"name": "IMMU"}, {"name": "MDXG"}, {"name": "NKE"}, {"name": "P"}, {"name": "PEGI"}, {"name": "POST"}, {"name": "RAD"}, {"name": "SXL"}, {"name": "W"}, {"name": "WDC"}], "tags": [{"name": "option trading"}, {"name": "options"}, {"name": "Options Alerts"}, {"name": "options definition"}, {"name": "Options Recap"}, {"name": "options trading"}, {"name": "options trading for dummies"}, {"name": "options trading strategies"}, {"name": "Optionshouse"}, {"name": "trading stock options"}, {"name": "types of options"}]}]