[{"id": 9351363, "author": "Benzinga", "created": "Sun, 30 Apr 2017 12:38:10 -0400", "updated": "Sun, 30 Apr 2017 12:38:10 -0400", "title": "Weed Vs. Opioids: Nontraditional And Traditional Biotech Take On Wall Street, But Who's Winning?", "teaser": "", "body": "", "url": "https://www.benzinga.com/node/9351363", "image": [], "channels": [{"name": "Biotech"}, {"name": "Long Ideas"}, {"name": "News"}, {"name": "Emerging Markets"}, {"name": "Health Care"}, {"name": "Politics"}, {"name": "Topics"}, {"name": "Exclusives"}, {"name": "Markets"}, {"name": "Movers"}, {"name": "Trading Ideas"}, {"name": "Interview"}, {"name": "General"}], "stocks": [{"name": "ABBV"}, {"name": "ABT"}, {"name": "ACBFF"}, {"name": "APHQF"}, {"name": "CANN"}, {"name": "CBDS"}, {"name": "CNBX"}, {"name": "DEPO"}, {"name": "ENDP"}, {"name": "GWPH"}, {"name": "IIPR"}, {"name": "INSY"}, {"name": "JNJ"}, {"name": "NVS"}, {"name": "PFE"}, {"name": "PRMCF"}, {"name": "THCBF"}, {"name": "TRTC"}, {"name": "TWMJF"}, {"name": "ZYNE"}], "tags": [{"name": "Canada"}, {"name": "cannabis"}, {"name": "cannabis news"}, {"name": "cannabis oil"}, {"name": "cannabis vs opioids"}, {"name": "Ganja"}, {"name": "how to invest in marijuana"}, {"name": "invest in marijuana"}, {"name": "legal marijuana"}, {"name": "legal marijuana stocks"}, {"name": "legal weed"}, {"name": "marijuana"}, {"name": "marijuana news"}, {"name": "marijuana stocks"}, {"name": "marijuana vs opioids"}, {"name": "medical cannabis"}, {"name": "medical marijuana"}, {"name": "opioid addiction"}, {"name": "opioid alternatives"}, {"name": "Opioids"}, {"name": "pot"}, {"name": "Recreational Marijuana"}, {"name": "THC"}, {"name": "trump marijuana"}, {"name": "weed"}, {"name": "weed stock"}, {"name": "Weed vs opioids"}]}]