[{"id": 9490983, "author": "Benzinga", "created": "Fri, 19 May 2017 05:35:56 -0400", "updated": "Fri, 19 May 2017 05:35:56 -0400", "title": "8 Stocks To Watch For May 19, 2017", "teaser": "", "body": "", "url": "https://www.benzinga.com/node/9490983", "image": [], "channels": [{"name": "Earnings"}, {"name": "News"}, {"name": "Guidance"}, {"name": "Pre-Market Outlook"}, {"name": "Markets"}, {"name": "Trading Ideas"}], "stocks": [{"name": "ADSK"}, {"name": "CPB"}, {"name": "CRM"}, {"name": "DE"}, {"name": "FL"}, {"name": "GPS"}, {"name": "MCK"}, {"name": "ROST"}], "tags": [{"name": "Health Care"}, {"name": "Health Care Distributors"}, {"name": "Stocks To Watch"}, {"name": "Stocks to Watch"}]}, {"id": 9487687, "author": "Benzinga", "created": "Fri, 19 May 2017 07:46:45 -0400", "updated": "Fri, 19 May 2017 07:46:45 -0400", "title": "Cisco's Sell-Side Roundup: The Good And Bad In Q3, And What's Next", "teaser": "", "body": "", "url": "https://www.benzinga.com/node/9487687", "image": [], "channels": [{"name": "Analyst Color"}, {"name": "Earnings"}, {"name": "Long Ideas"}, {"name": "News"}, {"name": "Guidance"}, {"name": "Reiteration"}, {"name": "Top Stories"}, {"name": "Analyst Ratings"}, {"name": "Tech"}, {"name": "Trading Ideas"}], "stocks": [{"name": "CSCO"}], "tags": [{"name": "Cisco"}, {"name": "Citi"}, {"name": "Cowen"}, {"name": "Donald Trump"}, {"name": "Jim Suva"}, {"name": "Matthew Robison"}, {"name": "Michael Genovese"}, {"name": "MKM Partners"}, {"name": "Paul Silverstein"}, {"name": "Technology Stocks"}, {"name": "Wunderlich"}]}, {"id": 9488518, "author": "Benzinga", "created": "Fri, 19 May 2017 08:21:38 -0400", "updated": "Fri, 19 May 2017 08:21:38 -0400", "title": "The Most Notable Abstracts Released Ahead Of ASCO 2017", "teaser": "", "body": "", "url": "https://www.benzinga.com/node/9488518", "image": [], "channels": [{"name": "Biotech"}, {"name": "News"}, {"name": "Health Care"}, {"name": "Previews"}, {"name": "FDA"}, {"name": "Events"}, {"name": "Trading Ideas"}, {"name": "General"}], "stocks": [{"name": "BMY"}, {"name": "CYTR"}, {"name": "EPIX"}, {"name": "IMGN"}, {"name": "INCY"}, {"name": "LPTX"}, {"name": "MRK"}, {"name": "MRUS"}, {"name": "NLNK"}, {"name": "RHHBY"}, {"name": "SNDX"}, {"name": "DNDNQ"}], "tags": [{"name": "American Society of Clinical Oncology"}, {"name": "ASCO"}, {"name": "Conquer Cancer Foundation"}, {"name": "Keytruda"}, {"name": "Opdivo"}]}, {"id": 9491426, "author": "Benzinga", "created": "Fri, 19 May 2017 08:44:39 -0400", "updated": "Fri, 19 May 2017 08:44:40 -0400", "title": "The Market In 5 Minutes", "teaser": "", "body": "", "url": "https://www.benzinga.com/node/9491426", "image": [], "channels": [{"name": "News"}, {"name": "Short Sellers"}, {"name": "Global"}, {"name": "Top Stories"}, {"name": "Pre-Market Outlook"}, {"name": "Markets"}], "stocks": [{"name": "BKE"}, {"name": "CORI"}, {"name": "JCP"}, {"name": "LL"}, {"name": "P"}, {"name": "PANW"}, {"name": "SYMC"}, {"name": "WMT"}], "tags": [{"name": "Jim Chanos"}, {"name": "Market in 5 minutes"}]}, {"id": 9492169, "author": "Benzinga", "created": "Fri, 19 May 2017 10:21:43 -0400", "updated": "Fri, 19 May 2017 10:21:43 -0400", "title": "2 Salesforce Q1 Initiatives Warmly Received By Customers", "teaser": "", "body": "", "url": "https://www.benzinga.com/node/9492169", "image": [], "channels": [{"name": "Analyst Color"}, {"name": "Earnings"}, {"name": "Long Ideas"}, {"name": "News"}, {"name": "Guidance"}, {"name": "Emerging Markets"}, {"name": "Reiteration"}, {"name": "Markets"}, {"name": "Analyst Ratings"}, {"name": "Tech"}, {"name": "Trading Ideas"}], "stocks": [{"name": "AMZN"}, {"name": "CRM"}, {"name": "NTRS"}, {"name": "V"}], "tags": [{"name": "Amazon AWS"}, {"name": "AWS"}, {"name": "Mizuno"}, {"name": "Parker Lane"}, {"name": "Quip"}, {"name": "Softbank"}, {"name": "Steelbrick CPQ"}, {"name": "Stifel"}, {"name": "Tom Roderick"}]}, {"id": 9492454, "author": "Benzinga", "created": "Fri, 19 May 2017 11:14:39 -0400", "updated": "Fri, 19 May 2017 11:14:39 -0400", "title": "Wal-Mart Showing Signs Of Life; Analyst Upgrades", "teaser": "", "body": "", "url": "https://www.benzinga.com/node/9492454", "image": [], "channels": [{"name": "Analyst Color"}, {"name": "Earnings"}, {"name": "News"}, {"name": "Guidance"}, {"name": "Upgrades"}, {"name": "Price Target"}, {"name": "Analyst Ratings"}], "stocks": [{"name": "WMT"}], "tags": [{"name": "BMO"}, {"name": "BMO Capital Markets"}, {"name": "Wayne Hood"}]}, {"id": 9492814, "author": "Benzinga", "created": "Fri, 19 May 2017 11:52:26 -0400", "updated": "Fri, 19 May 2017 11:52:27 -0400", "title": "For Salesforce, The Sum Is Worth More Than The Parts", "teaser": "", "body": "", "url": "https://www.benzinga.com/node/9492814", "image": [], "channels": [{"name": "Analyst Color"}, {"name": "Earnings"}, {"name": "Long Ideas"}, {"name": "News"}, {"name": "Guidance"}, {"name": "Reiteration"}, {"name": "Analyst Ratings"}, {"name": "Tech"}, {"name": "Trading Ideas"}], "stocks": [{"name": "CRM"}], "tags": [{"name": "Abhinav Kapur"}, {"name": "btig"}, {"name": "Edward Parker"}, {"name": "Einstein AI"}, {"name": "Joel Fishbein"}]}, {"id": 9492931, "author": "Benzinga", "created": "Fri, 19 May 2017 12:28:28 -0400", "updated": "Fri, 19 May 2017 12:28:29 -0400", "title": "The Pros, The Cons And The Bottom Line In Salesforce's Q1 Earnings Report", "teaser": "", "body": "", "url": "https://www.benzinga.com/node/9492931", "image": [], "channels": [{"name": "Analyst Color"}, {"name": "Earnings"}, {"name": "Long Ideas"}, {"name": "News"}, {"name": "Guidance"}, {"name": "Upgrades"}, {"name": "Price Target"}, {"name": "Analyst Ratings"}, {"name": "Trading Ideas"}], "stocks": [{"name": "CRM"}], "tags": [{"name": "Brian Schwartz"}, {"name": "Koji Ikeda"}, {"name": "Oppenheimer"}]}, {"id": 9493550, "author": "Benzinga", "created": "Fri, 19 May 2017 14:19:43 -0400", "updated": "Fri, 19 May 2017 14:19:44 -0400", "title": "Wal-Mart's International Biz Slows, Transformation Still In Progress", "teaser": "", "body": "", "url": "https://www.benzinga.com/node/9493550", "image": [], "channels": [{"name": "Analyst Color"}, {"name": "Earnings"}, {"name": "News"}, {"name": "Guidance"}, {"name": "Reiteration"}, {"name": "Analyst Ratings"}], "stocks": [{"name": "AMZN"}, {"name": "WMT"}], "tags": [{"name": "Amazon"}, {"name": "Jet.com"}, {"name": "Michael Lasser"}, {"name": "UBS"}, {"name": "Walmart"}]}, {"id": 9495180, "author": "Benzinga", "created": "Fri, 19 May 2017 17:00:58 -0400", "updated": "Fri, 19 May 2017 17:00:58 -0400", "title": "Benzinga's Option Alert Recap From May 19", "teaser": "", "body": "", "url": "https://www.benzinga.com/node/9495180", "image": [], "channels": [{"name": "News"}, {"name": "Options"}, {"name": "After-Hours Center"}, {"name": "Markets"}, {"name": "Movers"}, {"name": "Trading Ideas"}], "stocks": [{"name": "ESPR"}, {"name": "GIMO"}, {"name": "GSAT"}, {"name": "HLF"}, {"name": "MAT"}, {"name": "MDLZ"}, {"name": "MDRX"}, {"name": "NKE"}, {"name": "RHI"}, {"name": "RT"}, {"name": "SBUX"}, {"name": "SNAP"}], "tags": [{"name": "option trading"}, {"name": "options"}, {"name": "Options Alerts"}, {"name": "options definition"}, {"name": "Options Recap"}, {"name": "options trading"}, {"name": "options trading for dummies"}, {"name": "options trading strategies"}, {"name": "Optionshouse"}, {"name": "trading stock options"}, {"name": "types of options"}]}]