[{"id": 9538033, "author": "Benzinga", "created": "Wed, 31 May 2017 09:14:15 -0400", "updated": "Wed, 31 May 2017 09:14:16 -0400", "title": "Following Lackluster Memorial Day, 2017 Might Be A Flop For Summer Blockbusters", "teaser": "", "body": "", "url": "https://www.benzinga.com/node/9538033", "image": [], "channels": [{"name": "News"}, {"name": "Econ #s"}, {"name": "Markets"}, {"name": "Tech"}, {"name": "Media"}, {"name": "Trading Ideas"}, {"name": "General"}], "stocks": [{"name": "DIS"}, {"name": "FOXA"}, {"name": "VIAB"}], "tags": [{"name": "Box Office Mojo"}, {"name": "BZTV"}]}, {"id": 9542306, "author": "Benzinga", "created": "Wed, 31 May 2017 10:58:52 -0400", "updated": "Wed, 31 May 2017 10:58:53 -0400", "title": "4 Takeaways From Advanced Micro Devices' Recent Trade Show Product Update", "teaser": "", "body": "", "url": "https://www.benzinga.com/node/9542306", "image": [], "channels": [{"name": "Analyst Color"}, {"name": "Long Ideas"}, {"name": "News"}, {"name": "Reiteration"}, {"name": "Events"}, {"name": "Analyst Ratings"}, {"name": "Tech"}, {"name": "Trading Ideas"}], "stocks": [{"name": "AMD"}, {"name": "HPQ"}, {"name": "INTC"}], "tags": [{"name": "David Wong"}, {"name": "Loop Capital"}, {"name": "Macquarie"}, {"name": "Radeon"}, {"name": "Ryzen"}, {"name": "Wells Fargo"}]}, {"id": 9542371, "author": "Benzinga", "created": "Wed, 31 May 2017 11:10:39 -0400", "updated": "Wed, 31 May 2017 11:10:39 -0400", "title": "Exact Sciences' Cologuard Added To United Healthcare's Preventive Care Guidelines: Should You Care?", "teaser": "", "body": "", "url": "https://www.benzinga.com/node/9542371", "image": [], "channels": [{"name": "Analyst Color"}, {"name": "Biotech"}, {"name": "Long Ideas"}, {"name": "News"}, {"name": "Short Sellers"}, {"name": "Health Care"}, {"name": "Price Target"}, {"name": "Reiteration"}, {"name": "Analyst Ratings"}, {"name": "Movers"}, {"name": "Trading Ideas"}, {"name": "General"}], "stocks": [{"name": "EXAS"}, {"name": "UNH"}], "tags": [{"name": "Andrew Left"}, {"name": "Catherine Schulte"}]}, {"id": 9542856, "author": "Benzinga", "created": "Wed, 31 May 2017 11:27:13 -0400", "updated": "Wed, 31 May 2017 11:27:14 -0400", "title": "United Flew Passenger Plane 23 Times After It Was Deemed Not 'Airworthy,' FAA Says", "teaser": "", "body": "", "url": "https://www.benzinga.com/node/9542856", "image": [], "channels": [{"name": "News"}, {"name": "Futures"}, {"name": "Travel"}, {"name": "Events"}, {"name": "Markets"}, {"name": "General"}], "stocks": [{"name": "BA"}, {"name": "UAL"}], "tags": [{"name": "FAA"}, {"name": "Michael Huerta"}, {"name": "united continental"}]}, {"id": 9542781, "author": "Benzinga", "created": "Wed, 31 May 2017 13:45:59 -0400", "updated": "Wed, 31 May 2017 13:46:00 -0400", "title": "Smart Move: VMware Now Looking To Partner, Rather Than Compete, With The Public Cloud", "teaser": "", "body": "", "url": "https://www.benzinga.com/node/9542781", "image": [], "channels": [{"name": "Analyst Color"}, {"name": "Earnings"}, {"name": "Long Ideas"}, {"name": "News"}, {"name": "Price Target"}, {"name": "Reiteration"}, {"name": "Analyst Ratings"}, {"name": "Tech"}, {"name": "Trading Ideas"}], "stocks": [{"name": "AMZN"}, {"name": "IBM"}, {"name": "MSFT"}, {"name": "VMW"}], "tags": [{"name": "Amazon"}, {"name": "Baird"}, {"name": "DELL"}, {"name": "IBM"}, {"name": "Jayson Noland"}, {"name": "Microsoft"}, {"name": "VMware"}]}, {"id": 9543478, "author": "Benzinga", "created": "Wed, 31 May 2017 13:51:11 -0400", "updated": "Wed, 31 May 2017 13:51:11 -0400", "title": "Hooked On Horsepower: Intel To Sell 18-Core Processor For Speed Freaks", "teaser": "", "body": "", "url": "https://www.benzinga.com/node/9543478", "image": [], "channels": [{"name": "Analyst Color"}, {"name": "News"}, {"name": "Events"}, {"name": "Tech"}, {"name": "Media"}, {"name": "Trading Ideas"}, {"name": "General"}], "stocks": [{"name": "AMD"}, {"name": "INTC"}], "tags": [{"name": "AMD"}, {"name": "Client Computing Group"}, {"name": "Gizmodo"}, {"name": "Gregory Bryant"}, {"name": "Intel"}, {"name": "wired"}]}, {"id": 9544333, "author": "Benzinga", "created": "Wed, 31 May 2017 14:10:20 -0400", "updated": "Wed, 31 May 2017 14:10:21 -0400", "title": "Why Russia (And Probably Exxon) Want The U.S. To Lift Economic Sanctions", "teaser": "", "body": "", "url": "https://www.benzinga.com/node/9544333", "image": [], "channels": [{"name": "News"}, {"name": "Emerging Markets"}, {"name": "Eurozone"}, {"name": "Futures"}, {"name": "Commodities"}, {"name": "Politics"}, {"name": "Legal"}, {"name": "Events"}, {"name": "Global"}, {"name": "Economics"}, {"name": "Markets"}, {"name": "General"}], "stocks": [{"name": "F"}, {"name": "MCD"}, {"name": "XOM"}], "tags": [{"name": "Crimea"}, {"name": "Donald Trump"}, {"name": "economic sanctions"}, {"name": "FBI"}, {"name": "Jared Kushner"}, {"name": "Kremlin"}, {"name": "Kremlingate"}, {"name": "Rex Tillerson"}, {"name": "Russia"}, {"name": "Russia collusion"}, {"name": "Russiagate"}, {"name": "Sergey Gorkov"}, {"name": "Trumpgate"}, {"name": "Ukraine"}]}, {"id": 9543161, "author": "Benzinga", "created": "Wed, 31 May 2017 15:22:22 -0400", "updated": "Wed, 31 May 2017 15:22:22 -0400", "title": "Can You Spell These 11 Words That Once Won The Scripps National Spelling Bee?", "teaser": "", "body": "", "url": "https://www.benzinga.com/node/9543161", "image": [], "channels": [{"name": "News"}, {"name": "Events"}, {"name": "Media"}, {"name": "General"}], "stocks": [{"name": "AMZN"}, {"name": "DIS"}], "tags": [{"name": "Anurag Kashyap"}, {"name": "Blake Giddens"}, {"name": "Frank Neuhauser"}, {"name": "Kavya Shivashankar"}, {"name": "Nihar Janga"}, {"name": "Sandra Sloss"}, {"name": "Sean Conley"}, {"name": "Spelling Bee"}, {"name": "Stephanie Petit"}, {"name": "Sukanya Roy"}, {"name": "Wendy Guey"}, {"name": "William Kerek"}]}, {"id": 9544777, "author": "Benzinga", "created": "Wed, 31 May 2017 16:44:29 -0400", "updated": "Wed, 31 May 2017 16:44:30 -0400", "title": "Smartphone Duopoly Isn't Going Anywhere: 'Pick One And Get Used To It'", "teaser": "", "body": "", "url": "https://www.benzinga.com/node/9544777", "image": [], "channels": [{"name": "News"}, {"name": "Top Stories"}, {"name": "Tech"}, {"name": "Trading Ideas"}], "stocks": [{"name": "AAPL"}, {"name": "GOOG"}, {"name": "GOOGL"}, {"name": "MSFT"}], "tags": [{"name": "Alphabet"}, {"name": "Android"}, {"name": "Apple"}, {"name": "IDC"}, {"name": "iOS"}, {"name": "Microsoft"}, {"name": "Statista"}]}, {"id": 9544857, "author": "Benzinga", "created": "Wed, 31 May 2017 17:08:16 -0400", "updated": "Wed, 31 May 2017 17:08:16 -0400", "title": "Environmental-Minded McDonald's Shareholder Sees Proposals Shot Down At Company's Annual Meeting", "teaser": "", "body": "", "url": "https://www.benzinga.com/node/9544857", "image": [], "channels": [{"name": "News"}, {"name": "Futures"}, {"name": "Politics"}, {"name": "Topics"}, {"name": "Restaurants"}, {"name": "Events"}, {"name": "Markets"}, {"name": "General"}], "stocks": [{"name": "DOW"}, {"name": "MCD"}, {"name": "YUM"}], "tags": [{"name": "antibiotics"}, {"name": "Fast Food"}]}]