[{"id": 9752972, "author": "Benzinga", "created": "Sat, 08 Jul 2017 08:58:33 -0400", "updated": "Sat, 08 Jul 2017 08:58:33 -0400", "title": "The Japanese Government's Pension Fund Made A Cool $70 Billion Last Year", "teaser": "", "body": "", "url": "https://www.benzinga.com/node/9752972", "image": [], "channels": [{"name": "News"}, {"name": "Emerging Markets"}, {"name": "Global"}, {"name": "Markets"}, {"name": "Media"}], "stocks": [{"name": "AAPL"}, {"name": "AMZN"}, {"name": "BABA"}, {"name": "FB"}, {"name": "GE"}, {"name": "JNJ"}, {"name": "MSFT"}, {"name": "WFC"}, {"name": "XOM"}], "tags": [{"name": "bonds"}, {"name": "foreign exchange"}, {"name": "Japan"}, {"name": "pension fund"}, {"name": "stocks"}, {"name": "yen"}]}, {"id": 9753455, "author": "Benzinga", "created": "Sat, 08 Jul 2017 09:05:52 -0400", "updated": "Sat, 08 Jul 2017 09:05:52 -0400", "title": "Can Uber Make A Profit?", "teaser": "", "body": "", "url": "https://www.benzinga.com/node/9753455", "image": [], "channels": [{"name": "News"}, {"name": "Travel"}, {"name": "Startups"}, {"name": "Tech"}, {"name": "General"}], "stocks": [{"name": "AAPL"}, {"name": "GOOG"}, {"name": "GOOGL"}], "tags": [{"name": "Lyft"}, {"name": "Travis Kalanick"}, {"name": "Uber"}, {"name": "Waymo"}]}]