[{"id": 9267588, "author": "Benzinga", "created": "Sun, 09 Apr 2017 11:07:08 -0400", "updated": "Sun, 09 Apr 2017 11:07:08 -0400", "title": "Statistics Show Music Streaming Is Now Too Big To Fail...For The Music Industry", "teaser": "", "body": "", "url": "https://www.benzinga.com/node/9267588", "image": [], "channels": [{"name": "News"}, {"name": "Tech"}, {"name": "Media"}], "stocks": [{"name": "AAPL"}, {"name": "CMCSA"}], "tags": [{"name": "Apple Music"}, {"name": "Spotify"}, {"name": "Statista"}, {"name": "Streaming music"}, {"name": "Tidal"}]}]