[{"id": 9172826, "author": "Benzinga", "created": "Wed, 15 Mar 2017 04:20:42 -0400", "updated": "Wed, 15 Mar 2017 04:20:42 -0400", "title": "DoJ Accusing Four People in Yahoo Hacking Case -Bloomberg", "teaser": "", "body": "", "url": "https://www.benzinga.com/node/9172826", "image": [], "channels": [{"name": "News"}, {"name": "Rumors"}, {"name": "Legal"}], "stocks": [{"name": "VZ"}, {"name": "YHOO"}], "tags": []}, {"id": 9173146, "author": "Benzinga", "created": "Wed, 15 Mar 2017 06:44:56 -0400", "updated": "Wed, 15 Mar 2017 06:44:57 -0400", "title": "Wall Street's M&A Chatter From March 14: Moneygram, Walgreens, Volkswagen", "teaser": "", "body": "", "url": "https://www.benzinga.com/node/9173146", "image": [], "channels": [{"name": "News"}, {"name": "Rumors"}, {"name": "M&A"}], "stocks": [{"name": "BABA"}, {"name": "EEFT"}, {"name": "FCAU"}, {"name": "FRED"}, {"name": "MGI"}, {"name": "RAD"}, {"name": "VLKAY"}, {"name": "WBA"}], "tags": []}, {"id": 9173442, "author": "Benzinga", "created": "Wed, 15 Mar 2017 07:45:12 -0400", "updated": "Wed, 15 Mar 2017 07:45:12 -0400", "title": "A Peek Into The Markets: U.S. Stock Futures Rise; All Eyes On Fed Decision", "teaser": "", "body": "", "url": "https://www.benzinga.com/node/9173442", "image": [], "channels": [{"name": "Earnings"}, {"name": "News"}, {"name": "Eurozone"}, {"name": "Commodities"}, {"name": "M&A"}, {"name": "Global"}, {"name": "Pre-Market Outlook"}, {"name": "Markets"}], "stocks": [{"name": "FOGO"}, {"name": "FRED"}, {"name": "NFLX"}, {"name": "RAD"}, {"name": "RUBI"}, {"name": "T"}, {"name": "TWX"}, {"name": "WBA"}], "tags": [{"name": "A Peek Into The Markets"}, {"name": "Federal Open Market Committee"}, {"name": "Jefferies"}, {"name": "U.S. stock futures"}]}, {"id": 9174143, "author": "Benzinga", "created": "Wed, 15 Mar 2017 09:26:08 -0400", "updated": "Wed, 15 Mar 2017 09:26:09 -0400", "title": "The Market In 5 Minutes", "teaser": "", "body": "", "url": "https://www.benzinga.com/node/9174143", "image": [], "channels": [{"name": "News"}, {"name": "Global"}, {"name": "Top Stories"}, {"name": "Markets"}], "stocks": [{"name": "CTXS"}, {"name": "DPZ"}, {"name": "HOG"}, {"name": "IGC"}, {"name": "MCD"}, {"name": "NFLX"}, {"name": "OXY"}, {"name": "SBUX"}, {"name": "SPY"}, {"name": "VRX"}, {"name": "VTR"}, {"name": "WBMD"}], "tags": [{"name": "Market in 5 minutes"}]}, {"id": 9175101, "author": "Benzinga", "created": "Wed, 15 Mar 2017 11:15:19 -0400", "updated": "Wed, 15 Mar 2017 11:15:21 -0400", "title": "Can Oracle Keep Up Its Cloud Revenue Growth In The Third Quarter?", "teaser": "", "body": "", "url": "https://www.benzinga.com/node/9175101", "image": [], "channels": [{"name": "Analyst Color"}, {"name": "Earnings"}, {"name": "News"}, {"name": "Previews"}, {"name": "Options"}, {"name": "Markets"}, {"name": "Tech"}, {"name": "Trading Ideas"}], "stocks": [{"name": "AMZN"}, {"name": "CRM"}, {"name": "CSCO"}, {"name": "IBM"}, {"name": "MSFT"}, {"name": "ORCL"}], "tags": [{"name": "JJ Kinahan"}, {"name": "The Ticker Tape"}]}]