[{"id": 9400818, "author": "Benzinga", "created": "Thu, 04 May 2017 07:18:26 -0400", "updated": "Thu, 04 May 2017 07:18:27 -0400", "title": "Wall Street's M&A Chatter From May 3: Citrix Systems, Straight Path, New Mountain Capital-VWR", "teaser": "", "body": "", "url": "https://www.benzinga.com/node/9400818", "image": [], "channels": [{"name": "News"}, {"name": "Rumors"}, {"name": "M&A"}], "stocks": [{"name": "CG"}, {"name": "CTXS"}, {"name": "STRP"}, {"name": "T"}, {"name": "VWR"}, {"name": "VZ"}], "tags": []}, {"id": 9399603, "author": "Benzinga", "created": "Thu, 04 May 2017 08:51:43 -0400", "updated": "Thu, 04 May 2017 08:51:44 -0400", "title": "4 Things To Know About This Year's May The Fourth 'Star Wars Day", "teaser": "", "body": "", "url": "https://www.benzinga.com/node/9399603", "image": [], "channels": [{"name": "News"}, {"name": "Education"}, {"name": "Topics"}, {"name": "Tech"}, {"name": "Trading Ideas"}, {"name": "General"}], "stocks": [{"name": "DIS"}], "tags": [{"name": "Star Wars"}]}, {"id": 9401123, "author": "Benzinga", "created": "Thu, 04 May 2017 09:05:00 -0400", "updated": "Thu, 04 May 2017 09:05:00 -0400", "title": "The Market In 5 Minutes", "teaser": "", "body": "", "url": "https://www.benzinga.com/node/9401123", "image": [], "channels": [{"name": "News"}, {"name": "Global"}, {"name": "Top Stories"}, {"name": "Pre-Market Outlook"}, {"name": "Markets"}], "stocks": [{"name": "AAPL"}, {"name": "BANC"}, {"name": "BG"}, {"name": "FB"}, {"name": "FOGO"}, {"name": "FSLR"}, {"name": "GOOGL"}, {"name": "GRMN"}, {"name": "NTRP"}, {"name": "SNAP"}, {"name": "SYY"}, {"name": "TSCO"}, {"name": "TSLA"}, {"name": "TWX"}], "tags": [{"name": "Market in 5 minutes"}]}, {"id": 9403249, "author": "Benzinga", "created": "Thu, 04 May 2017 11:27:40 -0400", "updated": "Thu, 04 May 2017 11:27:40 -0400", "title": "7-Month-Old iPhone 7 Already Looking 'Long In The Tooth,' And It's Apple's Fault", "teaser": "", "body": "", "url": "https://www.benzinga.com/node/9403249", "image": [], "channels": [{"name": "Analyst Color"}, {"name": "Earnings"}, {"name": "Long Ideas"}, {"name": "News"}, {"name": "Guidance"}, {"name": "Reiteration"}, {"name": "Analyst Ratings"}, {"name": "Tech"}, {"name": "Trading Ideas"}], "stocks": [{"name": "AAPL"}], "tags": [{"name": "Argus"}, {"name": "iPhone"}, {"name": "Jim Kelleher"}]}, {"id": 9403918, "author": "Benzinga", "created": "Thu, 04 May 2017 14:09:34 -0400", "updated": "Thu, 04 May 2017 14:09:34 -0400", "title": "Fitbit Reports Solid Q1, Still Plans To Release Smartwatch This Year", "teaser": "", "body": "", "url": "https://www.benzinga.com/node/9403918", "image": [], "channels": [{"name": "Earnings"}, {"name": "News"}, {"name": "Price Target"}, {"name": "Sports"}, {"name": "Analyst Ratings"}, {"name": "Movers"}, {"name": "Tech"}, {"name": "General"}], "stocks": [{"name": "AAPL"}, {"name": "FIT"}], "tags": [{"name": "Apple"}, {"name": "Baird"}, {"name": "Baird Equity Research"}, {"name": "smartwatch"}]}, {"id": 9405398, "author": "Benzinga", "created": "Thu, 04 May 2017 15:43:10 -0400", "updated": "Thu, 04 May 2017 15:43:11 -0400", "title": "Television In The Snapchat Age: 'This Is The Way Of The Future'", "teaser": "", "body": "", "url": "https://www.benzinga.com/node/9405398", "image": [], "channels": [{"name": "News"}, {"name": "Rumors"}, {"name": "Top Stories"}, {"name": "Exclusives"}, {"name": "Tech"}, {"name": "Media"}, {"name": "Interview"}], "stocks": [{"name": "CMCSA"}, {"name": "DIS"}, {"name": "DISCA"}, {"name": "SNAP"}, {"name": "TWTR"}], "tags": [{"name": "ABC"}, {"name": "ESPN"}, {"name": "Marc Berman"}, {"name": "NCBUniversal"}, {"name": "Programming Insider"}]}, {"id": 9404928, "author": "Benzinga", "created": "Thu, 04 May 2017 15:55:49 -0400", "updated": "Thu, 04 May 2017 15:55:50 -0400", "title": "Apple Absorbs Sellers After Mixed Q2 Report", "teaser": "", "body": "", "url": "https://www.benzinga.com/node/9404928", "image": [], "channels": [{"name": "Earnings"}, {"name": "News"}, {"name": "Technicals"}, {"name": "Tech"}, {"name": "Trading Ideas"}], "stocks": [{"name": "AAPL"}], "tags": []}, {"id": 9406841, "author": "Benzinga", "created": "Thu, 04 May 2017 16:30:11 -0400", "updated": "Thu, 04 May 2017 16:30:11 -0400", "title": "Lonzo Ball's 'Big Baller Brand' Shoe Is Here And It Costs $495", "teaser": "", "body": "", "url": "https://www.benzinga.com/node/9406841", "image": [], "channels": [{"name": "News"}, {"name": "Sports"}, {"name": "General"}], "stocks": [{"name": "ADDYY"}, {"name": "NKE"}, {"name": "TWTR"}, {"name": "UAA"}], "tags": [{"name": "Adidas"}, {"name": "Lonzo Ball"}, {"name": "Nike"}, {"name": "twitter"}, {"name": "under armour"}, {"name": "ZO2"}]}]